{"textureWidth": 64, "textureHeight": 64, "textures": {"tail": "kemono:entity/kemono/tail/kemono-tail"}, "textureSizes": {"tail": [64, 64], "disable": [64, 64]}, "elements": [{"name": "TailGeneric3.001", "from": [-0.6765192747, -1.519058466, -1.7766543643], "to": [2.3644512892, 1.7680011988, 1.776654361], "rotationOrigin": [-0.6765192747, 0.1244697571, -1.6e-09], "stepParentName": "b_Tail1", "rotationX": 0, "rotationY": 0, "rotationZ": -9.071e-07, "group": "tail-generic3", "faces": {"north": {"texture": "#tail", "uv": [44, 27, 38, 34], "autoUv": false}, "east": {"texture": "#tail", "uv": [62, 22, 56, 29], "autoUv": false, "enabled": false}, "south": {"texture": "#tail", "uv": [35, 27, 41, 34], "autoUv": false}, "west": {"texture": "#tail", "uv": [1, 27, 8, 34], "autoUv": false}, "up": {"texture": "#tail", "uv": [38, 18, 44, 25], "autoUv": false}, "down": {"texture": "#tail", "uv": [41, 40, 35, 33], "autoUv": false}}, "children": []}, {"name": "TailGeneric3.002", "from": [0.6004276872, -1.3462131023, -1.4773952663], "to": [3.9440975785, 0.9234399796, 1.1334131062], "rotationOrigin": [0.6004276872, -0.2113876343, -0.17199108], "stepParentName": "b_Tail1", "rotationX": 0, "rotationY": 0, "rotationZ": 3.4133874646, "group": "tail-generic3", "faces": {"north": {"texture": "#tail", "uv": [52, 29, 46, 34], "autoUv": false}, "east": {"texture": "#tail", "uv": [61, 43, 63, 45], "autoUv": false, "rotation": 90, "enabled": false}, "south": {"texture": "#tail", "uv": [47, 29, 52, 34], "autoUv": false}, "west": {"texture": "#tail", "uv": [7, 37, 12, 42], "autoUv": false, "rotation": 90}, "up": {"texture": "#tail", "uv": [47, 27, 52, 32], "autoUv": false}, "down": {"texture": "#tail", "uv": [52, 37, 46, 32], "autoUv": false}}, "children": []}, {"name": "TailGeneric3", "from": [-0.1263301522, -1.1558535267, -1.4973683374], "to": [3.3653116077, 1.1755045485, 1.4973683341], "rotationOrigin": [-0.1263301522, 0.0098266434, -1.6e-09], "stepParentName": "b_Tail0", "rotationX": 0, "rotationY": 0, "rotationZ": -1.334e-06, "group": "tail-generic3", "faces": {"north": {"texture": "#tail", "uv": [41, 27, 33, 33], "autoUv": false}, "east": {"texture": "#tail", "uv": [4, 18, 13, 29], "autoUv": false}, "south": {"texture": "#tail", "uv": [33, 27, 41, 33], "autoUv": false}, "west": {"texture": "#tail", "uv": [3, 27, 9, 33], "autoUv": false}, "up": {"texture": "#tail", "uv": [33, 21, 41, 27], "autoUv": false}, "down": {"texture": "#tail", "uv": [41, 39, 33, 33], "autoUv": false}}, "children": []}, {"name": "TailGeneric3Fluff", "from": [0.2716574669, -0.4375275671, -0.9155935422], "to": [3.7483458519, 1.1477303207, 0.715850912], "rotationOrigin": [0.2716574669, 0.3551006019, -0.0998713151], "stepParentName": "b_Tail0", "rotationX": -2.4114488726, "rotationY": -6.2409700947, "rotationZ": 21.6164729683, "group": "tail-generic3", "faces": {"north": {"texture": "#tail", "uv": [53, 12, 43, 16], "autoUv": false}, "east": {"texture": "#tail", "uv": [61, 13, 63, 15], "autoUv": false, "rotation": 90, "enabled": false}, "south": {"texture": "#tail", "uv": [43, 10, 53, 14], "autoUv": false}, "west": {"texture": "#tail", "uv": [7, 21, 12, 26], "autoUv": false, "rotation": 90}, "up": {"texture": "#tail", "uv": [43, 9, 53, 13], "autoUv": false}, "down": {"texture": "#tail", "uv": [53, 16, 40, 12], "autoUv": false}}, "children": []}, {"name": "TailGeneric3Fluff.001", "from": [-0.175382033, -0.1957303286, -1.3085898235], "to": [4.534738645, 1.2559276819, 1.3695696518], "rotationOrigin": [-0.175382033, 0.5300979614, 0.0304899141], "stepParentName": "b_Tail1", "rotationX": 0, "rotationY": 0, "rotationZ": 9.5974095764, "group": "tail-generic3", "faces": {"north": {"texture": "#tail", "uv": [54, 13, 44, 17], "autoUv": false}, "east": {"texture": "#tail", "uv": [61, 13, 63, 15], "autoUv": false, "rotation": 90, "enabled": false}, "south": {"texture": "#tail", "uv": [42, 9, 52, 13], "autoUv": false}, "west": {"texture": "#tail", "uv": [7, 21, 12, 26], "autoUv": false, "rotation": 90}, "up": {"texture": "#tail", "uv": [44, 19, 54, 23], "autoUv": false}, "down": {"texture": "#tail", "uv": [52, 16, 40, 12], "autoUv": false}}, "children": []}], "groups": []}