{"textureWidth": 64, "textureHeight": 64, "textures": {"tail": "kemono:entity/kemono/tail/kemono-tail"}, "textureSizes": {"tail": [64, 64]}, "elements": [{"name": "TailAvali0", "from": [-0.7893089652, -2.7216546535, -1.733129503], "to": [2.9106751084, 1.0685355663, 1.7331294997], "rotationOrigin": [-0.7893089652, -0.5306529999, -1.6e-09], "stepParentName": "b_Tail0", "rotationX": 0, "rotationY": 0, "rotationZ": -1.334e-06, "group": "tail-avali0", "faces": {"north": {"texture": "#tail", "uv": [32.0196113586, 26.0758895874, 24, 33], "autoUv": false}, "east": {"texture": "#tail", "uv": [6.0000004768, 26.0758895874, 11, 33], "autoUv": false}, "south": {"texture": "#tail", "uv": [21.9999961853, 26.0758934021, 30.019613266, 33], "autoUv": false}, "west": {"texture": "#tail", "uv": [3.0000002384, 26.0758895874, 7, 33], "autoUv": false}, "up": {"texture": "#tail", "uv": [25, 5, 33, 10], "autoUv": false}, "down": {"texture": "#tail", "uv": [30.019613266, 40, 22, 33], "autoUv": false}}, "children": []}, {"name": "TailAvali0.001", "from": [0.2169862539, -2.1713850498, -1.3396239297], "to": [3.4510689527, 0.847109437, 1.3396239264], "rotationOrigin": [0.2169862539, -0.5306529999, -1.6e-09], "stepParentName": "b_Tail1", "rotationX": 0, "rotationY": 0, "rotationZ": -9.071e-07, "group": "tail-avali0", "faces": {"north": {"texture": "#tail", "uv": [31.0097827911, 27.4808158875, 24, 33], "autoUv": false}, "east": {"texture": "#tail", "uv": [6.5676226616, 27.4808197021, 10.4323768616, 33.0000019073], "autoUv": false}, "south": {"texture": "#tail", "uv": [22, 27.4808158875, 29.0097827911, 33], "autoUv": false}, "west": {"texture": "#tail", "uv": [3.4540979862, 27.4808197021, 6.5459017754, 33.0000019073], "autoUv": false}, "up": {"texture": "#tail", "uv": [25, 6, 32.0003089905, 9], "autoUv": false}, "down": {"texture": "#tail", "uv": [29.0097904205, 39.4323730469, 22.0000019073, 35.5676193237], "autoUv": false}}, "children": []}, {"name": "TailAvali0.002", "from": [-0.0569252074, -1.6344206333, -1.0377461927], "to": [3.6390052736, 0.560420692, 1.0377461894], "rotationOrigin": [-0.0569252074, 0.0063114166, -1.6e-09], "stepParentName": "b_Tail2", "rotationX": 0, "rotationY": 0, "rotationZ": -9.071e-07, "group": "tail-avali0", "faces": {"north": {"texture": "#tail", "uv": [32, 29, 24, 33], "autoUv": false}, "east": {"texture": "#tail", "uv": [7, 29, 10, 33], "autoUv": false}, "south": {"texture": "#tail", "uv": [22, 29, 30, 33], "autoUv": false}, "west": {"texture": "#tail", "uv": [4, 29, 6, 33], "autoUv": false}, "up": {"texture": "#tail", "uv": [25, 6, 33, 9], "autoUv": false}, "down": {"texture": "#tail", "uv": [30, 39, 22, 36], "autoUv": false}}, "children": []}, {"name": "TailAvali0.003", "from": [-0.3538478911, -1.0894206762, -0.7963790314], "to": [1.0316372812, 0.560420692, 0.7963790281], "rotationOrigin": [-0.3489049971, 0.0063114166, -1.6e-09], "stepParentName": "b_Tail3", "rotationX": 0, "rotationY": 0, "rotationZ": -9.071e-07, "group": "tail-avali0", "faces": {"north": {"texture": "#tail", "uv": [27, 30, 24, 33], "autoUv": false}, "east": {"texture": "#tail", "uv": [7, 30, 9, 33], "autoUv": false}, "south": {"texture": "#tail", "uv": [22, 30, 25, 33], "autoUv": false}, "west": {"texture": "#tail", "uv": [4, 29, 5, 32], "autoUv": false}, "up": {"texture": "#tail", "uv": [25, 6, 28, 9], "autoUv": false}, "down": {"texture": "#tail", "uv": [25, 39, 22, 36], "autoUv": false}}, "children": []}, {"name": "TailAvali0.004", "from": [0.9729503393, -0.3692191541, -0.4152489917], "to": [3.9020909071, 0.3924038112, 0.4152489884], "rotationOrigin": [1.028955102, 0.0063114166, -1.6e-09], "stepParentName": "b_Tail3", "rotationX": 0, "rotationY": 0, "rotationZ": -9.071e-07, "group": "tail-avali0", "faces": {"north": {"texture": "#tail", "uv": [30.2960605621, 30.3061447144, 23.8882961273, 31.6938667297], "autoUv": false}, "east": {"texture": "#tail", "uv": [8.1293411255, 30.3061408997, 8.8706579208, 31.693862915], "autoUv": false}, "south": {"texture": "#tail", "uv": [21.88829422, 30.3061447144, 28.2960567474, 31.6938667297], "autoUv": false}, "west": {"texture": "#tail", "uv": [4.2586841583, 29.306137085, 5.7413163185, 30.693862915], "autoUv": false}, "up": {"texture": "#tail", "uv": [24.8882923126, 7.1293449402, 31.2960548401, 7.8706703186], "autoUv": false}, "down": {"texture": "#tail", "uv": [30, 31, 23, 29], "autoUv": false}}, "children": []}, {"name": "TailAvali0.005", "from": [-1.4756292403, -0.9220764637, -2.848808767], "to": [9.2297416627, 0.5656842589, 2.8488085254], "rotationOrigin": [0.3497548997, -0.3376255035, -1.6e-09], "stepParentName": "b_Tail5", "rotationX": 0, "rotationY": 0, "rotationZ": 13.4130401147, "group": "tail-avali0", "faces": {"north": {"texture": "#0", "uv": [0, 0, 4, 4], "autoUv": false}, "east": {"texture": "#0", "uv": [0, 0, 4, 4], "autoUv": false}, "south": {"texture": "#0", "uv": [0, 0, 4, 4], "autoUv": false}, "west": {"texture": "#0", "uv": [0, 0, 4, 4], "autoUv": false}, "up": {"texture": "#tail", "uv": [41, 7, 62, 8], "autoUv": false}, "down": {"texture": "#tail", "uv": [47, 12, 47, 3], "autoUv": false, "rotation": 90}}, "children": []}, {"name": "TailAvali0.006", "from": [0.0150636137, -0.3692191541, -0.4152489917], "to": [2.9442041814, 0.3924038112, 0.4152489884], "rotationOrigin": [0.0710683763, 0.0063114166, -1.6e-09], "stepParentName": "b_Tail4", "rotationX": 0, "rotationY": 0, "rotationZ": -9.071e-07, "group": "tail-avali0", "faces": {"north": {"texture": "#tail", "uv": [30.2960605621, 30.3061447144, 23.8882961273, 31.6938667297], "autoUv": false}, "east": {"texture": "#tail", "uv": [8.1293411255, 30.3061408997, 8.8706579208, 31.693862915], "autoUv": false}, "south": {"texture": "#tail", "uv": [21.88829422, 30.3061447144, 28.2960567474, 31.6938667297], "autoUv": false}, "west": {"texture": "#tail", "uv": [4.2586841583, 29.306137085, 5.7413163185, 30.693862915], "autoUv": false}, "up": {"texture": "#tail", "uv": [24.8882923126, 7.1293449402, 31.2960548401, 7.8706703186], "autoUv": false}, "down": {"texture": "#tail", "uv": [30, 31, 23, 29], "autoUv": false}}, "children": []}], "groups": []}