{"textureWidth": 64, "textureHeight": 64, "textures": {"tail": "kemono:entity/kemono/tail/kemono-tail"}, "textureSizes": {"tail": [64, 64]}, "elements": [{"name": "TailFox2", "from": [-0.3646368086, -2.9337210655, -2.9675854854], "to": [4.1409855783, 3.4410135746, 3.00936516], "rotationOrigin": [-0.3646368086, 0.0285587311, 0.0208898373], "stepParentName": "b_Tail4", "rotationX": 0, "rotationY": 0, "rotationZ": -9.071e-07, "group": "tail-fox2", "faces": {"north": {"texture": "#tail", "uv": [52, 8, 44, 18.2744407654], "autoUv": false}, "east": {"texture": "#tail", "uv": [0, 0, 4, 4], "autoUv": false, "enabled": false}, "south": {"texture": "#tail", "uv": [44, 9, 52, 19.2744407654], "autoUv": false}, "west": {"texture": "#tail", "uv": [3, 19, 10, 28.3404045105], "autoUv": false}, "up": {"texture": "#tail", "uv": [45, 2, 50, 13], "autoUv": false}, "down": {"texture": "#tail", "uv": [53, 19, 47, 13], "autoUv": false}}, "children": []}, {"name": "TailFox2Fluff", "from": [0.8087659478, -1.4175214767, -1.3425525427], "to": [4.5907478929, 0.8122112751, 1.4428943396], "rotationOrigin": [0.8087659478, -0.3026561737, 0.0501708984], "stepParentName": "b_Tail1", "rotationX": -1.0600143032, "rotationY": 2.3337911158, "rotationZ": 32.9109318364, "group": "tail-fox2", "faces": {"north": {"texture": "#tail", "uv": [52, 13, 45, 16], "autoUv": false}, "east": {"texture": "#tail", "uv": [0, 0, 4, 4], "autoUv": false, "enabled": false}, "south": {"texture": "#tail", "uv": [45, 11, 52, 14], "autoUv": false}, "west": {"texture": "#tail", "uv": [7, 21, 12, 26], "autoUv": false, "rotation": 90}, "up": {"texture": "#tail", "uv": [45, 12, 52, 18], "autoUv": false}, "down": {"texture": "#tail", "uv": [52, 19, 45, 13], "autoUv": false}}, "children": []}, {"name": "TailFox2Fluff.001", "from": [1.1561037302, -0.0126482248, -2.1661483645], "to": [5.4490591288, 3.083165884, 2.0198090672], "rotationOrigin": [1.1561037302, 1.5352573395, -0.0731696486], "stepParentName": "b_Tail4", "rotationX": -1.9005970399, "rotationY": 0.312997154, "rotationZ": 22.4675777181, "group": "tail-fox2", "faces": {"north": {"texture": "#tail", "uv": [52, 11, 46, 14], "autoUv": false}, "east": {"texture": "#tail", "uv": [0, 0, 4, 4], "autoUv": false, "enabled": false}, "south": {"texture": "#tail", "uv": [46, 9, 52, 12], "autoUv": false}, "west": {"texture": "#tail", "uv": [7, 21, 12, 26], "autoUv": false, "rotation": 90}, "up": {"texture": "#tail", "uv": [48, 19, 54, 25], "autoUv": false}, "down": {"texture": "#tail", "uv": [52, 16, 44, 13], "autoUv": false}}, "children": []}, {"name": "TailFox2.001", "from": [-0.5838159323, -2.7214069366, -2.8540660553], "to": [3.0148390532, 3.2243962288, 2.8958457299], "rotationOrigin": [-0.5838159323, 0.0935783386, 0.0208898373], "stepParentName": "b_Tail5", "rotationX": 0, "rotationY": 0, "rotationZ": -9.071e-07, "group": "tail-fox2", "faces": {"north": {"texture": "#tail", "uv": [54, 36, 47, 47.394739151], "autoUv": false}, "east": {"texture": "#tail", "uv": [0, 0, 4, 4], "autoUv": false, "enabled": false}, "south": {"texture": "#tail", "uv": [48, 36, 54, 47.394739151], "autoUv": false}, "west": {"texture": "#tail", "uv": [7, 37, 11.7478084564, 42], "autoUv": false, "rotation": 90}, "up": {"texture": "#tail", "uv": [48, 40, 54, 52], "autoUv": false}, "down": {"texture": "#tail", "uv": [54, 48, 47, 36], "autoUv": false}}, "children": []}, {"name": "TailFox2Fluff.002", "from": [1.5823017359, -2.1067050695, -1.8364209533], "to": [5.6124769449, 1.2988661528, 1.1877370477], "rotationOrigin": [1.5823017359, -0.4039211273, -0.3243419528], "stepParentName": "b_Tail2", "rotationX": 1.7668418722, "rotationY": 30.8240324223, "rotationZ": 17.2246664546, "group": "tail-fox2", "faces": {"north": {"texture": "#tail", "uv": [54, 19, 45, 24], "autoUv": false}, "east": {"texture": "#tail", "uv": [0, 0, 4, 4], "autoUv": false, "enabled": false}, "south": {"texture": "#tail", "uv": [43, 9, 52, 13], "autoUv": false}, "west": {"texture": "#tail", "uv": [7, 21, 12, 26], "autoUv": false, "rotation": 90}, "up": {"texture": "#tail", "uv": [45, 19, 54, 25], "autoUv": false}, "down": {"texture": "#tail", "uv": [52, 16, 41, 12], "autoUv": false}}, "children": []}, {"name": "TailFox2.002", "from": [-0.5194286704, -2.0679121017, -2.0795551948], "to": [5.1779561639, 2.0259542465, 2.1213348694], "rotationOrigin": [-0.5194286704, -0.0209770203, 0.0208898373], "stepParentName": "b_Tail2", "rotationX": 0, "rotationY": 0, "rotationZ": -9.071e-07, "group": "tail-fox2", "faces": {"north": {"texture": "#tail", "uv": [38, 7, 25, 16], "autoUv": false}, "east": {"texture": "#tail", "uv": [6, 20, 11, 26], "autoUv": false}, "south": {"texture": "#tail", "uv": [25, 4, 33, 11], "autoUv": false}, "west": {"texture": "#tail", "uv": [3, 23, 7, 29], "autoUv": false}, "up": {"texture": "#tail", "uv": [24, 4, 38, 11], "autoUv": false}, "down": {"texture": "#tail", "uv": [37, 16, 23, 7], "autoUv": false}}, "children": []}, {"name": "TailFox2.003", "from": [-2.859004043, -1.2361064106, -1.2933981605], "to": [-0.0457680449, 0.9725739807, 1.3351781182], "rotationOrigin": [-0.0457680449, -0.1317672879, 0.0208899789], "stepParentName": "b_Tail0", "rotationX": 0, "rotationY": 0, "rotationZ": -176.4518446785, "group": "tail-fox2", "faces": {"north": {"texture": "#tail", "uv": [29, 9, 22, 15], "autoUv": false}, "east": {"texture": "#tail", "uv": [3, 22, 8, 28], "autoUv": false}, "south": {"texture": "#tail", "uv": [20, 9, 27, 15], "autoUv": false}, "west": {"texture": "#tail", "uv": [4, 22, 8, 28], "autoUv": false}, "up": {"texture": "#tail", "uv": [23, 9, 30, 12], "autoUv": false}, "down": {"texture": "#tail", "uv": [25, 15, 20, 11], "autoUv": false}}, "children": []}, {"name": "TailFox2.004", "from": [-0.175235182, -2.384323597, -2.6524717025], "to": [5.1873641908, 2.8027322292, 2.6942513771], "rotationOrigin": [-0.175235182, -0.0209770203, 0.0208898373], "stepParentName": "b_Tail3", "rotationX": 0, "rotationY": 0, "rotationZ": -9.071e-07, "group": "tail-fox2", "faces": {"north": {"texture": "#tail", "uv": [41, 7, 33, 13.4293746948], "autoUv": false}, "east": {"texture": "#tail", "uv": [4, 18, 12.9999990463, 28.103302002], "autoUv": false}, "south": {"texture": "#tail", "uv": [31, 4, 42, 12.2663383484], "autoUv": false}, "west": {"texture": "#tail", "uv": [3, 21, 9, 28.3478546143], "autoUv": false}, "up": {"texture": "#tail", "uv": [30, 1, 47, 10], "autoUv": false}, "down": {"texture": "#tail", "uv": [50, 17, 37, 9], "autoUv": false}}, "children": []}, {"name": "TailFox2.005", "from": [-0.1502665579, -1.6501408815, -1.5536424331], "to": [4.3799072206, 1.6081836224, 1.5954221077], "rotationOrigin": [-0.1502665579, -0.0209770203, 0.0208898373], "stepParentName": "b_Tail1", "rotationX": 0, "rotationY": 0, "rotationZ": -9.071e-07, "group": "tail-fox2", "faces": {"north": {"texture": "#tail", "uv": [28, 2, 20, 9], "autoUv": false}, "east": {"texture": "#tail", "uv": [8, 22, 13, 28], "autoUv": false}, "south": {"texture": "#tail", "uv": [20, 2, 28, 9], "autoUv": false}, "west": {"texture": "#tail", "uv": [4, 22, 9, 28], "autoUv": false}, "up": {"texture": "#tail", "uv": [23, 9, 35, 14], "autoUv": false}, "down": {"texture": "#tail", "uv": [31, 17, 20, 10], "autoUv": false}}, "children": []}, {"name": "TailFox2Fluff.003", "from": [1.0409671068, -1.1611405611, -0.8774458915], "to": [5.1446973085, 1.3346278667, 1.1927826852], "rotationOrigin": [1.0409671068, 0.0867424011, 0.1576683968], "stepParentName": "b_Tail1", "rotationX": -0.3208667592, "rotationY": 29.2277250058, "rotationZ": -1.0980396738, "group": "tail-fox2", "faces": {"north": {"texture": "#tail", "uv": [52, 14, 40, 18], "autoUv": false}, "east": {"texture": "#tail", "uv": [0, 0, 4, 4], "autoUv": false, "enabled": false}, "south": {"texture": "#tail", "uv": [40, 12, 52, 16], "autoUv": false}, "west": {"texture": "#tail", "uv": [7, 21, 12, 26], "autoUv": false, "rotation": 90}, "up": {"texture": "#tail", "uv": [40, 10, 52, 14], "autoUv": false}, "down": {"texture": "#tail", "uv": [52, 17, 40, 13], "autoUv": false}}, "children": []}, {"name": "TailFox2Fluff.004", "from": [2.7220654469, -1.7613056898, -1.6609936506], "to": [6.9853005409, 1.5316718817, 1.4223731011], "rotationOrigin": [2.7220654488, -0.114818573, -0.0143571645], "stepParentName": "b_Tail1", "rotationX": 14.6985619712, "rotationY": -16.938683019, "rotationZ": 26.6133095915, "group": "tail-fox2", "faces": {"north": {"texture": "#tail", "uv": [53, 12, 43, 16], "autoUv": false}, "east": {"texture": "#tail", "uv": [0, 0, 4, 4], "autoUv": false, "enabled": false}, "south": {"texture": "#tail", "uv": [43, 10, 53, 14], "autoUv": false}, "west": {"texture": "#tail", "uv": [7, 21, 12, 26.3652458191], "autoUv": false, "rotation": 90}, "up": {"texture": "#tail", "uv": [42.9999961853, 8.4886512756, 53, 16], "autoUv": false}, "down": {"texture": "#tail", "uv": [52.9999961853, 16.2922019958, 40, 12], "autoUv": false}}, "children": []}, {"name": "TailFox2Fluff.005", "from": [2.6179337502, -1.6491984129, -0.9748027623], "to": [6.8231568336, 1.5072109699, 1.967213124], "rotationOrigin": [2.6179337502, -0.0709953308, 0.4962051809], "stepParentName": "b_Tail2", "rotationX": -0.6541312722, "rotationY": -26.0307132383, "rotationZ": 19.1631765939, "group": "tail-fox2", "faces": {"north": {"texture": "#tail", "uv": [52, 10, 42, 15], "autoUv": false}, "east": {"texture": "#tail", "uv": [0, 0, 4, 4], "autoUv": false, "enabled": false}, "south": {"texture": "#tail", "uv": [43, 26, 53, 31], "autoUv": false}, "west": {"texture": "#tail", "uv": [7, 21, 12, 26], "autoUv": false, "rotation": 90}, "up": {"texture": "#tail", "uv": [42, 10, 52, 14], "autoUv": false}, "down": {"texture": "#tail", "uv": [52, 15, 40, 10], "autoUv": false}}, "children": []}, {"name": "TailFox2.006", "from": [0.9360300303, -2.5253193378, -2.5264357738], "to": [5.5396896601, 2.9496676922, 2.5682154484], "rotationOrigin": [0.9360300303, 0.2121715546, 0.0208898373], "stepParentName": "b_Tail5", "rotationX": 0, "rotationY": 0, "rotationZ": -9.071e-07, "group": "tail-fox2", "faces": {"north": {"texture": "#tail", "uv": [54, 41, 45, 51], "autoUv": false}, "east": {"texture": "#tail", "uv": [0, 0, 4, 4], "autoUv": false, "enabled": false}, "south": {"texture": "#tail", "uv": [45, 41, 54, 51], "autoUv": false}, "west": {"texture": "#tail", "uv": [7, 37, 12, 42], "autoUv": false, "rotation": 90}, "up": {"texture": "#tail", "uv": [45, 41, 54, 51], "autoUv": false}, "down": {"texture": "#tail", "uv": [54, 47, 45, 37], "autoUv": false}}, "children": []}, {"name": "TailFox2Fluff.006", "from": [1.4538398981, -1.6789935827, -3.2897228599], "to": [7.3136969805, 1.8925932646, 1.5182715058], "rotationOrigin": [1.4538398981, 0.106798172, -0.885725677], "stepParentName": "b_Tail3", "rotationX": -88.9155665398, "rotationY": -3.4742344183, "rotationZ": 10.8201415039, "group": "tail-fox2", "faces": {"north": {"texture": "#tail", "uv": [54, 14, 44, 20], "autoUv": false}, "east": {"texture": "#tail", "uv": [0, 0, 4, 4], "autoUv": false, "enabled": false}, "south": {"texture": "#tail", "uv": [42, 8, 52, 14], "autoUv": false}, "west": {"texture": "#tail", "uv": [7, 21, 12, 26], "autoUv": false, "rotation": 90}, "up": {"texture": "#tail", "uv": [44, 19, 54, 27], "autoUv": false}, "down": {"texture": "#tail", "uv": [54, 28, 39, 17], "autoUv": false}}, "children": []}, {"name": "TailFox2.007", "from": [0.1841856092, -1.986549139, -2.0843741111], "to": [3.9889284223, 2.5383112431, 2.1261537857], "rotationOrigin": [0.1841856092, 0.2758789062, 0.0208898373], "stepParentName": "b_Tail5", "rotationX": 0, "rotationY": 0, "rotationZ": -9.071e-07, "group": "tail-fox2", "faces": {"north": {"texture": "#tail", "uv": [11, 38, 3, 46], "autoUv": false}, "east": {"texture": "#tail", "uv": [3, 35, 11, 45], "autoUv": false, "rotation": 90}, "south": {"texture": "#tail", "uv": [3, 38, 11, 46], "autoUv": false}, "west": {"texture": "#tail", "uv": [7, 37, 12, 42], "autoUv": false, "rotation": 90}, "up": {"texture": "#tail", "uv": [3, 38, 11, 46], "autoUv": false}, "down": {"texture": "#tail", "uv": [11, 42, 3, 34], "autoUv": false}}, "children": []}], "groups": []}