{"textureWidth": 64, "textureHeight": 64, "textures": {"tail": "kemono:entity/kemono/tail/kemono-tail"}, "textureSizes": {"tail": [64, 64]}, "elements": [{"name": "TailLizard1", "from": [-0.7893089056, -1.630905401, -1.733129503], "to": [3.8243595362, 1.6505555995, 1.7331294997], "rotationOrigin": [-0.7893089056, 0.009826649, -1.6e-09], "stepParentName": "b_Tail0", "rotationX": 0, "rotationY": 0, "rotationZ": -1.334e-06, "group": "tail-lizard1", "faces": {"north": {"texture": "#tail", "uv": [34, 28, 24, 34], "autoUv": false}, "east": {"texture": "#tail", "uv": [6, 28, 11, 34], "autoUv": false}, "south": {"texture": "#tail", "uv": [22, 28, 32, 34], "autoUv": false}, "west": {"texture": "#tail", "uv": [3, 28, 7, 34], "autoUv": false}, "up": {"texture": "#tail", "uv": [25, 5, 35, 10], "autoUv": false}, "down": {"texture": "#tail", "uv": [32, 40, 22, 35], "autoUv": false}}, "children": []}, {"name": "TailLizard1.001", "from": [-0.2945469916, -1.4663697481, -1.4651862399], "to": [4.4542013109, 1.4860202074, 1.4651862367], "rotationOrigin": [-0.2945469916, 0.0098266602, -1.6e-09], "stepParentName": "b_Tail1", "rotationX": 0, "rotationY": 0, "rotationZ": -9.071e-07, "group": "tail-lizard1", "faces": {"north": {"texture": "#tail", "uv": [46, 28, 36, 34], "autoUv": false}, "east": {"texture": "#tail", "uv": [2, 27, 9, 34], "autoUv": false}, "south": {"texture": "#tail", "uv": [38, 28, 48, 34], "autoUv": false}, "west": {"texture": "#tail", "uv": [7, 27, 14, 34], "autoUv": false}, "up": {"texture": "#tail", "uv": [30, 6, 40, 12], "autoUv": false}, "down": {"texture": "#tail", "uv": [40, 58, 30, 52], "autoUv": false}}, "children": []}, {"name": "TailLizard1.002", "from": [-0.531409204, -1.2742775679, -1.3466606156], "to": [4.5119729638, 1.2939283848, 1.3466606124], "rotationOrigin": [-0.531409204, 0.0098266602, -1.6e-09], "stepParentName": "b_Tail2", "rotationX": 0, "rotationY": 0, "rotationZ": -9.071e-07, "group": "tail-lizard1", "faces": {"north": {"texture": "#tail", "uv": [33, 27, 21, 34], "autoUv": false}, "east": {"texture": "#tail", "uv": [2, 27, 9, 34], "autoUv": false}, "south": {"texture": "#tail", "uv": [23, 27, 35, 34], "autoUv": false}, "west": {"texture": "#tail", "uv": [7, 27, 14, 34], "autoUv": false}, "up": {"texture": "#tail", "uv": [32, 3, 44, 10], "autoUv": false}, "down": {"texture": "#tail", "uv": [41, 42, 29, 35], "autoUv": false}}, "children": []}, {"name": "TailLizard1.003", "from": [-0.3819898665, -1.1057869196, -1.1223179118], "to": [4.341830343, 1.1254380941, 1.1223179086], "rotationOrigin": [-0.3819898665, 0.0098266602, -1.6e-09], "stepParentName": "b_Tail3", "rotationX": 0, "rotationY": 0, "rotationZ": -9.071e-07, "group": "tail-lizard1", "faces": {"north": {"texture": "#tail", "uv": [36, 28, 26, 33], "autoUv": false}, "east": {"texture": "#tail", "uv": [2, 27, 9, 34], "autoUv": false}, "south": {"texture": "#tail", "uv": [28, 28, 38, 33], "autoUv": false}, "west": {"texture": "#tail", "uv": [7, 27, 14, 34], "autoUv": false}, "up": {"texture": "#tail", "uv": [34, 5, 44, 9], "autoUv": false}, "down": {"texture": "#tail", "uv": [41, 47, 31, 43], "autoUv": false}}, "children": []}, {"name": "TailLizard1.004", "from": [-0.495044142, -0.9087920189, -0.9241391437], "to": [3.8040538728, 0.9284435511, 0.9241391404], "rotationOrigin": [-0.495044142, 0.0098266602, -1.6e-09], "stepParentName": "b_Tail4", "rotationX": 0, "rotationY": 0, "rotationZ": -9.071e-07, "group": "tail-lizard1", "faces": {"north": {"texture": "#tail", "uv": [39, 28, 30, 33], "autoUv": false}, "east": {"texture": "#tail", "uv": [2, 27, 9, 34], "autoUv": false}, "south": {"texture": "#tail", "uv": [32, 28, 41, 33], "autoUv": false}, "west": {"texture": "#tail", "uv": [7, 27, 14, 34], "autoUv": false}, "up": {"texture": "#tail", "uv": [35, 6, 44, 10], "autoUv": false}, "down": {"texture": "#tail", "uv": [41, 42, 32, 35], "autoUv": false}}, "children": []}, {"name": "TailLizard1.005", "from": [-0.6902117133, -0.6606523395, -0.6745082752], "to": [3.7240191102, 0.6803044081, 0.674508272], "rotationOrigin": [-0.6902117133, 0.0098266602, -1.6e-09], "stepParentName": "b_Tail5", "rotationX": 0, "rotationY": 0, "rotationZ": -9.071e-07, "group": "tail-lizard1", "faces": {"north": {"texture": "#tail", "uv": [39, 29, 25, 33], "autoUv": false}, "east": {"texture": "#tail", "uv": [2, 27, 9, 34], "autoUv": false}, "south": {"texture": "#tail", "uv": [27, 29, 41, 33], "autoUv": false}, "west": {"texture": "#tail", "uv": [7, 27, 14, 34], "autoUv": false}, "up": {"texture": "#tail", "uv": [31, 6, 45, 10], "autoUv": false}, "down": {"texture": "#tail", "uv": [41, 47, 27, 42], "autoUv": false}}, "children": []}, {"name": "TailLizard1.006", "from": [3.0127434731, -0.3956736028, -0.3750614838], "to": [6.4845747948, 0.4153261483, 0.3750614806], "rotationOrigin": [3.0127434731, 0.0098266602, -1.6e-09], "stepParentName": "b_Tail5", "rotationX": 0, "rotationY": 0, "rotationZ": -9.071e-07, "group": "tail-lizard1", "faces": {"north": {"texture": "#tail", "uv": [39, 29, 25, 33], "autoUv": false}, "east": {"texture": "#tail", "uv": [2, 27, 9, 34], "autoUv": false}, "south": {"texture": "#tail", "uv": [27, 29, 41, 33], "autoUv": false}, "west": {"texture": "#tail", "uv": [7, 27, 14, 34], "autoUv": false}, "up": {"texture": "#tail", "uv": [27, 3, 41, 10], "autoUv": false}, "down": {"texture": "#tail", "uv": [41, 42, 27, 35], "autoUv": false}}, "children": []}, {"name": "TailLizard1Spike.001", "from": [2.0589082241, 0.9450693429, -0.2988297045], "to": [2.7738759518, 2.4851981401, 0.2988297045], "rotationOrigin": [2.4163920879, 1.3075866699, 0], "stepParentName": "b_Tail0", "rotationX": 0, "rotationY": 0, "rotationZ": 17.3864394851, "group": "tail-lizard1", "faces": {"north": {"texture": "#tail", "uv": [7, 54, 10, 63], "autoUv": false}, "east": {"texture": "#tail", "uv": [4, 54, 7, 63], "autoUv": false}, "south": {"texture": "#tail", "uv": [1, 54, 4, 63], "autoUv": false}, "west": {"texture": "#tail", "uv": [10, 54, 13, 63], "autoUv": false}, "up": {"texture": "#tail", "uv": [4, 51, 7, 54], "autoUv": false, "rotation": 270}, "down": {"texture": "#tail", "uv": [10, 54, 7, 51], "autoUv": false, "rotation": 90}}, "children": []}, {"name": "TailLizard1Spike", "from": [1.3811607659, 0.8216979504, -0.2983905375], "to": [2.2147692442, 2.2960836887, 0.2983905375], "rotationOrigin": [1.6482381821, 1.1575222015, 0], "stepParentName": "b_Tail0", "rotationX": 0, "rotationY": 0, "rotationZ": -16.8840893169, "group": "tail-lizard1", "faces": {"north": {"texture": "#tail", "uv": [7, 54, 10, 63], "autoUv": false}, "east": {"texture": "#tail", "uv": [4, 54, 7, 63], "autoUv": false}, "south": {"texture": "#tail", "uv": [1, 54, 4, 63], "autoUv": false}, "west": {"texture": "#tail", "uv": [10, 54, 13, 63], "autoUv": false}, "up": {"texture": "#tail", "uv": [4, 51, 7, 54], "autoUv": false, "rotation": 270}, "down": {"texture": "#tail", "uv": [10, 54, 7, 51], "autoUv": false, "rotation": 90}}, "children": []}, {"name": "TailLizard1Spike.002", "from": [2.8029110432, 0.9075825512, -0.2988297045], "to": [3.5178787708, 2.4195071459, 0.2988297045], "rotationOrigin": [3.160394907, 1.2418956757, 0], "stepParentName": "b_Tail1", "rotationX": 0, "rotationY": 0, "rotationZ": 17.3864394851, "group": "tail-lizard1", "faces": {"north": {"texture": "#tail", "uv": [7, 54, 10, 63], "autoUv": false}, "east": {"texture": "#tail", "uv": [4, 54, 7, 63], "autoUv": false}, "south": {"texture": "#tail", "uv": [1, 54, 4, 63], "autoUv": false}, "west": {"texture": "#tail", "uv": [10, 54, 13, 63], "autoUv": false}, "up": {"texture": "#tail", "uv": [4, 51, 7, 54], "autoUv": false, "rotation": 270}, "down": {"texture": "#tail", "uv": [10, 54, 7, 51], "autoUv": false, "rotation": 90}}, "children": []}, {"name": "TailLizard1Spike.003", "from": [2.1251638234, 0.5724408031, -0.2983905375], "to": [2.9587723017, 2.2303926945, 0.2983905375], "rotationOrigin": [2.3922412395, 1.0918312073, 0], "stepParentName": "b_Tail1", "rotationX": 0, "rotationY": 0, "rotationZ": -16.8840893169, "group": "tail-lizard1", "faces": {"north": {"texture": "#tail", "uv": [7, 54, 10, 63], "autoUv": false}, "east": {"texture": "#tail", "uv": [4, 54, 7, 63], "autoUv": false}, "south": {"texture": "#tail", "uv": [1, 54, 4, 63], "autoUv": false}, "west": {"texture": "#tail", "uv": [10, 54, 13, 63], "autoUv": false}, "up": {"texture": "#tail", "uv": [4, 51, 7, 54], "autoUv": false, "rotation": 270}, "down": {"texture": "#tail", "uv": [10, 54, 7, 51], "autoUv": false, "rotation": 90}}, "children": []}, {"name": "TailLizard1Spike.004", "from": [2.6069321036, 0.3137356639, -0.2988297045], "to": [3.3218999207, 2.1040108204, 0.2988297045], "rotationOrigin": [2.9644160271, 0.926399231, 0], "stepParentName": "b_Tail2", "rotationX": 0, "rotationY": 0, "rotationZ": 17.3864394851, "group": "tail-lizard1", "faces": {"north": {"texture": "#tail", "uv": [7, 54, 10, 63], "autoUv": false}, "east": {"texture": "#tail", "uv": [4, 54, 7, 63], "autoUv": false}, "south": {"texture": "#tail", "uv": [1, 54, 4, 63], "autoUv": false}, "west": {"texture": "#tail", "uv": [10, 54, 13, 63], "autoUv": false}, "up": {"texture": "#tail", "uv": [4, 51, 7, 54], "autoUv": false, "rotation": 270}, "down": {"texture": "#tail", "uv": [10, 54, 7, 51], "autoUv": false, "rotation": 90}}, "children": []}, {"name": "TailLizard1Spike.005", "from": [1.9291844666, 0.5438598245, -0.2983905375], "to": [2.7627929449, 1.9148962498, 0.2983905375], "rotationOrigin": [2.1962618828, 0.7763347626, 0], "stepParentName": "b_Tail2", "rotationX": 0, "rotationY": 0, "rotationZ": -16.8841029773, "group": "tail-lizard1", "faces": {"north": {"texture": "#tail", "uv": [7, 54, 10, 63], "autoUv": false}, "east": {"texture": "#tail", "uv": [4, 54, 7, 63], "autoUv": false}, "south": {"texture": "#tail", "uv": [1, 54, 4, 63], "autoUv": false}, "west": {"texture": "#tail", "uv": [10, 54, 13, 63], "autoUv": false}, "up": {"texture": "#tail", "uv": [4, 51, 7, 54], "autoUv": false, "rotation": 270}, "down": {"texture": "#tail", "uv": [10, 54, 7, 51], "autoUv": false, "rotation": 90}}, "children": []}, {"name": "TailLizard1Spike.006", "from": [2.0467639267, -0.0576203465, -0.2557552755], "to": [2.7319845855, 1.863517046, 0.2557552755], "rotationOrigin": [2.3893742561, 0.7349014282, 0], "stepParentName": "b_Tail3", "rotationX": 0, "rotationY": 0, "rotationZ": 17.3864394851, "group": "tail-lizard1", "faces": {"north": {"texture": "#tail", "uv": [7, 54, 10, 63], "autoUv": false}, "east": {"texture": "#tail", "uv": [4, 54, 7, 63], "autoUv": false}, "south": {"texture": "#tail", "uv": [1, 54, 4, 63], "autoUv": false}, "west": {"texture": "#tail", "uv": [10, 54, 13, 63], "autoUv": false}, "up": {"texture": "#tail", "uv": [4, 51, 7, 54], "autoUv": false, "rotation": 270}, "down": {"texture": "#tail", "uv": [10, 54, 7, 51], "autoUv": false, "rotation": 90}}, "children": []}, {"name": "TailLizard1Spike.007", "from": [1.3972153664, 0.052270174, -0.2553793788], "to": [2.1961405277, 1.6822698116, 0.2553793788], "rotationOrigin": [1.6531807184, 0.5910797119, 0], "stepParentName": "b_Tail3", "rotationX": 0, "rotationY": 0, "rotationZ": -16.8840893169, "group": "tail-lizard1", "faces": {"north": {"texture": "#tail", "uv": [7, 54, 10, 63], "autoUv": false}, "east": {"texture": "#tail", "uv": [4, 54, 7, 63], "autoUv": false}, "south": {"texture": "#tail", "uv": [1, 54, 4, 63], "autoUv": false}, "west": {"texture": "#tail", "uv": [10, 54, 13, 63], "autoUv": false}, "up": {"texture": "#tail", "uv": [4, 51, 7, 54], "autoUv": false, "rotation": 270}, "down": {"texture": "#tail", "uv": [10, 54, 7, 51], "autoUv": false, "rotation": 90}}, "children": []}, {"name": "TailLizard1Spike.008", "from": [1.5161987245, 0.0274589062, -0.2014247626], "to": [2.1150166392, 1.5487459898, 0.2014247626], "rotationOrigin": [1.815607667, 0.5624427795, 0], "stepParentName": "b_Tail4", "rotationX": 0, "rotationY": 0, "rotationZ": 17.3864394851, "group": "tail-lizard1", "faces": {"north": {"texture": "#tail", "uv": [7, 54, 10, 63], "autoUv": false}, "east": {"texture": "#tail", "uv": [4, 54, 7, 63], "autoUv": false}, "south": {"texture": "#tail", "uv": [1, 54, 4, 63], "autoUv": false}, "west": {"texture": "#tail", "uv": [10, 54, 13, 63], "autoUv": false}, "up": {"texture": "#tail", "uv": [4, 51, 7, 54], "autoUv": false, "rotation": 270}, "down": {"texture": "#tail", "uv": [10, 54, 7, 51], "autoUv": false, "rotation": 90}}, "children": []}, {"name": "TailLizard1Spike.009", "from": [0.9485542625, 0.1344167888, -0.2011287361], "to": [1.6467391849, 1.3903529048, 0.2011287361], "rotationOrigin": [1.1722437143, 0.436756134, 0], "stepParentName": "b_Tail4", "rotationX": 0, "rotationY": 0, "rotationZ": -16.8840893169, "group": "tail-lizard1", "faces": {"north": {"texture": "#tail", "uv": [7, 54, 10, 63], "autoUv": false}, "east": {"texture": "#tail", "uv": [4, 54, 7, 63], "autoUv": false}, "south": {"texture": "#tail", "uv": [1, 54, 4, 63], "autoUv": false}, "west": {"texture": "#tail", "uv": [10, 54, 13, 63], "autoUv": false}, "up": {"texture": "#tail", "uv": [4, 51, 7, 54], "autoUv": false, "rotation": 270}, "down": {"texture": "#tail", "uv": [10, 54, 7, 51], "autoUv": false, "rotation": 90}}, "children": []}, {"name": "TailLizard1Spike.010", "from": [1.9475539923, -0.0614430308, -0.1535927504], "to": [2.4287783206, 1.1724708676, 0.1535927504], "rotationOrigin": [2.1881661415, 0.3798542023, 0], "stepParentName": "b_Tail5", "rotationX": 0, "rotationY": 0, "rotationZ": 17.3864394851, "group": "tail-lizard1", "faces": {"north": {"texture": "#tail", "uv": [7, 54, 10, 63], "autoUv": false}, "east": {"texture": "#tail", "uv": [4, 54, 7, 63], "autoUv": false}, "south": {"texture": "#tail", "uv": [1, 54, 4, 63], "autoUv": false}, "west": {"texture": "#tail", "uv": [10, 54, 13, 63], "autoUv": false}, "up": {"texture": "#tail", "uv": [4, 51, 7, 54], "autoUv": false, "rotation": 270}, "down": {"texture": "#tail", "uv": [10, 54, 7, 51], "autoUv": false, "rotation": 90}}, "children": []}, {"name": "TailLizard1Spike.011", "from": [1.4913810194, -0.1478423774, -0.1533670127], "to": [2.0524589717, 1.0451816916, 0.1533670127], "rotationOrigin": [1.6711431742, 0.2788486481, 0], "stepParentName": "b_Tail5", "rotationX": 0, "rotationY": 0, "rotationZ": -16.8840893169, "group": "tail-lizard1", "faces": {"north": {"texture": "#tail", "uv": [7, 54, 10, 63], "autoUv": false}, "east": {"texture": "#tail", "uv": [4, 54, 7, 63], "autoUv": false}, "south": {"texture": "#tail", "uv": [1, 54, 4, 63], "autoUv": false}, "west": {"texture": "#tail", "uv": [10, 54, 13, 63], "autoUv": false}, "up": {"texture": "#tail", "uv": [4, 51, 7, 54], "autoUv": false, "rotation": 270}, "down": {"texture": "#tail", "uv": [10, 54, 7, 51], "autoUv": false, "rotation": 90}}, "children": []}, {"name": "TailLizard1Spike.012", "from": [4.6212614626, 0.0677585602, -0.117917791], "to": [4.9915095866, 0.8809438944, 0.117917791], "rotationOrigin": [4.8063855171, 0.2711143494, 0], "stepParentName": "b_Tail5", "rotationX": 0, "rotationY": 0, "rotationZ": 17.3864394851, "group": "tail-lizard1", "faces": {"north": {"texture": "#tail", "uv": [7, 54, 10, 63], "autoUv": false}, "east": {"texture": "#tail", "uv": [4, 54, 7, 63], "autoUv": false}, "south": {"texture": "#tail", "uv": [1, 54, 4, 63], "autoUv": false}, "west": {"texture": "#tail", "uv": [10, 54, 13, 63], "autoUv": false}, "up": {"texture": "#tail", "uv": [4, 51, 7, 54], "autoUv": false, "rotation": 270}, "down": {"texture": "#tail", "uv": [10, 54, 7, 51], "autoUv": false, "rotation": 90}}, "children": []}, {"name": "TailLizard1Spike.013", "from": [4.2702859044, 0.0158277005, -0.1177444756], "to": [4.7019723952, 0.7830104828, 0.1177444756], "rotationOrigin": [4.408592701, 0.193403244, 0], "stepParentName": "b_Tail5", "rotationX": 0, "rotationY": 0, "rotationZ": -16.8840893169, "group": "tail-lizard1", "faces": {"north": {"texture": "#tail", "uv": [7, 54, 10, 63], "autoUv": false}, "east": {"texture": "#tail", "uv": [4, 54, 7, 63], "autoUv": false}, "south": {"texture": "#tail", "uv": [1, 54, 4, 63], "autoUv": false}, "west": {"texture": "#tail", "uv": [10, 54, 13, 63], "autoUv": false}, "up": {"texture": "#tail", "uv": [4, 51, 7, 54], "autoUv": false, "rotation": 270}, "down": {"texture": "#tail", "uv": [10, 54, 7, 51], "autoUv": false, "rotation": 90}}, "children": []}], "groups": []}