{"textureWidth": 64, "textureHeight": 64, "textures": {"tail": "kemono:entity/kemono/tail/kemono-tail"}, "textureSizes": {"tail": [64, 64], "disable": [64, 64]}, "elements": [{"name": "TailGeneric0", "from": [-0.3925479949, -1.9351689816, -2.0331604497], "to": [5.3077445924, 2.0108373165, 2.0331604464], "rotationOrigin": [-0.3925479949, 0.0378322601, -1.6e-09], "stepParentName": "b_Tail2", "rotationX": 0, "rotationY": 0, "rotationZ": -9.071e-07, "group": "tail-generic0", "faces": {"north": {"texture": "#tail", "uv": [53, 25, 41, 34], "autoUv": false}, "east": {"texture": "#tail", "uv": [62, 12, 59, 15], "autoUv": false, "enabled": false}, "south": {"texture": "#tail", "uv": [40, 25, 52, 34], "autoUv": false}, "west": {"texture": "#tail", "uv": [4, 25, 11, 34], "autoUv": false}, "up": {"texture": "#tail", "uv": [42, 20, 54, 27], "autoUv": false}, "down": {"texture": "#tail", "uv": [54, 45, 42, 38], "autoUv": false}}, "children": []}, {"name": "TailGeneric0Fluff.008", "from": [3.3847088814, -0.4957736731, -1.6416037099], "to": [7.2699439526, 1.35176301, 1.6416037066], "rotationOrigin": [3.3847088814, 0.4279937744, -1.6e-09], "stepParentName": "b_Tail2", "rotationX": 0, "rotationY": 0, "rotationZ": 6.0867743053, "group": "tail-generic0", "faces": {"north": {"texture": "#tail", "uv": [53, 10, 44, 14], "autoUv": false}, "east": {"texture": "#tail", "uv": [60, 12, 63, 15], "autoUv": false, "enabled": false}, "south": {"texture": "#tail", "uv": [45, 10, 54, 14], "autoUv": false}, "west": {"texture": "#tail", "uv": [3, 9, 9, 15], "autoUv": false}, "up": {"texture": "#tail", "uv": [30, 3, 42, 10], "autoUv": false}, "down": {"texture": "#tail", "uv": [54, 16, 44, 10], "autoUv": false}}, "children": []}, {"name": "TailGeneric0Fluff.006", "from": [5.2198300362, -0.3949916363, -1.2706719653], "to": [8.745780468, 1.1678584218, 1.2706719621], "rotationOrigin": [5.2198300362, 0.3864326477, -1.6e-09], "stepParentName": "b_Tail2", "rotationX": 0, "rotationY": 0, "rotationZ": 29.9036132053, "group": "tail-generic0", "faces": {"north": {"texture": "#tail", "uv": [52, 11, 45, 14], "autoUv": false}, "east": {"texture": "#tail", "uv": [60, 12, 63, 15], "autoUv": false, "enabled": false}, "south": {"texture": "#tail", "uv": [45, 11, 52, 14], "autoUv": false}, "west": {"texture": "#tail", "uv": [3, 10, 8, 15], "autoUv": false}, "up": {"texture": "#tail", "uv": [42, 10, 52, 15], "autoUv": false}, "down": {"texture": "#tail", "uv": [53, 16, 45, 11], "autoUv": false}}, "children": []}, {"name": "TailGeneric0Fluff.005", "from": [3.9520213604, 0.4452007413, -1.3160081986], "to": [7.0290632248, 1.9198214412, 1.3160082218], "rotationOrigin": [3.9520213604, 1.182510376, 1.16e-08], "stepParentName": "b_Tail2", "rotationX": -1.6022212932, "rotationY": 0.8593035915, "rotationZ": 25.1861261965, "group": "tail-generic0", "faces": {"north": {"texture": "#tail", "uv": [52, 13, 46, 16], "autoUv": false}, "east": {"texture": "#tail", "uv": [61, 13, 63, 15], "autoUv": false, "rotation": 90, "enabled": false}, "south": {"texture": "#tail", "uv": [46, 11, 52, 14], "autoUv": false}, "west": {"texture": "#tail", "uv": [5, 21, 10, 26], "autoUv": false, "rotation": 90}, "up": {"texture": "#tail", "uv": [46, 10, 52, 15], "autoUv": false}, "down": {"texture": "#tail", "uv": [52, 16, 44, 13], "autoUv": false}}, "children": []}, {"name": "TailGeneric0Fluff.004", "from": [1.7996393442, -0.0176367164, -1.5847666313], "to": [5.5035685301, 1.7576172352, 1.5847666214], "rotationOrigin": [1.7996393442, 0.8699893951, -4.9e-09], "stepParentName": "b_Tail2", "rotationX": -0.6878823319, "rotationY": 0.3025081979, "rotationZ": 20.4450699124, "group": "tail-generic0", "faces": {"north": {"texture": "#tail", "uv": [52, 11, 46, 14], "autoUv": false}, "east": {"texture": "#tail", "uv": [61, 13, 63, 15], "autoUv": false, "rotation": 90, "enabled": false}, "south": {"texture": "#tail", "uv": [46, 9, 52, 12], "autoUv": false}, "west": {"texture": "#tail", "uv": [5, 21, 10, 26], "autoUv": false, "rotation": 90}, "up": {"texture": "#tail", "uv": [46, 10, 52, 16], "autoUv": false}, "down": {"texture": "#tail", "uv": [52, 16, 44, 13], "autoUv": false}}, "children": []}, {"name": "TailGeneric0Fluff.007", "from": [4.2332482338, -1.4429467916, -0.9829300062], "to": [7.3094987869, 0.0314644575, 0.982930003], "rotationOrigin": [4.2332482338, -0.7057418823, -1.6e-09], "stepParentName": "b_Tail2", "rotationX": 0, "rotationY": 0, "rotationZ": 7.9335012163, "group": "tail-generic0", "faces": {"north": {"texture": "#tail", "uv": [51, 31, 45, 34], "autoUv": false}, "east": {"texture": "#tail", "uv": [61, 13, 63, 15], "autoUv": false, "rotation": 90, "enabled": false}, "south": {"texture": "#tail", "uv": [45, 31, 51, 34], "autoUv": false}, "west": {"texture": "#tail", "uv": [5, 21, 10, 26], "autoUv": false, "rotation": 90}, "up": {"texture": "#tail", "uv": [44, 27, 50, 30], "autoUv": false}, "down": {"texture": "#tail", "uv": [51, 36, 45, 33], "autoUv": false}}, "children": []}, {"name": "TailGeneric0Fluff.003", "from": [2.0368459225, -0.6047370136, -1.1433895379], "to": [5.5715107918, 0.7758617699, 1.4707566947], "rotationOrigin": [2.0368459225, 0.0855617225, 0.1636835784], "stepParentName": "b_Tail0", "rotationX": -5.4928436801, "rotationY": 11.0785711026, "rotationZ": 8.4170000623, "group": "tail-generic0", "faces": {"north": {"texture": "#tail", "uv": [54, 13, 45, 17], "autoUv": false}, "east": {"texture": "#tail", "uv": [61, 13, 63, 15], "autoUv": false, "rotation": 90, "enabled": false}, "south": {"texture": "#tail", "uv": [43, 10, 52, 14], "autoUv": false}, "west": {"texture": "#tail", "uv": [7, 7, 12, 12], "autoUv": false, "rotation": 90}, "up": {"texture": "#tail", "uv": [44, 10, 53, 16], "autoUv": false}, "down": {"texture": "#tail", "uv": [52, 16, 41, 12], "autoUv": false}}, "children": []}, {"name": "TailGeneric0.001", "from": [-0.860974431, -1.1474447362, -1.222442867], "to": [3.6922849417, 1.1670958884, 1.2224428637], "rotationOrigin": [-0.860974431, 0.009826649, -1.6e-09], "stepParentName": "b_Tail0", "rotationX": 0, "rotationY": 0, "rotationZ": -1.334e-06, "group": "tail-generic0", "faces": {"north": {"texture": "#tail", "uv": [38, 28, 24, 34], "autoUv": false}, "east": {"texture": "#tail", "uv": [6, 28, 11, 34], "autoUv": false}, "south": {"texture": "#tail", "uv": [22, 28, 36, 34], "autoUv": false}, "west": {"texture": "#tail", "uv": [3, 28, 7, 34], "autoUv": false}, "up": {"texture": "#tail", "uv": [24, 25, 38, 30], "autoUv": false}, "down": {"texture": "#tail", "uv": [36, 40, 22, 35], "autoUv": false}}, "children": []}, {"name": "TailGeneric0.002", "from": [-0.2945469916, -1.5866110325, -1.6060315387], "to": [4.8704672754, 1.6062612534, 1.6060315354], "rotationOrigin": [-0.2945469916, 0.0098266602, -1.6e-09], "stepParentName": "b_Tail1", "rotationX": 0, "rotationY": 0, "rotationZ": -9.071e-07, "group": "tail-generic0", "faces": {"north": {"texture": "#tail", "uv": [39, 27, 25, 34], "autoUv": false}, "east": {"texture": "#tail", "uv": [2, 27, 9, 34], "autoUv": false}, "south": {"texture": "#tail", "uv": [27, 27, 41, 34], "autoUv": false}, "west": {"texture": "#tail", "uv": [7, 27, 14, 34], "autoUv": false}, "up": {"texture": "#tail", "uv": [26, 23, 40, 30], "autoUv": false}, "down": {"texture": "#tail", "uv": [41, 42, 27, 35], "autoUv": false}}, "children": []}, {"name": "TailGeneric0Fluff.002", "from": [2.2495236397, -0.825658679, -1.3554856144], "to": [6.3010339737, 1.4600641727, 1.2494271435], "rotationOrigin": [2.2495236397, 0.3172016144, -0.0530292355], "stepParentName": "b_Tail1", "rotationX": -7.4010452818, "rotationY": -4.43100625, "rotationZ": 13.4786696949, "group": "tail-generic0", "faces": {"north": {"texture": "#tail", "uv": [53, 13, 43, 17], "autoUv": false}, "east": {"texture": "#tail", "uv": [61, 13, 63, 15], "autoUv": false, "rotation": 90, "enabled": false}, "south": {"texture": "#tail", "uv": [43, 10, 53, 14], "autoUv": false}, "west": {"texture": "#tail", "uv": [7, 7, 12, 12], "autoUv": false, "rotation": 90}, "up": {"texture": "#tail", "uv": [43, 9, 52, 14], "autoUv": false}, "down": {"texture": "#tail", "uv": [53, 16, 40, 12], "autoUv": false}}, "children": []}, {"name": "TailGeneric0Fluff", "from": [0.8096990585, -0.9069168803, -1.0598944798], "to": [3.8820800781, 0.9127665523, 1.1932636127], "rotationOrigin": [0.8096990585, 0.0029239419, 0.0666845664], "stepParentName": "b_Tail0", "rotationX": 7.053864205, "rotationY": -0.9620014087, "rotationZ": 24.2075598715, "group": "tail-generic0", "faces": {"north": {"texture": "#tail", "uv": [52, 10, 42, 15], "autoUv": false}, "east": {"texture": "#tail", "uv": [61, 13, 63, 15], "autoUv": false, "rotation": 90, "enabled": false}, "south": {"texture": "#tail", "uv": [43, 13, 53, 17], "autoUv": false}, "west": {"texture": "#tail", "uv": [7, 7, 12, 12], "autoUv": false, "rotation": 90}, "up": {"texture": "#tail", "uv": [42, 10, 52, 14], "autoUv": false}, "down": {"texture": "#tail", "uv": [52, 15, 40, 10], "autoUv": false}}, "children": []}], "groups": []}