{"textureWidth": 64, "textureHeight": 64, "textures": {"tail": "kemono:entity/kemono/tail/kemono-tail"}, "textureSizes": {"tail": [64, 64], "disable": [64, 64]}, "elements": [{"name": "TailGeneric2.004", "from": [-0.3646368086, -1.9351689816, -2.0331604497], "to": [5.2710271776, 2.0108373165, 2.0331604464], "rotationOrigin": [-0.3646368086, 0.0378322601, -1.6e-09], "stepParentName": "b_Tail4", "rotationX": 0, "rotationY": 0, "rotationZ": -9.071e-07, "group": "tail-generic2", "faces": {"north": {"texture": "#tail", "uv": [53, 5, 39, 15], "autoUv": false}, "east": {"texture": "#tail", "uv": [61, 22, 57, 27], "autoUv": false, "enabled": false}, "south": {"texture": "#tail", "uv": [39, 4, 53, 14], "autoUv": false}, "west": {"texture": "#tail", "uv": [3, 19, 10, 29], "autoUv": false}, "up": {"texture": "#tail", "uv": [39, 2, 50, 10], "autoUv": false}, "down": {"texture": "#tail", "uv": [53, 15, 41, 10], "autoUv": false}}, "children": []}, {"name": "TailGeneric2Fluff.005", "from": [2.6472935677, -0.4957736731, -1.6416037099], "to": [6.5325286388, 1.35176301, 1.6416037066], "rotationOrigin": [2.6472935677, 0.4279937744, -1.6e-09], "stepParentName": "b_Tail4", "rotationX": 0, "rotationY": 0, "rotationZ": 6.0867743053, "group": "tail-generic2", "faces": {"north": {"texture": "#tail", "uv": [53, 10, 44, 14], "autoUv": false}, "east": {"texture": "#tail", "uv": [60, 12, 63, 15], "autoUv": false, "enabled": false}, "south": {"texture": "#tail", "uv": [45, 10, 54, 14], "autoUv": false}, "west": {"texture": "#tail", "uv": [3, 23, 9, 29], "autoUv": false}, "up": {"texture": "#tail", "uv": [30, 3, 42, 10], "autoUv": false}, "down": {"texture": "#tail", "uv": [54, 16, 44, 10], "autoUv": false}}, "children": []}, {"name": "TailGeneric2Fluff.006", "from": [4.4824147224, -0.3949916363, -1.2706719653], "to": [8.0083651543, 1.1678584218, 1.2706719621], "rotationOrigin": [4.4824147224, 0.3864326477, -1.6e-09], "stepParentName": "b_Tail4", "rotationX": 0, "rotationY": 0, "rotationZ": 29.9036132053, "group": "tail-generic2", "faces": {"north": {"texture": "#tail", "uv": [52, 11, 45, 14], "autoUv": false}, "east": {"texture": "#tail", "uv": [60, 12, 63, 15], "autoUv": false, "enabled": false}, "south": {"texture": "#tail", "uv": [45, 11, 52, 14], "autoUv": false}, "west": {"texture": "#tail", "uv": [3, 24, 8, 29], "autoUv": false}, "up": {"texture": "#tail", "uv": [42, 10, 52, 15], "autoUv": false}, "down": {"texture": "#tail", "uv": [53, 16, 45, 11], "autoUv": false}}, "children": []}, {"name": "TailGeneric2Fluff.007", "from": [3.2146060467, 1.1270853281, -0.9829300062], "to": [6.2908565998, 2.6014965773, 0.982930003], "rotationOrigin": [3.2146060467, 1.8642902374, -1.6e-09], "stepParentName": "b_Tail4", "rotationX": 0, "rotationY": 0, "rotationZ": 40.3906446758, "group": "tail-generic2", "faces": {"north": {"texture": "#tail", "uv": [52, 13, 46, 16], "autoUv": false}, "east": {"texture": "#tail", "uv": [61, 13, 63, 15], "autoUv": false, "rotation": 90, "enabled": false}, "south": {"texture": "#tail", "uv": [46, 11, 52, 14], "autoUv": false}, "west": {"texture": "#tail", "uv": [7, 21, 12, 26], "autoUv": false, "rotation": 90}, "up": {"texture": "#tail", "uv": [46, 11, 52, 14], "autoUv": false}, "down": {"texture": "#tail", "uv": [52, 16, 44, 13], "autoUv": false}}, "children": []}, {"name": "TailGeneric2Fluff.001", "from": [0.3355036676, -0.8778014183, -0.9927185103], "to": [3.828466028, 0.4384983182, 0.7623285726], "rotationOrigin": [0.3355036676, -0.2196521759, -0.1151949689], "stepParentName": "b_Tail1", "rotationX": 3.0246568529, "rotationY": -3.5981295675, "rotationZ": 27.2172861443, "group": "tail-generic2", "faces": {"north": {"texture": "#tail", "uv": [52, 13, 46, 16], "autoUv": false}, "east": {"texture": "#tail", "uv": [61, 13, 63, 15], "autoUv": false, "rotation": 90, "enabled": false}, "south": {"texture": "#tail", "uv": [46, 11, 52, 14], "autoUv": false}, "west": {"texture": "#tail", "uv": [7, 21, 12, 26], "autoUv": false, "rotation": 90}, "up": {"texture": "#tail", "uv": [46, 12, 53, 16], "autoUv": false}, "down": {"texture": "#tail", "uv": [52, 16, 44, 13], "autoUv": false}}, "children": []}, {"name": "TailGeneric2Fluff.008", "from": [1.0622240305, -0.0176054835, -1.1834478395], "to": [4.7660304308, 1.7575860023, 1.1834478362], "rotationOrigin": [1.0622240305, 0.8699893951, -1.6e-09], "stepParentName": "b_Tail4", "rotationX": 0, "rotationY": 0, "rotationZ": 26.7169338065, "group": "tail-generic2", "faces": {"north": {"texture": "#tail", "uv": [52, 11, 46, 14], "autoUv": false}, "east": {"texture": "#tail", "uv": [61, 13, 63, 15], "autoUv": false, "rotation": 90, "enabled": false}, "south": {"texture": "#tail", "uv": [46, 9, 52, 12], "autoUv": false}, "west": {"texture": "#tail", "uv": [7, 21, 12, 26], "autoUv": false, "rotation": 90}, "up": {"texture": "#tail", "uv": [46, 11, 52, 14], "autoUv": false}, "down": {"texture": "#tail", "uv": [52, 16, 44, 13], "autoUv": false}}, "children": []}, {"name": "TailGeneric2Fluff.009", "from": [3.4958329201, -1.4429467916, -0.9829300062], "to": [6.5720834732, 0.0314644575, 0.982930003], "rotationOrigin": [3.4958329201, -0.7057418823, -1.6e-09], "stepParentName": "b_Tail4", "rotationX": 0, "rotationY": 0, "rotationZ": 7.9335012163, "group": "tail-generic2", "faces": {"north": {"texture": "#tail", "uv": [52, 13, 46, 16], "autoUv": false}, "east": {"texture": "#tail", "uv": [61, 13, 63, 15], "autoUv": false, "rotation": 90, "enabled": false}, "south": {"texture": "#tail", "uv": [46, 11, 52, 14], "autoUv": false}, "west": {"texture": "#tail", "uv": [7, 21, 12, 26], "autoUv": false, "rotation": 90}, "up": {"texture": "#tail", "uv": [46, 11, 52, 14], "autoUv": false}, "down": {"texture": "#tail", "uv": [52, 16, 44, 13], "autoUv": false}}, "children": []}, {"name": "TailGeneric2Fluff.003", "from": [1.7069221735, -0.9619693756, -1.2943127453], "to": [5.2415872812, 0.8545302153, 0.4243883789], "rotationOrigin": [1.7069221735, -0.0537204742, -0.4349621832], "stepParentName": "b_Tail2", "rotationX": -9.1561656956, "rotationY": 6.3746074415, "rotationZ": 23.9998469886, "group": "tail-generic2", "faces": {"north": {"texture": "#tail", "uv": [54, 13, 44, 17], "autoUv": false}, "east": {"texture": "#tail", "uv": [61, 13, 63, 15], "autoUv": false, "rotation": 90, "enabled": false}, "south": {"texture": "#tail", "uv": [42, 9, 52, 13], "autoUv": false}, "west": {"texture": "#tail", "uv": [7, 21, 12, 26], "autoUv": false, "rotation": 90}, "up": {"texture": "#tail", "uv": [48, 6, 58, 10], "autoUv": false}, "down": {"texture": "#tail", "uv": [52, 16, 40, 12], "autoUv": false}}, "children": []}, {"name": "TailGeneric2.002", "from": [-0.5194286704, -1.147444725, -1.222442867], "to": [5.1779561639, 1.1670958996, 1.2224428637], "rotationOrigin": [-0.5194286704, 0.0098266602, -1.6e-09], "stepParentName": "b_Tail2", "rotationX": 0, "rotationY": 0, "rotationZ": -9.071e-07, "group": "tail-generic2", "faces": {"north": {"texture": "#tail", "uv": [32, 10, 24, 15], "autoUv": false}, "east": {"texture": "#tail", "uv": [6, 20, 11, 26], "autoUv": false}, "south": {"texture": "#tail", "uv": [24, 10, 32, 15], "autoUv": false}, "west": {"texture": "#tail", "uv": [3, 23, 7, 29], "autoUv": false}, "up": {"texture": "#tail", "uv": [24, 6, 38, 11], "autoUv": false}, "down": {"texture": "#tail", "uv": [37, 15, 23, 8], "autoUv": false}}, "children": []}, {"name": "TailGeneric2.001", "from": [-0.0457680412, -0.7455973811, -0.8229093952], "to": [2.9746277146, 0.6399773769, 0.8229094939], "rotationOrigin": [-0.0457680412, -0.0528106876, 7.92e-08], "stepParentName": "b_Tail0", "rotationX": 0, "rotationY": 0, "rotationZ": 3.5479985403, "group": "tail-generic2", "faces": {"north": {"texture": "#tail", "uv": [21, 10, 29, 14], "autoUv": false}, "east": {"texture": "#tail", "uv": [8, 22, 4, 28], "autoUv": false}, "south": {"texture": "#tail", "uv": [27, 10, 19, 14], "autoUv": false}, "west": {"texture": "#tail", "uv": [8, 22, 3, 28], "autoUv": false}, "up": {"texture": "#tail", "uv": [30, 9, 22, 12], "autoUv": false}, "down": {"texture": "#tail", "uv": [19, 15, 25, 11], "autoUv": false}}, "children": []}, {"name": "TailGeneric2.003", "from": [-0.175235182, -1.5866110325, -1.6060315387], "to": [5.1873641908, 1.6062612534, 1.6060315354], "rotationOrigin": [-0.175235182, 0.0098266602, -1.6e-09], "stepParentName": "b_Tail3", "rotationX": 0, "rotationY": 0, "rotationZ": -9.071e-07, "group": "tail-generic2", "faces": {"north": {"texture": "#tail", "uv": [41, 6, 27, 13], "autoUv": false}, "east": {"texture": "#tail", "uv": [4, 18, 13, 29], "autoUv": false}, "south": {"texture": "#tail", "uv": [27, 9, 41, 16], "autoUv": false}, "west": {"texture": "#tail", "uv": [3, 21, 9, 29], "autoUv": false}, "up": {"texture": "#tail", "uv": [27, 2, 47, 9], "autoUv": false}, "down": {"texture": "#tail", "uv": [50, 15, 34, 8], "autoUv": false}}, "children": []}, {"name": "TailGeneric2", "from": [-0.1502665579, -0.9112502933, -0.8901900069], "to": [4.3799072206, 0.9309018254, 0.8901900037], "rotationOrigin": [-0.1502665579, 0.0098266602, -1.6e-09], "stepParentName": "b_Tail1", "rotationX": 0, "rotationY": 0, "rotationZ": -9.071e-07, "group": "tail-generic2", "faces": {"north": {"texture": "#tail", "uv": [28, 4, 20, 9], "autoUv": false}, "east": {"texture": "#tail", "uv": [8, 22, 13, 28], "autoUv": false}, "south": {"texture": "#tail", "uv": [20, 4, 28, 9], "autoUv": false}, "west": {"texture": "#tail", "uv": [4, 22, 9, 28], "autoUv": false}, "up": {"texture": "#tail", "uv": [23, 9, 35, 13], "autoUv": false}, "down": {"texture": "#tail", "uv": [31, 15, 20, 10], "autoUv": false}}, "children": []}, {"name": "TailGeneric2Fluff.002", "from": [1.1139580011, -0.6594881415, -0.7237114385], "to": [5.2892471552, 0.6769569516, 0.7113884017], "rotationOrigin": [1.1139580011, 0.0087337494, -0.0061615184], "stepParentName": "b_Tail1", "rotationX": -25.1189410407, "rotationY": 20.0640665926, "rotationZ": 15.6640416538, "group": "tail-generic2", "faces": {"north": {"texture": "#tail", "uv": [52, 12, 40, 16], "autoUv": false}, "east": {"texture": "#tail", "uv": [61, 13, 63, 15], "autoUv": false, "rotation": 90, "enabled": false}, "south": {"texture": "#tail", "uv": [40, 9, 52, 13], "autoUv": false}, "west": {"texture": "#tail", "uv": [7, 21, 12, 26], "autoUv": false, "rotation": 90}, "up": {"texture": "#tail", "uv": [40, 9, 52, 13], "autoUv": false}, "down": {"texture": "#tail", "uv": [52, 16, 38, 12], "autoUv": false}}, "children": []}, {"name": "TailGeneric2Fluff.004", "from": [3.0366401672, -0.7333495021, -0.8463022932], "to": [6.5133280754, 1.1367555857, 0.7851419225], "rotationOrigin": [3.0366401672, 0.2017021179, -0.0305801854], "stepParentName": "b_Tail1", "rotationX": -4.0113581467, "rotationY": -5.7386677378, "rotationZ": 23.1362805586, "group": "tail-generic2", "faces": {"north": {"texture": "#tail", "uv": [53, 12, 43, 16], "autoUv": false}, "east": {"texture": "#tail", "uv": [61, 13, 63, 15], "autoUv": false, "rotation": 90, "enabled": false}, "south": {"texture": "#tail", "uv": [43, 10, 53, 14], "autoUv": false}, "west": {"texture": "#tail", "uv": [7, 21, 12, 26], "autoUv": false, "rotation": 90}, "up": {"texture": "#tail", "uv": [43, 9, 53, 13], "autoUv": false}, "down": {"texture": "#tail", "uv": [53, 16, 40, 12], "autoUv": false}}, "children": []}, {"name": "TailGeneric2Fluff", "from": [1.6447540522, -1.218693614, -1.0619417727], "to": [6.3245159388, 1.0853569508, 1.1953109205], "rotationOrigin": [1.6447540522, -0.0666694641, 0.0666845739], "stepParentName": "b_Tail2", "rotationX": 9.0791416524, "rotationY": -5.2569135782, "rotationZ": 23.3721833397, "group": "tail-generic2", "faces": {"north": {"texture": "#tail", "uv": [52, 10, 42, 15], "autoUv": false}, "east": {"texture": "#tail", "uv": [61, 13, 63, 15], "autoUv": false, "rotation": 90, "enabled": false}, "south": {"texture": "#tail", "uv": [43, 13, 53, 17], "autoUv": false}, "west": {"texture": "#tail", "uv": [7, 21, 12, 26], "autoUv": false, "rotation": 90}, "up": {"texture": "#tail", "uv": [42, 10, 52, 14], "autoUv": false}, "down": {"texture": "#tail", "uv": [52, 15, 40, 10], "autoUv": false}}, "children": []}], "groups": []}