{"textureWidth": 64, "textureHeight": 64, "textures": {"tail": "kemono:entity/kemono/tail/kemono-tail"}, "textureSizes": {"tail": [64, 64], "disable": [64, 64]}, "elements": [{"name": "TailFox0.004", "from": [-0.3646368086, -1.9351689816, -1.6895880715], "to": [4.1409855783, 2.0108373165, 1.6895880683], "rotationOrigin": [-0.3646368086, 0.0378322601, -1.6e-09], "stepParentName": "b_Tail4", "rotationX": 0, "rotationY": 0, "rotationZ": -9.071e-07, "group": "tail-fox0", "faces": {"north": {"texture": "#tail", "uv": [53, 9, 44, 16], "autoUv": false}, "east": {"texture": "#tail", "uv": [63, 10, 57, 18], "autoUv": false, "enabled": false}, "south": {"texture": "#tail", "uv": [44, 9, 53, 16], "autoUv": false}, "west": {"texture": "#tail", "uv": [3, 19, 10, 29], "autoUv": false}, "up": {"texture": "#tail", "uv": [44, 5, 50, 12], "autoUv": false}, "down": {"texture": "#tail", "uv": [53, 16, 46, 12], "autoUv": false}}, "children": []}, {"name": "TailFox0Fluff.001", "from": [0.2806755006, -0.8199000359, -0.9860316962], "to": [3.773637861, 0.4963997006, 0.7690153867], "rotationOrigin": [0.2806755006, -0.1617507935, -0.1085081547], "stepParentName": "b_Tail1", "rotationX": 2.3159327324, "rotationY": -3.1791203004, "rotationZ": 18.473733884, "group": "tail-fox0", "faces": {"north": {"texture": "#tail", "uv": [52, 13, 46, 16], "autoUv": false}, "east": {"texture": "#tail", "uv": [61, 13, 63, 15], "autoUv": false, "rotation": 90, "enabled": false}, "south": {"texture": "#tail", "uv": [46, 11, 52, 14], "autoUv": false}, "west": {"texture": "#tail", "uv": [7, 21, 12, 26], "autoUv": false, "rotation": 90}, "up": {"texture": "#tail", "uv": [46, 12, 53, 16], "autoUv": false}, "down": {"texture": "#tail", "uv": [52, 16, 44, 13], "autoUv": false}}, "children": []}, {"name": "TailFox0Fluff.005", "from": [1.1561037302, 0.002076447, -1.2366260514], "to": [4.8599101305, 1.7772679329, 1.1302696243], "rotationOrigin": [1.1561037302, 0.8896713257, -0.0531782135], "stepParentName": "b_Tail4", "rotationX": -0.1906111564, "rotationY": 0.976840635, "rotationZ": 10.5090041891, "group": "tail-fox0", "faces": {"north": {"texture": "#tail", "uv": [52, 11, 46, 14], "autoUv": false}, "east": {"texture": "#tail", "uv": [61, 13, 63, 15], "autoUv": false, "rotation": 90, "enabled": false}, "south": {"texture": "#tail", "uv": [46, 9, 52, 12], "autoUv": false}, "west": {"texture": "#tail", "uv": [7, 21, 12, 26], "autoUv": false, "rotation": 90}, "up": {"texture": "#tail", "uv": [46, 11, 52, 14], "autoUv": false}, "down": {"texture": "#tail", "uv": [52, 16, 44, 13], "autoUv": false}}, "children": []}, {"name": "TailFox0", "from": [-0.5838159919, -1.7323801517, -1.3054041879], "to": [3.0148389935, 1.4509080648, 1.3054041846], "rotationOrigin": [-0.5838159919, -0.1407375336, -1.6e-09], "stepParentName": "b_Tail5", "rotationX": 0, "rotationY": 0, "rotationZ": -9.071e-07, "group": "tail-fox0", "faces": {"north": {"texture": "#tail", "uv": [54, 41, 48, 46], "autoUv": false}, "east": {"texture": "#tail", "uv": [61, 43, 63, 45], "autoUv": false, "rotation": 90, "enabled": false}, "south": {"texture": "#tail", "uv": [49, 41, 54, 46], "autoUv": false}, "west": {"texture": "#tail", "uv": [7, 37, 12, 42], "autoUv": false, "rotation": 90}, "up": {"texture": "#tail", "uv": [49, 42, 54, 47], "autoUv": false}, "down": {"texture": "#tail", "uv": [54, 46, 48, 41], "autoUv": false}}, "children": []}, {"name": "TailFox0Fluff.002", "from": [1.7069221735, -0.9619693756, -1.2943127453], "to": [5.2415872812, 0.8545302153, 0.4243883789], "rotationOrigin": [1.7069221735, -0.0537204742, -0.4349621832], "stepParentName": "b_Tail2", "rotationX": -9.1561656956, "rotationY": 6.3746074415, "rotationZ": 23.9998469886, "group": "tail-fox0", "faces": {"north": {"texture": "#tail", "uv": [54, 13, 44, 17], "autoUv": false}, "east": {"texture": "#tail", "uv": [61, 13, 63, 15], "autoUv": false, "rotation": 90, "enabled": false}, "south": {"texture": "#tail", "uv": [42, 9, 52, 13], "autoUv": false}, "west": {"texture": "#tail", "uv": [7, 21, 12, 26], "autoUv": false, "rotation": 90}, "up": {"texture": "#tail", "uv": [48, 6, 58, 10], "autoUv": false}, "down": {"texture": "#tail", "uv": [52, 16, 40, 12], "autoUv": false}}, "children": []}, {"name": "TailFox0.002", "from": [-0.5194286704, -1.147444725, -1.222442867], "to": [5.1779561639, 1.1670958996, 1.2224428637], "rotationOrigin": [-0.5194286704, 0.0098266602, -1.6e-09], "stepParentName": "b_Tail2", "rotationX": 0, "rotationY": 0, "rotationZ": -9.071e-07, "group": "tail-fox0", "faces": {"north": {"texture": "#tail", "uv": [32, 10, 24, 15], "autoUv": false}, "east": {"texture": "#tail", "uv": [6, 20, 11, 26], "autoUv": false}, "south": {"texture": "#tail", "uv": [24, 10, 32, 15], "autoUv": false}, "west": {"texture": "#tail", "uv": [3, 23, 7, 29], "autoUv": false}, "up": {"texture": "#tail", "uv": [24, 6, 38, 11], "autoUv": false}, "down": {"texture": "#tail", "uv": [37, 15, 23, 8], "autoUv": false}}, "children": []}, {"name": "TailFox0.001", "from": [-2.8503191657, -0.7453845926, -0.8229093952], "to": [-0.0457680412, 0.6397645883, 0.8229094939], "rotationOrigin": [-0.0457680412, -0.0528106876, 7.92e-08], "stepParentName": "b_Tail0", "rotationX": 0, "rotationY": 0, "rotationZ": -176.4518446785, "group": "tail-fox0", "faces": {"north": {"texture": "#tail", "uv": [29, 9, 21, 15], "autoUv": false}, "east": {"texture": "#tail", "uv": [3, 22, 8, 28], "autoUv": false}, "south": {"texture": "#tail", "uv": [19, 9, 27, 15], "autoUv": false}, "west": {"texture": "#tail", "uv": [4, 22, 8, 28], "autoUv": false}, "up": {"texture": "#tail", "uv": [22, 9, 30, 12], "autoUv": false}, "down": {"texture": "#tail", "uv": [25, 15, 19, 11], "autoUv": false}}, "children": []}, {"name": "TailFox0.003", "from": [-0.175235182, -1.5866110325, -1.4973683374], "to": [5.1873641908, 1.6062612534, 1.4973683341], "rotationOrigin": [-0.175235182, 0.0098266602, -1.6e-09], "stepParentName": "b_Tail3", "rotationX": 0, "rotationY": 0, "rotationZ": -9.071e-07, "group": "tail-fox0", "faces": {"north": {"texture": "#tail", "uv": [41, 8, 31, 13], "autoUv": false}, "east": {"texture": "#tail", "uv": [4, 18, 13, 29], "autoUv": false}, "south": {"texture": "#tail", "uv": [28, 10, 41, 16], "autoUv": false}, "west": {"texture": "#tail", "uv": [3, 21, 9, 29], "autoUv": false}, "up": {"texture": "#tail", "uv": [28, 4, 47, 10], "autoUv": false}, "down": {"texture": "#tail", "uv": [50, 15, 35, 9], "autoUv": false}}, "children": []}, {"name": "TailFox0.005", "from": [-0.1502665579, -0.9112502933, -0.8901900069], "to": [4.3799072206, 0.9309018254, 0.8901900037], "rotationOrigin": [-0.1502665579, 0.0098266602, -1.6e-09], "stepParentName": "b_Tail1", "rotationX": 0, "rotationY": 0, "rotationZ": -9.071e-07, "group": "tail-fox0", "faces": {"north": {"texture": "#tail", "uv": [28, 4, 20, 9], "autoUv": false}, "east": {"texture": "#tail", "uv": [8, 22, 13, 28], "autoUv": false}, "south": {"texture": "#tail", "uv": [20, 4, 28, 9], "autoUv": false}, "west": {"texture": "#tail", "uv": [4, 22, 9, 28], "autoUv": false}, "up": {"texture": "#tail", "uv": [23, 9, 35, 13], "autoUv": false}, "down": {"texture": "#tail", "uv": [31, 15, 20, 10], "autoUv": false}}, "children": []}, {"name": "TailFox0Fluff.006", "from": [1.2052251101, -0.5308634639, -0.371609509], "to": [4.7888149023, 0.6161879301, 0.8601158261], "rotationOrigin": [1.2052251101, 0.0426616669, 0.2442531586], "stepParentName": "b_Tail1", "rotationX": -25.1189410407, "rotationY": 20.0640665926, "rotationZ": 15.6640416538, "group": "tail-fox0", "faces": {"north": {"texture": "#tail", "uv": [52, 12, 40, 16], "autoUv": false}, "east": {"texture": "#tail", "uv": [61, 13, 63, 15], "autoUv": false, "rotation": 90, "enabled": false}, "south": {"texture": "#tail", "uv": [40, 9, 52, 13], "autoUv": false}, "west": {"texture": "#tail", "uv": [7, 21, 12, 26], "autoUv": false, "rotation": 90}, "up": {"texture": "#tail", "uv": [40, 9, 52, 13], "autoUv": false}, "down": {"texture": "#tail", "uv": [52, 16, 38, 12], "autoUv": false}}, "children": []}, {"name": "TailFox0Fluff.003", "from": [3.0439538956, -0.8037878871, -0.8406259567], "to": [6.5206418037, 1.0663172007, 0.7908182591], "rotationOrigin": [3.0439538956, 0.1312637329, -0.0249038488], "stepParentName": "b_Tail1", "rotationX": -4.0113581467, "rotationY": -5.7386690185, "rotationZ": 5.9384499173, "group": "tail-fox0", "faces": {"north": {"texture": "#tail", "uv": [53, 12, 43, 16], "autoUv": false}, "east": {"texture": "#tail", "uv": [61, 13, 63, 15], "autoUv": false, "rotation": 90, "enabled": false}, "south": {"texture": "#tail", "uv": [43, 10, 53, 14], "autoUv": false}, "west": {"texture": "#tail", "uv": [7, 21, 12, 26], "autoUv": false, "rotation": 90}, "up": {"texture": "#tail", "uv": [43, 9, 53, 13], "autoUv": false}, "down": {"texture": "#tail", "uv": [53, 16, 40, 12], "autoUv": false}}, "children": []}, {"name": "TailFox0Fluff", "from": [2.2630105019, -0.6803477407, -0.9203138947], "to": [5.9396233559, 1.1298086047, 0.8530763984], "rotationOrigin": [2.2630105019, 0.224729538, -0.0336187482], "stepParentName": "b_Tail2", "rotationX": -16.6751265095, "rotationY": -22.5237082127, "rotationZ": -11.4350557509, "group": "tail-fox0", "faces": {"north": {"texture": "#tail", "uv": [52, 10, 42, 15], "autoUv": false}, "east": {"texture": "#tail", "uv": [61, 13, 63, 15], "autoUv": false, "rotation": 90, "enabled": false}, "south": {"texture": "#tail", "uv": [43, 13, 53, 17], "autoUv": false}, "west": {"texture": "#tail", "uv": [7, 21, 12, 26], "autoUv": false, "rotation": 90}, "up": {"texture": "#tail", "uv": [42, 10, 52, 14], "autoUv": false}, "down": {"texture": "#tail", "uv": [52, 15, 40, 10], "autoUv": false}}, "children": []}, {"name": "TailFox0.006", "from": [0.9360299706, -1.186085701, -0.9727309362], "to": [5.5396896005, 0.9046126604, 0.972730933], "rotationOrigin": [0.9360299706, -0.1407375336, -1.6e-09], "stepParentName": "b_Tail5", "rotationX": 0, "rotationY": 0, "rotationZ": -9.071e-07, "group": "tail-fox0", "faces": {"north": {"texture": "#tail", "uv": [54, 43, 46, 47], "autoUv": false}, "east": {"texture": "#tail", "uv": [61, 43, 63, 45], "autoUv": false, "rotation": 90, "enabled": false}, "south": {"texture": "#tail", "uv": [46, 43, 54, 47], "autoUv": false}, "west": {"texture": "#tail", "uv": [7, 37, 12, 42], "autoUv": false, "rotation": 90}, "up": {"texture": "#tail", "uv": [46, 43, 54, 47], "autoUv": false}, "down": {"texture": "#tail", "uv": [54, 45, 46, 41], "autoUv": false}}, "children": []}, {"name": "TailFox0Fluff.004", "from": [0.6413684487, -1.0019255877, -1.4643774107], "to": [4.52558285, 0.7872056365, 1.5253572389], "rotationOrigin": [0.6413684487, -0.1073608398, 0.0304899141], "stepParentName": "b_Tail3", "rotationX": -63.8575285883, "rotationY": -12.657909768, "rotationZ": 13.1945398018, "group": "tail-fox0", "faces": {"north": {"texture": "#tail", "uv": [54, 13, 44, 17], "autoUv": false}, "east": {"texture": "#tail", "uv": [61, 13, 63, 15], "autoUv": false, "rotation": 90, "enabled": false}, "south": {"texture": "#tail", "uv": [42, 9, 52, 13], "autoUv": false}, "west": {"texture": "#tail", "uv": [7, 21, 12, 26], "autoUv": false, "rotation": 90}, "up": {"texture": "#tail", "uv": [48, 6, 58, 10], "autoUv": false}, "down": {"texture": "#tail", "uv": [52, 16, 40, 12], "autoUv": false}}, "children": []}], "groups": []}