{"textureWidth": 64, "textureHeight": 64, "textures": {"emo": "kemono:entity/horse/clothing/emo"}, "textureSizes": {"emo": [64, 64]}, "elements": [{"name": "FishnetL", "from": [1.49138093, -2.90125896, -1.13872478], "to": [4.26225924, 2.78776025, 1.13573363], "rotationOrigin": [2.87682009, 0.02995228, -0.00149557], "stepParentName": "b_ArmLowerL", "rotationX": 89.99998884, "rotationY": -1.69e-06, "rotationZ": 89.86787933, "group": "hand-fishnet", "faces": {"north": {"texture": "#emo", "uv": [16.0, 4.0, 29.0, 24.0], "autoUv": false}, "east": {"texture": "#emo", "uv": [52.0, 4.0, 62.0, 24.0], "autoUv": false}, "south": {"texture": "#emo", "uv": [39.0, 4.0, 52.0, 24.0], "autoUv": false}, "west": {"texture": "#emo", "uv": [29.0, 4.0, 39.0, 24.0], "autoUv": false}, "up": {"texture": "#emo", "uv": [29.0, 1.0, 39.0, 4.0], "autoUv": false, "rotation": 90}, "down": {"texture": "#emo", "uv": [39.0, 28.0, 29.0, 24.0], "autoUv": false, "rotation": 270}}, "children": []}, {"name": "FishnetR", "from": [1.49137998, -2.96116306, -1.13872497], "to": [4.26225829, 2.18905329, 1.13573344], "rotationOrigin": [2.87681913, -0.02995182, -0.00149576], "stepParentName": "b_ArmLowerR", "rotationX": 89.99998884, "rotationY": -1.69e-06, "rotationZ": 89.86787933, "group": "hand-fishnet", "faces": {"north": {"texture": "#emo", "uv": [14.0, 4.0, 26.0, 24.0], "autoUv": false}, "east": {"texture": "#emo", "uv": [3.0, 4.0, 14.0, 24.0], "autoUv": false}, "south": {"texture": "#emo", "uv": [36.0, 4.0, 49.0, 24.0], "autoUv": false}, "west": {"texture": "#emo", "uv": [26.0, 4.0, 36.0, 24.0], "autoUv": false}, "up": {"texture": "#emo", "uv": [26.0, 1.0, 36.0, 4.0], "autoUv": false, "rotation": 90}, "down": {"texture": "#emo", "uv": [36.0, 28.0, 26.0, 24.0], "autoUv": false, "rotation": 270}}, "children": []}], "groups": []}