{"textureWidth":64,"textureHeight":64,"textures":{},"textureSizes":{"head":[64,64]},"elements":[{"name":"MeshHead.009","from":[-3.107491850853,0.451390743256,-2.171022376856],"to":[1.197614312172,4.227285861969,2.171021976629],"rotationOrigin":[-0.954938769341,2.339338302612,-2.00114e-07],"stepParentName":"b_Head","rotationX":-1.3660375e-05,"rotationY":1e-12,"rotationZ":0.0,"group":"head-bird1","faces":{"north":{"texture":"#head","uv":[1.0,1.0,8.0,7.0],"autoUv":false},"east":{"texture":"#head","uv":[21.0,1.0,27.0,7.0],"autoUv":false},"south":{"texture":"#head","uv":[14.0,1.0,21.0,7.0],"autoUv":false},"west":{"texture":"#head","uv":[8.0,1.0,14.0,7.0],"autoUv":false},"up":{"texture":"#head","uv":[2.0,7.0,8.0,14.0],"autoUv":false,"rotation":90},"down":{"texture":"#head","uv":[14.0,14.0,8.0,7.0],"autoUv":false,"rotation":90}},"children":[]},{"name":"MeshNeck.007","from":[-1.680840969086,-2.13113451004,-1.499999909828],"to":[1.31915974617,1.868866443634,1.500000090172],"rotationOrigin":[-0.180840611458,-0.131134033203,9.0172e-08],"stepParentName":"b_Head","rotationX":-1.4533892e-05,"rotationY":1.1099057e-05,"rotationZ":9.00004293913,"group":"head-bird1","faces":{"north":{"texture":"#head","uv":[14.0,3.0,23.0,14.0],"autoUv":false},"east":{"texture":"#head","uv":[14.0,3.0,23.0,14.0],"autoUv":false},"south":{"texture":"#head","uv":[14.0,3.0,23.0,14.0],"autoUv":false},"west":{"texture":"#head","uv":[23.0,3.0,31.0,14.0],"autoUv":false},"up":{"texture":"#head","uv":[23.0,0.0,31.0,9.0],"autoUv":false,"rotation":90},"down":{"texture":"#head","uv":[31.0,9.0,23.0,0.0],"autoUv":false,"rotation":270}},"children":[]},{"name":"Head","from":[-2.079762458801,-0.034100160003,-2.444090127945],"to":[-2.079762458801,-0.034100160003,-2.444090127945],"rotationOrigin":[-2.079762458801,-0.034100160003,-2.444090127945],"rotationX":-1.3660375e-05,"rotationY":1e-12,"rotationZ":0.0,"faces":{"north":{"texture":"#null","uv":[0.0,0.0,0.0,0.0],"enabled":false},"east":{"texture":"#null","uv":[0.0,0.0,0.0,0.0],"enabled":false},"south":{"texture":"#null","uv":[0.0,0.0,0.0,0.0],"enabled":false},"west":{"texture":"#null","uv":[0.0,0.0,0.0,0.0],"enabled":false},"up":{"texture":"#null","uv":[0.0,0.0,0.0,0.0],"enabled":false},"down":{"texture":"#null","uv":[0.0,0.0,0.0,0.0],"enabled":false}},"children":[],"stepParentName":"b_Head"},{"name":"MeshMouthR.112","from":[-4.92448195046,1.217948293173,-0.256948577605],"to":[-4.442816207176,1.427498452754,0.08880698581],"rotationOrigin":[-4.68364906311,1.322723388672,-0.084070764482],"stepParentName":"b_Head","rotationX":-6.143152821119,"rotationY":-34.143903925029,"rotationZ":-102.313569993015,"group":"head-bird1","faces":{"north":{"texture":"#head","uv":[61.0,11.0,60.0,12.0],"autoUv":false,"rotation":180},"east":{"texture":"#head","uv":[60.0,11.0,57.0,12.0],"autoUv":false,"rotation":180},"south":{"texture":"#head","uv":[57.0,11.0,56.0,12.0],"autoUv":false,"rotation":180},"west":{"texture":"#head","uv":[60.0,11.0,57.0,12.0],"autoUv":false,"rotation":180},"up":{"texture":"#head","uv":[60.0,12.0,57.0,15.0],"autoUv":false,"rotation":90},"down":{"texture":"#head","uv":[57.0,11.0,60.0,7.0],"autoUv":false,"rotation":270}},"children":[]},{"name":"MeshMouthR.116","from":[-3.856094911852,1.173708507877,-0.842443040912],"to":[-3.018656710051,1.534474488215,0.119567099274],"rotationOrigin":[-3.43737578392,1.354091525078,-0.361437916756],"stepParentName":"b_Head","rotationX":-76.363106354819,"rotationY":-2.800427505464,"rotationZ":179.21375461284,"group":"head-bird1","faces":{"north":{"texture":"#head","uv":[61.0,11.0,60.0,12.0],"autoUv":false,"rotation":180},"east":{"texture":"#head","uv":[60.0,11.0,57.0,12.0],"autoUv":false,"rotation":180},"south":{"texture":"#head","uv":[57.0,11.0,56.0,12.0],"autoUv":false,"rotation":180},"west":{"texture":"#head","uv":[60.0,11.0,57.0,12.0],"autoUv":false,"rotation":180},"up":{"texture":"#head","uv":[60.0,12.0,57.0,15.0],"autoUv":false,"rotation":90},"down":{"texture":"#head","uv":[57.0,11.0,60.0,7.0],"autoUv":false,"rotation":270}},"children":[]},{"name":"MeshMouthR.117","from":[-4.394657260641,1.847768391496,-0.214317383094],"to":[-4.171235935551,1.929605853109,-0.136708691248],"rotationOrigin":[-4.282946586609,1.888687133789,-0.175513014197],"stepParentName":"b_Head","rotationX":-36.412616144646,"rotationY":-6.061309652503,"rotationZ":-162.966332841645,"group":"head-bird1","faces":{"north":{"texture":"#head","uv":[11.0,61.0,11.0,61.0],"autoUv":false,"rotation":90},"east":{"texture":"#head","uv":[10.0,61.0,11.0,61.0],"autoUv":false},"south":{"texture":"#head","uv":[10.0,61.0,10.0,61.0],"autoUv":false,"rotation":90},"west":{"texture":"#head","uv":[10.0,61.0,11.0,61.0],"autoUv":false},"up":{"texture":"#head","uv":[11.0,61.0,10.0,62.0],"autoUv":false,"rotation":90},"down":{"texture":"#head","uv":[10.0,61.0,11.0,60.0],"autoUv":false,"rotation":270}},"children":[]},{"name":"MeshMouthR.118","from":[-4.032000270924,1.690853245022,-0.383463048904],"to":[-3.082604256253,2.051616529059,0.150344105896],"rotationOrigin":[-3.557302236557,1.871234893799,-0.116559430957],"stepParentName":"b_Head","rotationX":-35.065614047861,"rotationY":-2.548415509761,"rotationZ":-177.840790967019,"group":"head-bird1","faces":{"north":{"texture":"#head","uv":[61.0,11.0,60.0,12.0],"autoUv":false,"rotation":180},"east":{"texture":"#head","uv":[60.0,11.0,57.0,12.0],"autoUv":false,"rotation":180},"south":{"texture":"#head","uv":[57.0,11.0,56.0,12.0],"autoUv":false,"rotation":180},"west":{"texture":"#head","uv":[60.0,11.0,57.0,12.0],"autoUv":false,"rotation":180},"up":{"texture":"#head","uv":[60.0,12.0,57.0,15.0],"autoUv":false,"rotation":90},"down":{"texture":"#head","uv":[57.0,11.0,60.0,7.0],"autoUv":false,"rotation":270}},"children":[]},{"name":"MeshMouthR.119","from":[-4.21961196277,1.26511133667,-0.810875598192],"to":[-3.817334373297,1.480043680634,0.082754179168],"rotationOrigin":[-4.018473148346,1.372577548027,-0.364060670137],"stepParentName":"b_Head","rotationX":-78.797112567445,"rotationY":-1.626296322632,"rotationZ":-171.360894878779,"group":"head-bird1","faces":{"north":{"texture":"#head","uv":[61.0,11.0,60.0,12.0],"autoUv":false,"rotation":180},"east":{"texture":"#head","uv":[60.0,11.0,57.0,12.0],"autoUv":false,"rotation":180},"south":{"texture":"#head","uv":[57.0,11.0,56.0,12.0],"autoUv":false,"rotation":180},"west":{"texture":"#head","uv":[60.0,11.0,57.0,12.0],"autoUv":false,"rotation":180},"up":{"texture":"#head","uv":[60.0,12.0,57.0,15.0],"autoUv":false,"rotation":90},"down":{"texture":"#head","uv":[57.0,11.0,60.0,7.0],"autoUv":false,"rotation":270}},"children":[]},{"name":"MeshMouthR.120","from":[-4.496435892206,1.643245205205,-0.356159894234],"to":[-3.937120709003,1.940178387044,0.116459122662],"rotationOrigin":[-4.216778278351,1.791711807251,-0.119850352407],"stepParentName":"b_Head","rotationX":-32.18825342602,"rotationY":-11.19427706849,"rotationZ":-163.194584103328,"group":"head-bird1","faces":{"north":{"texture":"#head","uv":[61.0,11.0,60.0,12.0],"autoUv":false,"rotation":180},"east":{"texture":"#head","uv":[60.0,11.0,57.0,12.0],"autoUv":false,"rotation":180},"south":{"texture":"#head","uv":[57.0,11.0,56.0,12.0],"autoUv":false,"rotation":180},"west":{"texture":"#head","uv":[60.0,11.0,57.0,12.0],"autoUv":false,"rotation":180},"up":{"texture":"#head","uv":[60.0,12.0,57.0,15.0],"autoUv":false,"rotation":90},"down":{"texture":"#head","uv":[57.0,11.0,60.0,7.0],"autoUv":false,"rotation":270}},"children":[]},{"name":"MeshMouthR.122","from":[-4.748462064524,1.50778906575,-0.278425134704],"to":[-4.31799284174,1.759640267182,0.094279154624],"rotationOrigin":[-4.533227443695,1.633714675903,-0.092072971165],"stepParentName":"b_Head","rotationX":-22.197935510076,"rotationY":-25.89866348353,"rotationZ":-132.147317193253,"group":"head-bird1","faces":{"north":{"texture":"#head","uv":[61.0,11.0,60.0,12.0],"autoUv":false,"rotation":180},"east":{"texture":"#head","uv":[60.0,11.0,57.0,12.0],"autoUv":false,"rotation":180},"south":{"texture":"#head","uv":[57.0,11.0,56.0,12.0],"autoUv":false,"rotation":180},"west":{"texture":"#head","uv":[60.0,11.0,57.0,12.0],"autoUv":false,"rotation":180},"up":{"texture":"#head","uv":[60.0,12.0,57.0,15.0],"autoUv":false,"rotation":90},"down":{"texture":"#head","uv":[57.0,11.0,60.0,7.0],"autoUv":false,"rotation":270}},"children":[]},{"name":"MeshMouthR.123","from":[-4.832419563681,0.925507364639,-0.364072217715],"to":[-4.61342892334,1.112036874821,0.059769272575],"rotationOrigin":[-4.722924232483,1.018772125244,-0.152151450515],"stepParentName":"b_Head","rotationX":0.81290254131,"rotationY":-27.139087308507,"rotationZ":-87.170644452125,"group":"head-bird1","faces":{"north":{"texture":"#head","uv":[61.0,11.0,60.0,12.0],"autoUv":false,"rotation":180},"east":{"texture":"#head","uv":[60.0,11.0,57.0,12.0],"autoUv":false,"rotation":180},"south":{"texture":"#head","uv":[57.0,11.0,56.0,12.0],"autoUv":false,"rotation":180},"west":{"texture":"#head","uv":[60.0,11.0,57.0,12.0],"autoUv":false,"rotation":180},"up":{"texture":"#head","uv":[60.0,12.0,57.0,15.0],"autoUv":false,"rotation":90},"down":{"texture":"#head","uv":[57.0,11.0,60.0,7.0],"autoUv":false,"rotation":270}},"children":[]},{"name":"MeshMouthR.109","from":[-4.924481871921,1.21794836,-0.088807692808],"to":[-4.442816222884,1.427498433052,0.256947823483],"rotationOrigin":[-4.68364906311,1.322723388672,0.084070041776],"stepParentName":"b_Head","rotationX":6.143122085268,"rotationY":34.143893679746,"rotationZ":77.686455506509,"group":"head-bird1","faces":{"north":{"texture":"#head","uv":[61.0,11.0,60.0,12.0],"autoUv":false},"east":{"texture":"#head","uv":[60.0,11.0,57.0,12.0],"autoUv":false},"south":{"texture":"#head","uv":[57.0,11.0,56.0,12.0],"autoUv":false},"west":{"texture":"#head","uv":[60.0,11.0,57.0,12.0],"autoUv":false},"up":{"texture":"#head","uv":[60.0,12.0,57.0,15.0],"autoUv":false,"rotation":270},"down":{"texture":"#head","uv":[57.0,11.0,60.0,7.0],"autoUv":false,"rotation":90}},"children":[]},{"name":"MeshMouthR.110","from":[-3.856095096208,1.173706908189,-0.119567942893],"to":[-3.018656894407,1.534472831138,0.842442161538],"rotationOrigin":[-3.437376022339,1.354089856148,0.361437082291],"stepParentName":"b_Head","rotationX":76.363072203873,"rotationY":2.800430066784,"rotationZ":-0.7862481016,"group":"head-bird1","faces":{"north":{"texture":"#head","uv":[56.0,11.0,57.0,12.0],"autoUv":false},"east":{"texture":"#head","uv":[57.0,11.0,60.0,12.0],"autoUv":false},"south":{"texture":"#head","uv":[60.0,11.0,61.0,12.0],"autoUv":false},"west":{"texture":"#head","uv":[57.0,11.0,60.0,12.0],"autoUv":false},"up":{"texture":"#head","uv":[57.0,7.0,60.0,11.0],"autoUv":false,"rotation":90},"down":{"texture":"#head","uv":[60.0,15.0,57.0,12.0],"autoUv":false,"rotation":270}},"children":[]},{"name":"MeshMouthR.111","from":[-4.394655814814,1.847766501296,0.136709732986],"to":[-4.171234482066,1.929603989874,0.214318427518],"rotationOrigin":[-4.282945156097,1.88868522644,0.175514057279],"stepParentName":"b_Head","rotationX":36.412605899363,"rotationY":6.06131136005,"rotationZ":17.033670459764,"group":"head-bird1","faces":{"north":{"texture":"#head","uv":[11.0,61.0,11.0,61.0],"autoUv":false,"rotation":270},"east":{"texture":"#head","uv":[10.0,61.0,11.0,61.0],"autoUv":false,"rotation":180},"south":{"texture":"#head","uv":[10.0,61.0,10.0,61.0],"autoUv":false,"rotation":270},"west":{"texture":"#head","uv":[10.0,61.0,11.0,61.0],"autoUv":false,"rotation":180},"up":{"texture":"#head","uv":[11.0,61.0,10.0,62.0],"autoUv":false,"rotation":270},"down":{"texture":"#head","uv":[10.0,61.0,11.0,60.0],"autoUv":false,"rotation":90}},"children":[]},{"name":"MeshMouthR.124","from":[-4.03200045528,1.690853300748,-0.150347333443],"to":[-3.082604440608,2.051616513881,0.38345985128],"rotationOrigin":[-3.557302474976,1.871234893799,0.116556204855],"stepParentName":"b_Head","rotationX":35.065593557293,"rotationY":2.548416363535,"rotationZ":2.15920230255,"group":"head-bird1","faces":{"north":{"texture":"#head","uv":[56.0,11.0,57.0,12.0],"autoUv":false},"east":{"texture":"#head","uv":[57.0,11.0,60.0,12.0],"autoUv":false},"south":{"texture":"#head","uv":[60.0,11.0,61.0,12.0],"autoUv":false},"west":{"texture":"#head","uv":[57.0,11.0,60.0,12.0],"autoUv":false},"up":{"texture":"#head","uv":[57.0,7.0,60.0,11.0],"autoUv":false,"rotation":90},"down":{"texture":"#head","uv":[60.0,15.0,57.0,12.0],"autoUv":false,"rotation":270}},"children":[]},{"name":"MeshMouthR.125","from":[-4.219612457756,1.265113521812,-0.082754566454],"to":[-3.817334753236,1.480045895308,0.810875370287],"rotationOrigin":[-4.018473625183,1.372579693794,0.364060401917],"stepParentName":"b_Head","rotationX":78.797064756121,"rotationY":1.626303579708,"rotationZ":8.639116960366,"group":"head-bird1","faces":{"north":{"texture":"#head","uv":[61.0,11.0,60.0,12.0],"autoUv":false},"east":{"texture":"#head","uv":[60.0,11.0,57.0,12.0],"autoUv":false},"south":{"texture":"#head","uv":[57.0,11.0,56.0,12.0],"autoUv":false},"west":{"texture":"#head","uv":[60.0,11.0,57.0,12.0],"autoUv":false},"up":{"texture":"#head","uv":[60.0,12.0,57.0,15.0],"autoUv":false,"rotation":270},"down":{"texture":"#head","uv":[57.0,11.0,60.0,7.0],"autoUv":false,"rotation":90}},"children":[]},{"name":"MeshMouthR.126","from":[-4.49643634679,1.643245251161,-0.116458560281],"to":[-3.93712111908,1.940178396721,0.356160538848],"rotationOrigin":[-4.216778755188,1.791711807251,0.119850955904],"stepParentName":"b_Head","rotationX":32.188222690169,"rotationY":11.194273653395,"rotationZ":16.805424320722,"group":"head-bird1","faces":{"north":{"texture":"#head","uv":[61.0,11.0,60.0,12.0],"autoUv":false},"east":{"texture":"#head","uv":[60.0,11.0,57.0,12.0],"autoUv":false},"south":{"texture":"#head","uv":[57.0,11.0,56.0,12.0],"autoUv":false},"west":{"texture":"#head","uv":[60.0,11.0,57.0,12.0],"autoUv":false},"up":{"texture":"#head","uv":[60.0,12.0,57.0,15.0],"autoUv":false,"rotation":270},"down":{"texture":"#head","uv":[57.0,11.0,60.0,7.0],"autoUv":false,"rotation":90}},"children":[]},{"name":"MeshMouthR.127","from":[-4.748461549938,1.507787189127,-0.094282272941],"to":[-4.317992346029,1.759638366857,0.278422016388],"rotationOrigin":[-4.533226966858,1.633712768555,0.092069871724],"stepParentName":"b_Head","rotationX":22.197899651583,"rotationY":25.898656653341,"rotationZ":47.852718551554,"group":"head-bird1","faces":{"north":{"texture":"#head","uv":[61.0,11.0,60.0,12.0],"autoUv":false},"east":{"texture":"#head","uv":[60.0,11.0,57.0,12.0],"autoUv":false},"south":{"texture":"#head","uv":[57.0,11.0,56.0,12.0],"autoUv":false},"west":{"texture":"#head","uv":[60.0,11.0,57.0,12.0],"autoUv":false},"up":{"texture":"#head","uv":[60.0,12.0,57.0,15.0],"autoUv":false,"rotation":270},"down":{"texture":"#head","uv":[57.0,11.0,60.0,7.0],"autoUv":false,"rotation":90}},"children":[]},{"name":"MeshMouthR.128","from":[-4.832419541626,0.925507386695,-0.059769768055],"to":[-4.613428901284,1.112036896877,0.36407187873],"rotationOrigin":[-4.722924232483,1.018772125244,0.152151033282],"stepParentName":"b_Head","rotationX":-0.81292756755,"rotationY":27.139083893412,"rotationZ":92.829346896453,"group":"head-bird1","faces":{"north":{"texture":"#head","uv":[61.0,11.0,60.0,12.0],"autoUv":false},"east":{"texture":"#head","uv":[60.0,11.0,57.0,12.0],"autoUv":false},"south":{"texture":"#head","uv":[57.0,11.0,56.0,12.0],"autoUv":false},"west":{"texture":"#head","uv":[60.0,11.0,57.0,12.0],"autoUv":false},"up":{"texture":"#head","uv":[60.0,12.0,57.0,15.0],"autoUv":false,"rotation":270},"down":{"texture":"#head","uv":[57.0,11.0,60.0,7.0],"autoUv":false,"rotation":90}},"children":[]},{"name":"MeshMouthR.100","from":[-4.624307793857,1.566242311207,0.240426036371],"to":[-4.198713542663,1.675640226378,0.492960863017],"rotationOrigin":[-4.301090717316,1.620941281319,0.265537619591],"stepParentName":"b_Head","rotationX":72.668575070489,"rotationY":-1.17545058328,"rotationZ":17.644475494218,"group":"head-bird1","faces":{"north":{"texture":"#head","uv":[61.0,11.0,60.0,12.0],"autoUv":false},"east":{"texture":"#head","uv":[60.0,11.0,57.0,12.0],"autoUv":false},"south":{"texture":"#head","uv":[57.0,11.0,56.0,12.0],"autoUv":false},"west":{"texture":"#head","uv":[60.0,11.0,57.0,12.0],"autoUv":false},"up":{"texture":"#head","uv":[60.0,12.0,57.0,15.0],"autoUv":false,"rotation":270},"down":{"texture":"#head","uv":[57.0,11.0,60.0,7.0],"autoUv":false,"rotation":90}},"children":[]},{"name":"MeshMouthR.103","from":[-4.663138513635,1.157962897272,0.151104933236],"to":[-4.185000746743,1.267360812443,0.61270465804],"rotationOrigin":[-4.316918373108,1.212661862373,0.356978684664],"stepParentName":"b_Head","rotationX":80.674424211769,"rotationY":0.996456511457,"rotationZ":20.030579882647,"group":"head-bird1","faces":{"north":{"texture":"#head","uv":[61.0,11.0,60.0,12.0],"autoUv":false},"east":{"texture":"#head","uv":[60.0,11.0,57.0,12.0],"autoUv":false},"south":{"texture":"#head","uv":[57.0,11.0,56.0,12.0],"autoUv":false},"west":{"texture":"#head","uv":[60.0,11.0,57.0,12.0],"autoUv":false},"up":{"texture":"#head","uv":[60.0,12.0,57.0,15.0],"autoUv":false,"rotation":270},"down":{"texture":"#head","uv":[57.0,11.0,60.0,7.0],"autoUv":false,"rotation":90}},"children":[]},{"name":"MeshMouthR.121","from":[-4.688259944927,0.495369415492,-0.01442644252],"to":[-4.210122017705,0.604767325329,0.44717325139],"rotationOrigin":[-4.316918373108,1.212661862373,0.356978684664],"stepParentName":"b_Head","rotationX":-80.674451532525,"rotationY":-0.996462914759,"rotationZ":-159.96943707914,"group":"head-bird1","faces":{"north":{"texture":"#head","uv":[56.0,11.0,57.0,12.0],"autoUv":false,"rotation":180},"east":{"texture":"#head","uv":[57.0,11.0,60.0,12.0],"autoUv":false,"rotation":180},"south":{"texture":"#head","uv":[60.0,11.0,61.0,12.0],"autoUv":false,"rotation":180},"west":{"texture":"#head","uv":[57.0,11.0,60.0,12.0],"autoUv":false,"rotation":180},"up":{"texture":"#head","uv":[57.0,7.0,60.0,11.0],"autoUv":false,"rotation":270},"down":{"texture":"#head","uv":[60.0,15.0,57.0,12.0],"autoUv":false,"rotation":90}},"children":[]},{"name":"MeshMouthR.129","from":[-4.560226756125,1.084112732711,-0.120059022272],"to":[-4.134632550314,1.193510663237,0.132475786674],"rotationOrigin":[-4.301090717316,1.620941281319,0.265537619591],"stepParentName":"b_Head","rotationX":-72.668595561057,"rotationY":1.175439590944,"rotationZ":-162.355509024171,"group":"head-bird1","faces":{"north":{"texture":"#head","uv":[56.0,11.0,57.0,12.0],"autoUv":false,"rotation":180},"east":{"texture":"#head","uv":[57.0,11.0,60.0,12.0],"autoUv":false,"rotation":180},"south":{"texture":"#head","uv":[60.0,11.0,61.0,12.0],"autoUv":false,"rotation":180},"west":{"texture":"#head","uv":[57.0,11.0,60.0,12.0],"autoUv":false,"rotation":180},"up":{"texture":"#head","uv":[57.0,7.0,60.0,11.0],"autoUv":false,"rotation":270},"down":{"texture":"#head","uv":[60.0,15.0,57.0,12.0],"autoUv":false,"rotation":90}},"children":[]},{"name":"FluffR.066","from":[-2.299852490425,0.0078125,-2.768768250942],"to":[-0.580006957054,3.063952326775,-1.784766376019],"rotationOrigin":[-1.43992972374,1.535882353783,-2.276767253876],"stepParentName":"b_Head","rotationX":-1.600595708167,"rotationY":21.550814359805,"rotationZ":-81.945925397469,"group":"fluff.005","faces":{"north":{"texture":"#head","uv":[27.0,22.0,30.0,28.0],"autoUv":false,"rotation":180},"east":{"texture":"#head","uv":[21.0,20.0,19.0,27.0],"autoUv":false,"rotation":180},"south":{"texture":"#head","uv":[22.0,21.0,19.0,27.0],"autoUv":false,"rotation":180},"west":{"texture":"#head","uv":[19.0,21.0,21.0,27.0],"autoUv":false,"rotation":180},"up":{"texture":"head","uv":[49.0,57.0,55.0,63.0],"autoUv":false,"rotation":90,"enabled":false},"down":{"texture":"#head","uv":[5.0,24.0,4.0,16.0],"autoUv":false,"rotation":90}},"children":[]},{"name":"FluffR.067","from":[-2.26816213131,3.079944133759,-1.694945001841],"to":[-1.543558239937,5.37206697464,1.694946145772],"rotationOrigin":[-1.905860185623,4.226005554199,5.71965e-07],"stepParentName":"b_Head","rotationX":-1.3660378e-05,"rotationY":0.0,"rotationZ":-72.85281942335,"group":"fluff.005","faces":{"north":{"texture":"#head","uv":[21.0,20.0,19.0,27.0],"autoUv":false,"rotation":180},"east":{"texture":"#head","uv":[27.0,21.0,20.0,27.0],"autoUv":false,"rotation":180},"south":{"texture":"#head","uv":[19.0,18.0,21.0,27.0],"autoUv":false,"rotation":180},"west":{"texture":"#head","uv":[20.0,21.0,27.0,27.0],"autoUv":false,"rotation":180},"up":{"texture":"head","uv":[49.0,57.0,55.0,63.0],"autoUv":false,"enabled":false},"down":{"texture":"#head","uv":[5.0,24.0,4.0,16.0],"autoUv":false,"rotation":180}},"children":[]},{"name":"FluffR.068","from":[-1.329307079315,3.061051845551,-1.694944997337],"to":[-0.604703187943,5.353174686432,1.694946150276],"rotationOrigin":[-0.967005133629,4.207113265991,5.7647e-07],"stepParentName":"b_Head","rotationX":-1.3660378e-05,"rotationY":1e-12,"rotationZ":-68.380712083149,"group":"fluff.005","faces":{"north":{"texture":"#head","uv":[21.0,20.0,19.0,27.0],"autoUv":false,"rotation":180},"east":{"texture":"#head","uv":[28.0,21.0,21.0,27.0],"autoUv":false,"rotation":180},"south":{"texture":"#head","uv":[19.0,18.0,21.0,27.0],"autoUv":false,"rotation":180},"west":{"texture":"#head","uv":[18.0,21.0,25.0,27.0],"autoUv":false,"rotation":180},"up":{"texture":"head","uv":[49.0,57.0,55.0,63.0],"autoUv":false,"enabled":false},"down":{"texture":"#head","uv":[5.0,24.0,4.0,16.0],"autoUv":false,"rotation":180}},"children":[]},{"name":"FluffR.069","from":[-2.967995166779,1.043880551577,1.416843295097],"to":[0.088145136833,2.027882367849,3.136689245701],"rotationOrigin":[-1.439924836159,1.535881638527,2.276766300201],"stepParentName":"b_Head","rotationX":88.625146896257,"rotationY":7.487658056876,"rotationZ":-158.25454050309,"group":"fluff.005","faces":{"north":{"texture":"#head","uv":[21.0,21.0,19.0,27.0],"autoUv":false,"rotation":270},"east":{"texture":"#head","uv":[5.0,16.0,4.0,24.0],"autoUv":false,"rotation":270},"south":{"texture":"#head","uv":[19.0,20.0,21.0,27.0],"autoUv":false,"rotation":90},"west":{"texture":"head","uv":[55.0,57.0,49.0,63.0],"autoUv":false,"rotation":90,"enabled":false},"up":{"texture":"#head","uv":[19.0,21.0,22.0,27.0],"autoUv":false,"rotation":90},"down":{"texture":"#head","uv":[27.0,28.0,30.0,22.0],"autoUv":false,"rotation":90}},"children":[]},{"name":"FluffR.070","from":[-2.86140781952,2.599245377383,1.311653209438],"to":[0.107696725312,3.555223765225,2.982519496479],"rotationOrigin":[-1.376855373383,3.077234745026,2.147086381912],"stepParentName":"b_Head","rotationX":88.634032972367,"rotationY":3.694916763131,"rotationZ":-158.345983075698,"group":"fluff.005","faces":{"north":{"texture":"#head","uv":[21.0,21.0,19.0,27.0],"autoUv":false,"rotation":270},"east":{"texture":"#head","uv":[5.0,16.0,4.0,24.0],"autoUv":false,"rotation":270},"south":{"texture":"#head","uv":[19.0,20.0,21.0,27.0],"autoUv":false,"rotation":90},"west":{"texture":"head","uv":[55.0,57.0,49.0,63.0],"autoUv":false,"rotation":90,"enabled":false},"up":{"texture":"#head","uv":[19.0,21.0,22.0,27.0],"autoUv":false,"rotation":90},"down":{"texture":"#head","uv":[27.0,28.0,30.0,22.0],"autoUv":false,"rotation":90}},"children":[]},{"name":"FluffR.071","from":[-1.672426465283,2.599245377383,1.102962566128],"to":[1.296678079548,3.555223765225,2.773828853169],"rotationOrigin":[-0.187874019146,3.077234745026,1.938395738602],"stepParentName":"b_Head","rotationX":88.634032972367,"rotationY":3.694916763131,"rotationZ":-158.345983075698,"group":"fluff.005","faces":{"north":{"texture":"#head","uv":[21.0,21.0,19.0,27.0],"autoUv":false,"rotation":270},"east":{"texture":"#head","uv":[5.0,16.0,4.0,24.0],"autoUv":false,"rotation":270},"south":{"texture":"#head","uv":[19.0,20.0,21.0,27.0],"autoUv":false,"rotation":90},"west":{"texture":"head","uv":[55.0,57.0,49.0,63.0],"autoUv":false,"rotation":90,"enabled":false},"up":{"texture":"#head","uv":[19.0,21.0,22.0,27.0],"autoUv":false,"rotation":90},"down":{"texture":"#head","uv":[27.0,28.0,30.0,22.0],"autoUv":false,"rotation":90}},"children":[]},{"name":"FluffR.072","from":[-1.672426465283,0.830770798526,1.102962923756],"to":[1.296678079548,1.786749186368,2.773829210796],"rotationOrigin":[-0.187874019146,1.308760166168,1.93839609623],"stepParentName":"b_Head","rotationX":88.634032972367,"rotationY":3.694916763131,"rotationZ":-158.345983075698,"group":"fluff.005","faces":{"north":{"texture":"#head","uv":[21.0,21.0,19.0,27.0],"autoUv":false,"rotation":270},"east":{"texture":"#head","uv":[5.0,16.0,4.0,24.0],"autoUv":false,"rotation":270},"south":{"texture":"#head","uv":[19.0,20.0,21.0,27.0],"autoUv":false,"rotation":90},"west":{"texture":"head","uv":[55.0,57.0,49.0,63.0],"autoUv":false,"rotation":90,"enabled":false},"up":{"texture":"#head","uv":[19.0,21.0,22.0,27.0],"autoUv":false,"rotation":90},"down":{"texture":"#head","uv":[27.0,28.0,30.0,22.0],"autoUv":false,"rotation":90}},"children":[]},{"name":"FluffR.073","from":[-3.036027583707,3.538895050093,1.392920444052],"to":[-0.806379426931,4.256786642425,2.647656924114],"rotationOrigin":[-1.921203374863,3.897840976715,2.020288705826],"stepParentName":"b_Head","rotationX":47.817235718816,"rotationY":-2.911907718662,"rotationZ":-159.784052084688,"group":"fluff.005","faces":{"north":{"texture":"#head","uv":[21.0,21.0,19.0,27.0],"autoUv":false,"rotation":270},"east":{"texture":"#head","uv":[5.0,16.0,4.0,24.0],"autoUv":false,"rotation":270},"south":{"texture":"#head","uv":[19.0,20.0,21.0,27.0],"autoUv":false,"rotation":90},"west":{"texture":"head","uv":[55.0,57.0,49.0,63.0],"autoUv":false,"rotation":90,"enabled":false},"up":{"texture":"#head","uv":[19.0,21.0,22.0,27.0],"autoUv":false,"rotation":90},"down":{"texture":"#head","uv":[27.0,28.0,30.0,22.0],"autoUv":false,"rotation":90}},"children":[]},{"name":"FluffR.074","from":[-0.187617182732,3.061051845551,-1.694944997337],"to":[0.536986708641,5.353174686432,1.694946150276],"rotationOrigin":[0.174684762955,4.207113265991,5.7647e-07],"stepParentName":"b_Head","rotationX":-1.3660378e-05,"rotationY":1e-12,"rotationZ":-68.380712083149,"group":"fluff.005","faces":{"north":{"texture":"#head","uv":[21.0,20.0,19.0,27.0],"autoUv":false,"rotation":180},"east":{"texture":"#head","uv":[28.0,21.0,21.0,27.0],"autoUv":false,"rotation":180},"south":{"texture":"#head","uv":[19.0,18.0,21.0,27.0],"autoUv":false,"rotation":180},"west":{"texture":"#head","uv":[18.0,21.0,25.0,27.0],"autoUv":false,"rotation":180},"up":{"texture":"head","uv":[49.0,57.0,55.0,63.0],"autoUv":false,"enabled":false},"down":{"texture":"#head","uv":[5.0,24.0,4.0,16.0],"autoUv":false,"rotation":180}},"children":[]},{"name":"FluffR.075","from":[-1.303455206979,3.870891967818,1.457987496894],"to":[0.926192949798,4.58878356015,2.712723976955],"rotationOrigin":[-0.188630998135,4.22983789444,2.085355758667],"stepParentName":"b_Head","rotationX":47.945718407293,"rotationY":-4.665975002716,"rotationZ":-157.840057303497,"group":"fluff.005","faces":{"north":{"texture":"#head","uv":[21.0,21.0,19.0,27.0],"autoUv":false,"rotation":270},"east":{"texture":"#head","uv":[5.0,16.0,4.0,24.0],"autoUv":false,"rotation":270},"south":{"texture":"#head","uv":[19.0,20.0,21.0,27.0],"autoUv":false,"rotation":90},"west":{"texture":"head","uv":[55.0,57.0,49.0,63.0],"autoUv":false,"rotation":90,"enabled":false},"up":{"texture":"#head","uv":[19.0,21.0,22.0,27.0],"autoUv":false,"rotation":90},"down":{"texture":"#head","uv":[27.0,28.0,30.0,22.0],"autoUv":false,"rotation":90}},"children":[]},{"name":"FluffR.076","from":[-0.074821862806,3.680340210005,1.457987496894],"to":[2.154826293971,4.398231802337,2.712723976955],"rotationOrigin":[1.040002346039,4.039286136627,2.085355758667],"stepParentName":"b_Head","rotationX":47.945718407293,"rotationY":-4.665975002716,"rotationZ":-157.840057303497,"group":"fluff.005","faces":{"north":{"texture":"#head","uv":[21.0,21.0,19.0,27.0],"autoUv":false,"rotation":270},"east":{"texture":"#head","uv":[5.0,16.0,4.0,24.0],"autoUv":false,"rotation":270},"south":{"texture":"#head","uv":[19.0,20.0,21.0,27.0],"autoUv":false,"rotation":90},"west":{"texture":"head","uv":[55.0,57.0,49.0,63.0],"autoUv":false,"rotation":90,"enabled":false},"up":{"texture":"#head","uv":[19.0,21.0,22.0,27.0],"autoUv":false,"rotation":90},"down":{"texture":"#head","uv":[27.0,28.0,30.0,22.0],"autoUv":false,"rotation":90}},"children":[]},{"name":"FluffR.077","from":[-0.325093570481,2.164612122378,1.311653209438],"to":[2.64401097435,3.12059051022,2.982519496479],"rotationOrigin":[1.159458875656,2.642601490021,2.147086381912],"stepParentName":"b_Head","rotationX":88.634032972367,"rotationY":3.694916763131,"rotationZ":-158.345983075698,"group":"fluff.005","faces":{"north":{"texture":"#head","uv":[21.0,21.0,19.0,27.0],"autoUv":false,"rotation":270},"east":{"texture":"#head","uv":[5.0,16.0,4.0,24.0],"autoUv":false,"rotation":270},"south":{"texture":"#head","uv":[19.0,20.0,21.0,27.0],"autoUv":false,"rotation":90},"west":{"texture":"head","uv":[55.0,57.0,49.0,63.0],"autoUv":false,"rotation":90,"enabled":false},"up":{"texture":"#head","uv":[19.0,21.0,22.0,27.0],"autoUv":false,"rotation":90},"down":{"texture":"#head","uv":[27.0,28.0,30.0,22.0],"autoUv":false,"rotation":90}},"children":[]},{"name":"FluffR.078","from":[-0.325093570481,0.711633988223,1.311653686275],"to":[2.64401097435,1.667612376065,2.982519973316],"rotationOrigin":[1.159458875656,1.189623355865,2.147086858749],"stepParentName":"b_Head","rotationX":88.634032972367,"rotationY":3.694916763131,"rotationZ":-158.345983075698,"group":"fluff.005","faces":{"north":{"texture":"#head","uv":[21.0,21.0,19.0,27.0],"autoUv":false,"rotation":270},"east":{"texture":"#head","uv":[5.0,16.0,4.0,24.0],"autoUv":false,"rotation":270},"south":{"texture":"#head","uv":[19.0,20.0,21.0,27.0],"autoUv":false,"rotation":90},"west":{"texture":"head","uv":[55.0,57.0,49.0,63.0],"autoUv":false,"rotation":90,"enabled":false},"up":{"texture":"#head","uv":[19.0,21.0,22.0,27.0],"autoUv":false,"rotation":90},"down":{"texture":"#head","uv":[27.0,28.0,30.0,22.0],"autoUv":false,"rotation":90}},"children":[]},{"name":"FluffR.079","from":[0.073179659118,0.711633749804,0.141640973797],"to":[3.042284203949,1.667612137647,1.812507260838],"rotationOrigin":[1.557732105255,1.189623117447,0.977074146271],"stepParentName":"b_Head","rotationX":89.160722519645,"rotationY":3.848681396821,"rotationZ":-166.339121234932,"group":"fluff.005","faces":{"north":{"texture":"#head","uv":[21.0,21.0,19.0,27.0],"autoUv":false,"rotation":270},"east":{"texture":"#head","uv":[5.0,16.0,4.0,24.0],"autoUv":false,"rotation":270},"south":{"texture":"#head","uv":[19.0,20.0,21.0,27.0],"autoUv":false,"rotation":90},"west":{"texture":"head","uv":[55.0,57.0,49.0,63.0],"autoUv":false,"rotation":90,"enabled":false},"up":{"texture":"#head","uv":[19.0,21.0,22.0,27.0],"autoUv":false,"rotation":90},"down":{"texture":"#head","uv":[27.0,28.0,30.0,22.0],"autoUv":false,"rotation":90}},"children":[]},{"name":"FluffR.080","from":[0.073179659118,2.329067297778,0.141640616169],"to":[3.042284203949,3.28504568562,1.81250690321],"rotationOrigin":[1.557732105255,2.807056665421,0.977073788643],"stepParentName":"b_Head","rotationX":88.568060175174,"rotationY":3.669890523125,"rotationZ":-157.318763605663,"group":"fluff.005","faces":{"north":{"texture":"#head","uv":[21.0,21.0,19.0,27.0],"autoUv":false,"rotation":270},"east":{"texture":"#head","uv":[5.0,16.0,4.0,24.0],"autoUv":false,"rotation":270},"south":{"texture":"#head","uv":[19.0,20.0,21.0,27.0],"autoUv":false,"rotation":90},"west":{"texture":"head","uv":[55.0,57.0,49.0,63.0],"autoUv":false,"rotation":90,"enabled":false},"up":{"texture":"#head","uv":[19.0,21.0,22.0,27.0],"autoUv":false,"rotation":90},"down":{"texture":"#head","uv":[27.0,28.0,30.0,22.0],"autoUv":false,"rotation":90}},"children":[]},{"name":"FluffR.081","from":[-0.04890781952,3.702396221957,0.042384398689],"to":[2.920196725312,4.658374609799,1.71325068573],"rotationOrigin":[1.435644626617,4.1803855896,0.877817571163],"stepParentName":"b_Head","rotationX":13.661166373101,"rotationY":0.155554330015,"rotationZ":-166.856289498507,"group":"fluff.005","faces":{"north":{"texture":"#head","uv":[21.0,21.0,19.0,27.0],"autoUv":false,"rotation":270},"east":{"texture":"#head","uv":[5.0,16.0,4.0,24.0],"autoUv":false,"rotation":270},"south":{"texture":"#head","uv":[19.0,20.0,21.0,27.0],"autoUv":false,"rotation":90},"west":{"texture":"head","uv":[55.0,57.0,49.0,63.0],"autoUv":false,"rotation":90,"enabled":false},"up":{"texture":"#head","uv":[19.0,21.0,22.0,27.0],"autoUv":false,"rotation":90},"down":{"texture":"#head","uv":[27.0,28.0,30.0,22.0],"autoUv":false,"rotation":90}},"children":[]},{"name":"FluffR.082","from":[1.654382109642,1.847817897797,-1.69494470808],"to":[2.378986001015,4.139940738678,1.694946439534],"rotationOrigin":[2.016684055328,2.993879318237,8.65727e-07],"stepParentName":"b_Head","rotationX":-1.3660374e-05,"rotationY":0.0,"rotationZ":-69.880416719209,"group":"fluff.005","faces":{"north":{"texture":"#head","uv":[21.0,20.0,19.0,27.0],"autoUv":false,"rotation":180},"east":{"texture":"#head","uv":[28.0,21.0,21.0,27.0],"autoUv":false,"rotation":180},"south":{"texture":"#head","uv":[19.0,18.0,21.0,27.0],"autoUv":false,"rotation":180},"west":{"texture":"#head","uv":[18.0,21.0,25.0,27.0],"autoUv":false,"rotation":180},"up":{"texture":"head","uv":[49.0,57.0,55.0,63.0],"autoUv":false,"enabled":false},"down":{"texture":"#head","uv":[5.0,24.0,4.0,16.0],"autoUv":false,"rotation":180}},"children":[]},{"name":"FluffR.083","from":[1.654382109642,0.671937465668,-1.694944427728],"to":[2.378986001015,2.964060306549,1.694946719885],"rotationOrigin":[2.016684055328,1.817998886108,1.146078e-06],"stepParentName":"b_Head","rotationX":-1.3660374e-05,"rotationY":0.0,"rotationZ":-69.880416719209,"group":"fluff.005","faces":{"north":{"texture":"#head","uv":[21.0,20.0,19.0,27.0],"autoUv":false,"rotation":180},"east":{"texture":"#head","uv":[28.0,21.0,21.0,27.0],"autoUv":false,"rotation":180},"south":{"texture":"#head","uv":[19.0,18.0,21.0,27.0],"autoUv":false,"rotation":180},"west":{"texture":"#head","uv":[18.0,21.0,25.0,27.0],"autoUv":false,"rotation":180},"up":{"texture":"head","uv":[49.0,57.0,55.0,63.0],"autoUv":false,"enabled":false},"down":{"texture":"#head","uv":[5.0,24.0,4.0,16.0],"autoUv":false,"rotation":180}},"children":[]},{"name":"FluffR.084","from":[-0.048906346427,3.702394691005,-1.713252293358],"to":[2.920197255012,4.658373049894,-0.04238594841],"rotationOrigin":[1.435645222664,4.180383682251,-0.877819120884],"stepParentName":"b_Head","rotationX":-13.661194547631,"rotationY":-0.155554716882,"rotationZ":13.143717217996,"group":"fluff.005","faces":{"north":{"texture":"#head","uv":[21.0,20.0,19.0,27.0],"autoUv":false,"rotation":90},"east":{"texture":"head","uv":[49.0,57.0,55.0,63.0],"autoUv":false,"rotation":90,"enabled":false},"south":{"texture":"#head","uv":[19.0,21.0,21.0,27.0],"autoUv":false,"rotation":270},"west":{"texture":"#head","uv":[4.0,16.0,5.0,24.0],"autoUv":false,"rotation":270},"up":{"texture":"#head","uv":[27.0,22.0,30.0,28.0],"autoUv":false,"rotation":270},"down":{"texture":"#head","uv":[19.0,27.0,22.0,21.0],"autoUv":false,"rotation":270}},"children":[]},{"name":"FluffR.085","from":[-2.861407854439,2.599244625268,-2.982521172061],"to":[0.107696739861,3.555223420692,-1.311654929624],"rotationOrigin":[-1.37685573101,3.077233791351,-2.147088050842],"stepParentName":"b_Head","rotationX":-88.634053462935,"rotationY":-3.694902675866,"rotationZ":21.654329291771,"group":"fluff.005","faces":{"north":{"texture":"#head","uv":[21.0,20.0,19.0,27.0],"autoUv":false,"rotation":90},"east":{"texture":"head","uv":[49.0,57.0,55.0,63.0],"autoUv":false,"rotation":90,"enabled":false},"south":{"texture":"#head","uv":[19.0,21.0,21.0,27.0],"autoUv":false,"rotation":270},"west":{"texture":"#head","uv":[4.0,16.0,5.0,24.0],"autoUv":false,"rotation":270},"up":{"texture":"#head","uv":[27.0,22.0,30.0,28.0],"autoUv":false,"rotation":270},"down":{"texture":"#head","uv":[19.0,27.0,22.0,21.0],"autoUv":false,"rotation":270}},"children":[]},{"name":"FluffR.086","from":[-1.672426114445,2.599248497872,-2.773829994006],"to":[1.296678893643,3.555227119575,-1.102963751569],"rotationOrigin":[-0.187873899937,3.077237606049,-1.938396930695],"stepParentName":"b_Head","rotationX":-88.634046632746,"rotationY":-3.694906090961,"rotationZ":21.654329291771,"group":"fluff.005","faces":{"north":{"texture":"#head","uv":[21.0,20.0,19.0,27.0],"autoUv":false,"rotation":90},"east":{"texture":"head","uv":[49.0,57.0,55.0,63.0],"autoUv":false,"rotation":90,"enabled":false},"south":{"texture":"#head","uv":[19.0,21.0,21.0,27.0],"autoUv":false,"rotation":270},"west":{"texture":"#head","uv":[4.0,16.0,5.0,24.0],"autoUv":false,"rotation":270},"up":{"texture":"#head","uv":[27.0,22.0,30.0,28.0],"autoUv":false,"rotation":270},"down":{"texture":"#head","uv":[19.0,27.0,22.0,21.0],"autoUv":false,"rotation":270}},"children":[]},{"name":"FluffR.087","from":[-1.67242617405,0.83077004641,-2.773829636378],"to":[1.296678834039,1.786748697067,-1.102963393941],"rotationOrigin":[-0.187873959541,1.308759212494,-1.938396573067],"stepParentName":"b_Head","rotationX":-88.634046632746,"rotationY":-3.694906090961,"rotationZ":21.654329291771,"group":"fluff.005","faces":{"north":{"texture":"#head","uv":[21.0,20.0,19.0,27.0],"autoUv":false,"rotation":90},"east":{"texture":"head","uv":[49.0,57.0,55.0,63.0],"autoUv":false,"rotation":90,"enabled":false},"south":{"texture":"#head","uv":[19.0,21.0,21.0,27.0],"autoUv":false,"rotation":270},"west":{"texture":"#head","uv":[4.0,16.0,5.0,24.0],"autoUv":false,"rotation":270},"up":{"texture":"#head","uv":[27.0,22.0,30.0,28.0],"autoUv":false,"rotation":270},"down":{"texture":"#head","uv":[19.0,27.0,22.0,21.0],"autoUv":false,"rotation":270}},"children":[]},{"name":"FluffR.088","from":[-3.036027735155,3.538896249514,-2.647659149082],"to":[-0.806379317466,4.256787959148,-1.392922554104],"rotationOrigin":[-1.921203613281,3.897841930389,-2.020290851593],"stepParentName":"b_Head","rotationX":-47.817249379194,"rotationY":2.911904090124,"rotationZ":20.215958046911,"group":"fluff.005","faces":{"north":{"texture":"#head","uv":[21.0,20.0,19.0,27.0],"autoUv":false,"rotation":90},"east":{"texture":"head","uv":[49.0,57.0,55.0,63.0],"autoUv":false,"rotation":90,"enabled":false},"south":{"texture":"#head","uv":[19.0,21.0,21.0,27.0],"autoUv":false,"rotation":270},"west":{"texture":"#head","uv":[4.0,16.0,5.0,24.0],"autoUv":false,"rotation":270},"up":{"texture":"#head","uv":[27.0,22.0,30.0,28.0],"autoUv":false,"rotation":270},"down":{"texture":"#head","uv":[19.0,27.0,22.0,21.0],"autoUv":false,"rotation":270}},"children":[]},{"name":"FluffR.089","from":[-1.303454913828,3.870891202244,-2.712724692211],"to":[0.926193329919,4.588783027169,-1.457987994723],"rotationOrigin":[-0.188630878925,4.229836940765,-2.085356473923],"stepParentName":"b_Head","rotationX":-47.945752558239,"rotationY":4.665963903658,"rotationZ":22.159957950743,"group":"fluff.005","faces":{"north":{"texture":"#head","uv":[21.0,20.0,19.0,27.0],"autoUv":false,"rotation":90},"east":{"texture":"head","uv":[49.0,57.0,55.0,63.0],"autoUv":false,"rotation":90,"enabled":false},"south":{"texture":"#head","uv":[19.0,21.0,21.0,27.0],"autoUv":false,"rotation":270},"west":{"texture":"#head","uv":[4.0,16.0,5.0,24.0],"autoUv":false,"rotation":270},"up":{"texture":"#head","uv":[27.0,22.0,30.0,28.0],"autoUv":false,"rotation":270},"down":{"texture":"#head","uv":[19.0,27.0,22.0,21.0],"autoUv":false,"rotation":270}},"children":[]},{"name":"FluffR.090","from":[-0.074821060579,3.680339531403,-2.712725624893],"to":[2.15482735711,4.398231182386,-1.457988753464],"rotationOrigin":[1.040003061295,4.039285182953,-2.085357189178],"stepParentName":"b_Head","rotationX":-47.945752558239,"rotationY":4.665963903658,"rotationZ":22.15995965829,"group":"fluff.005","faces":{"north":{"texture":"#head","uv":[21.0,20.0,19.0,27.0],"autoUv":false,"rotation":90},"east":{"texture":"head","uv":[49.0,57.0,55.0,63.0],"autoUv":false,"rotation":90,"enabled":false},"south":{"texture":"#head","uv":[19.0,21.0,21.0,27.0],"autoUv":false,"rotation":270},"west":{"texture":"#head","uv":[4.0,16.0,5.0,24.0],"autoUv":false,"rotation":270},"up":{"texture":"#head","uv":[27.0,22.0,30.0,28.0],"autoUv":false,"rotation":270},"down":{"texture":"#head","uv":[19.0,27.0,22.0,21.0],"autoUv":false,"rotation":270}},"children":[]},{"name":"FluffR.091","from":[-0.325093728004,2.164613364472,-2.982521410479],"to":[2.644010750481,3.120591928268,-1.311655168042],"rotationOrigin":[1.15945827961,2.642602443695,-2.147088289261],"stepParentName":"b_Head","rotationX":-88.634053462935,"rotationY":-3.694902675866,"rotationZ":21.654329291771,"group":"fluff.005","faces":{"north":{"texture":"#head","uv":[21.0,20.0,19.0,27.0],"autoUv":false,"rotation":90},"east":{"texture":"head","uv":[49.0,57.0,55.0,63.0],"autoUv":false,"rotation":90,"enabled":false},"south":{"texture":"#head","uv":[19.0,21.0,21.0,27.0],"autoUv":false,"rotation":270},"west":{"texture":"#head","uv":[4.0,16.0,5.0,24.0],"autoUv":false,"rotation":270},"up":{"texture":"#head","uv":[27.0,22.0,30.0,28.0],"autoUv":false,"rotation":270},"down":{"texture":"#head","uv":[19.0,27.0,22.0,21.0],"autoUv":false,"rotation":270}},"children":[]},{"name":"FluffR.092","from":[-0.325093728004,0.711633265061,-2.982520875735],"to":[2.64401098211,1.667611828857,-1.311654691205],"rotationOrigin":[1.15945827961,1.189622402191,-2.147087812424],"stepParentName":"b_Head","rotationX":-88.634053462935,"rotationY":-3.694902675866,"rotationZ":21.654329291771,"group":"fluff.005","faces":{"north":{"texture":"#head","uv":[21.0,20.0,19.0,27.0],"autoUv":false,"rotation":90},"east":{"texture":"head","uv":[49.0,57.0,55.0,63.0],"autoUv":false,"rotation":90,"enabled":false},"south":{"texture":"#head","uv":[19.0,21.0,21.0,27.0],"autoUv":false,"rotation":270},"west":{"texture":"#head","uv":[4.0,16.0,5.0,24.0],"autoUv":false,"rotation":270},"up":{"texture":"#head","uv":[27.0,22.0,30.0,28.0],"autoUv":false,"rotation":270},"down":{"texture":"#head","uv":[19.0,27.0,22.0,21.0],"autoUv":false,"rotation":270}},"children":[]},{"name":"FluffR.093","from":[0.073179796272,0.711635469852,-1.81250767807],"to":[3.042284639077,1.667613973508,-0.141641448936],"rotationOrigin":[1.557731986046,1.189624547958,-0.977074563503],"stepParentName":"b_Head","rotationX":-89.16076350078,"rotationY":-3.848675847292,"rotationZ":13.660820594774,"group":"fluff.005","faces":{"north":{"texture":"#head","uv":[21.0,20.0,19.0,27.0],"autoUv":false,"rotation":90},"east":{"texture":"head","uv":[49.0,57.0,55.0,63.0],"autoUv":false,"rotation":90,"enabled":false},"south":{"texture":"#head","uv":[19.0,21.0,21.0,27.0],"autoUv":false,"rotation":270},"west":{"texture":"#head","uv":[4.0,16.0,5.0,24.0],"autoUv":false,"rotation":270},"up":{"texture":"#head","uv":[27.0,22.0,30.0,28.0],"autoUv":false,"rotation":270},"down":{"texture":"#head","uv":[19.0,27.0,22.0,21.0],"autoUv":false,"rotation":270}},"children":[]},{"name":"FluffR.094","from":[0.073180076302,2.329067226291,-1.81250804235],"to":[3.042284488441,3.285045382505,-0.141641799913],"rotationOrigin":[1.557732224464,2.807056188583,-0.977074921131],"stepParentName":"b_Head","rotationX":-88.568101156309,"rotationY":-3.669879850955,"rotationZ":22.681379714624,"group":"fluff.005","faces":{"north":{"texture":"#head","uv":[21.0,20.0,19.0,27.0],"autoUv":false,"rotation":90},"east":{"texture":"head","uv":[49.0,57.0,55.0,63.0],"autoUv":false,"rotation":90,"enabled":false},"south":{"texture":"#head","uv":[19.0,21.0,21.0,27.0],"autoUv":false,"rotation":270},"west":{"texture":"#head","uv":[4.0,16.0,5.0,24.0],"autoUv":false,"rotation":270},"up":{"texture":"#head","uv":[27.0,22.0,30.0,28.0],"autoUv":false,"rotation":270},"down":{"texture":"#head","uv":[19.0,27.0,22.0,21.0],"autoUv":false,"rotation":270}},"children":[]},{"name":"MeshTongue.005","from":[1.129919834552,-0.128726725645,-0.226229671176],"to":[2.202782857079,-0.049144963556,0.208858268122],"rotationOrigin":[1.666351318359,-0.0889358446,-0.008685701527],"stepParentName":"b_Jaw","rotationX":-0.155668268777,"rotationY":0.287628897583,"rotationZ":-178.828149453057,"group":"wolf0-jaw.005","faces":{"north":{"texture":"#head","uv":[34.0,56.0,33.0,63.0],"autoUv":false,"rotation":270},"east":{"texture":"head","uv":[39.0,61.0,35.0,62.0],"autoUv":false,"rotation":180,"enabled":false},"south":{"texture":"#head","uv":[39.0,56.0,38.0,63.0],"autoUv":false,"rotation":90},"west":{"texture":"#head","uv":[38.0,63.0,34.0,64.0],"autoUv":false,"rotation":180},"up":{"texture":"#head","uv":[34.0,56.0,38.0,63.0],"autoUv":false,"rotation":90},"down":{"texture":"#head","uv":[39.0,63.0,35.0,56.0],"autoUv":false,"rotation":270}},"children":[]},{"name":"MeshMouthR.113","from":[1.044371350714,-0.078407335078,-0.570301571885],"to":[1.896138827905,0.111168373253,0.104430648438],"rotationOrigin":[1.47025513649,0.016380511224,-0.232935398817],"stepParentName":"b_Jaw","rotationX":-33.039793600413,"rotationY":-1.9962794524,"rotationZ":2.163042789854,"group":"wolf0-jaw.005","faces":{"north":{"texture":"#head","uv":[59.0,5.0,58.0,6.0],"autoUv":false,"rotation":180},"east":{"texture":"#head","uv":[58.0,5.0,55.0,6.0],"autoUv":false,"rotation":180},"south":{"texture":"#head","uv":[55.0,5.0,54.0,6.0],"autoUv":false,"rotation":180},"west":{"texture":"#head","uv":[58.0,5.0,55.0,6.0],"autoUv":false,"rotation":180},"up":{"texture":"#head","uv":[58.0,6.0,55.0,9.0],"autoUv":false,"rotation":90},"down":{"texture":"#head","uv":[55.0,5.0,58.0,1.0],"autoUv":false,"rotation":270}},"children":[]},{"name":"MeshMouthR.114","from":[2.53755752153,-0.177265317117,-0.174678732189],"to":[2.911089038744,-0.051025046993,-0.069819740333],"rotationOrigin":[2.724323272705,-0.114145174623,-0.122249208391],"stepParentName":"b_Jaw","rotationX":90.490054917048,"rotationY":1.809571535683,"rotationZ":-123.86936014563,"group":"wolf0-jaw.005","faces":{"north":{"texture":"#head","uv":[12.0,60.0,13.0,60.0],"autoUv":false},"east":{"texture":"#head","uv":[13.0,59.0,10.0,60.0],"autoUv":false,"rotation":180},"south":{"texture":"#head","uv":[10.0,60.0,11.0,60.0],"autoUv":false},"west":{"texture":"#head","uv":[11.0,60.0,12.0,60.0],"autoUv":false},"up":{"texture":"#head","uv":[12.0,60.0,11.0,62.0],"autoUv":false,"rotation":90},"down":{"texture":"#head","uv":[11.0,60.0,12.0,58.0],"autoUv":false,"rotation":270}},"children":[]},{"name":"MeshMouthR.115","from":[1.829089797707,-0.067008168205,-0.466584126198],"to":[2.268716588405,0.098971831335,0.098570460759],"rotationOrigin":[2.048903226852,0.015981834382,-0.184006810188],"stepParentName":"b_Jaw","rotationX":-35.609095615213,"rotationY":0.396831589539,"rotationZ":-0.371703376944,"group":"wolf0-jaw.005","faces":{"north":{"texture":"#head","uv":[59.0,5.0,58.0,6.0],"autoUv":false,"rotation":180},"east":{"texture":"#head","uv":[58.0,5.0,55.0,6.0],"autoUv":false,"rotation":180},"south":{"texture":"#head","uv":[55.0,5.0,54.0,6.0],"autoUv":false,"rotation":180},"west":{"texture":"#head","uv":[58.0,5.0,55.0,6.0],"autoUv":false,"rotation":180},"up":{"texture":"#head","uv":[58.0,6.0,55.0,9.0],"autoUv":false,"rotation":90},"down":{"texture":"#head","uv":[55.0,5.0,58.0,1.0],"autoUv":false,"rotation":270}},"children":[]},{"name":"MeshMouthR.101","from":[2.250878130534,-0.095050751681,-0.347926814027],"to":[2.570343171972,0.025562468067,0.062755898341],"rotationOrigin":[2.410610675812,-0.034744139761,-0.14258544147],"stepParentName":"b_Jaw","rotationX":-32.479168258244,"rotationY":-1.44418789799,"rotationZ":1.795609988689,"group":"wolf0-jaw.005","faces":{"north":{"texture":"#head","uv":[59.0,5.0,58.0,6.0],"autoUv":false,"rotation":180},"east":{"texture":"#head","uv":[58.0,5.0,55.0,6.0],"autoUv":false,"rotation":180},"south":{"texture":"#head","uv":[55.0,5.0,54.0,6.0],"autoUv":false,"rotation":180},"west":{"texture":"#head","uv":[58.0,5.0,55.0,6.0],"autoUv":false,"rotation":180},"up":{"texture":"#head","uv":[58.0,6.0,55.0,9.0],"autoUv":false,"rotation":90},"down":{"texture":"#head","uv":[55.0,5.0,58.0,1.0],"autoUv":false,"rotation":270}},"children":[]},{"name":"MeshMouthR.102","from":[2.550347018598,-0.080505429803,-0.254206949304],"to":[2.699988644988,0.007225277122,0.044512241934],"rotationOrigin":[2.62516784668,-0.036640077829,-0.104847341776],"stepParentName":"b_Jaw","rotationX":-31.76234673504,"rotationY":4.224260692675,"rotationZ":-9.021712568046,"group":"wolf0-jaw.005","faces":{"north":{"texture":"#head","uv":[59.0,5.0,58.0,6.0],"autoUv":false,"rotation":180},"east":{"texture":"#head","uv":[58.0,5.0,55.0,6.0],"autoUv":false,"rotation":180},"south":{"texture":"#head","uv":[55.0,5.0,54.0,6.0],"autoUv":false,"rotation":180},"west":{"texture":"#head","uv":[58.0,5.0,55.0,6.0],"autoUv":false,"rotation":180},"up":{"texture":"#head","uv":[58.0,6.0,55.0,9.0],"autoUv":false,"rotation":90},"down":{"texture":"#head","uv":[55.0,5.0,58.0,1.0],"autoUv":false,"rotation":270}},"children":[]},{"name":"MeshMouthR.104","from":[1.044371445074,-0.078407726036,-0.104428608679],"to":[1.896138922265,0.111167928095,0.570303404777],"rotationOrigin":[1.47025513649,0.016380108893,0.232937350869],"stepParentName":"b_Jaw","rotationX":33.039892638156,"rotationY":1.996282867495,"rotationZ":-177.836966061083,"group":"wolf0-jaw.005","faces":{"north":{"texture":"#head","uv":[54.0,5.0,55.0,6.0],"autoUv":false},"east":{"texture":"#head","uv":[55.0,5.0,58.0,6.0],"autoUv":false},"south":{"texture":"#head","uv":[58.0,5.0,59.0,6.0],"autoUv":false},"west":{"texture":"#head","uv":[55.0,5.0,58.0,6.0],"autoUv":false},"up":{"texture":"#head","uv":[55.0,1.0,58.0,5.0],"autoUv":false,"rotation":90},"down":{"texture":"#head","uv":[58.0,9.0,55.0,6.0],"autoUv":false,"rotation":270}},"children":[]},{"name":"MeshMouthR.105","from":[2.537557558667,-0.177263603298,0.06981949818],"to":[2.911089031335,-0.051023341051,0.17467848632],"rotationOrigin":[2.724323272705,-0.11414347589,0.122248962522],"stepParentName":"b_Jaw","rotationX":-90.4899592944,"rotationY":-1.809565132381,"rotationZ":56.130795127488,"group":"wolf0-jaw.005","faces":{"north":{"texture":"#head","uv":[12.0,60.0,13.0,60.0],"autoUv":false,"rotation":180},"east":{"texture":"#head","uv":[13.0,59.0,10.0,60.0],"autoUv":false},"south":{"texture":"#head","uv":[10.0,60.0,11.0,60.0],"autoUv":false,"rotation":180},"west":{"texture":"#head","uv":[11.0,60.0,12.0,60.0],"autoUv":false,"rotation":180},"up":{"texture":"#head","uv":[12.0,60.0,11.0,62.0],"autoUv":false,"rotation":270},"down":{"texture":"#head","uv":[11.0,60.0,12.0,58.0],"autoUv":false,"rotation":90}},"children":[]},{"name":"MeshMouthR.106","from":[1.829089808109,-0.067008478224,-0.09857077383],"to":[2.268716713189,0.098971517503,0.466583724013],"rotationOrigin":[2.048903226852,0.015981514007,0.18400645256],"stepParentName":"b_Jaw","rotationX":35.609184407672,"rotationY":-0.396832123148,"rotationZ":179.628292453946,"group":"wolf0-jaw.005","faces":{"north":{"texture":"#head","uv":[59.0,5.0,58.0,6.0],"autoUv":false},"east":{"texture":"#head","uv":[58.0,5.0,55.0,6.0],"autoUv":false},"south":{"texture":"#head","uv":[55.0,5.0,54.0,6.0],"autoUv":false},"west":{"texture":"#head","uv":[58.0,5.0,55.0,6.0],"autoUv":false},"up":{"texture":"#head","uv":[58.0,6.0,55.0,9.0],"autoUv":false,"rotation":270},"down":{"texture":"#head","uv":[55.0,5.0,58.0,1.0],"autoUv":false,"rotation":90}},"children":[]},{"name":"MeshMouthR.107","from":[2.250878163279,-0.095049095102,-0.062755131004],"to":[2.570343237462,0.025564130353,0.347927536806],"rotationOrigin":[2.410610675812,-0.034742478281,0.142586186528],"stepParentName":"b_Jaw","rotationX":32.479270711081,"rotationY":1.444184269452,"rotationZ":-178.204389257295,"group":"wolf0-jaw.005","faces":{"north":{"texture":"#head","uv":[59.0,5.0,58.0,6.0],"autoUv":false},"east":{"texture":"#head","uv":[58.0,5.0,55.0,6.0],"autoUv":false},"south":{"texture":"#head","uv":[55.0,5.0,54.0,6.0],"autoUv":false},"west":{"texture":"#head","uv":[58.0,5.0,55.0,6.0],"autoUv":false},"up":{"texture":"#head","uv":[58.0,6.0,55.0,9.0],"autoUv":false,"rotation":270},"down":{"texture":"#head","uv":[55.0,5.0,58.0,1.0],"autoUv":false,"rotation":90}},"children":[]},{"name":"MeshMouthR.108","from":[2.550346111811,-0.080507518943,-0.044512133937],"to":[2.699987698017,0.007223196914,0.254207035022],"rotationOrigin":[2.625166893005,-0.036642163992,0.104847438633],"stepParentName":"b_Jaw","rotationX":31.76242869731,"rotationY":-4.224260265789,"rotationZ":170.978295002232,"group":"wolf0-jaw.005","faces":{"north":{"texture":"#head","uv":[59.0,5.0,58.0,6.0],"autoUv":false},"east":{"texture":"#head","uv":[58.0,5.0,55.0,6.0],"autoUv":false},"south":{"texture":"#head","uv":[55.0,5.0,54.0,6.0],"autoUv":false},"west":{"texture":"#head","uv":[58.0,5.0,55.0,6.0],"autoUv":false},"up":{"texture":"#head","uv":[58.0,6.0,55.0,9.0],"autoUv":false,"rotation":270},"down":{"texture":"#head","uv":[55.0,5.0,58.0,1.0],"autoUv":false,"rotation":90}},"children":[]}],"groups":[]}