{"textureWidth":64,"textureHeight":64,"textures":{},"textureSizes":{"head":[64,64]},"elements":[{"name":"MeshMouthNoseTop.007","from":[-6.168577055876,1.105981583792,-0.539999326998],"to":[-5.456730288334,1.605365612993,-0.33655484307],"rotationOrigin":[-5.852271080017,1.41276550293,-0.044424034655],"stepParentName":"b_Head","rotationX":-1.3660377e-05,"rotationY":1e-12,"rotationZ":12.198185102888,"group":"head-dragon2","faces":{"north":{"texture":"#head","uv":[56.0,59.0,59.0,61.0],"autoUv":false},"east":{"texture":"#head","uv":[59.0,59.0,61.0,61.0],"autoUv":false},"south":{"texture":"#head","uv":[61.0,59.0,64.0,61.0],"autoUv":false},"west":{"texture":"#head","uv":[59.0,59.0,61.0,61.0],"autoUv":false},"up":{"texture":"#head","uv":[59.0,57.0,61.0,59.0],"autoUv":false,"rotation":90},"down":{"texture":"#head","uv":[61.0,63.0,59.0,61.0],"autoUv":false,"rotation":270}},"children":[]},{"name":"MeshHead.012","from":[-3.107491850853,0.451391458511,-2.171022750699],"to":[1.197614312172,4.863305568695,2.171021602786],"rotationOrigin":[-0.954938769341,2.657348632812,-5.73957e-07],"stepParentName":"b_Head","rotationX":-1.3660375e-05,"rotationY":1e-12,"rotationZ":0.0,"group":"head-dragon2","faces":{"north":{"texture":"#head","uv":[1.0,1.0,8.0,7.0],"autoUv":false},"east":{"texture":"#head","uv":[21.0,1.0,27.0,7.0],"autoUv":false},"south":{"texture":"#head","uv":[14.0,1.0,21.0,7.0],"autoUv":false},"west":{"texture":"#head","uv":[8.0,1.0,14.0,7.0],"autoUv":false},"up":{"texture":"#head","uv":[2.0,7.0,8.0,14.0],"autoUv":false,"rotation":90},"down":{"texture":"#head","uv":[14.0,14.0,8.0,7.0],"autoUv":false,"rotation":90}},"children":[]},{"name":"MeshNeck.010","from":[-1.323502242565,-2.071530461311,-1.499999449484],"to":[1.676498472691,1.928470611572,1.500000550516],"rotationOrigin":[0.376498162746,-2.371530532837,5.50516e-07],"stepParentName":"b_Head","rotationX":-1.4533892e-05,"rotationY":1.1099057e-05,"rotationZ":9.00004293913,"group":"head-dragon2","faces":{"north":{"texture":"#head","uv":[27.0,3.0,36.0,14.0],"autoUv":false},"east":{"texture":"#head","uv":[27.0,3.0,36.0,14.0],"autoUv":false},"south":{"texture":"#head","uv":[27.0,3.0,36.0,14.0],"autoUv":false},"west":{"texture":"#head","uv":[36.0,3.0,44.0,14.0],"autoUv":false},"up":{"texture":"#head","uv":[36.0,0.0,44.0,9.0],"autoUv":false,"rotation":90},"down":{"texture":"#head","uv":[44.0,9.0,36.0,0.0],"autoUv":false,"rotation":270}},"children":[]},{"name":"MeshMouthR.170","from":[-6.108448624611,0.44278806448,-0.930366996909],"to":[-3.338097810745,1.506402075291,0.940761323785],"rotationOrigin":[-4.642771244049,0.969942092896,-0.002171520377],"stepParentName":"b_Head","rotationX":-1.3660375e-05,"rotationY":1e-12,"rotationZ":0.0,"group":"head-dragon2","faces":{"north":{"texture":"#head","uv":[23.0,22.0,26.0,25.0],"autoUv":false,"rotation":90},"east":{"texture":"#head","uv":[23.0,19.0,26.0,22.0],"autoUv":false,"rotation":90},"south":{"texture":"#head","uv":[23.0,16.0,26.0,19.0],"autoUv":false,"rotation":90},"west":{"texture":"#head","uv":[23.0,19.0,26.0,22.0],"autoUv":false,"rotation":90},"up":{"texture":"#head","uv":[21.0,19.0,23.0,22.0],"autoUv":false,"rotation":180},"down":{"texture":"#head","uv":[29.0,22.0,26.0,19.0],"autoUv":false}},"children":[]},{"name":"Head","from":[-2.079614400864,0.007338894997,-2.444090127945],"to":[-2.079614400864,0.007338894997,-2.444090127945],"rotationOrigin":[-2.079614400864,0.007338894997,-2.444090127945],"rotationX":-1.3660375e-05,"rotationY":1e-12,"rotationZ":0.0,"faces":{"north":{"texture":"#null","uv":[0.0,0.0,0.0,0.0],"enabled":false},"east":{"texture":"#null","uv":[0.0,0.0,0.0,0.0],"enabled":false},"south":{"texture":"#null","uv":[0.0,0.0,0.0,0.0],"enabled":false},"west":{"texture":"#null","uv":[0.0,0.0,0.0,0.0],"enabled":false},"up":{"texture":"#null","uv":[0.0,0.0,0.0,0.0],"enabled":false},"down":{"texture":"#null","uv":[0.0,0.0,0.0,0.0],"enabled":false}},"children":[],"stepParentName":"b_Head"},{"name":"MeshMouthR.171","from":[-4.02182662487,0.18761976138,-0.483787804842],"to":[-2.921795487404,2.296663055032,0.570520371199],"rotationOrigin":[-3.471811056137,1.450155258179,0.043366283178],"stepParentName":"b_Head","rotationX":90.000002504478,"rotationY":5.695889836152,"rotationZ":-90.000077636559,"group":"head-dragon2","faces":{"north":{"texture":"#head","uv":[20.0,15.0,23.0,19.0],"autoUv":false},"east":{"texture":"#head","uv":[19.0,19.0,20.0,20.0],"autoUv":false,"rotation":90},"south":{"texture":"#head","uv":[20.0,20.0,23.0,23.0],"autoUv":false,"rotation":180},"west":{"texture":"#head","uv":[23.0,19.0,24.0,20.0],"autoUv":false,"rotation":270},"up":{"texture":"#head","uv":[20.0,19.0,23.0,20.0],"autoUv":false},"down":{"texture":"#head","uv":[23.0,20.0,20.0,19.0],"autoUv":false,"rotation":180}},"children":[]},{"name":"MeshMouthR.172","from":[-4.182573570024,0.416449194301,0.417099855848],"to":[-3.147724633362,2.438151160286,1.37303640552],"rotationOrigin":[-3.664076566696,1.510351419449,0.866465210915],"stepParentName":"b_Head","rotationX":89.835613511534,"rotationY":5.706377164736,"rotationZ":-76.237908987333,"group":"head-dragon2","faces":{"north":{"texture":"#head","uv":[20.0,15.0,23.0,19.0],"autoUv":false},"east":{"texture":"#head","uv":[19.0,19.0,20.0,20.0],"autoUv":false,"rotation":90},"south":{"texture":"#head","uv":[20.0,20.0,23.0,23.0],"autoUv":false,"rotation":180},"west":{"texture":"#head","uv":[23.0,19.0,24.0,20.0],"autoUv":false,"rotation":270},"up":{"texture":"#head","uv":[20.0,19.0,23.0,20.0],"autoUv":false},"down":{"texture":"#head","uv":[23.0,20.0,20.0,19.0],"autoUv":false,"rotation":180}},"children":[]},{"name":"MeshMouthR.173","from":[-4.734386920929,0.472790896893,0.476308166981],"to":[-2.305570721626,1.527098953724,1.601426303387],"rotationOrigin":[-2.603981018066,0.999944925308,1.038867235184],"stepParentName":"b_Head","rotationX":-1.3660375e-05,"rotationY":-13.872728067548,"rotationZ":-0.0,"group":"head-dragon2","faces":{"north":{"texture":"#head","uv":[23.0,22.0,26.0,25.0],"autoUv":false,"rotation":90},"east":{"texture":"#head","uv":[23.0,19.0,26.0,22.0],"autoUv":false,"rotation":90},"south":{"texture":"#head","uv":[23.0,16.0,26.0,19.0],"autoUv":false,"rotation":90},"west":{"texture":"#head","uv":[23.0,19.0,26.0,22.0],"autoUv":false,"rotation":90},"up":{"texture":"#head","uv":[21.0,19.0,23.0,22.0],"autoUv":false,"rotation":180},"down":{"texture":"#head","uv":[29.0,22.0,26.0,19.0],"autoUv":false}},"children":[]},{"name":"MeshMouthR.174","from":[-5.715880800362,0.576266186857,0.141162179396],"to":[-4.431536828149,1.879495515435,1.080496816407],"rotationOrigin":[-5.255579471588,1.267665982246,0.572494089603],"stepParentName":"b_Head","rotationX":87.754871512971,"rotationY":14.710422594719,"rotationZ":-80.046900581774,"group":"head-dragon2","faces":{"north":{"texture":"#head","uv":[20.0,15.0,23.0,19.0],"autoUv":false},"east":{"texture":"#head","uv":[19.0,19.0,20.0,20.0],"autoUv":false,"rotation":90},"south":{"texture":"#head","uv":[20.0,20.0,23.0,23.0],"autoUv":false,"rotation":180},"west":{"texture":"#head","uv":[23.0,19.0,24.0,20.0],"autoUv":false,"rotation":270},"up":{"texture":"#head","uv":[20.0,19.0,23.0,20.0],"autoUv":false},"down":{"texture":"#head","uv":[23.0,20.0,20.0,19.0],"autoUv":false,"rotation":180}},"children":[]},{"name":"MeshMouthR.175","from":[-6.044600486755,0.446793615818,0.05844861269],"to":[-2.200178623199,1.501101672649,1.183566749096],"rotationOrigin":[-3.504852056503,0.973947644234,0.621007680893],"stepParentName":"b_Head","rotationX":-1.3660375e-05,"rotationY":-5.269309090878,"rotationZ":-0.0,"group":"head-dragon2","faces":{"north":{"texture":"#head","uv":[23.0,22.0,26.0,25.0],"autoUv":false,"rotation":90},"east":{"texture":"#head","uv":[23.0,19.0,26.0,22.0],"autoUv":false,"rotation":90},"south":{"texture":"#head","uv":[23.0,16.0,26.0,19.0],"autoUv":false,"rotation":90},"west":{"texture":"#head","uv":[23.0,19.0,26.0,22.0],"autoUv":false,"rotation":90},"up":{"texture":"#head","uv":[21.0,19.0,23.0,22.0],"autoUv":false,"rotation":180},"down":{"texture":"#head","uv":[29.0,22.0,26.0,19.0],"autoUv":false}},"children":[]},{"name":"MeshMouthR.176","from":[-6.002858132266,0.866263303846,-1.016367518252],"to":[-4.69140586308,1.805451459721,0.277367609089],"rotationOrigin":[-5.254304885864,1.267705917358,0.221603944898],"stepParentName":"b_Head","rotationX":-0.306362185486,"rotationY":9.623710073565,"rotationZ":-165.074757596914,"group":"head-dragon2","faces":{"north":{"texture":"#head","uv":[24.0,19.0,23.0,20.0],"autoUv":false,"rotation":180},"east":{"texture":"#head","uv":[23.0,19.0,20.0,20.0],"autoUv":false,"rotation":180},"south":{"texture":"#head","uv":[20.0,19.0,19.0,20.0],"autoUv":false,"rotation":180},"west":{"texture":"#head","uv":[23.0,19.0,20.0,20.0],"autoUv":false,"rotation":180},"up":{"texture":"#head","uv":[23.0,20.0,20.0,23.0],"autoUv":false,"rotation":90},"down":{"texture":"#head","uv":[20.0,19.0,23.0,15.0],"autoUv":false,"rotation":270}},"children":[]},{"name":"MeshMouthR.177","from":[-4.938228763144,1.066606551981,-1.348911969308],"to":[-2.88762616625,2.022543363675,-0.314062997994],"rotationOrigin":[-3.664257526398,1.512161374092,0.466581702232],"stepParentName":"b_Head","rotationX":-1.230679492909,"rotationY":13.692536578185,"rotationZ":-174.126124285015,"group":"head-dragon2","faces":{"north":{"texture":"#head","uv":[24.0,19.0,23.0,20.0],"autoUv":false,"rotation":180},"east":{"texture":"#head","uv":[23.0,19.0,20.0,20.0],"autoUv":false,"rotation":180},"south":{"texture":"#head","uv":[20.0,19.0,19.0,20.0],"autoUv":false,"rotation":180},"west":{"texture":"#head","uv":[23.0,19.0,20.0,20.0],"autoUv":false,"rotation":180},"up":{"texture":"#head","uv":[23.0,20.0,20.0,23.0],"autoUv":false,"rotation":90},"down":{"texture":"#head","uv":[20.0,19.0,23.0,15.0],"autoUv":false,"rotation":270}},"children":[]},{"name":"MeshMouthR.178","from":[-4.920995593071,0.452433645725,-1.170255243778],"to":[-1.078362464905,1.506741702557,-0.045136928558],"rotationOrigin":[-3.504852056503,0.979587674141,0.600951611996],"stepParentName":"b_Head","rotationX":-1.3660375e-05,"rotationY":5.269302687576,"rotationZ":-179.999991348578,"group":"head-dragon2","faces":{"north":{"texture":"#head","uv":[26.0,16.0,23.0,19.0],"autoUv":false,"rotation":90},"east":{"texture":"#head","uv":[26.0,19.0,23.0,22.0],"autoUv":false,"rotation":90},"south":{"texture":"#head","uv":[26.0,22.0,23.0,25.0],"autoUv":false,"rotation":90},"west":{"texture":"#head","uv":[26.0,19.0,23.0,22.0],"autoUv":false,"rotation":90},"up":{"texture":"#head","uv":[29.0,19.0,26.0,22.0],"autoUv":false},"down":{"texture":"#head","uv":[21.0,22.0,23.0,19.0],"autoUv":false,"rotation":180}},"children":[]},{"name":"MeshMouthR.179","from":[-3.533746361732,0.472790896893,-1.503180027008],"to":[-0.949759840965,1.527098953724,-0.378061890602],"rotationOrigin":[-2.603981018066,0.999944925308,1.038867235184],"stepParentName":"b_Head","rotationX":-1.3419572e-05,"rotationY":13.310571055457,"rotationZ":-179.999964027821,"group":"head-dragon2","faces":{"north":{"texture":"#head","uv":[26.0,16.0,23.0,19.0],"autoUv":false,"rotation":90},"east":{"texture":"#head","uv":[26.0,19.0,23.0,22.0],"autoUv":false,"rotation":90},"south":{"texture":"#head","uv":[26.0,22.0,23.0,25.0],"autoUv":false,"rotation":90},"west":{"texture":"#head","uv":[26.0,19.0,23.0,22.0],"autoUv":false,"rotation":90},"up":{"texture":"#head","uv":[29.0,19.0,26.0,22.0],"autoUv":false},"down":{"texture":"#head","uv":[21.0,22.0,23.0,19.0],"autoUv":false,"rotation":180}},"children":[]},{"name":"MeshMouthNoseTop.008","from":[-6.168577055876,1.105979962546,0.336554173842],"to":[-5.456730288334,1.605363991746,0.539998657769],"rotationOrigin":[-5.852271080017,1.41276550293,-0.044424034655],"stepParentName":"b_Head","rotationX":-1.3660377e-05,"rotationY":1e-12,"rotationZ":12.198185102888,"group":"head-dragon2","faces":{"north":{"texture":"#head","uv":[64.0,59.0,61.0,61.0],"autoUv":false},"east":{"texture":"#head","uv":[61.0,59.0,59.0,61.0],"autoUv":false},"south":{"texture":"#head","uv":[59.0,59.0,56.0,61.0],"autoUv":false},"west":{"texture":"#head","uv":[61.0,59.0,59.0,61.0],"autoUv":false},"up":{"texture":"#head","uv":[61.0,57.0,59.0,59.0],"autoUv":false,"rotation":90},"down":{"texture":"#head","uv":[59.0,63.0,61.0,61.0],"autoUv":false,"rotation":270}},"children":[]},{"name":"FluffR.107","from":[-2.29985255003,0.0078125,-2.768768310547],"to":[-0.580006957054,3.063952326775,-1.784766435623],"rotationOrigin":[-1.43992972374,1.535882353783,-2.276767253876],"stepParentName":"b_Head","rotationX":-1.600595708167,"rotationY":21.550814359805,"rotationZ":-81.945925397469,"group":"fluff.008","faces":{"north":{"texture":"#head","uv":[27.0,22.0,30.0,28.0],"autoUv":false,"rotation":180},"east":{"texture":"#head","uv":[21.0,20.0,19.0,27.0],"autoUv":false,"rotation":180},"south":{"texture":"#head","uv":[22.0,21.0,19.0,27.0],"autoUv":false,"rotation":180},"west":{"texture":"#head","uv":[19.0,21.0,21.0,27.0],"autoUv":false,"rotation":180},"up":{"texture":"head","uv":[49.0,57.0,55.0,63.0],"autoUv":false,"rotation":90,"enabled":false},"down":{"texture":"#head","uv":[5.0,24.0,4.0,16.0],"autoUv":false,"rotation":90}},"children":[]},{"name":"FluffR.108","from":[-2.26816213131,3.580983638763,-1.694944972287],"to":[-1.543558239937,5.873106479645,1.694946175327],"rotationOrigin":[-1.905860185623,4.727045059204,6.0152e-07],"stepParentName":"b_Head","rotationX":-1.3660375e-05,"rotationY":1e-12,"rotationZ":-77.927520203076,"group":"fluff.008","faces":{"north":{"texture":"#head","uv":[21.0,20.0,19.0,27.0],"autoUv":false,"rotation":180},"east":{"texture":"#head","uv":[27.0,21.0,20.0,27.0],"autoUv":false,"rotation":180},"south":{"texture":"#head","uv":[19.0,18.0,21.0,27.0],"autoUv":false,"rotation":180},"west":{"texture":"#head","uv":[20.0,21.0,27.0,27.0],"autoUv":false,"rotation":180},"up":{"texture":"head","uv":[49.0,57.0,55.0,63.0],"autoUv":false,"enabled":false},"down":{"texture":"#head","uv":[5.0,24.0,4.0,16.0],"autoUv":false,"rotation":180}},"children":[]},{"name":"FluffR.109","from":[-0.408331811428,3.528487682343,-1.694944959771],"to":[0.316272079945,5.820610523224,1.694946187843],"rotationOrigin":[-0.046029865742,4.674549102783,6.14036e-07],"stepParentName":"b_Head","rotationX":-1.3660373e-05,"rotationY":1e-12,"rotationZ":-79.808294753309,"group":"fluff.008","faces":{"north":{"texture":"#head","uv":[21.0,20.0,19.0,27.0],"autoUv":false,"rotation":180},"east":{"texture":"#head","uv":[28.0,21.0,21.0,27.0],"autoUv":false,"rotation":180},"south":{"texture":"#head","uv":[19.0,18.0,21.0,27.0],"autoUv":false,"rotation":180},"west":{"texture":"#head","uv":[18.0,21.0,25.0,27.0],"autoUv":false,"rotation":180},"up":{"texture":"head","uv":[49.0,57.0,55.0,63.0],"autoUv":false,"enabled":false},"down":{"texture":"#head","uv":[5.0,24.0,4.0,16.0],"autoUv":false,"rotation":180}},"children":[]},{"name":"FluffR.110","from":[-4.641306638718,-3.189672784474,-3.028365314007],"to":[-1.585166275501,-2.205670968202,-1.308519363403],"rotationOrigin":[-1.43992972374,1.535882353783,-2.276767253876],"stepParentName":"b_Head","rotationX":88.625146896257,"rotationY":7.487658056876,"rotationZ":-158.25454050309,"group":"fluff.008","faces":{"north":{"texture":"#head","uv":[21.0,21.0,19.0,27.0],"autoUv":false,"rotation":270},"east":{"texture":"#head","uv":[5.0,16.0,4.0,24.0],"autoUv":false,"rotation":270},"south":{"texture":"#head","uv":[19.0,20.0,21.0,27.0],"autoUv":false,"rotation":90},"west":{"texture":"head","uv":[55.0,57.0,49.0,63.0],"autoUv":false,"rotation":90,"enabled":false},"up":{"texture":"#head","uv":[19.0,21.0,22.0,27.0],"autoUv":false,"rotation":90},"down":{"texture":"#head","uv":[27.0,28.0,30.0,22.0],"autoUv":false,"rotation":90}},"children":[]},{"name":"MeshTongue.007","from":[1.445701062679,0.232596561313,-0.408614912037],"to":[2.992004454136,0.405361860991,0.535924547319],"rotationOrigin":[2.218852758408,0.318979203701,0.063654817641],"stepParentName":"b_Jaw","rotationX":-0.178066927004,"rotationY":-0.037545536527,"rotationZ":-179.430121345367,"group":"wolf0-jaw.008","faces":{"north":{"texture":"#head","uv":[34.0,56.0,33.0,63.0],"autoUv":false,"rotation":270},"east":{"texture":"head","uv":[39.0,61.0,27.0,62.0],"autoUv":false,"rotation":180,"enabled":false},"south":{"texture":"#head","uv":[39.0,56.0,38.0,63.0],"autoUv":false,"rotation":90},"west":{"texture":"#head","uv":[38.0,63.0,34.0,64.0],"autoUv":false,"rotation":180},"up":{"texture":"#head","uv":[34.0,56.0,38.0,63.0],"autoUv":false,"rotation":90},"down":{"texture":"#head","uv":[31.0,63.0,35.0,56.0],"autoUv":false,"rotation":270}},"children":[]},{"name":"MeshMouthR.180","from":[-1.985747218132,0.442211359739,-0.13857883215],"to":[-0.07275480777,0.846288412809,1.538253962994],"rotationOrigin":[-0.174290776253,0.565173327923,0.902224481106],"stepParentName":"b_Jaw","rotationX":-0.331386691264,"rotationY":15.022692013383,"rotationZ":-179.409958626937,"group":"wolf0-jaw.008","faces":{"north":{"texture":"#head","uv":[49.0,6.0,50.0,7.0],"autoUv":false},"east":{"texture":"#head","uv":[50.0,6.0,53.0,7.0],"autoUv":false},"south":{"texture":"#head","uv":[53.0,6.0,54.0,7.0],"autoUv":false},"west":{"texture":"#head","uv":[50.0,6.0,53.0,7.0],"autoUv":false},"up":{"texture":"#head","uv":[50.0,2.0,53.0,6.0],"autoUv":false,"rotation":90},"down":{"texture":"#head","uv":[53.0,10.0,50.0,7.0],"autoUv":false,"rotation":270}},"children":[]},{"name":"MeshMouthR.181","from":[0.65976536274,0.476267322898,-0.317072033882],"to":[3.306745529175,0.880344361067,1.066404789686],"rotationOrigin":[2.359497070312,0.59922927618,0.587166786194],"stepParentName":"b_Jaw","rotationX":-0.22892739705,"rotationY":5.062570790646,"rotationZ":-179.427881043319,"group":"wolf0-jaw.008","faces":{"north":{"texture":"#head","uv":[49.0,6.0,50.0,7.0],"autoUv":false},"east":{"texture":"#head","uv":[50.0,6.0,53.0,7.0],"autoUv":false},"south":{"texture":"#head","uv":[53.0,6.0,54.0,7.0],"autoUv":false},"west":{"texture":"#head","uv":[50.0,6.0,53.0,7.0],"autoUv":false},"up":{"texture":"#head","uv":[50.0,2.0,53.0,6.0],"autoUv":false,"rotation":90},"down":{"texture":"#head","uv":[53.0,10.0,50.0,7.0],"autoUv":false,"rotation":270}},"children":[]},{"name":"MeshMouthR.182","from":[3.474006566227,0.033620191918,0.535337622141],"to":[4.515943021286,0.70136280936,0.703619666565],"rotationOrigin":[3.825604200363,0.402989774942,0.644196033478],"stepParentName":"b_Jaw","rotationX":90.299984412825,"rotationY":0.385592860106,"rotationZ":-90.99268170788,"group":"wolf0-jaw.008","faces":{"north":{"texture":"#head","uv":[13.0,60.0,11.0,61.0],"autoUv":false},"east":{"texture":"#head","uv":[14.0,59.0,13.0,60.0],"autoUv":false,"rotation":270},"south":{"texture":"#head","uv":[13.0,58.0,11.0,59.0],"autoUv":false,"rotation":180},"west":{"texture":"#head","uv":[11.0,59.0,10.0,60.0],"autoUv":false,"rotation":90},"up":{"texture":"#head","uv":[13.0,59.0,11.0,60.0],"autoUv":false,"rotation":180},"down":{"texture":"#head","uv":[11.0,60.0,13.0,59.0],"autoUv":false}},"children":[]},{"name":"MeshMouthR.183","from":[2.798712226239,-1.218757168557,0.774091199822],"to":[3.212468191938,1.264876578451,0.942105933242],"rotationOrigin":[3.005590200424,0.402640551329,0.858098566532],"stepParentName":"b_Jaw","rotationX":85.003937692667,"rotationY":1.187969893142,"rotationZ":-94.912144781957,"group":"wolf0-jaw.008","faces":{"north":{"texture":"#head","uv":[13.0,60.0,11.0,61.0],"autoUv":false},"east":{"texture":"#head","uv":[14.0,59.0,13.0,60.0],"autoUv":false,"rotation":270},"south":{"texture":"#head","uv":[13.0,58.0,11.0,59.0],"autoUv":false,"rotation":180},"west":{"texture":"#head","uv":[11.0,59.0,10.0,60.0],"autoUv":false,"rotation":90},"up":{"texture":"#head","uv":[13.0,59.0,11.0,60.0],"autoUv":false,"rotation":180},"down":{"texture":"#head","uv":[11.0,60.0,13.0,59.0],"autoUv":false}},"children":[]},{"name":"MeshMouthR.185","from":[1.308879733086,0.314467042685,-1.05843893938],"to":[3.955860257149,0.718544103205,0.325037808672],"rotationOrigin":[2.359497070312,0.59922927618,0.587166786194],"stepParentName":"b_Jaw","rotationX":0.229025047411,"rotationY":-5.062572498193,"rotationZ":0.572107370412,"group":"wolf0-jaw.008","faces":{"north":{"texture":"#head","uv":[54.0,6.0,53.0,7.0],"autoUv":false,"rotation":180},"east":{"texture":"#head","uv":[53.0,6.0,50.0,7.0],"autoUv":false,"rotation":180},"south":{"texture":"#head","uv":[50.0,6.0,49.0,7.0],"autoUv":false,"rotation":180},"west":{"texture":"#head","uv":[53.0,6.0,50.0,7.0],"autoUv":false,"rotation":180},"up":{"texture":"#head","uv":[53.0,7.0,50.0,10.0],"autoUv":false,"rotation":90},"down":{"texture":"#head","uv":[50.0,6.0,53.0,2.0],"autoUv":false,"rotation":270}},"children":[]},{"name":"MeshMouthR.186","from":[3.549583462013,0.287370219653,-0.986120251528],"to":[4.217326114113,0.455652259822,0.055816059228],"rotationOrigin":[3.825498819351,0.403020292521,0.663071870804],"stepParentName":"b_Jaw","rotationX":-0.293203159039,"rotationY":-0.993548878583,"rotationZ":-179.614358868039,"group":"wolf0-jaw.008","faces":{"north":{"texture":"#head","uv":[10.0,59.0,11.0,60.0],"autoUv":false},"east":{"texture":"#head","uv":[11.0,59.0,13.0,60.0],"autoUv":false},"south":{"texture":"#head","uv":[13.0,59.0,14.0,60.0],"autoUv":false},"west":{"texture":"#head","uv":[11.0,59.0,13.0,60.0],"autoUv":false},"up":{"texture":"#head","uv":[11.0,58.0,13.0,59.0],"autoUv":false,"rotation":90},"down":{"texture":"#head","uv":[13.0,61.0,11.0,60.0],"autoUv":false,"rotation":270}},"children":[]},{"name":"MeshMouthR.187","from":[2.295234533958,0.470301492577,-1.042969332023],"to":[4.740720128013,0.638316264986,-0.629213426067],"rotationOrigin":[3.001011133194,0.397906422615,0.946518361568],"stepParentName":"b_Jaw","rotationX":5.098249564436,"rotationY":-4.911079329289,"rotationZ":-178.807645225169,"group":"wolf0-jaw.008","faces":{"north":{"texture":"#head","uv":[10.0,59.0,11.0,60.0],"autoUv":false},"east":{"texture":"#head","uv":[11.0,59.0,13.0,60.0],"autoUv":false},"south":{"texture":"#head","uv":[13.0,59.0,14.0,60.0],"autoUv":false},"west":{"texture":"#head","uv":[11.0,59.0,13.0,60.0],"autoUv":false},"up":{"texture":"#head","uv":[11.0,58.0,13.0,59.0],"autoUv":false,"rotation":90},"down":{"texture":"#head","uv":[13.0,61.0,11.0,60.0],"autoUv":false,"rotation":270}},"children":[]},{"name":"MeshMouthR.188","from":[-0.74353146553,0.27843824029,-1.476233065128],"to":[1.170644760132,0.682515345514,0.200600087643],"rotationOrigin":[-0.174290776253,0.565173327923,0.902224481106],"stepParentName":"b_Jaw","rotationX":0.331480979891,"rotationY":-15.022692013383,"rotationZ":0.59005331893,"group":"wolf0-jaw.008","faces":{"north":{"texture":"#head","uv":[55.0,5.0,54.0,6.0],"autoUv":false,"rotation":180},"east":{"texture":"#head","uv":[54.0,5.0,51.0,6.0],"autoUv":false,"rotation":180},"south":{"texture":"#head","uv":[51.0,5.0,50.0,6.0],"autoUv":false,"rotation":180},"west":{"texture":"#head","uv":[54.0,5.0,51.0,6.0],"autoUv":false,"rotation":180},"up":{"texture":"#head","uv":[54.0,6.0,51.0,9.0],"autoUv":false,"rotation":90},"down":{"texture":"#head","uv":[51.0,5.0,54.0,1.0],"autoUv":false,"rotation":270}},"children":[]}],"groups":[]}