{"textureWidth":64,"textureHeight":64,"textures":{},"textureSizes":{"head":[64,64]},"elements":[{"name":"MeshMouthNoseTop.007","from":[-6.397369133657,0.783696418389,-0.365183119324],"to":[-5.262406644602,1.507367354906,0.376435858994],"rotationOrigin":[-5.823148727417,1.149965286255,-0.005703485105],"stepParentName":"b_Head","rotationX":90.002714089579,"rotationY":2.048472342943,"rotationZ":-88.968835185103,"group":"head-deer","faces":{"north":{"texture":"#head","uv":[59.0,59.0,61.0,59.0],"autoUv":false},"east":{"texture":"#head","uv":[58.0,59.0,59.0,61.0],"autoUv":false,"rotation":90},"south":{"texture":"#head","uv":[59.0,61.0,61.0,61.0],"autoUv":false,"rotation":90},"west":{"texture":"#head","uv":[61.0,59.0,62.0,61.0],"autoUv":false,"rotation":270},"up":{"texture":"#head","uv":[59.0,59.0,61.0,61.0],"autoUv":false},"down":{"texture":"#head","uv":[61.0,61.0,59.0,59.0],"autoUv":false,"rotation":180}},"children":[]},{"name":"MeshHead.011","from":[-3.107491850853,0.45139169693,-2.171022691095],"to":[1.197614312172,4.863305568695,2.171021662391],"rotationOrigin":[-0.954938769341,2.657348632812,-5.14352e-07],"stepParentName":"b_Head","rotationX":-1.3660375e-05,"rotationY":1e-12,"rotationZ":0.0,"group":"head-deer","faces":{"north":{"texture":"#head","uv":[1.0,1.0,8.0,7.0],"autoUv":false},"east":{"texture":"#head","uv":[21.0,1.0,27.0,7.0],"autoUv":false},"south":{"texture":"#head","uv":[14.0,1.0,21.0,7.0],"autoUv":false},"west":{"texture":"#head","uv":[8.0,1.0,14.0,7.0],"autoUv":false},"up":{"texture":"#head","uv":[2.0,7.0,8.0,14.0],"autoUv":false,"rotation":90},"down":{"texture":"#head","uv":[14.0,14.0,8.0,7.0],"autoUv":false,"rotation":90}},"children":[]},{"name":"MeshNeck.009","from":[-1.680840969086,-2.13113451004,-1.499999909828],"to":[1.31915974617,1.868866443634,1.500000090172],"rotationOrigin":[-0.180840611458,-0.131134033203,9.0172e-08],"stepParentName":"b_Head","rotationX":-1.4533892e-05,"rotationY":1.1099057e-05,"rotationZ":9.00004293913,"group":"head-deer","faces":{"north":{"texture":"#head","uv":[27.0,3.0,36.0,14.0],"autoUv":false},"east":{"texture":"#head","uv":[27.0,3.0,36.0,14.0],"autoUv":false},"south":{"texture":"#head","uv":[27.0,3.0,36.0,14.0],"autoUv":false},"west":{"texture":"#head","uv":[36.0,3.0,44.0,14.0],"autoUv":false},"up":{"texture":"#head","uv":[36.0,0.0,44.0,9.0],"autoUv":false,"rotation":90},"down":{"texture":"#head","uv":[44.0,9.0,36.0,0.0],"autoUv":false,"rotation":270}},"children":[]},{"name":"MeshMouthR.154","from":[-6.064603567123,0.479363709688,-0.649284068146],"to":[-3.294252634048,1.26669126749,0.660505734035],"rotationOrigin":[-4.679428100586,0.734884262085,0.005610832945],"stepParentName":"b_Head","rotationX":-1.3660375e-05,"rotationY":1e-12,"rotationZ":0.0,"group":"head-deer","faces":{"north":{"texture":"#head","uv":[31.0,22.0,34.0,25.0],"autoUv":false,"rotation":90},"east":{"texture":"#head","uv":[31.0,19.0,34.0,22.0],"autoUv":false,"rotation":90},"south":{"texture":"#head","uv":[31.0,16.0,34.0,19.0],"autoUv":false,"rotation":90},"west":{"texture":"#head","uv":[31.0,19.0,34.0,22.0],"autoUv":false,"rotation":90},"up":{"texture":"#head","uv":[29.0,19.0,31.0,22.0],"autoUv":false,"rotation":180},"down":{"texture":"#head","uv":[37.0,22.0,34.0,19.0],"autoUv":false}},"children":[]},{"name":"Head","from":[-2.079614400864,0.268327116966,-2.444090127945],"to":[-2.079614400864,0.268327116966,-2.444090127945],"rotationOrigin":[-2.079614400864,0.268327116966,-2.444090127945],"rotationX":-1.3660375e-05,"rotationY":1e-12,"rotationZ":0.0,"faces":{"north":{"texture":"#null","uv":[0.0,0.0,0.0,0.0],"enabled":false},"east":{"texture":"#null","uv":[0.0,0.0,0.0,0.0],"enabled":false},"south":{"texture":"#null","uv":[0.0,0.0,0.0,0.0],"enabled":false},"west":{"texture":"#null","uv":[0.0,0.0,0.0,0.0],"enabled":false},"up":{"texture":"#null","uv":[0.0,0.0,0.0,0.0],"enabled":false},"down":{"texture":"#null","uv":[0.0,0.0,0.0,0.0],"enabled":false}},"children":[],"stepParentName":"b_Head"},{"name":"MeshMouthR.155","from":[-4.111960603626,1.181040655376,-0.527787779807],"to":[-3.011338041394,2.129338933928,0.526520515443],"rotationOrigin":[-3.56164932251,1.361057281494,-0.000633632182],"stepParentName":"b_Head","rotationX":90.000016164856,"rotationY":21.617886817454,"rotationZ":-90.00007080637,"group":"head-deer","faces":{"north":{"texture":"#head","uv":[28.0,15.0,31.0,19.0],"autoUv":false},"east":{"texture":"#head","uv":[27.0,19.0,28.0,20.0],"autoUv":false,"rotation":90},"south":{"texture":"#head","uv":[28.0,20.0,31.0,23.0],"autoUv":false,"rotation":180},"west":{"texture":"#head","uv":[31.0,19.0,32.0,20.0],"autoUv":false,"rotation":270},"up":{"texture":"#head","uv":[28.0,19.0,31.0,20.0],"autoUv":false},"down":{"texture":"#head","uv":[31.0,20.0,28.0,19.0],"autoUv":false,"rotation":180}},"children":[]},{"name":"MeshMouthR.159","from":[-4.998331069946,0.520840123296,0.10614227787],"to":[-1.15390920639,1.252796053886,1.015208725777],"rotationOrigin":[-3.076120138168,0.74446117878,0.560675501823],"stepParentName":"b_Head","rotationX":-1.3660375e-05,"rotationY":-10.269311506746,"rotationZ":-0.0,"group":"head-deer","faces":{"north":{"texture":"#head","uv":[31.0,22.0,34.0,25.0],"autoUv":false,"rotation":90},"east":{"texture":"#head","uv":[31.0,19.0,34.0,22.0],"autoUv":false,"rotation":90},"south":{"texture":"#head","uv":[31.0,16.0,34.0,19.0],"autoUv":false,"rotation":90},"west":{"texture":"#head","uv":[31.0,19.0,34.0,22.0],"autoUv":false,"rotation":90},"up":{"texture":"#head","uv":[29.0,19.0,31.0,22.0],"autoUv":false,"rotation":180},"down":{"texture":"#head","uv":[37.0,22.0,34.0,19.0],"autoUv":false}},"children":[]},{"name":"MeshMouthR.162","from":[-4.996547341347,0.236126065254,-0.994321901969],"to":[-1.153914093971,0.968081995845,-0.085255376646],"rotationOrigin":[-3.07523059845,0.744460940361,-0.539788663387],"stepParentName":"b_Head","rotationX":-1.3660375e-05,"rotationY":10.269302115235,"rotationZ":-179.999964027821,"group":"head-deer","faces":{"north":{"texture":"#head","uv":[34.0,16.0,31.0,19.0],"autoUv":false,"rotation":90},"east":{"texture":"#head","uv":[34.0,19.0,31.0,22.0],"autoUv":false,"rotation":90},"south":{"texture":"#head","uv":[34.0,22.0,31.0,25.0],"autoUv":false,"rotation":90},"west":{"texture":"#head","uv":[34.0,19.0,31.0,22.0],"autoUv":false,"rotation":90},"up":{"texture":"#head","uv":[37.0,19.0,34.0,22.0],"autoUv":false},"down":{"texture":"#head","uv":[29.0,22.0,31.0,19.0],"autoUv":false,"rotation":180}},"children":[]},{"name":"MeshMouthR.156","from":[-5.895372358604,0.56134632416,-0.438418522244],"to":[-4.778236421303,1.964581854821,0.437154516811],"rotationOrigin":[-5.336804389954,1.092586517334,-0.000632002717],"stepParentName":"b_Head","rotationX":90.000022995046,"rotationY":7.12881784713,"rotationZ":-90.00015276864,"group":"head-deer","faces":{"north":{"texture":"#head","uv":[28.0,15.0,31.0,19.0],"autoUv":false},"east":{"texture":"#head","uv":[27.0,19.0,28.0,20.0],"autoUv":false,"rotation":90},"south":{"texture":"#head","uv":[28.0,20.0,31.0,23.0],"autoUv":false,"rotation":180},"west":{"texture":"#head","uv":[31.0,19.0,32.0,20.0],"autoUv":false,"rotation":270},"up":{"texture":"#head","uv":[28.0,19.0,31.0,20.0],"autoUv":false},"down":{"texture":"#head","uv":[31.0,20.0,28.0,19.0],"autoUv":false,"rotation":180}},"children":[]},{"name":"MeshMouthR.158","from":[-4.980910016925,0.950787435771,-0.527786770603],"to":[-3.880287454693,1.899085714323,0.526521524647],"rotationOrigin":[-4.430598735809,1.13080406189,-0.000632622978],"stepParentName":"b_Head","rotationX":90.000009334667,"rotationY":12.600296268573,"rotationZ":-90.000063976181,"group":"head-deer","faces":{"north":{"texture":"#head","uv":[28.0,15.0,31.0,19.0],"autoUv":false},"east":{"texture":"#head","uv":[27.0,19.0,28.0,20.0],"autoUv":false,"rotation":90},"south":{"texture":"#head","uv":[28.0,20.0,31.0,23.0],"autoUv":false,"rotation":180},"west":{"texture":"#head","uv":[31.0,19.0,32.0,20.0],"autoUv":false,"rotation":270},"up":{"texture":"#head","uv":[28.0,19.0,31.0,20.0],"autoUv":false},"down":{"texture":"#head","uv":[31.0,20.0,28.0,19.0],"autoUv":false,"rotation":180}},"children":[]},{"name":"MeshMouthR.157","from":[-4.844802944012,1.053848126952,0.098184956096],"to":[-2.72569532054,1.726801990365,0.933972465016],"rotationOrigin":[-3.07753944397,1.25944340229,0.516078710556],"stepParentName":"b_Head","rotationX":0.656992908056,"rotationY":-10.248498212797,"rotationZ":13.687821186337,"group":"head-deer","faces":{"north":{"texture":"#head","uv":[25.0,21.0,28.0,24.0],"autoUv":false,"rotation":90},"east":{"texture":"#head","uv":[25.0,18.0,28.0,21.0],"autoUv":false,"rotation":90},"south":{"texture":"#head","uv":[25.0,15.0,28.0,18.0],"autoUv":false,"rotation":90},"west":{"texture":"#head","uv":[25.0,18.0,28.0,21.0],"autoUv":false,"rotation":90},"up":{"texture":"#head","uv":[23.0,18.0,25.0,21.0],"autoUv":false,"rotation":180},"down":{"texture":"#head","uv":[31.0,21.0,28.0,18.0],"autoUv":false}},"children":[]},{"name":"MeshMouthR.160","from":[-3.457278292113,0.792273403312,-0.913083431954],"to":[-1.310302907989,1.465227211924,-0.077295857265],"rotationOrigin":[-3.07674407959,1.259631991386,-0.495189666748],"stepParentName":"b_Head","rotationX":-0.6570194284,"rotationY":10.248489675061,"rotationZ":-166.312128327332,"group":"head-deer","faces":{"north":{"texture":"#head","uv":[28.0,15.0,25.0,18.0],"autoUv":false,"rotation":90},"east":{"texture":"#head","uv":[28.0,18.0,25.0,21.0],"autoUv":false,"rotation":90},"south":{"texture":"#head","uv":[28.0,21.0,25.0,24.0],"autoUv":false,"rotation":90},"west":{"texture":"#head","uv":[28.0,18.0,25.0,21.0],"autoUv":false,"rotation":90},"up":{"texture":"#head","uv":[31.0,18.0,28.0,21.0],"autoUv":false},"down":{"texture":"#head","uv":[23.0,21.0,25.0,18.0],"autoUv":false,"rotation":180}},"children":[]},{"name":"FluffR.097","from":[-2.299852490425,0.007812619209,-2.478453695774],"to":[-0.580006957054,3.063952445984,-1.49445182085],"rotationOrigin":[-1.43992972374,1.535882472992,-1.986452698708],"stepParentName":"b_Head","rotationX":-1.519473658117,"rotationY":11.554497830222,"rotationZ":-82.229589983889,"group":"fluff.007","faces":{"north":{"texture":"#head","uv":[27.0,22.0,30.0,28.0],"autoUv":false,"rotation":180},"east":{"texture":"#head","uv":[21.0,20.0,19.0,27.0],"autoUv":false,"rotation":180},"south":{"texture":"#head","uv":[22.0,21.0,19.0,27.0],"autoUv":false,"rotation":180},"west":{"texture":"#head","uv":[19.0,21.0,21.0,27.0],"autoUv":false,"rotation":180},"up":{"texture":"head","uv":[49.0,57.0,55.0,63.0],"autoUv":false,"rotation":90,"enabled":false},"down":{"texture":"#head","uv":[5.0,24.0,4.0,16.0],"autoUv":false,"rotation":90}},"children":[]},{"name":"FluffR.098","from":[-2.26816213131,3.580983638763,-1.694945002089],"to":[-1.543558239937,5.873106479645,1.694946145524],"rotationOrigin":[-1.905860185623,4.727045059204,5.71717e-07],"stepParentName":"b_Head","rotationX":-1.3660375e-05,"rotationY":1e-12,"rotationZ":-77.927520203076,"group":"fluff.007","faces":{"north":{"texture":"#head","uv":[21.0,20.0,19.0,27.0],"autoUv":false,"rotation":180},"east":{"texture":"#head","uv":[27.0,21.0,20.0,27.0],"autoUv":false,"rotation":180},"south":{"texture":"#head","uv":[19.0,18.0,21.0,27.0],"autoUv":false,"rotation":180},"west":{"texture":"#head","uv":[20.0,21.0,27.0,27.0],"autoUv":false,"rotation":180},"up":{"texture":"head","uv":[49.0,57.0,55.0,63.0],"autoUv":false,"enabled":false},"down":{"texture":"#head","uv":[5.0,24.0,4.0,16.0],"autoUv":false,"rotation":180}},"children":[]},{"name":"FluffR.101","from":[-0.408331811428,3.528487682343,-1.694944989573],"to":[0.316272079945,5.820610523224,1.69494615804],"rotationOrigin":[-0.046029865742,4.674549102783,5.84233e-07],"stepParentName":"b_Head","rotationX":-1.3660373e-05,"rotationY":1e-12,"rotationZ":-79.808294753309,"group":"fluff.007","faces":{"north":{"texture":"#head","uv":[21.0,20.0,19.0,27.0],"autoUv":false,"rotation":180},"east":{"texture":"#head","uv":[28.0,21.0,21.0,27.0],"autoUv":false,"rotation":180},"south":{"texture":"#head","uv":[19.0,18.0,21.0,27.0],"autoUv":false,"rotation":180},"west":{"texture":"#head","uv":[18.0,21.0,25.0,27.0],"autoUv":false,"rotation":180},"up":{"texture":"head","uv":[49.0,57.0,55.0,63.0],"autoUv":false,"enabled":false},"down":{"texture":"#head","uv":[5.0,24.0,4.0,16.0],"autoUv":false,"rotation":180}},"children":[]},{"name":"FluffR.102","from":[-2.967995166779,1.043880491972,1.114302515984],"to":[0.088145136833,2.027882308245,2.834148466587],"rotationOrigin":[-1.439924836159,1.535881519318,1.974225521088],"stepParentName":"b_Head","rotationX":89.9538235955,"rotationY":7.611987990338,"rotationZ":-168.341473152392,"group":"fluff.007","faces":{"north":{"texture":"#head","uv":[21.0,21.0,19.0,27.0],"autoUv":false,"rotation":270},"east":{"texture":"#head","uv":[5.0,16.0,4.0,24.0],"autoUv":false,"rotation":270},"south":{"texture":"#head","uv":[19.0,20.0,21.0,27.0],"autoUv":false,"rotation":90},"west":{"texture":"head","uv":[55.0,57.0,49.0,63.0],"autoUv":false,"rotation":90,"enabled":false},"up":{"texture":"#head","uv":[19.0,21.0,22.0,27.0],"autoUv":false,"rotation":90},"down":{"texture":"#head","uv":[27.0,28.0,30.0,22.0],"autoUv":false,"rotation":90}},"children":[]},{"name":"MeshTongue.006","from":[0.411704003811,0.197089351714,-0.408614934389],"to":[1.958007395267,0.369854651392,0.535924524967],"rotationOrigin":[1.184855699539,0.283472001553,0.063654795289],"stepParentName":"b_Jaw","rotationX":-0.178066927004,"rotationY":-0.037545536527,"rotationZ":-179.430121345367,"group":"wolf0-jaw.007","faces":{"north":{"texture":"#head","uv":[34.0,56.0,33.0,63.0],"autoUv":false,"rotation":270},"east":{"texture":"head","uv":[39.0,61.0,35.0,62.0],"autoUv":false,"rotation":180,"enabled":false},"south":{"texture":"#head","uv":[39.0,56.0,38.0,63.0],"autoUv":false,"rotation":90},"west":{"texture":"#head","uv":[38.0,63.0,34.0,64.0],"autoUv":false,"rotation":180},"up":{"texture":"#head","uv":[34.0,56.0,38.0,63.0],"autoUv":false,"rotation":90},"down":{"texture":"#head","uv":[39.0,63.0,35.0,56.0],"autoUv":false,"rotation":270}},"children":[]},{"name":"MeshMouthR.164","from":[-0.342235952526,0.253886494705,-0.262818146941],"to":[1.30864795811,0.657962825229,1.031995437402],"rotationOrigin":[0.483205914497,0.455924659967,0.384588599205],"stepParentName":"b_Jaw","rotationX":-0.331386717944,"rotationY":15.022692013383,"rotationZ":-179.409958626937,"group":"wolf0-jaw.007","faces":{"north":{"texture":"#head","uv":[54.0,5.0,55.0,6.0],"autoUv":false},"east":{"texture":"#head","uv":[55.0,5.0,58.0,6.0],"autoUv":false},"south":{"texture":"#head","uv":[58.0,5.0,59.0,6.0],"autoUv":false},"west":{"texture":"#head","uv":[55.0,5.0,58.0,6.0],"autoUv":false},"up":{"texture":"#head","uv":[55.0,1.0,58.0,5.0],"autoUv":false,"rotation":90},"down":{"texture":"#head","uv":[58.0,9.0,55.0,6.0],"autoUv":false,"rotation":270}},"children":[]},{"name":"MeshMouthR.165","from":[1.248762657436,0.278033792115,-0.245601908481],"to":[3.890477607457,0.68210981872,0.726756469524],"rotationOrigin":[2.569620132446,0.480071812868,0.240577280521],"stepParentName":"b_Jaw","rotationX":-0.22892737037,"rotationY":5.062570363759,"rotationZ":-179.427881043319,"group":"wolf0-jaw.007","faces":{"north":{"texture":"#head","uv":[54.0,5.0,55.0,6.0],"autoUv":false},"east":{"texture":"#head","uv":[55.0,5.0,58.0,6.0],"autoUv":false},"south":{"texture":"#head","uv":[58.0,5.0,59.0,6.0],"autoUv":false},"west":{"texture":"#head","uv":[55.0,5.0,58.0,6.0],"autoUv":false},"up":{"texture":"#head","uv":[55.0,1.0,58.0,5.0],"autoUv":false,"rotation":90},"down":{"texture":"#head","uv":[58.0,9.0,55.0,6.0],"autoUv":false,"rotation":270}},"children":[]},{"name":"MeshMouthR.166","from":[3.362040006899,0.039687088347,0.249583565043],"to":[4.091519391752,0.707378778755,0.417864419175],"rotationOrigin":[3.726779699326,0.373532950878,0.333723992109],"stepParentName":"b_Jaw","rotationX":90.299991243014,"rotationY":0.385585976556,"rotationZ":-90.99268170788,"group":"wolf0-jaw.007","faces":{"north":{"texture":"#head","uv":[13.0,60.0,11.0,61.0],"autoUv":false},"east":{"texture":"#head","uv":[14.0,59.0,13.0,60.0],"autoUv":false,"rotation":270},"south":{"texture":"#head","uv":[13.0,58.0,11.0,59.0],"autoUv":false,"rotation":180},"west":{"texture":"#head","uv":[11.0,59.0,10.0,60.0],"autoUv":false,"rotation":90},"up":{"texture":"#head","uv":[13.0,59.0,11.0,60.0],"autoUv":false,"rotation":180},"down":{"texture":"#head","uv":[11.0,60.0,13.0,59.0],"autoUv":false}},"children":[]},{"name":"MeshMouthR.167","from":[2.799405804636,-1.498267996995,0.517630901478],"to":[3.091312166385,1.212492677587,0.685320529796],"rotationOrigin":[2.945358991623,0.351926296949,0.601475715637],"stepParentName":"b_Jaw","rotationX":85.003944522856,"rotationY":1.187976723331,"rotationZ":-94.912185763092,"group":"wolf0-jaw.007","faces":{"north":{"texture":"#head","uv":[13.0,60.0,11.0,61.0],"autoUv":false},"east":{"texture":"#head","uv":[14.0,59.0,13.0,60.0],"autoUv":false,"rotation":270},"south":{"texture":"#head","uv":[13.0,58.0,11.0,59.0],"autoUv":false,"rotation":180},"west":{"texture":"#head","uv":[11.0,59.0,10.0,60.0],"autoUv":false,"rotation":90},"up":{"texture":"#head","uv":[13.0,59.0,11.0,60.0],"autoUv":false,"rotation":180},"down":{"texture":"#head","uv":[11.0,60.0,13.0,59.0],"autoUv":false}},"children":[]},{"name":"MeshMouthR.169","from":[1.248763015301,0.278034209348,-0.7227709879],"to":[3.890478203266,0.682110250853,0.249587349535],"rotationOrigin":[2.569620609283,0.480072230101,-0.236591756344],"stepParentName":"b_Jaw","rotationX":0.229025047411,"rotationY":-5.06257164442,"rotationZ":0.572107370412,"group":"wolf0-jaw.007","faces":{"north":{"texture":"#head","uv":[59.0,5.0,58.0,6.0],"autoUv":false,"rotation":180},"east":{"texture":"#head","uv":[58.0,5.0,55.0,6.0],"autoUv":false,"rotation":180},"south":{"texture":"#head","uv":[55.0,5.0,54.0,6.0],"autoUv":false,"rotation":180},"west":{"texture":"#head","uv":[58.0,5.0,55.0,6.0],"autoUv":false,"rotation":180},"up":{"texture":"#head","uv":[58.0,6.0,55.0,9.0],"autoUv":false,"rotation":90},"down":{"texture":"#head","uv":[55.0,5.0,58.0,1.0],"autoUv":false,"rotation":270}},"children":[]},{"name":"MeshMouthR.170","from":[3.392826105822,0.289421700247,-0.690227947579],"to":[4.060517762434,0.457702554457,0.039251539207],"rotationOrigin":[3.726671934128,0.373562127352,-0.325488179922],"stepParentName":"b_Jaw","rotationX":-0.29320318572,"rotationY":-0.993548985304,"rotationZ":-179.614358868039,"group":"wolf0-jaw.007","faces":{"north":{"texture":"#head","uv":[10.0,59.0,11.0,60.0],"autoUv":false},"east":{"texture":"#head","uv":[11.0,59.0,13.0,60.0],"autoUv":false},"south":{"texture":"#head","uv":[13.0,59.0,14.0,60.0],"autoUv":false},"west":{"texture":"#head","uv":[11.0,59.0,13.0,60.0],"autoUv":false},"up":{"texture":"#head","uv":[11.0,58.0,13.0,59.0],"autoUv":false,"rotation":90},"down":{"texture":"#head","uv":[13.0,61.0,11.0,60.0],"autoUv":false,"rotation":270}},"children":[]},{"name":"MeshMouthR.171","from":[2.080213243694,0.263346540767,-0.739982958964],"to":[4.598889784375,0.431036203675,-0.448076609441],"rotationOrigin":[2.940779447556,0.347191363573,-0.594029784203],"stepParentName":"b_Jaw","rotationX":5.098249564436,"rotationY":-4.911079329289,"rotationZ":-178.807645225169,"group":"wolf0-jaw.007","faces":{"north":{"texture":"#head","uv":[10.0,59.0,11.0,60.0],"autoUv":false},"east":{"texture":"#head","uv":[11.0,59.0,13.0,60.0],"autoUv":false},"south":{"texture":"#head","uv":[13.0,59.0,14.0,60.0],"autoUv":false},"west":{"texture":"#head","uv":[11.0,59.0,13.0,60.0],"autoUv":false},"up":{"texture":"#head","uv":[11.0,58.0,13.0,59.0],"autoUv":false,"rotation":90},"down":{"texture":"#head","uv":[13.0,61.0,11.0,60.0],"autoUv":false,"rotation":270}},"children":[]},{"name":"MeshMouthR.172","from":[-0.342236366051,0.253887120554,-1.026808820027],"to":[1.308647956627,0.657963510683,0.268005040468],"rotationOrigin":[0.483205795288,0.455925315619,-0.379401981831],"stepParentName":"b_Jaw","rotationX":0.331480979891,"rotationY":-15.022692013383,"rotationZ":0.59005331893,"group":"wolf0-jaw.007","faces":{"north":{"texture":"#head","uv":[59.0,5.0,58.0,6.0],"autoUv":false,"rotation":180},"east":{"texture":"#head","uv":[58.0,5.0,55.0,6.0],"autoUv":false,"rotation":180},"south":{"texture":"#head","uv":[55.0,5.0,54.0,6.0],"autoUv":false,"rotation":180},"west":{"texture":"#head","uv":[58.0,5.0,55.0,6.0],"autoUv":false,"rotation":180},"up":{"texture":"#head","uv":[58.0,6.0,55.0,9.0],"autoUv":false,"rotation":90},"down":{"texture":"#head","uv":[55.0,5.0,58.0,1.0],"autoUv":false,"rotation":270}},"children":[]}],"groups":[]}