{"textureWidth":64,"textureHeight":64,"textures":{},"textureSizes":{"head":[64,64]},"elements":[{"name":"MeshHead.098","from":[-3.107491850853,0.45139169693,-2.171022691095],"to":[1.197614312172,4.863305568695,2.171021662391],"rotationOrigin":[-0.954938769341,2.657348632812,-5.14352e-07],"stepParentName":"b_Head","rotationX":-1.3660375e-05,"rotationY":1e-12,"rotationZ":0.0,"group":"head-yoshi","faces":{"north":{"texture":"#head","uv":[1.0,1.0,8.0,7.0],"autoUv":false},"east":{"texture":"#head","uv":[21.0,1.0,27.0,7.0],"autoUv":false},"south":{"texture":"#head","uv":[14.0,1.0,21.0,7.0],"autoUv":false},"west":{"texture":"#head","uv":[8.0,1.0,14.0,7.0],"autoUv":false},"up":{"texture":"#head","uv":[2.0,7.0,8.0,14.0],"autoUv":false,"rotation":90},"down":{"texture":"#head","uv":[14.0,14.0,8.0,7.0],"autoUv":false,"rotation":90}},"children":[]},{"name":"MeshNeck.015","from":[-1.680840969086,-2.13113451004,-1.499999909828],"to":[1.31915974617,1.868866443634,1.500000090172],"rotationOrigin":[-0.180840611458,-0.131134033203,9.0172e-08],"stepParentName":"b_Head","rotationX":-1.4533892e-05,"rotationY":1.1099057e-05,"rotationZ":9.00004293913,"group":"head-yoshi","faces":{"north":{"texture":"#head","uv":[27.0,3.0,36.0,14.0],"autoUv":false},"east":{"texture":"#head","uv":[27.0,3.0,36.0,14.0],"autoUv":false},"south":{"texture":"#head","uv":[27.0,3.0,36.0,14.0],"autoUv":false},"west":{"texture":"#head","uv":[36.0,3.0,44.0,14.0],"autoUv":false},"up":{"texture":"#head","uv":[36.0,0.0,44.0,9.0],"autoUv":false,"rotation":90},"down":{"texture":"#head","uv":[44.0,9.0,36.0,0.0],"autoUv":false,"rotation":270}},"children":[]},{"name":"MeshMouthR.249","from":[-6.336171030998,0.213573992252,-1.493730161665],"to":[-4.8352933079,2.001584172249,1.487160259972],"rotationOrigin":[-4.723273277283,0.739873886108,-0.010448635556],"stepParentName":"b_Head","rotationX":-1.3660375e-05,"rotationY":1e-12,"rotationZ":0.0,"group":"head-yoshi","faces":{"north":{"texture":"#head","uv":[23.0,22.0,26.0,25.0],"autoUv":false,"rotation":90},"east":{"texture":"#head","uv":[23.0,19.0,26.0,22.0],"autoUv":false,"rotation":90},"south":{"texture":"#head","uv":[23.0,16.0,26.0,19.0],"autoUv":false,"rotation":90},"west":{"texture":"#head","uv":[23.0,19.0,26.0,22.0],"autoUv":false,"rotation":90},"up":{"texture":"#head","uv":[21.0,19.0,23.0,22.0],"autoUv":false,"rotation":180},"down":{"texture":"#head","uv":[29.0,22.0,26.0,19.0],"autoUv":false}},"children":[]},{"name":"Head","from":[-2.079614400864,0.007338894997,-2.444090127945],"to":[-2.079614400864,0.007338894997,-2.444090127945],"rotationOrigin":[-2.079614400864,0.007338894997,-2.444090127945],"rotationX":-1.3660375e-05,"rotationY":1e-12,"rotationZ":0.0,"faces":{"north":{"texture":"#null","uv":[0.0,0.0,0.0,0.0],"enabled":false},"east":{"texture":"#null","uv":[0.0,0.0,0.0,0.0],"enabled":false},"south":{"texture":"#null","uv":[0.0,0.0,0.0,0.0],"enabled":false},"west":{"texture":"#null","uv":[0.0,0.0,0.0,0.0],"enabled":false},"up":{"texture":"#null","uv":[0.0,0.0,0.0,0.0],"enabled":false},"down":{"texture":"#null","uv":[0.0,0.0,0.0,0.0],"enabled":false}},"children":[],"stepParentName":"b_Head"},{"name":"MeshMouthR.250","from":[-4.257675647736,0.62815324165,-0.487855557352],"to":[-2.104857444763,1.798935022681,0.570520099252],"rotationOrigin":[-3.181266546249,1.244413375854,0.043366011232],"stepParentName":"b_Head","rotationX":90.000002504478,"rotationY":5.695889836152,"rotationZ":-90.000077636559,"group":"head-yoshi","faces":{"north":{"texture":"#head","uv":[20.0,15.0,23.0,19.0],"autoUv":false},"east":{"texture":"#head","uv":[19.0,19.0,20.0,20.0],"autoUv":false,"rotation":90},"south":{"texture":"#head","uv":[20.0,20.0,23.0,23.0],"autoUv":false,"rotation":180},"west":{"texture":"#head","uv":[23.0,19.0,24.0,20.0],"autoUv":false,"rotation":270},"up":{"texture":"#head","uv":[20.0,19.0,23.0,20.0],"autoUv":false},"down":{"texture":"#head","uv":[23.0,20.0,20.0,19.0],"autoUv":false,"rotation":180}},"children":[]},{"name":"MeshMouthR.251","from":[-3.775938846426,0.7768479069,0.488692742176],"to":[-2.741089909764,1.798549956583,1.444629291849],"rotationOrigin":[-3.258514404297,1.287698984146,0.966661095619],"stepParentName":"b_Head","rotationX":89.835613511534,"rotationY":5.706377164736,"rotationZ":-76.237908987333,"group":"head-yoshi","faces":{"north":{"texture":"#head","uv":[20.0,15.0,23.0,19.0],"autoUv":false},"east":{"texture":"#head","uv":[19.0,19.0,20.0,20.0],"autoUv":false,"rotation":90},"south":{"texture":"#head","uv":[20.0,20.0,23.0,23.0],"autoUv":false,"rotation":180},"west":{"texture":"#head","uv":[23.0,19.0,24.0,20.0],"autoUv":false,"rotation":270},"up":{"texture":"#head","uv":[20.0,19.0,23.0,20.0],"autoUv":false},"down":{"texture":"#head","uv":[23.0,20.0,20.0,19.0],"autoUv":false,"rotation":180}},"children":[]},{"name":"MeshMouthR.252","from":[-3.689507007599,0.233891844749,0.257314741611],"to":[-2.184439897537,0.871537446976,1.417274951935],"rotationOrigin":[-3.481835365295,0.760601222515,0.819873809814],"stepParentName":"b_Head","rotationX":-0.016134004052,"rotationY":-13.78233222143,"rotationZ":9.115515824786,"group":"head-yoshi","faces":{"north":{"texture":"#head","uv":[23.0,22.0,26.0,25.0],"autoUv":false,"rotation":90},"east":{"texture":"#head","uv":[23.0,19.0,26.0,22.0],"autoUv":false,"rotation":90},"south":{"texture":"#head","uv":[23.0,16.0,26.0,19.0],"autoUv":false,"rotation":90},"west":{"texture":"#head","uv":[23.0,19.0,26.0,22.0],"autoUv":false,"rotation":90},"up":{"texture":"#head","uv":[21.0,19.0,23.0,22.0],"autoUv":false,"rotation":180},"down":{"texture":"#head","uv":[29.0,22.0,26.0,19.0],"autoUv":false}},"children":[]},{"name":"MeshMouthR.253","from":[-5.020983394282,0.670761019152,0.295892612239],"to":[-4.721077398222,2.009561298582,1.209114590815],"rotationOrigin":[-4.378811359406,1.357946634293,0.774919092655],"stepParentName":"b_Head","rotationX":89.182340068368,"rotationY":-16.129647111789,"rotationZ":-96.165231777655,"group":"head-yoshi","faces":{"north":{"texture":"#head","uv":[20.0,15.0,23.0,19.0],"autoUv":false},"east":{"texture":"#head","uv":[19.0,19.0,20.0,20.0],"autoUv":false,"rotation":90},"south":{"texture":"#head","uv":[20.0,20.0,23.0,23.0],"autoUv":false,"rotation":180},"west":{"texture":"#head","uv":[23.0,19.0,24.0,20.0],"autoUv":false,"rotation":270},"up":{"texture":"#head","uv":[20.0,19.0,23.0,20.0],"autoUv":false},"down":{"texture":"#head","uv":[23.0,20.0,20.0,19.0],"autoUv":false,"rotation":180}},"children":[]},{"name":"MeshMouthNoseTop.015","from":[-6.350119357387,1.682407032124,0.381377284871],"to":[-5.962758582104,2.020648149396,0.495175356521],"rotationOrigin":[-6.01149559021,1.770956158638,0.438276320696],"stepParentName":"b_Head","rotationX":-1.3660376e-05,"rotationY":1e-12,"rotationZ":0.88716185207,"group":"head-yoshi","faces":{"north":{"texture":"#head","uv":[64.0,59.0,61.0,61.0],"autoUv":false},"east":{"texture":"#head","uv":[61.0,59.0,59.0,61.0],"autoUv":false},"south":{"texture":"#head","uv":[59.0,59.0,56.0,61.0],"autoUv":false},"west":{"texture":"#head","uv":[61.0,59.0,59.0,61.0],"autoUv":false},"up":{"texture":"#head","uv":[61.0,57.0,59.0,59.0],"autoUv":false,"rotation":90},"down":{"texture":"#head","uv":[59.0,63.0,61.0,61.0],"autoUv":false,"rotation":270}},"children":[]},{"name":"MeshMouthR.255","from":[-5.435804963112,0.571641845836,-0.483305733651],"to":[-3.064062952995,1.794969528848,0.570521313697],"rotationOrigin":[-4.289875507355,1.293863296509,0.043367225677],"stepParentName":"b_Head","rotationX":89.999968353532,"rotationY":-15.676795324533,"rotationZ":-90.00007080637,"group":"head-yoshi","faces":{"north":{"texture":"#head","uv":[20.0,15.0,23.0,19.0],"autoUv":false},"east":{"texture":"#head","uv":[19.0,19.0,20.0,20.0],"autoUv":false,"rotation":90},"south":{"texture":"#head","uv":[20.0,20.0,23.0,23.0],"autoUv":false,"rotation":180},"west":{"texture":"#head","uv":[23.0,19.0,24.0,20.0],"autoUv":false,"rotation":270},"up":{"texture":"#head","uv":[20.0,19.0,23.0,20.0],"autoUv":false},"down":{"texture":"#head","uv":[23.0,20.0,20.0,19.0],"autoUv":false,"rotation":180}},"children":[]},{"name":"MeshMouthR.256","from":[-5.103115655324,0.358603391574,0.288087558401],"to":[-3.884260724247,1.550113318655,1.053556579464],"rotationOrigin":[-4.460989952087,0.898498654366,0.58311522007],"stepParentName":"b_Head","rotationX":86.170322267041,"rotationY":27.5792708024,"rotationZ":-78.876779893924,"group":"head-yoshi","faces":{"north":{"texture":"#head","uv":[20.0,15.0,23.0,19.0],"autoUv":false},"east":{"texture":"#head","uv":[19.0,19.0,20.0,20.0],"autoUv":false,"rotation":90},"south":{"texture":"#head","uv":[20.0,20.0,23.0,23.0],"autoUv":false,"rotation":180},"west":{"texture":"#head","uv":[23.0,19.0,24.0,20.0],"autoUv":false,"rotation":270},"up":{"texture":"#head","uv":[20.0,19.0,23.0,20.0],"autoUv":false},"down":{"texture":"#head","uv":[23.0,20.0,20.0,19.0],"autoUv":false,"rotation":180}},"children":[]},{"name":"MeshMouthR.257","from":[-4.910251319408,0.213406920433,0.256055474281],"to":[-3.74752920866,1.698345661163,1.416015684605],"rotationOrigin":[-4.313245296478,0.740116298199,0.818614542484],"stepParentName":"b_Head","rotationX":-1.3660376e-05,"rotationY":5.9996232259,"rotationZ":0.0,"group":"head-yoshi","faces":{"north":{"texture":"#head","uv":[23.0,22.0,26.0,25.0],"autoUv":false,"rotation":90},"east":{"texture":"#head","uv":[23.0,19.0,26.0,22.0],"autoUv":false,"rotation":90},"south":{"texture":"#head","uv":[23.0,16.0,26.0,19.0],"autoUv":false,"rotation":90},"west":{"texture":"#head","uv":[23.0,19.0,26.0,22.0],"autoUv":false,"rotation":90},"up":{"texture":"#head","uv":[21.0,19.0,23.0,22.0],"autoUv":false,"rotation":180},"down":{"texture":"#head","uv":[29.0,22.0,26.0,19.0],"autoUv":false}},"children":[]},{"name":"MeshMouthR.254","from":[-5.164867997169,0.712008353323,-1.370063651208],"to":[-3.659800514579,1.349654078484,-0.210103092791],"rotationOrigin":[-3.481835365295,0.760601222515,0.819873809814],"stepParentName":"b_Head","rotationX":0.016108497564,"rotationY":13.782336490298,"rotationZ":-170.884475523792,"group":"head-yoshi","faces":{"north":{"texture":"#head","uv":[26.0,16.0,23.0,19.0],"autoUv":false,"rotation":90},"east":{"texture":"#head","uv":[26.0,19.0,23.0,22.0],"autoUv":false,"rotation":90},"south":{"texture":"#head","uv":[26.0,22.0,23.0,25.0],"autoUv":false,"rotation":90},"west":{"texture":"#head","uv":[26.0,19.0,23.0,22.0],"autoUv":false,"rotation":90},"up":{"texture":"#head","uv":[29.0,19.0,26.0,22.0],"autoUv":false},"down":{"texture":"#head","uv":[21.0,22.0,23.0,19.0],"autoUv":false,"rotation":180}},"children":[]},{"name":"MeshMouthR.266","from":[-4.228747882228,0.815247398256,-1.428707531863],"to":[-3.207045865298,1.771184000332,-0.393858612953],"rotationOrigin":[-3.258514404297,1.287698984146,0.966661095619],"stepParentName":"b_Head","rotationX":-1.230676077814,"rotationY":13.692563045168,"rotationZ":-174.126110624637,"group":"head-yoshi","faces":{"north":{"texture":"#head","uv":[24.0,19.0,23.0,20.0],"autoUv":false,"rotation":180},"east":{"texture":"#head","uv":[23.0,19.0,20.0,20.0],"autoUv":false,"rotation":180},"south":{"texture":"#head","uv":[20.0,19.0,19.0,20.0],"autoUv":false,"rotation":180},"west":{"texture":"#head","uv":[23.0,19.0,20.0,20.0],"autoUv":false,"rotation":180},"up":{"texture":"#head","uv":[23.0,20.0,20.0,23.0],"autoUv":false,"rotation":90},"down":{"texture":"#head","uv":[20.0,19.0,23.0,15.0],"autoUv":false,"rotation":270}},"children":[]},{"name":"MeshMouthR.267","from":[-4.870105177004,0.90016677089,-1.408631036677],"to":[-3.53130494633,1.813388749467,-1.108724891769],"rotationOrigin":[-4.378811359406,1.357946634293,0.774919092655],"stepParentName":"b_Head","rotationX":-0.901271955679,"rotationY":-5.921658324072,"rotationZ":163.781447617194,"group":"head-yoshi","faces":{"north":{"texture":"#head","uv":[24.0,19.0,23.0,20.0],"autoUv":false,"rotation":180},"east":{"texture":"#head","uv":[23.0,19.0,20.0,20.0],"autoUv":false,"rotation":180},"south":{"texture":"#head","uv":[20.0,19.0,19.0,20.0],"autoUv":false,"rotation":180},"west":{"texture":"#head","uv":[23.0,19.0,20.0,20.0],"autoUv":false,"rotation":180},"up":{"texture":"#head","uv":[23.0,20.0,20.0,23.0],"autoUv":false,"rotation":90},"down":{"texture":"#head","uv":[20.0,19.0,23.0,15.0],"autoUv":false,"rotation":270}},"children":[]},{"name":"MeshMouthNoseTop.014","from":[-6.35011940507,1.682405673138,-0.495176299415],"to":[-5.962758576144,2.020646838094,-0.38137815624],"rotationOrigin":[-6.01149559021,1.770956158638,0.438276320696],"stepParentName":"b_Head","rotationX":-1.3660376e-05,"rotationY":1e-12,"rotationZ":0.88716185207,"group":"head-yoshi","faces":{"north":{"texture":"#head","uv":[56.0,59.0,59.0,61.0],"autoUv":false},"east":{"texture":"#head","uv":[59.0,59.0,61.0,61.0],"autoUv":false},"south":{"texture":"#head","uv":[61.0,59.0,64.0,61.0],"autoUv":false},"west":{"texture":"#head","uv":[59.0,59.0,61.0,61.0],"autoUv":false},"up":{"texture":"#head","uv":[59.0,57.0,61.0,59.0],"autoUv":false,"rotation":90},"down":{"texture":"#head","uv":[61.0,63.0,59.0,61.0],"autoUv":false,"rotation":270}},"children":[]},{"name":"MeshMouthR.268","from":[-5.301705280477,0.672517252308,-1.207735113296],"to":[-4.110195280241,1.437986071299,0.011119817781],"rotationOrigin":[-4.460989952087,0.898498654366,0.58311522007],"stepParentName":"b_Head","rotationX":-1.371476051964,"rotationY":9.845904665002,"rotationZ":-151.972446693214,"group":"head-yoshi","faces":{"north":{"texture":"#head","uv":[24.0,19.0,23.0,20.0],"autoUv":false,"rotation":180},"east":{"texture":"#head","uv":[23.0,19.0,20.0,20.0],"autoUv":false,"rotation":180},"south":{"texture":"#head","uv":[20.0,19.0,19.0,20.0],"autoUv":false,"rotation":180},"west":{"texture":"#head","uv":[23.0,19.0,20.0,20.0],"autoUv":false,"rotation":180},"up":{"texture":"#head","uv":[23.0,20.0,20.0,23.0],"autoUv":false,"rotation":90},"down":{"texture":"#head","uv":[20.0,19.0,23.0,15.0],"autoUv":false,"rotation":270}},"children":[]},{"name":"MeshMouthR.269","from":[-4.707834995115,-0.218111157417,-1.407048642635],"to":[-3.545112834461,1.266827583313,-0.247088134289],"rotationOrigin":[-4.313245296478,0.740116298199,0.818614542484],"stepParentName":"b_Head","rotationX":-1.3660376e-05,"rotationY":-5.999624506561,"rotationZ":-179.999991348578,"group":"head-yoshi","faces":{"north":{"texture":"#head","uv":[26.0,16.0,23.0,19.0],"autoUv":false,"rotation":90},"east":{"texture":"#head","uv":[26.0,19.0,23.0,22.0],"autoUv":false,"rotation":90},"south":{"texture":"#head","uv":[26.0,22.0,23.0,25.0],"autoUv":false,"rotation":90},"west":{"texture":"#head","uv":[26.0,19.0,23.0,22.0],"autoUv":false,"rotation":90},"up":{"texture":"#head","uv":[29.0,19.0,26.0,22.0],"autoUv":false},"down":{"texture":"#head","uv":[21.0,22.0,23.0,19.0],"autoUv":false,"rotation":180}},"children":[]},{"name":"FluffR.149","from":[-2.299852490425,0.0078125,-2.768768250942],"to":[-0.580006957054,3.063952326775,-1.784766376019],"rotationOrigin":[-1.43992972374,1.535882353783,-2.276767253876],"stepParentName":"b_Head","rotationX":-1.600595708167,"rotationY":21.550814359805,"rotationZ":-81.945925397469,"group":"fluff.013","faces":{"north":{"texture":"#head","uv":[27.0,22.0,30.0,28.0],"autoUv":false,"rotation":180},"east":{"texture":"#head","uv":[21.0,20.0,19.0,27.0],"autoUv":false,"rotation":180},"south":{"texture":"#head","uv":[22.0,21.0,19.0,27.0],"autoUv":false,"rotation":180},"west":{"texture":"#head","uv":[19.0,21.0,21.0,27.0],"autoUv":false,"rotation":180},"up":{"texture":"head","uv":[49.0,57.0,55.0,63.0],"autoUv":false,"rotation":90,"enabled":false},"down":{"texture":"#head","uv":[5.0,24.0,4.0,16.0],"autoUv":false,"rotation":90}},"children":[]},{"name":"FluffR.150","from":[-2.26816213131,3.580983638763,-1.694945002089],"to":[-1.543558239937,5.873106479645,1.694946145524],"rotationOrigin":[-1.905860185623,4.727045059204,5.71717e-07],"stepParentName":"b_Head","rotationX":-1.3660375e-05,"rotationY":1e-12,"rotationZ":-77.927520203076,"group":"fluff.013","faces":{"north":{"texture":"#head","uv":[21.0,20.0,19.0,27.0],"autoUv":false,"rotation":180},"east":{"texture":"#head","uv":[27.0,21.0,20.0,27.0],"autoUv":false,"rotation":180},"south":{"texture":"#head","uv":[19.0,18.0,21.0,27.0],"autoUv":false,"rotation":180},"west":{"texture":"#head","uv":[20.0,21.0,27.0,27.0],"autoUv":false,"rotation":180},"up":{"texture":"head","uv":[49.0,57.0,55.0,63.0],"autoUv":false,"enabled":false},"down":{"texture":"#head","uv":[5.0,24.0,4.0,16.0],"autoUv":false,"rotation":180}},"children":[]},{"name":"FluffR.151","from":[-0.408331811428,3.528487682343,-1.694944989573],"to":[0.316272079945,5.820610523224,1.69494615804],"rotationOrigin":[-0.046029865742,4.674549102783,5.84233e-07],"stepParentName":"b_Head","rotationX":-1.3660373e-05,"rotationY":1e-12,"rotationZ":-79.808294753309,"group":"fluff.013","faces":{"north":{"texture":"#head","uv":[21.0,20.0,19.0,27.0],"autoUv":false,"rotation":180},"east":{"texture":"#head","uv":[28.0,21.0,21.0,27.0],"autoUv":false,"rotation":180},"south":{"texture":"#head","uv":[19.0,18.0,21.0,27.0],"autoUv":false,"rotation":180},"west":{"texture":"#head","uv":[18.0,21.0,25.0,27.0],"autoUv":false,"rotation":180},"up":{"texture":"head","uv":[49.0,57.0,55.0,63.0],"autoUv":false,"enabled":false},"down":{"texture":"#head","uv":[5.0,24.0,4.0,16.0],"autoUv":false,"rotation":180}},"children":[]},{"name":"FluffR.152","from":[-2.967995166779,1.043880611181,1.416843295097],"to":[0.088145136833,2.027882427454,3.136689245701],"rotationOrigin":[-1.439924836159,1.535881638527,2.276766300201],"stepParentName":"b_Head","rotationX":88.625146896257,"rotationY":7.487658056876,"rotationZ":-158.25454050309,"group":"fluff.013","faces":{"north":{"texture":"#head","uv":[21.0,21.0,19.0,27.0],"autoUv":false,"rotation":270},"east":{"texture":"#head","uv":[5.0,16.0,4.0,24.0],"autoUv":false,"rotation":270},"south":{"texture":"#head","uv":[19.0,20.0,21.0,27.0],"autoUv":false,"rotation":90},"west":{"texture":"head","uv":[55.0,57.0,49.0,63.0],"autoUv":false,"rotation":90,"enabled":false},"up":{"texture":"#head","uv":[19.0,21.0,22.0,27.0],"autoUv":false,"rotation":90},"down":{"texture":"#head","uv":[27.0,28.0,30.0,22.0],"autoUv":false,"rotation":90}},"children":[]},{"name":"MeshTongue.010","from":[1.445701062679,0.232596553862,-0.408614904586],"to":[2.992004454136,0.40536185354,0.535924554769],"rotationOrigin":[2.218852758408,0.318979203701,0.063654825091],"stepParentName":"b_Jaw","rotationX":-0.178066927004,"rotationY":-0.037545536527,"rotationZ":-179.430121345367,"group":"wolf0-jaw.013","faces":{"north":{"texture":"#head","uv":[34.0,56.0,33.0,63.0],"autoUv":false,"rotation":270},"east":{"texture":"head","uv":[39.0,61.0,27.0,62.0],"autoUv":false,"rotation":180,"enabled":false},"south":{"texture":"#head","uv":[39.0,56.0,38.0,63.0],"autoUv":false,"rotation":90},"west":{"texture":"#head","uv":[38.0,63.0,34.0,64.0],"autoUv":false,"rotation":180},"up":{"texture":"#head","uv":[34.0,56.0,38.0,63.0],"autoUv":false,"rotation":90},"down":{"texture":"#head","uv":[31.0,63.0,35.0,56.0],"autoUv":false,"rotation":270}},"children":[]},{"name":"MeshMouthR.259","from":[-0.515821099281,0.466669380665,0.282212734222],"to":[1.348017275333,1.14323580265,1.343015730381],"rotationOrigin":[0.39152097702,0.603160202503,0.729137718678],"stepParentName":"b_Jaw","rotationX":-1.855075536594,"rotationY":7.039689001104,"rotationZ":-165.764237872871,"group":"wolf0-jaw.013","faces":{"north":{"texture":"#head","uv":[49.0,6.0,50.0,7.0],"autoUv":false},"east":{"texture":"#head","uv":[50.0,6.0,53.0,7.0],"autoUv":false},"south":{"texture":"#head","uv":[53.0,6.0,54.0,7.0],"autoUv":false},"west":{"texture":"#head","uv":[50.0,6.0,53.0,7.0],"autoUv":false},"up":{"texture":"#head","uv":[50.0,2.0,53.0,6.0],"autoUv":false,"rotation":90},"down":{"texture":"#head","uv":[53.0,10.0,50.0,7.0],"autoUv":false,"rotation":270}},"children":[]},{"name":"MeshMouthR.260","from":[1.388208627701,0.504850655794,-0.169514358044],"to":[4.035188913345,0.960296854377,1.213962495327],"rotationOrigin":[2.711698770523,0.758258342743,0.522224068642],"stepParentName":"b_Jaw","rotationX":-0.18885593117,"rotationY":1.047020828769,"rotationZ":-179.430025722719,"group":"wolf0-jaw.013","faces":{"north":{"texture":"#head","uv":[49.0,6.0,50.0,7.0],"autoUv":false},"east":{"texture":"#head","uv":[50.0,6.0,53.0,7.0],"autoUv":false},"south":{"texture":"#head","uv":[53.0,6.0,54.0,7.0],"autoUv":false},"west":{"texture":"#head","uv":[50.0,6.0,53.0,7.0],"autoUv":false},"up":{"texture":"#head","uv":[50.0,2.0,53.0,6.0],"autoUv":false,"rotation":90},"down":{"texture":"#head","uv":[53.0,10.0,50.0,7.0],"autoUv":false,"rotation":270}},"children":[]},{"name":"MeshMouthR.261","from":[3.284304590082,0.327810147205,0.676773720735],"to":[4.582463636157,0.995552764648,0.918067588366],"rotationOrigin":[3.805272817612,0.661681473255,0.760914742947],"stepParentName":"b_Jaw","rotationX":90.299984412825,"rotationY":0.385592860106,"rotationZ":-90.99268170788,"group":"wolf0-jaw.013","faces":{"north":{"texture":"#head","uv":[13.0,60.0,11.0,61.0],"autoUv":false},"east":{"texture":"#head","uv":[14.0,59.0,13.0,60.0],"autoUv":false,"rotation":270},"south":{"texture":"#head","uv":[13.0,58.0,11.0,59.0],"autoUv":false,"rotation":180},"west":{"texture":"#head","uv":[11.0,59.0,10.0,60.0],"autoUv":false,"rotation":90},"up":{"texture":"#head","uv":[13.0,59.0,11.0,60.0],"autoUv":false,"rotation":180},"down":{"texture":"#head","uv":[11.0,60.0,13.0,59.0],"autoUv":false}},"children":[]},{"name":"MeshMouthR.262","from":[2.440119954434,-0.226776883016,1.003594771809],"to":[2.853875920133,1.877865259774,1.171609505229],"rotationOrigin":[2.646997928619,0.636048316956,1.087602138519],"stepParentName":"b_Jaw","rotationX":84.946871462152,"rotationY":0.523878284104,"rotationZ":-90.706722177899,"group":"wolf0-jaw.013","faces":{"north":{"texture":"#head","uv":[13.0,60.0,11.0,61.0],"autoUv":false},"east":{"texture":"#head","uv":[14.0,59.0,13.0,60.0],"autoUv":false,"rotation":270},"south":{"texture":"#head","uv":[13.0,58.0,11.0,59.0],"autoUv":false,"rotation":180},"west":{"texture":"#head","uv":[11.0,59.0,10.0,60.0],"autoUv":false,"rotation":90},"up":{"texture":"#head","uv":[13.0,59.0,11.0,60.0],"autoUv":false,"rotation":180},"down":{"texture":"#head","uv":[11.0,60.0,13.0,59.0],"autoUv":false}},"children":[]},{"name":"MeshNeck.016","from":[-2.757839679718,1.517359226942,-1.237275663228],"to":[-2.293496012688,3.167128205299,1.242676672129],"rotationOrigin":[-1.748710155487,1.236865997314,5.6414e-08],"stepParentName":"b_Head","rotationX":-1.4533892e-05,"rotationY":1.1099058e-05,"rotationZ":104.175704957003,"group":"wolf0-jaw.013","faces":{"north":{"texture":"#head","uv":[50.0,18.0,56.0,25.0],"autoUv":false},"east":{"texture":"#head","uv":[48.0,18.0,55.0,25.0],"autoUv":false},"south":{"texture":"#head","uv":[48.0,18.0,55.0,25.0],"autoUv":false},"west":{"texture":"#head","uv":[56.0,18.0,61.0,25.0],"autoUv":false},"up":{"texture":"#head","uv":[57.0,14.0,63.0,21.0],"autoUv":false,"rotation":90},"down":{"texture":"#head","uv":[63.0,21.0,57.0,14.0],"autoUv":false,"rotation":270}},"children":[]},{"name":"MeshMouthR.258","from":[-0.749726585075,0.061253130436,-1.331263251352],"to":[1.114111738051,0.737819582224,-0.270460128736],"rotationOrigin":[0.39152097702,0.603160202503,0.729137718678],"stepParentName":"b_Jaw","rotationX":1.855176495328,"rotationY":-7.039692843085,"rotationZ":14.235776527596,"group":"wolf0-jaw.013","faces":{"north":{"texture":"#head","uv":[54.0,6.0,53.0,7.0],"autoUv":false,"rotation":180},"east":{"texture":"#head","uv":[53.0,6.0,50.0,7.0],"autoUv":false,"rotation":180},"south":{"texture":"#head","uv":[50.0,6.0,49.0,7.0],"autoUv":false,"rotation":180},"west":{"texture":"#head","uv":[53.0,6.0,50.0,7.0],"autoUv":false,"rotation":180},"up":{"texture":"#head","uv":[53.0,7.0,50.0,10.0],"autoUv":false,"rotation":90},"down":{"texture":"#head","uv":[50.0,6.0,53.0,2.0],"autoUv":false,"rotation":270}},"children":[]},{"name":"MeshMouthR.263","from":[1.369090517915,0.552966699004,-1.213780999184],"to":[4.016070407368,1.008412897587,0.16969576478],"rotationOrigin":[2.711698770523,0.758258342743,0.522224068642],"stepParentName":"b_Jaw","rotationX":0.188954008418,"rotationY":-1.047021042212,"rotationZ":0.56997005481,"group":"wolf0-jaw.013","faces":{"north":{"texture":"#head","uv":[54.0,6.0,53.0,7.0],"autoUv":false,"rotation":180},"east":{"texture":"#head","uv":[53.0,6.0,50.0,7.0],"autoUv":false,"rotation":180},"south":{"texture":"#head","uv":[50.0,6.0,49.0,7.0],"autoUv":false,"rotation":180},"west":{"texture":"#head","uv":[53.0,6.0,50.0,7.0],"autoUv":false,"rotation":180},"up":{"texture":"#head","uv":[53.0,7.0,50.0,10.0],"autoUv":false,"rotation":90},"down":{"texture":"#head","uv":[50.0,6.0,53.0,2.0],"autoUv":false,"rotation":270}},"children":[]},{"name":"MeshMouthR.264","from":[3.497708619619,0.569577241983,-1.281633923069],"to":[4.165451374826,0.810871126943,0.016525394709],"rotationOrigin":[3.805272817612,0.661681473255,0.760914742947],"stepParentName":"b_Jaw","rotationX":-0.293191659775,"rotationY":-0.992509089003,"rotationZ":-179.614358868039,"group":"wolf0-jaw.013","faces":{"north":{"texture":"#head","uv":[10.0,59.0,11.0,60.0],"autoUv":false},"east":{"texture":"#head","uv":[11.0,59.0,13.0,60.0],"autoUv":false},"south":{"texture":"#head","uv":[13.0,59.0,14.0,60.0],"autoUv":false},"west":{"texture":"#head","uv":[11.0,59.0,13.0,60.0],"autoUv":false},"up":{"texture":"#head","uv":[11.0,58.0,13.0,59.0],"autoUv":false,"rotation":90},"down":{"texture":"#head","uv":[13.0,61.0,11.0,60.0],"autoUv":false,"rotation":270}},"children":[]},{"name":"MeshMouthR.265","from":[1.433658288485,0.743623513633,-1.285838923124],"to":[3.538300508394,0.911638255717,-0.872082889926],"rotationOrigin":[2.646997928619,0.636048316956,1.087602138519],"stepParentName":"b_Jaw","rotationX":5.059720894215,"rotationY":-0.706700089988,"rotationZ":-179.476088518481,"group":"wolf0-jaw.013","faces":{"north":{"texture":"#head","uv":[10.0,59.0,11.0,60.0],"autoUv":false},"east":{"texture":"#head","uv":[11.0,59.0,13.0,60.0],"autoUv":false},"south":{"texture":"#head","uv":[13.0,59.0,14.0,60.0],"autoUv":false},"west":{"texture":"#head","uv":[11.0,59.0,13.0,60.0],"autoUv":false},"up":{"texture":"#head","uv":[11.0,58.0,13.0,59.0],"autoUv":false,"rotation":90},"down":{"texture":"#head","uv":[13.0,61.0,11.0,60.0],"autoUv":false,"rotation":270}},"children":[]}],"groups":[]}