{"textureWidth":64,"textureHeight":64,"textures":{},"textureSizes":{"head":[64,64]},"elements":[{"name":"MeshMouthNoseTop","from":[-5.315664010583,1.055163332079,-0.522088183784],"to":[-4.603817266883,1.55454736128,0.496098209867],"rotationOrigin":[-4.959740638733,1.30485534668,-0.012994986959],"stepParentName":"b_Head","rotationX":-1.3660378e-05,"rotationY":1e-12,"rotationZ":1.913755185858,"group":"head-possum0","faces":{"north":{"texture":"#head","uv":[55.0,59.0,58.0,61.0],"autoUv":false},"east":{"texture":"#head","uv":[60.0,59.0,62.0,61.0],"autoUv":false},"south":{"texture":"#head","uv":[60.0,59.0,63.0,61.0],"autoUv":false},"west":{"texture":"#head","uv":[58.0,59.0,60.0,61.0],"autoUv":false},"up":{"texture":"#head","uv":[58.0,57.0,60.0,59.0],"autoUv":false,"rotation":90},"down":{"texture":"#head","uv":[60.0,63.0,58.0,61.0],"autoUv":false,"rotation":270}},"children":[]},{"name":"MeshHead.001","from":[-3.107491850853,0.45139169693,-2.171022691095],"to":[1.197614312172,4.863305568695,2.171021662391],"rotationOrigin":[-0.954938769341,2.657348632812,-5.14352e-07],"stepParentName":"b_Head","rotationX":-1.3660375e-05,"rotationY":1e-12,"rotationZ":0.0,"group":"head-possum0","faces":{"north":{"texture":"#head","uv":[31.0,12.0,37.0,22.0],"autoUv":false},"east":{"texture":"#head","uv":[21.0,1.0,27.0,7.0],"autoUv":false},"south":{"texture":"#head","uv":[37.0,12.0,31.0,22.0],"autoUv":false},"west":{"texture":"#head","uv":[32.0,12.0,37.0,22.0],"autoUv":false},"up":{"texture":"#head","uv":[2.0,7.0,8.0,14.0],"autoUv":false,"rotation":90},"down":{"texture":"#head","uv":[14.0,14.0,8.0,7.0],"autoUv":false,"rotation":90}},"children":[]},{"name":"MeshNeck.001","from":[-1.680840969086,-2.13113451004,-1.499999909828],"to":[1.31915974617,1.868866443634,1.500000090172],"rotationOrigin":[-0.180840611458,-0.131134033203,9.0172e-08],"stepParentName":"b_Head","rotationX":-1.4533892e-05,"rotationY":1.1099057e-05,"rotationZ":9.00004293913,"group":"head-possum0","faces":{"north":{"texture":"#head","uv":[27.0,3.0,36.0,14.0],"autoUv":false},"east":{"texture":"#head","uv":[27.0,3.0,36.0,14.0],"autoUv":false},"south":{"texture":"#head","uv":[27.0,3.0,36.0,14.0],"autoUv":false},"west":{"texture":"#head","uv":[36.0,3.0,44.0,14.0],"autoUv":false},"up":{"texture":"#head","uv":[36.0,0.0,44.0,9.0],"autoUv":false,"rotation":90},"down":{"texture":"#head","uv":[44.0,9.0,36.0,0.0],"autoUv":false,"rotation":270}},"children":[]},{"name":"MeshMouthR.005","from":[-5.268125772476,0.434364259243,-0.968657372519],"to":[-2.525250673294,1.497978270054,0.978912414983],"rotationOrigin":[-3.896688222885,0.966171264648,0.005127551034],"stepParentName":"b_Head","rotationX":-1.3660375e-05,"rotationY":1e-12,"rotationZ":0.0,"group":"head-possum0","faces":{"north":{"texture":"#head","uv":[38.0,22.0,41.0,25.0],"autoUv":false,"rotation":90},"east":{"texture":"#head","uv":[38.0,19.0,41.0,22.0],"autoUv":false,"rotation":90},"south":{"texture":"#head","uv":[38.0,16.0,41.0,19.0],"autoUv":false,"rotation":90},"west":{"texture":"#head","uv":[55.0,19.0,58.0,22.0],"autoUv":false,"rotation":90},"up":{"texture":"#head","uv":[36.0,19.0,38.0,22.0],"autoUv":false,"rotation":180},"down":{"texture":"#head","uv":[44.0,22.0,41.0,19.0],"autoUv":false}},"children":[]},{"name":"Head","from":[-2.719010591507,-0.00108397007,-2.5],"to":[-2.719010591507,-0.00108397007,-2.5],"rotationOrigin":[-2.719010591507,-0.00108397007,-2.5],"rotationX":-1.3660375e-05,"rotationY":1e-12,"rotationZ":0.0,"faces":{"north":{"texture":"#null","uv":[0.0,0.0,0.0,0.0],"enabled":false},"east":{"texture":"#null","uv":[0.0,0.0,0.0,0.0],"enabled":false},"south":{"texture":"#null","uv":[0.0,0.0,0.0,0.0],"enabled":false},"west":{"texture":"#null","uv":[0.0,0.0,0.0,0.0],"enabled":false},"up":{"texture":"#null","uv":[0.0,0.0,0.0,0.0],"enabled":false},"down":{"texture":"#null","uv":[0.0,0.0,0.0,0.0],"enabled":false}},"children":[],"stepParentName":"b_Head"},{"name":"MeshMouthR.019","from":[-3.213050961494,0.327241365632,-0.539697416127],"to":[-2.113019824028,2.477938111106,0.514610759914],"rotationOrigin":[-2.663035392761,1.402589797974,-0.012543328106],"stepParentName":"b_Head","rotationX":90.000002504478,"rotationY":6.570988186766,"rotationZ":-90.000091296937,"group":"head-possum0","faces":{"north":{"texture":"#head","uv":[51.0,16.0,54.0,20.0],"autoUv":false},"east":{"texture":"#head","uv":[50.0,20.0,51.0,21.0],"autoUv":false,"rotation":90},"south":{"texture":"#head","uv":[51.0,21.0,54.0,24.0],"autoUv":false,"rotation":180},"west":{"texture":"#head","uv":[54.0,20.0,55.0,21.0],"autoUv":false,"rotation":270},"up":{"texture":"#head","uv":[51.0,20.0,54.0,21.0],"autoUv":false},"down":{"texture":"#head","uv":[54.0,21.0,51.0,20.0],"autoUv":false,"rotation":180}},"children":[]},{"name":"MeshMouthR.010","from":[-3.234710790472,0.389837936564,0.177730065175],"to":[-2.199861906214,2.467828212671,1.133666614847],"rotationOrigin":[-2.717286348343,1.428833127022,0.655698418617],"stepParentName":"b_Head","rotationX":89.835613511534,"rotationY":5.706377164736,"rotationZ":-76.237908987333,"group":"head-possum0","faces":{"north":{"texture":"#head","uv":[51.0,16.0,54.0,20.0],"autoUv":false},"east":{"texture":"#head","uv":[50.0,20.0,51.0,21.0],"autoUv":false,"rotation":90},"south":{"texture":"#head","uv":[51.0,21.0,54.0,24.0],"autoUv":false,"rotation":180},"west":{"texture":"#head","uv":[54.0,20.0,55.0,21.0],"autoUv":false,"rotation":270},"up":{"texture":"#head","uv":[51.0,20.0,54.0,21.0],"autoUv":false},"down":{"texture":"#head","uv":[54.0,21.0,51.0,20.0],"autoUv":false,"rotation":180}},"children":[]},{"name":"MeshMouthR.022","from":[-3.88970053196,0.434365391731,0.267513275146],"to":[-2.286616802216,1.488673448563,1.392631411552],"rotationOrigin":[-3.088158607483,0.961519420147,0.830072343349],"stepParentName":"b_Head","rotationX":-1.3660376e-05,"rotationY":-17.690015780509,"rotationZ":0.0,"group":"head-possum0","faces":{"north":{"texture":"#head","uv":[53.0,22.0,56.0,25.0],"autoUv":false,"rotation":90},"east":{"texture":"#head","uv":[53.0,19.0,56.0,22.0],"autoUv":false,"rotation":90},"south":{"texture":"#head","uv":[53.0,16.0,56.0,19.0],"autoUv":false,"rotation":90},"west":{"texture":"#head","uv":[53.0,19.0,56.0,22.0],"autoUv":false,"rotation":90},"up":{"texture":"#head","uv":[51.0,19.0,53.0,22.0],"autoUv":false,"rotation":180},"down":{"texture":"#head","uv":[59.0,22.0,56.0,19.0],"autoUv":false}},"children":[]},{"name":"MeshMouthR.023","from":[-4.524574384744,0.534253018522,-0.092346586301],"to":[-3.491578094693,1.917052609301,0.770317234113],"rotationOrigin":[-4.008076190948,1.225652813911,0.338985323906],"stepParentName":"b_Head","rotationX":87.754871512971,"rotationY":14.710422594719,"rotationZ":-80.046900581774,"group":"head-possum0","faces":{"north":{"texture":"#head","uv":[53.0,16.0,56.0,20.0],"autoUv":false},"east":{"texture":"#head","uv":[52.0,20.0,53.0,21.0],"autoUv":false,"rotation":90},"south":{"texture":"#head","uv":[53.0,21.0,56.0,24.0],"autoUv":false,"rotation":180},"west":{"texture":"#head","uv":[56.0,20.0,57.0,21.0],"autoUv":false,"rotation":270},"up":{"texture":"#head","uv":[53.0,20.0,56.0,21.0],"autoUv":false},"down":{"texture":"#head","uv":[56.0,21.0,53.0,20.0],"autoUv":false,"rotation":180}},"children":[]},{"name":"MeshMouthR.024","from":[-3.218798636746,0.190171237526,1.206265858641],"to":[-2.581386616963,2.439212464575,1.552680484887],"rotationOrigin":[-2.900092601776,1.314691901207,1.379473209381],"stepParentName":"b_Head","rotationX":89.544565490622,"rotationY":0.49896159393,"rotationZ":-62.225673452214,"group":"head-possum0","faces":{"north":{"texture":"#head","uv":[51.0,16.0,54.0,20.0],"autoUv":false},"east":{"texture":"#head","uv":[50.0,20.0,51.0,21.0],"autoUv":false,"rotation":90},"south":{"texture":"#head","uv":[51.0,21.0,54.0,24.0],"autoUv":false,"rotation":180},"west":{"texture":"#head","uv":[54.0,20.0,55.0,21.0],"autoUv":false,"rotation":270},"up":{"texture":"#head","uv":[51.0,20.0,54.0,21.0],"autoUv":false},"down":{"texture":"#head","uv":[54.0,21.0,51.0,20.0],"autoUv":false,"rotation":180}},"children":[]},{"name":"MeshMouthR.029","from":[-5.214526414871,0.434365332127,0.007534921169],"to":[-1.803884744644,1.488673388958,1.132653057575],"rotationOrigin":[-3.509205579758,0.961519360542,0.570093989372],"stepParentName":"b_Head","rotationX":-1.3660375e-05,"rotationY":-5.269309090878,"rotationZ":-0.0,"group":"head-possum0","faces":{"north":{"texture":"#head","uv":[54.0,23.0,57.0,26.0],"autoUv":false,"rotation":90},"east":{"texture":"#head","uv":[54.0,20.0,57.0,23.0],"autoUv":false,"rotation":90},"south":{"texture":"#head","uv":[54.0,17.0,57.0,20.0],"autoUv":false,"rotation":90},"west":{"texture":"#head","uv":[54.0,20.0,57.0,23.0],"autoUv":false,"rotation":90},"up":{"texture":"#head","uv":[52.0,20.0,54.0,23.0],"autoUv":false,"rotation":180},"down":{"texture":"#head","uv":[60.0,23.0,57.0,20.0],"autoUv":false}},"children":[]},{"name":"FluffR.025","from":[-0.481013994681,1.183229218346,-4.103351265022],"to":[0.236913662421,3.478333110747,-1.399447769096],"rotationOrigin":[-0.12205016613,2.33078122139,-2.751399517059],"stepParentName":"b_Head","rotationX":18.792990586176,"rotationY":-73.408400670818,"rotationZ":14.83603318865,"group":"head-possum0","faces":{"north":{"texture":"head","uv":[57.0,57.0,63.0,63.0],"autoUv":false,"rotation":180,"enabled":false},"east":{"texture":"#head","uv":[36.0,23.0,32.0,29.0],"autoUv":false,"rotation":270},"south":{"texture":"#head","uv":[51.0,15.0,52.0,23.0],"autoUv":false,"rotation":180},"west":{"texture":"#head","uv":[32.0,23.0,36.0,29.0],"autoUv":false,"rotation":90},"up":{"texture":"#head","uv":[32.0,20.0,34.0,29.0],"autoUv":false,"rotation":180},"down":{"texture":"#head","uv":[32.0,29.0,34.0,22.0],"autoUv":false}},"children":[]},{"name":"FluffR.010","from":[-1.027846566468,2.167334595568,-3.744340524209],"to":[-0.323925145836,4.417663423762,-1.093188181388],"rotationOrigin":[-0.675885856152,3.292499065399,-2.418764352798],"stepParentName":"b_Head","rotationX":54.806435107801,"rotationY":-62.028233173877,"rotationZ":53.369998514023,"group":"head-possum0","faces":{"north":{"texture":"head","uv":[57.0,57.0,63.0,63.0],"autoUv":false,"rotation":180,"enabled":false},"east":{"texture":"#head","uv":[37.0,22.0,30.0,28.0],"autoUv":false,"rotation":270},"south":{"texture":"#head","uv":[34.0,13.0,35.0,23.0],"autoUv":false},"west":{"texture":"#head","uv":[30.0,22.0,37.0,28.0],"autoUv":false,"rotation":90},"up":{"texture":"#head","uv":[30.0,21.0,32.0,30.0],"autoUv":false,"rotation":180},"down":{"texture":"#head","uv":[34.0,30.0,36.0,23.0],"autoUv":false}},"children":[]},{"name":"MeshMouthR.002","from":[-4.699476132648,0.794318757937,-0.85548426276],"to":[-3.316676346789,1.656982578351,0.177512124832],"rotationOrigin":[-4.008076190948,1.225650668144,-0.338986068964],"stepParentName":"b_Head","rotationX":-0.306362185486,"rotationY":9.623710073565,"rotationZ":-165.074757596914,"group":"head-possum0","faces":{"north":{"texture":"#head","uv":[55.0,20.0,54.0,21.0],"autoUv":false,"rotation":180},"east":{"texture":"#head","uv":[54.0,20.0,51.0,21.0],"autoUv":false,"rotation":180},"south":{"texture":"#head","uv":[51.0,20.0,50.0,21.0],"autoUv":false,"rotation":180},"west":{"texture":"#head","uv":[54.0,20.0,51.0,21.0],"autoUv":false,"rotation":180},"up":{"texture":"#head","uv":[54.0,21.0,51.0,24.0],"autoUv":false,"rotation":90},"down":{"texture":"#head","uv":[51.0,20.0,54.0,16.0],"autoUv":false,"rotation":270}},"children":[]},{"name":"MeshMouthR.009","from":[-3.756281363554,0.950864430352,-1.173123526523],"to":[-1.678291437941,1.906801137237,-0.138274555209],"rotationOrigin":[-2.717286348343,1.428832888603,-0.655699014664],"stepParentName":"b_Head","rotationX":-1.230679492909,"rotationY":13.692536578185,"rotationZ":-174.126124285015,"group":"head-possum0","faces":{"north":{"texture":"#head","uv":[55.0,20.0,54.0,21.0],"autoUv":false,"rotation":180},"east":{"texture":"#head","uv":[54.0,20.0,51.0,21.0],"autoUv":false,"rotation":180},"south":{"texture":"#head","uv":[51.0,20.0,50.0,21.0],"autoUv":false,"rotation":180},"west":{"texture":"#head","uv":[54.0,20.0,51.0,21.0],"autoUv":false,"rotation":180},"up":{"texture":"#head","uv":[54.0,21.0,51.0,24.0],"autoUv":false,"rotation":90},"down":{"texture":"#head","uv":[51.0,20.0,54.0,16.0],"autoUv":false,"rotation":270}},"children":[]},{"name":"MeshMouthR.020","from":[-4.024613441893,1.141483872558,-1.698179640751],"to":[-1.775572138183,1.48789841157,-1.060767455475],"rotationOrigin":[-2.900092840195,1.314691185951,-1.3794734478],"stepParentName":"b_Head","rotationX":0.19263355939,"rotationY":27.774165127724,"rotationZ":-179.436049949567,"group":"head-possum0","faces":{"north":{"texture":"#head","uv":[55.0,20.0,54.0,21.0],"autoUv":false,"rotation":180},"east":{"texture":"#head","uv":[54.0,20.0,51.0,21.0],"autoUv":false,"rotation":180},"south":{"texture":"#head","uv":[51.0,20.0,50.0,21.0],"autoUv":false,"rotation":180},"west":{"texture":"#head","uv":[54.0,20.0,51.0,21.0],"autoUv":false,"rotation":180},"up":{"texture":"#head","uv":[54.0,21.0,51.0,24.0],"autoUv":false,"rotation":90},"down":{"texture":"#head","uv":[51.0,20.0,54.0,16.0],"autoUv":false,"rotation":270}},"children":[]},{"name":"MeshMouthR.028","from":[-5.21452665329,0.434365093708,-1.132653594017],"to":[-1.803884744644,1.488673150539,-0.007535278797],"rotationOrigin":[-3.509205579758,0.961519122124,-0.570094466209],"stepParentName":"b_Head","rotationX":-1.3660375e-05,"rotationY":5.269302687576,"rotationZ":-179.999991348578,"group":"head-possum0","faces":{"north":{"texture":"#head","uv":[57.0,17.0,54.0,20.0],"autoUv":false,"rotation":90},"east":{"texture":"#head","uv":[57.0,20.0,54.0,23.0],"autoUv":false,"rotation":90},"south":{"texture":"#head","uv":[57.0,23.0,54.0,26.0],"autoUv":false,"rotation":90},"west":{"texture":"#head","uv":[57.0,20.0,54.0,23.0],"autoUv":false,"rotation":90},"up":{"texture":"#head","uv":[60.0,20.0,57.0,23.0],"autoUv":false},"down":{"texture":"#head","uv":[52.0,23.0,54.0,20.0],"autoUv":false,"rotation":180}},"children":[]},{"name":"FluffR.002","from":[-2.001462214118,2.940537786115,1.293599111472],"to":[0.649690240171,3.644459189743,3.543928417515],"rotationOrigin":[-0.675886154175,3.292498111725,2.418763875961],"stepParentName":"b_Head","rotationX":85.1021763035,"rotationY":22.11112039063,"rotationZ":-162.418456047562,"group":"head-possum0","faces":{"north":{"texture":"#head","uv":[32.0,21.0,30.0,30.0],"autoUv":false,"rotation":270},"east":{"texture":"#head","uv":[35.0,13.0,34.0,23.0],"autoUv":false,"rotation":90},"south":{"texture":"#head","uv":[34.0,23.0,36.0,30.0],"autoUv":false,"rotation":90},"west":{"texture":"head","uv":[63.0,57.0,57.0,63.0],"autoUv":false,"rotation":90,"enabled":false},"up":{"texture":"#head","uv":[30.0,22.0,37.0,28.0],"autoUv":false,"rotation":90},"down":{"texture":"#head","uv":[30.0,28.0,37.0,22.0],"autoUv":false,"rotation":90}},"children":[]},{"name":"FluffR.029","from":[-1.474001890429,1.971821077742,1.60384685177],"to":[1.229901774493,2.689748779715,3.898950887617],"rotationOrigin":[-0.122050285339,2.33078455925,2.751399040222],"stepParentName":"b_Head","rotationX":85.450939422899,"rotationY":4.192956655049,"rotationZ":-163.932531401635,"group":"head-possum0","faces":{"north":{"texture":"#head","uv":[34.0,20.0,32.0,29.0],"autoUv":false,"rotation":270},"east":{"texture":"#head","uv":[52.0,15.0,51.0,23.0],"autoUv":false,"rotation":270},"south":{"texture":"#head","uv":[32.0,22.0,34.0,29.0],"autoUv":false,"rotation":90},"west":{"texture":"head","uv":[63.0,57.0,57.0,63.0],"autoUv":false,"rotation":90,"enabled":false},"up":{"texture":"#head","uv":[32.0,23.0,36.0,29.0],"autoUv":false,"rotation":90},"down":{"texture":"#head","uv":[32.0,29.0,36.0,23.0],"autoUv":false,"rotation":90}},"children":[]},{"name":"FluffR.012","from":[-3.29968559742,1.678229808807,-2.448903501034],"to":[0.174271702766,4.51350736618,-1.992820203304],"rotationOrigin":[-1.562706828117,3.095868587494,-2.220861911774],"stepParentName":"b_Head","rotationX":4.10745e-07,"rotationY":13.308627012864,"rotationZ":-90.000029825235,"group":"fluff","faces":{"north":{"texture":"#head","uv":[28.0,22.0,36.0,28.0],"autoUv":false,"rotation":180},"east":{"texture":"#head","uv":[45.0,20.0,43.0,29.0],"autoUv":false,"rotation":180},"south":{"texture":"#head","uv":[37.0,22.0,30.0,28.0],"autoUv":false,"rotation":180},"west":{"texture":"#head","uv":[28.0,19.0,30.0,28.0],"autoUv":false,"rotation":180},"up":{"texture":"head","uv":[57.0,57.0,63.0,63.0],"autoUv":false,"rotation":90,"enabled":false},"down":{"texture":"#head","uv":[35.0,23.0,34.0,13.0],"autoUv":false,"rotation":270}},"children":[]},{"name":"FluffR.018","from":[-1.536358892918,-0.298635482788,-3.074019134045],"to":[0.183486640453,2.757504343987,-2.090017259121],"rotationOrigin":[-0.676436126232,1.229434370995,-2.582018136978],"stepParentName":"b_Head","rotationX":-1.600595708167,"rotationY":21.550814359805,"rotationZ":-81.945925397469,"group":"fluff","faces":{"north":{"texture":"#head","uv":[32.0,22.0,35.0,28.0],"autoUv":false,"rotation":180},"east":{"texture":"#head","uv":[35.0,23.0,33.0,27.0],"autoUv":false,"rotation":180},"south":{"texture":"#head","uv":[22.0,21.0,19.0,27.0],"autoUv":false,"rotation":180},"west":{"texture":"#head","uv":[33.0,21.0,35.0,27.0],"autoUv":false,"rotation":180},"up":{"texture":"head","uv":[57.0,57.0,63.0,63.0],"autoUv":false,"rotation":90,"enabled":false},"down":{"texture":"#head","uv":[40.0,24.0,39.0,16.0],"autoUv":false,"rotation":90}},"children":[]},{"name":"FluffR.032","from":[-2.26816213131,3.580983638763,-1.694945002089],"to":[-1.543558239937,5.873106479645,1.694946145524],"rotationOrigin":[-1.905860185623,4.727045059204,5.71717e-07],"stepParentName":"b_Head","rotationX":-1.3660375e-05,"rotationY":1e-12,"rotationZ":-77.927520203076,"group":"fluff","faces":{"north":{"texture":"#head","uv":[21.0,20.0,19.0,27.0],"autoUv":false,"rotation":180},"east":{"texture":"#head","uv":[27.0,21.0,20.0,27.0],"autoUv":false,"rotation":180},"south":{"texture":"#head","uv":[19.0,18.0,21.0,27.0],"autoUv":false,"rotation":180},"west":{"texture":"#head","uv":[20.0,21.0,27.0,27.0],"autoUv":false,"rotation":180},"up":{"texture":"head","uv":[57.0,57.0,63.0,63.0],"autoUv":false,"enabled":false},"down":{"texture":"#head","uv":[5.0,24.0,4.0,16.0],"autoUv":false,"rotation":180}},"children":[]},{"name":"FluffR.033","from":[-0.408331811428,3.528487682343,-1.694944989573],"to":[0.316272079945,5.820610523224,1.69494615804],"rotationOrigin":[-0.046029865742,4.674549102783,5.84233e-07],"stepParentName":"b_Head","rotationX":-1.3660373e-05,"rotationY":1e-12,"rotationZ":-79.808294753309,"group":"fluff","faces":{"north":{"texture":"#head","uv":[21.0,20.0,19.0,27.0],"autoUv":false,"rotation":180},"east":{"texture":"#head","uv":[28.0,21.0,21.0,27.0],"autoUv":false,"rotation":180},"south":{"texture":"#head","uv":[19.0,18.0,21.0,27.0],"autoUv":false,"rotation":180},"west":{"texture":"#head","uv":[18.0,21.0,25.0,27.0],"autoUv":false,"rotation":180},"up":{"texture":"head","uv":[57.0,57.0,63.0,63.0],"autoUv":false,"enabled":false},"down":{"texture":"#head","uv":[5.0,24.0,4.0,16.0],"autoUv":false,"rotation":180}},"children":[]},{"name":"FluffR.005","from":[-1.065621776572,-0.298637151718,-2.792235374451],"to":[0.65422408103,2.75750207901,-1.808234214783],"rotationOrigin":[-0.205698847771,1.229432463646,-2.300234794617],"stepParentName":"b_Head","rotationX":-1.491364228031,"rotationY":-3.440376957106,"rotationZ":-82.623527974459,"group":"fluff","faces":{"north":{"texture":"#head","uv":[36.0,23.0,39.0,29.0],"autoUv":false,"rotation":180},"east":{"texture":"#head","uv":[21.0,20.0,19.0,27.0],"autoUv":false,"rotation":180},"south":{"texture":"#head","uv":[22.0,21.0,19.0,27.0],"autoUv":false,"rotation":180},"west":{"texture":"#head","uv":[36.0,23.0,38.0,29.0],"autoUv":false,"rotation":180},"up":{"texture":"head","uv":[57.0,57.0,63.0,63.0],"autoUv":false,"rotation":90,"enabled":false},"down":{"texture":"#head","uv":[50.0,25.0,49.0,17.0],"autoUv":false,"rotation":90}},"children":[]},{"name":"FluffL.003","from":[-3.569849252701,0.556375414034,-2.587900280952],"to":[-1.416605949402,1.054719150165,-1.348064780235],"rotationOrigin":[-2.493227720261,0.805547237396,-1.967982530594],"stepParentName":"b_Head","rotationX":91.306214711541,"rotationY":6.354170234866,"rotationZ":-80.071509753353,"group":"fluff","faces":{"north":{"texture":"#head","uv":[38.0,18.0,40.0,25.0],"autoUv":false,"rotation":90},"east":{"texture":"head","uv":[58.0,59.0,62.0,63.0],"autoUv":false,"rotation":90,"enabled":false},"south":{"texture":"#head","uv":[39.0,18.0,40.0,27.0],"autoUv":false,"rotation":270},"west":{"texture":"#head","uv":[50.0,8.0,55.0,14.0],"autoUv":false,"rotation":270},"up":{"texture":"#head","uv":[39.0,17.0,42.0,27.0],"autoUv":false,"rotation":270},"down":{"texture":"#head","uv":[37.0,27.0,34.0,19.0],"autoUv":false,"rotation":270}},"children":[]},{"name":"FluffL.006","from":[-3.765215494405,0.424540960482,-2.631704855955],"to":[-1.875096764398,1.0480763953,-1.474514809355],"rotationOrigin":[-2.820156335831,0.736308574677,-2.053109884262],"stepParentName":"b_Head","rotationX":93.278151796626,"rotationY":5.792310762891,"rotationZ":-63.797129225505,"group":"fluff","faces":{"north":{"texture":"#head","uv":[43.0,19.0,45.0,26.0],"autoUv":false,"rotation":90},"east":{"texture":"head","uv":[58.0,59.0,62.0,63.0],"autoUv":false,"rotation":90,"enabled":false},"south":{"texture":"#head","uv":[37.0,18.0,39.0,27.0],"autoUv":false,"rotation":270},"west":{"texture":"#head","uv":[57.0,18.0,54.0,24.0],"autoUv":false,"rotation":270},"up":{"texture":"#head","uv":[36.0,17.0,39.0,27.0],"autoUv":false,"rotation":270},"down":{"texture":"#head","uv":[45.0,27.0,42.0,19.0],"autoUv":false,"rotation":270}},"children":[]},{"name":"FluffR.001","from":[-3.941704430186,0.488243478464,-2.54774305381],"to":[-2.473174353956,0.885912415824,-1.395400842765],"rotationOrigin":[-3.207439184189,0.687077999115,-1.971571922302],"stepParentName":"b_Head","rotationX":94.163597030059,"rotationY":8.572135002723,"rotationZ":-67.906587671724,"group":"fluff","faces":{"north":{"texture":"#head","uv":[35.0,17.0,37.0,24.0],"autoUv":false,"rotation":90},"east":{"texture":"head","uv":[57.0,57.0,63.0,63.0],"autoUv":false,"rotation":90,"enabled":false},"south":{"texture":"#head","uv":[37.0,17.0,39.0,26.0],"autoUv":false,"rotation":270},"west":{"texture":"#head","uv":[49.0,1.0,52.0,5.0],"autoUv":false,"rotation":270},"up":{"texture":"#head","uv":[35.0,19.0,38.0,27.0],"autoUv":false,"rotation":270},"down":{"texture":"#head","uv":[41.0,27.0,38.0,19.0],"autoUv":false,"rotation":270}},"children":[]},{"name":"FluffR.003","from":[-2.980345606804,2.867825940251,0.483882904053],"to":[-0.145067691803,3.323909267783,3.957840204239],"rotationOrigin":[-1.562706708908,3.09586763382,2.220861673355],"stepParentName":"b_Head","rotationX":89.999954693154,"rotationY":-2.39769e-07,"rotationZ":-166.691381411186,"group":"fluff","faces":{"north":{"texture":"#head","uv":[30.0,19.0,28.0,28.0],"autoUv":false,"rotation":270},"east":{"texture":"#head","uv":[35.0,13.0,34.0,23.0],"autoUv":false,"rotation":90},"south":{"texture":"#head","uv":[43.0,20.0,45.0,29.0],"autoUv":false,"rotation":90},"west":{"texture":"head","uv":[63.0,57.0,57.0,63.0],"autoUv":false,"rotation":90,"enabled":false},"up":{"texture":"#head","uv":[30.0,22.0,37.0,28.0],"autoUv":false,"rotation":90},"down":{"texture":"#head","uv":[28.0,28.0,36.0,22.0],"autoUv":false,"rotation":90}},"children":[]},{"name":"FluffR.004","from":[-2.204505678645,0.737434387207,1.722095242734],"to":[0.851633903018,1.721436351538,3.441941031222],"rotationOrigin":[-0.676435649395,1.229435563087,2.582018136978],"stepParentName":"b_Head","rotationX":88.625146896257,"rotationY":7.487658056876,"rotationZ":-158.254513182333,"group":"fluff","faces":{"north":{"texture":"#head","uv":[35.0,21.0,33.0,27.0],"autoUv":false,"rotation":270},"east":{"texture":"#head","uv":[40.0,16.0,39.0,24.0],"autoUv":false,"rotation":270},"south":{"texture":"#head","uv":[33.0,23.0,35.0,27.0],"autoUv":false,"rotation":90},"west":{"texture":"head","uv":[63.0,57.0,57.0,63.0],"autoUv":false,"rotation":90,"enabled":false},"up":{"texture":"#head","uv":[19.0,21.0,22.0,27.0],"autoUv":false,"rotation":90},"down":{"texture":"#head","uv":[32.0,28.0,35.0,22.0],"autoUv":false,"rotation":90}},"children":[]},{"name":"FluffR.006","from":[-1.733768074031,0.737432956696,1.440310809631],"to":[1.322370855327,1.72143432498,3.160156991463],"rotationOrigin":[-0.205698549747,1.229433655739,2.300233840942],"stepParentName":"b_Head","rotationX":-88.063534591753,"rotationY":172.636897159142,"rotationZ":-3.469168979222,"group":"fluff","faces":{"north":{"texture":"#head","uv":[38.0,23.0,36.0,29.0],"autoUv":false,"rotation":270},"east":{"texture":"#head","uv":[50.0,17.0,49.0,25.0],"autoUv":false,"rotation":270},"south":{"texture":"#head","uv":[19.0,20.0,21.0,27.0],"autoUv":false,"rotation":90},"west":{"texture":"head","uv":[63.0,57.0,57.0,63.0],"autoUv":false,"rotation":90,"enabled":false},"up":{"texture":"#head","uv":[19.0,21.0,22.0,27.0],"autoUv":false,"rotation":90},"down":{"texture":"#head","uv":[36.0,29.0,39.0,23.0],"autoUv":false,"rotation":90}},"children":[]},{"name":"FluffL.004","from":[-3.569849252701,0.556378155848,1.34806398272],"to":[-1.41660630703,1.054722055892,2.587899409537],"rotationOrigin":[-2.493227720261,0.805550098419,1.967981696129],"stepParentName":"b_Head","rotationX":-91.306248862486,"rotationY":-6.35415486694,"rotationZ":99.928426953711,"group":"fluff","faces":{"north":{"texture":"#head","uv":[40.0,18.0,39.0,27.0],"autoUv":false,"rotation":270},"east":{"texture":"#head","uv":[55.0,8.0,50.0,14.0],"autoUv":false,"rotation":270},"south":{"texture":"#head","uv":[40.0,18.0,38.0,25.0],"autoUv":false,"rotation":90},"west":{"texture":"head","uv":[62.0,59.0,58.0,63.0],"autoUv":false,"rotation":90,"enabled":false},"up":{"texture":"#head","uv":[37.0,19.0,34.0,27.0],"autoUv":false,"rotation":90},"down":{"texture":"#head","uv":[39.0,27.0,42.0,17.0],"autoUv":false,"rotation":90}},"children":[]},{"name":"FluffL.005","from":[-3.765215359201,0.424539580927,1.474514622543],"to":[-1.875096938837,1.04807524822,2.631704617536],"rotationOrigin":[-2.820156097412,0.736307621002,2.053109645844],"stepParentName":"b_Head","rotationX":-93.278172287193,"rotationY":-5.792303078928,"rotationZ":116.202827972127,"group":"fluff","faces":{"north":{"texture":"#head","uv":[39.0,18.0,37.0,27.0],"autoUv":false,"rotation":270},"east":{"texture":"#head","uv":[54.0,18.0,57.0,24.0],"autoUv":false,"rotation":270},"south":{"texture":"#head","uv":[45.0,19.0,43.0,26.0],"autoUv":false,"rotation":90},"west":{"texture":"head","uv":[62.0,59.0,58.0,63.0],"autoUv":false,"rotation":90,"enabled":false},"up":{"texture":"#head","uv":[45.0,19.0,42.0,27.0],"autoUv":false,"rotation":90},"down":{"texture":"#head","uv":[36.0,27.0,39.0,17.0],"autoUv":false,"rotation":90}},"children":[]},{"name":"FluffR.011","from":[-3.941704297485,0.488244469917,1.395400858033],"to":[-2.473173801938,0.885913422669,2.547743173019],"rotationOrigin":[-3.20743894577,0.687078952789,1.971572041512],"stepParentName":"b_Head","rotationX":-94.163651671572,"rotationY":-8.572140125365,"rotationZ":112.093362695719,"group":"fluff","faces":{"north":{"texture":"#head","uv":[39.0,17.0,37.0,26.0],"autoUv":false,"rotation":270},"east":{"texture":"#head","uv":[52.0,1.0,49.0,5.0],"autoUv":false,"rotation":270},"south":{"texture":"#head","uv":[37.0,17.0,35.0,24.0],"autoUv":false,"rotation":90},"west":{"texture":"head","uv":[63.0,57.0,57.0,63.0],"autoUv":false,"rotation":90,"enabled":false},"up":{"texture":"#head","uv":[41.0,19.0,38.0,27.0],"autoUv":false,"rotation":90},"down":{"texture":"#head","uv":[35.0,27.0,38.0,19.0],"autoUv":false,"rotation":90}},"children":[]},{"name":"MeshTongue","from":[1.051100194454,0.241019465029,-0.464524727747],"to":[2.597403585911,0.413784764707,0.480014731609],"rotationOrigin":[1.824251890182,0.327402114868,0.007745001931],"stepParentName":"b_Jaw","rotationX":-0.178066927004,"rotationY":-0.037545536527,"rotationZ":-179.430121345367,"group":"wolf0-jaw","faces":{"north":{"texture":"#head","uv":[34.0,56.0,33.0,63.0],"autoUv":false,"rotation":270},"east":{"texture":"head","uv":[39.0,61.0,35.0,62.0],"autoUv":false,"rotation":180,"enabled":false},"south":{"texture":"#head","uv":[39.0,56.0,38.0,63.0],"autoUv":false,"rotation":90},"west":{"texture":"#head","uv":[38.0,63.0,34.0,64.0],"autoUv":false,"rotation":180},"up":{"texture":"#head","uv":[34.0,56.0,38.0,63.0],"autoUv":false,"rotation":90},"down":{"texture":"#head","uv":[39.0,63.0,35.0,56.0],"autoUv":false,"rotation":270}},"children":[]},{"name":"MeshMouthR.021","from":[-0.635923862457,0.347031354904,-0.25623857975],"to":[1.97396671772,0.751108407974,1.420594215393],"rotationOrigin":[0.669021487236,0.549069881439,0.582177758217],"stepParentName":"b_Jaw","rotationX":-0.331386691264,"rotationY":15.022692013383,"rotationZ":-179.409958626937,"group":"wolf0-jaw","faces":{"north":{"texture":"#head","uv":[54.0,5.0,55.0,6.0],"autoUv":false},"east":{"texture":"#head","uv":[55.0,5.0,58.0,6.0],"autoUv":false},"south":{"texture":"#head","uv":[58.0,5.0,59.0,6.0],"autoUv":false},"west":{"texture":"#head","uv":[55.0,5.0,58.0,6.0],"autoUv":false},"up":{"texture":"#head","uv":[55.0,1.0,58.0,5.0],"autoUv":false,"rotation":90},"down":{"texture":"#head","uv":[58.0,9.0,55.0,6.0],"autoUv":false,"rotation":270}},"children":[]},{"name":"MeshMouthR.025","from":[0.473108530045,0.369168221951,-0.350902795792],"to":[3.120088815689,0.773245260119,1.032574057579],"rotationOrigin":[1.796598672867,0.571206748486,0.340835630894],"stepParentName":"b_Jaw","rotationX":-0.22892739705,"rotationY":5.062570790646,"rotationZ":-179.427881043319,"group":"wolf0-jaw","faces":{"north":{"texture":"#head","uv":[54.0,5.0,55.0,6.0],"autoUv":false},"east":{"texture":"#head","uv":[55.0,5.0,58.0,6.0],"autoUv":false},"south":{"texture":"#head","uv":[58.0,5.0,59.0,6.0],"autoUv":false},"west":{"texture":"#head","uv":[55.0,5.0,58.0,6.0],"autoUv":false},"up":{"texture":"#head","uv":[55.0,1.0,58.0,5.0],"autoUv":false,"rotation":90},"down":{"texture":"#head","uv":[58.0,9.0,55.0,6.0],"autoUv":false,"rotation":270}},"children":[]},{"name":"MeshMouthR.026","from":[2.43290183053,0.102850058476,0.396162771934],"to":[3.474838285589,0.770592675918,0.564444816357],"rotationOrigin":[2.95387005806,0.436721384525,0.480303794146],"stepParentName":"b_Jaw","rotationX":90.299984412825,"rotationY":0.385592860106,"rotationZ":-90.99268170788,"group":"wolf0-jaw","faces":{"north":{"texture":"#head","uv":[13.0,60.0,11.0,61.0],"autoUv":false},"east":{"texture":"#head","uv":[14.0,59.0,13.0,60.0],"autoUv":false,"rotation":270},"south":{"texture":"#head","uv":[13.0,58.0,11.0,59.0],"autoUv":false,"rotation":180},"west":{"texture":"#head","uv":[11.0,59.0,10.0,60.0],"autoUv":false,"rotation":90},"up":{"texture":"#head","uv":[13.0,59.0,11.0,60.0],"autoUv":false,"rotation":180},"down":{"texture":"#head","uv":[11.0,60.0,13.0,59.0],"autoUv":false}},"children":[]},{"name":"MeshMouthR.027","from":[2.116278144208,-0.453221146466,0.814135507531],"to":[2.530034109907,1.27125090778,0.982150240951],"rotationOrigin":[2.323156118393,0.409014880657,0.898142874241],"stepParentName":"b_Jaw","rotationX":84.998371088494,"rotationY":2.954697146265,"rotationZ":-94.757632242553,"group":"wolf0-jaw","faces":{"north":{"texture":"#head","uv":[13.0,60.0,11.0,61.0],"autoUv":false},"east":{"texture":"#head","uv":[14.0,59.0,13.0,60.0],"autoUv":false,"rotation":270},"south":{"texture":"#head","uv":[13.0,58.0,11.0,59.0],"autoUv":false,"rotation":180},"west":{"texture":"#head","uv":[11.0,59.0,10.0,60.0],"autoUv":false,"rotation":90},"up":{"texture":"#head","uv":[13.0,59.0,11.0,60.0],"autoUv":false,"rotation":180},"down":{"texture":"#head","uv":[11.0,60.0,13.0,59.0],"autoUv":false}},"children":[]},{"name":"MeshMouthR.001","from":[-0.695319890976,-0.360516369343,0.888705193996],"to":[2.044215917587,0.768343389034,1.7204631567],"rotationOrigin":[0.674448013306,0.203913509846,1.304584145546],"stepParentName":"b_Jaw","rotationX":-0.455568868524,"rotationY":25.932460967091,"rotationZ":-179.366313718141,"group":"wolf0-jaw","faces":{"north":{"texture":"#head","uv":[54.0,5.0,55.0,6.0],"autoUv":false},"east":{"texture":"#head","uv":[55.0,5.0,58.0,6.0],"autoUv":false},"south":{"texture":"#head","uv":[58.0,5.0,59.0,6.0],"autoUv":false},"west":{"texture":"#head","uv":[55.0,5.0,58.0,6.0],"autoUv":false},"up":{"texture":"#head","uv":[55.0,1.0,58.0,5.0],"autoUv":false,"rotation":90},"down":{"texture":"#head","uv":[58.0,9.0,55.0,6.0],"autoUv":false,"rotation":270}},"children":[]},{"name":"MeshMouthR.003","from":[-0.635923981667,0.347032263875,-1.420593619347],"to":[1.973967194557,0.751109406352,0.256239533424],"rotationOrigin":[0.669021606445,0.549070835114,-0.582176923752],"stepParentName":"b_Jaw","rotationX":0.331488850617,"rotationY":-15.022695428478,"rotationZ":0.590041739625,"group":"wolf0-jaw","faces":{"north":{"texture":"#head","uv":[59.0,5.0,58.0,6.0],"autoUv":false,"rotation":180},"east":{"texture":"#head","uv":[58.0,5.0,55.0,6.0],"autoUv":false,"rotation":180},"south":{"texture":"#head","uv":[55.0,5.0,54.0,6.0],"autoUv":false,"rotation":180},"west":{"texture":"#head","uv":[58.0,5.0,55.0,6.0],"autoUv":false,"rotation":180},"up":{"texture":"#head","uv":[58.0,6.0,55.0,9.0],"autoUv":false,"rotation":90},"down":{"texture":"#head","uv":[55.0,5.0,58.0,1.0],"autoUv":false,"rotation":270}},"children":[]},{"name":"MeshMouthR.004","from":[0.473108887672,0.369168817997,-1.032572872431],"to":[3.120089411736,0.773245871067,0.350903875621],"rotationOrigin":[1.796599149704,0.571207344532,-0.340834408998],"stepParentName":"b_Jaw","rotationX":0.229025047411,"rotationY":-5.062572498193,"rotationZ":0.572107370412,"group":"wolf0-jaw","faces":{"north":{"texture":"#head","uv":[59.0,5.0,58.0,6.0],"autoUv":false,"rotation":180},"east":{"texture":"#head","uv":[58.0,5.0,55.0,6.0],"autoUv":false,"rotation":180},"south":{"texture":"#head","uv":[55.0,5.0,54.0,6.0],"autoUv":false,"rotation":180},"west":{"texture":"#head","uv":[58.0,5.0,55.0,6.0],"autoUv":false,"rotation":180},"up":{"texture":"#head","uv":[58.0,6.0,55.0,9.0],"autoUv":false,"rotation":90},"down":{"texture":"#head","uv":[55.0,5.0,58.0,1.0],"autoUv":false,"rotation":270}},"children":[]},{"name":"MeshMouthR.006","from":[2.619996347824,0.352579289391,-1.001271984181],"to":[3.287738999924,0.520861333892,0.040664326575],"rotationOrigin":[2.953867673874,0.436720311642,-0.480303794146],"stepParentName":"b_Jaw","rotationX":-0.293203159039,"rotationY":-0.993548878583,"rotationZ":-179.614358868039,"group":"wolf0-jaw","faces":{"north":{"texture":"#head","uv":[10.0,59.0,11.0,60.0],"autoUv":false},"east":{"texture":"#head","uv":[11.0,59.0,13.0,60.0],"autoUv":false},"south":{"texture":"#head","uv":[13.0,59.0,14.0,60.0],"autoUv":false},"west":{"texture":"#head","uv":[11.0,59.0,13.0,60.0],"autoUv":false},"up":{"texture":"#head","uv":[11.0,58.0,13.0,59.0],"autoUv":false,"rotation":90},"down":{"texture":"#head","uv":[13.0,61.0,11.0,60.0],"autoUv":false,"rotation":270}},"children":[]},{"name":"MeshMouthR.007","from":[1.460920179658,0.325007147655,-1.105019873544],"to":[3.185392057128,0.493021915732,-0.691263967589],"rotationOrigin":[2.323156118393,0.409014523029,-0.898141920567],"stepParentName":"b_Jaw","rotationX":5.247542131767,"rotationY":-4.751167525346,"rotationZ":-177.035101852524,"group":"wolf0-jaw","faces":{"north":{"texture":"#head","uv":[10.0,59.0,11.0,60.0],"autoUv":false},"east":{"texture":"#head","uv":[11.0,59.0,13.0,60.0],"autoUv":false},"south":{"texture":"#head","uv":[13.0,59.0,14.0,60.0],"autoUv":false},"west":{"texture":"#head","uv":[11.0,59.0,13.0,60.0],"autoUv":false},"up":{"texture":"#head","uv":[11.0,58.0,13.0,59.0],"autoUv":false,"rotation":90},"down":{"texture":"#head","uv":[13.0,61.0,11.0,60.0],"autoUv":false,"rotation":270}},"children":[]},{"name":"MeshMouthR.008","from":[-0.695319809331,-0.360512197018,-1.720463395119],"to":[2.044215955152,0.768347561359,-0.888705134392],"rotationOrigin":[0.674448132515,0.203917682171,-1.304584383965],"stepParentName":"b_Jaw","rotationX":0.455667746184,"rotationY":-25.93246779728,"rotationZ":0.633686488339,"group":"wolf0-jaw","faces":{"north":{"texture":"#head","uv":[59.0,5.0,58.0,6.0],"autoUv":false,"rotation":180},"east":{"texture":"#head","uv":[58.0,5.0,55.0,6.0],"autoUv":false,"rotation":180},"south":{"texture":"#head","uv":[55.0,5.0,54.0,6.0],"autoUv":false,"rotation":180},"west":{"texture":"#head","uv":[58.0,5.0,55.0,6.0],"autoUv":false,"rotation":180},"up":{"texture":"#head","uv":[58.0,6.0,55.0,9.0],"autoUv":false,"rotation":90},"down":{"texture":"#head","uv":[55.0,5.0,58.0,1.0],"autoUv":false,"rotation":270}},"children":[]}],"groups":[]}