{"textureWidth":64,"textureHeight":64,"textures":{},"textureSizes":{"head":[64,64]},"elements":[{"name":"MeshMouthNoseTop.013","from":[-5.317548613493,1.05380796929,-0.522088185259],"to":[-4.605701845951,1.553191998491,0.496098208392],"rotationOrigin":[-5.001242637634,1.360591888428,-0.026512892917],"stepParentName":"b_Head","rotationX":-1.3660378e-05,"rotationY":1e-12,"rotationZ":1.913755185858,"group":"head-wolfkann","faces":{"north":{"texture":"#head","uv":[57.0,59.0,59.0,61.0],"autoUv":false},"east":{"texture":"#head","uv":[59.0,59.0,61.0,61.0],"autoUv":false},"south":{"texture":"#head","uv":[61.0,59.0,63.0,61.0],"autoUv":false},"west":{"texture":"#head","uv":[59.0,59.0,61.0,61.0],"autoUv":false},"up":{"texture":"#head","uv":[59.0,58.0,61.0,59.0],"autoUv":false,"rotation":90},"down":{"texture":"#head","uv":[61.0,62.0,59.0,61.0],"autoUv":false,"rotation":270}},"children":[]},{"name":"MeshHead.097","from":[-3.107491850853,0.451391458511,-2.171022750699],"to":[1.197614312172,4.863305568695,2.171021602786],"rotationOrigin":[-0.954938769341,2.657348632812,-5.73957e-07],"stepParentName":"b_Head","rotationX":-1.3660375e-05,"rotationY":1e-12,"rotationZ":0.0,"group":"head-wolfkann","faces":{"north":{"texture":"#head","uv":[1.0,1.0,8.0,7.0],"autoUv":false},"east":{"texture":"#head","uv":[21.0,1.0,27.0,7.0],"autoUv":false},"south":{"texture":"#head","uv":[14.0,1.0,21.0,7.0],"autoUv":false},"west":{"texture":"#head","uv":[8.0,1.0,14.0,7.0],"autoUv":false},"up":{"texture":"#head","uv":[2.0,7.0,8.0,14.0],"autoUv":false,"rotation":90},"down":{"texture":"#head","uv":[14.0,14.0,8.0,7.0],"autoUv":false,"rotation":90}},"children":[]},{"name":"MeshNeck.014","from":[-1.323502242565,-2.071530461311,-1.499999449484],"to":[1.676498472691,1.928470611572,1.500000550516],"rotationOrigin":[0.376498162746,-2.371530532837,5.50516e-07],"stepParentName":"b_Head","rotationX":-1.4533892e-05,"rotationY":1.1099057e-05,"rotationZ":9.00004293913,"group":"head-wolfkann","faces":{"north":{"texture":"#head","uv":[27.0,3.0,36.0,14.0],"autoUv":false},"east":{"texture":"#head","uv":[27.0,3.0,36.0,14.0],"autoUv":false},"south":{"texture":"#head","uv":[27.0,3.0,36.0,14.0],"autoUv":false},"west":{"texture":"#head","uv":[36.0,3.0,44.0,14.0],"autoUv":false},"up":{"texture":"#head","uv":[36.0,0.0,44.0,9.0],"autoUv":false,"rotation":90},"down":{"texture":"#head","uv":[44.0,9.0,36.0,0.0],"autoUv":false,"rotation":270}},"children":[]},{"name":"MeshMouthR.226","from":[-4.815093636513,-0.47579729557,-0.204977696761],"to":[-2.86752384901,2.267077684402,0.508985320106],"rotationOrigin":[-3.832315921783,0.962404251099,-0.013304730877],"stepParentName":"b_Head","rotationX":89.979313861482,"rotationY":0.221808872512,"rotationZ":-89.914775404015,"group":"head-wolfkann","faces":{"north":{"texture":"#head","uv":[50.0,19.0,52.0,22.0],"autoUv":false,"glow":128,"rotation":90},"east":{"texture":"#head","uv":[52.0,22.0,55.0,25.0],"autoUv":false,"glow":128,"rotation":180},"south":{"texture":"#head","uv":[55.0,19.0,58.0,22.0],"autoUv":false,"glow":128,"rotation":270},"west":{"texture":"#head","uv":[52.0,16.0,55.0,19.0],"autoUv":false,"glow":128},"up":{"texture":"#head","uv":[52.0,19.0,55.0,22.0],"autoUv":false,"glow":128,"rotation":90},"down":{"texture":"#head","uv":[55.0,22.0,52.0,19.0],"autoUv":false,"glow":128,"rotation":270}},"children":[]},{"name":"Head","from":[-2.719010591507,-0.00108397007,-2.5],"to":[-2.719010591507,-0.00108397007,-2.5],"rotationOrigin":[-2.719010591507,-0.00108397007,-2.5],"rotationX":-1.3660375e-05,"rotationY":1e-12,"rotationZ":0.0,"faces":{"north":{"texture":"#null","uv":[0.0,0.0,0.0,0.0],"enabled":false},"east":{"texture":"#null","uv":[0.0,0.0,0.0,0.0],"enabled":false},"south":{"texture":"#null","uv":[0.0,0.0,0.0,0.0],"enabled":false},"west":{"texture":"#null","uv":[0.0,0.0,0.0,0.0],"enabled":false},"up":{"texture":"#null","uv":[0.0,0.0,0.0,0.0],"enabled":false},"down":{"texture":"#null","uv":[0.0,0.0,0.0,0.0],"enabled":false}},"children":[],"stepParentName":"b_Head"},{"name":"MeshMouthR.227","from":[-3.027093529701,0.16147573367,-0.539697633125],"to":[-1.927062392235,2.312172538748,0.514610542916],"rotationOrigin":[-2.477077960968,1.424011230469,-0.012543545105],"stepParentName":"b_Head","rotationX":90.000002504478,"rotationY":6.570988186766,"rotationZ":-90.000091296937,"group":"head-wolfkann","faces":{"north":{"texture":"#head","uv":[28.0,15.0,31.0,19.0],"autoUv":false},"east":{"texture":"#head","uv":[27.0,19.0,28.0,20.0],"autoUv":false,"rotation":90},"south":{"texture":"#head","uv":[28.0,20.0,31.0,23.0],"autoUv":false,"rotation":180},"west":{"texture":"#head","uv":[31.0,19.0,32.0,20.0],"autoUv":false,"rotation":270},"up":{"texture":"#head","uv":[28.0,19.0,31.0,20.0],"autoUv":false},"down":{"texture":"#head","uv":[31.0,20.0,28.0,19.0],"autoUv":false,"rotation":180}},"children":[]},{"name":"MeshMouthR.228","from":[-3.234710790472,0.389837936564,0.177730065175],"to":[-2.199861906214,2.467828212671,1.133666614847],"rotationOrigin":[-2.717286348343,1.428833127022,0.655698418617],"stepParentName":"b_Head","rotationX":89.835613511534,"rotationY":5.706377164736,"rotationZ":-76.237908987333,"group":"head-wolfkann","faces":{"north":{"texture":"#head","uv":[28.0,15.0,31.0,19.0],"autoUv":false},"east":{"texture":"#head","uv":[27.0,19.0,28.0,20.0],"autoUv":false,"rotation":90},"south":{"texture":"#head","uv":[28.0,20.0,31.0,23.0],"autoUv":false,"rotation":180},"west":{"texture":"#head","uv":[31.0,19.0,32.0,20.0],"autoUv":false,"rotation":270},"up":{"texture":"#head","uv":[28.0,19.0,31.0,20.0],"autoUv":false},"down":{"texture":"#head","uv":[31.0,20.0,28.0,19.0],"autoUv":false,"rotation":180}},"children":[]},{"name":"MeshMouthR.230","from":[-4.524574384744,0.534253018522,-0.092346586301],"to":[-3.491578094693,1.917052609301,0.770317234113],"rotationOrigin":[-4.008076190948,1.225652813911,0.338985323906],"stepParentName":"b_Head","rotationX":87.754871512971,"rotationY":14.710422594719,"rotationZ":-80.046900581774,"group":"head-wolfkann","faces":{"north":{"texture":"#head","uv":[28.0,15.0,31.0,19.0],"autoUv":false},"east":{"texture":"#head","uv":[27.0,19.0,28.0,20.0],"autoUv":false,"rotation":90},"south":{"texture":"#head","uv":[28.0,20.0,31.0,23.0],"autoUv":false,"rotation":180},"west":{"texture":"#head","uv":[31.0,19.0,32.0,20.0],"autoUv":false,"rotation":270},"up":{"texture":"#head","uv":[28.0,19.0,31.0,20.0],"autoUv":false},"down":{"texture":"#head","uv":[31.0,20.0,28.0,19.0],"autoUv":false,"rotation":180}},"children":[]},{"name":"MeshMouthR.231","from":[-3.218798636746,0.190171237526,1.206265858641],"to":[-2.581386616963,2.439212464575,1.552680484887],"rotationOrigin":[-2.900092601776,1.314691901207,1.379473209381],"stepParentName":"b_Head","rotationX":89.544545000054,"rotationY":0.498966716571,"rotationZ":-59.340464943017,"group":"head-wolfkann","faces":{"north":{"texture":"#head","uv":[28.0,15.0,31.0,19.0],"autoUv":false},"east":{"texture":"#head","uv":[27.0,19.0,28.0,20.0],"autoUv":false,"rotation":90},"south":{"texture":"#head","uv":[28.0,20.0,31.0,23.0],"autoUv":false,"rotation":180},"west":{"texture":"#head","uv":[31.0,19.0,32.0,20.0],"autoUv":false,"rotation":270},"up":{"texture":"#head","uv":[28.0,19.0,31.0,20.0],"autoUv":false},"down":{"texture":"#head","uv":[31.0,20.0,28.0,19.0],"autoUv":false,"rotation":180}},"children":[]},{"name":"MeshMouthR.232","from":[-5.214526176453,0.434364885092,0.007534980774],"to":[-1.803884506226,1.143542915583,1.13265311718],"rotationOrigin":[-3.509205341339,0.788953900337,0.570094048977],"stepParentName":"b_Head","rotationX":-1.3660375e-05,"rotationY":-5.269309090878,"rotationZ":-0.0,"group":"head-wolfkann","faces":{"north":{"texture":"#head","uv":[52.0,22.0,55.0,25.0],"autoUv":false,"glow":128,"rotation":90},"east":{"texture":"#head","uv":[52.0,19.0,55.0,22.0],"autoUv":false,"glow":128,"rotation":90},"south":{"texture":"#head","uv":[52.0,16.0,55.0,19.0],"autoUv":false,"glow":128,"rotation":90},"west":{"texture":"#head","uv":[52.0,19.0,55.0,22.0],"autoUv":false,"glow":128,"rotation":90},"up":{"texture":"#head","uv":[50.0,19.0,52.0,22.0],"autoUv":false,"glow":128,"rotation":180},"down":{"texture":"#head","uv":[58.0,22.0,55.0,19.0],"autoUv":false,"glow":128}},"children":[]},{"name":"FluffR.135","from":[-0.481013994681,1.183229218346,-4.103351265022],"to":[0.236913662421,3.478333110747,-1.399447769096],"rotationOrigin":[-0.12205016613,2.33078122139,-2.751399517059],"stepParentName":"b_Head","rotationX":18.792990586176,"rotationY":-73.408400670818,"rotationZ":14.83603318865,"group":"head-wolfkann","faces":{"north":{"texture":"head","uv":[49.0,57.0,55.0,63.0],"autoUv":false,"rotation":180,"enabled":false},"east":{"texture":"#head","uv":[23.0,21.0,19.0,27.0],"autoUv":false,"rotation":270},"south":{"texture":"#head","uv":[4.0,16.0,5.0,24.0],"autoUv":false,"rotation":180},"west":{"texture":"#head","uv":[26.0,22.0,30.0,28.0],"autoUv":false,"rotation":90},"up":{"texture":"#head","uv":[19.0,18.0,21.0,27.0],"autoUv":false,"rotation":180},"down":{"texture":"#head","uv":[19.0,27.0,21.0,20.0],"autoUv":false}},"children":[]},{"name":"FluffR.136","from":[-0.499387364852,1.186961422784,1.4141527118],"to":[0.218540292251,3.482065315185,4.118056207726],"rotationOrigin":[-0.140423536301,2.334513425827,2.766104459763],"stepParentName":"b_Head","rotationX":-18.79301961448,"rotationY":73.408400670818,"rotationZ":14.83603318865,"group":"head-wolfkann","faces":{"north":{"texture":"#head","uv":[5.0,16.0,4.0,24.0],"autoUv":false,"rotation":180},"east":{"texture":"#head","uv":[19.0,21.0,23.0,27.0],"autoUv":false,"rotation":90},"south":{"texture":"head","uv":[55.0,57.0,49.0,63.0],"autoUv":false,"rotation":180,"enabled":false},"west":{"texture":"#head","uv":[29.0,22.0,25.0,28.0],"autoUv":false,"rotation":270},"up":{"texture":"#head","uv":[21.0,18.0,19.0,27.0],"autoUv":false},"down":{"texture":"#head","uv":[21.0,27.0,19.0,20.0],"autoUv":false,"rotation":180}},"children":[]},{"name":"FluffR.137","from":[-1.027846506863,2.552992859728,-3.744340762628],"to":[-0.323925086231,4.803321687923,-1.093188419806],"rotationOrigin":[-0.675885796547,3.678157329559,-2.418764591217],"stepParentName":"b_Head","rotationX":63.206987220837,"rotationY":-53.151760309663,"rotationZ":63.28366292446,"group":"head-wolfkann","faces":{"north":{"texture":"head","uv":[49.0,57.0,55.0,63.0],"autoUv":false,"rotation":180,"enabled":false},"east":{"texture":"#head","uv":[23.0,21.0,19.0,27.0],"autoUv":false,"rotation":270},"south":{"texture":"#head","uv":[4.0,16.0,5.0,24.0],"autoUv":false,"rotation":180},"west":{"texture":"#head","uv":[26.0,22.0,30.0,28.0],"autoUv":false,"rotation":90},"up":{"texture":"#head","uv":[19.0,18.0,21.0,27.0],"autoUv":false,"rotation":180},"down":{"texture":"#head","uv":[19.0,27.0,21.0,20.0],"autoUv":false}},"children":[]},{"name":"FluffR.138","from":[-0.851775642489,2.525240221865,1.348244562613],"to":[-0.14785419399,4.775569050059,3.999396905435],"rotationOrigin":[-0.767679870129,3.650404691696,2.673820734024],"stepParentName":"b_Head","rotationX":-63.207014541594,"rotationY":53.151760309663,"rotationZ":63.283669754649,"group":"head-wolfkann","faces":{"north":{"texture":"#head","uv":[5.0,16.0,4.0,24.0],"autoUv":false,"rotation":180},"east":{"texture":"#head","uv":[19.0,21.0,23.0,27.0],"autoUv":false,"rotation":90},"south":{"texture":"head","uv":[55.0,57.0,49.0,63.0],"autoUv":false,"rotation":180,"enabled":false},"west":{"texture":"#head","uv":[29.0,22.0,25.0,28.0],"autoUv":false,"rotation":270},"up":{"texture":"#head","uv":[21.0,18.0,19.0,27.0],"autoUv":false},"down":{"texture":"#head","uv":[21.0,27.0,19.0,20.0],"autoUv":false,"rotation":180}},"children":[]},{"name":"MeshMouthR.247","from":[-5.268125891685,1.142737805843,-0.968657356454],"to":[-2.525250911713,1.497979223728,0.978912431048],"rotationOrigin":[-3.829924345016,0.961519241333,-0.003865283681],"stepParentName":"b_Head","rotationX":-1.3660375e-05,"rotationY":1e-12,"rotationZ":0.0,"group":"head-wolfkann","faces":{"north":{"texture":"#head","uv":[24.0,22.0,27.0,25.0],"autoUv":false,"rotation":90},"east":{"texture":"#head","uv":[24.0,19.0,27.0,22.0],"autoUv":false,"rotation":90},"south":{"texture":"#head","uv":[24.0,16.0,27.0,19.0],"autoUv":false,"rotation":90},"west":{"texture":"#head","uv":[24.0,19.0,27.0,22.0],"autoUv":false,"rotation":90},"up":{"texture":"#head","uv":[22.0,19.0,24.0,22.0],"autoUv":false,"rotation":180},"down":{"texture":"#head","uv":[30.0,22.0,27.0,19.0],"autoUv":false}},"children":[]},{"name":"MeshMouthR.248","from":[-5.214526176453,1.142738640308,0.007534861565],"to":[-1.803884506226,1.488674104214,1.132652997971],"rotationOrigin":[-3.509205341339,1.315706372261,0.570093929768],"stepParentName":"b_Head","rotationX":-1.3660375e-05,"rotationY":-5.269309090878,"rotationZ":-0.0,"group":"head-wolfkann","faces":{"north":{"texture":"#head","uv":[24.0,22.0,27.0,25.0],"autoUv":false,"rotation":90},"east":{"texture":"#head","uv":[24.0,19.0,27.0,22.0],"autoUv":false,"rotation":90},"south":{"texture":"#head","uv":[24.0,16.0,27.0,19.0],"autoUv":false,"rotation":90},"west":{"texture":"#head","uv":[24.0,19.0,27.0,22.0],"autoUv":false,"rotation":90},"up":{"texture":"#head","uv":[22.0,19.0,24.0,22.0],"autoUv":false,"rotation":180},"down":{"texture":"#head","uv":[30.0,22.0,27.0,19.0],"autoUv":false}},"children":[]},{"name":"neck_glow","from":[-1.346765935421,-2.103652119637,-1.119451078866],"to":[1.653234779835,1.896348953247,1.13686367562],"rotationOrigin":[0.353234469891,-2.403652191162,5.6317e-07],"stepParentName":"b_Head","rotationX":-1.4533892e-05,"rotationY":1.1099057e-05,"rotationZ":9.00004293913,"group":"head-wolfkann","faces":{"north":{"texture":"#head","uv":[27.0,3.0,36.0,14.0],"autoUv":false,"glow":128},"east":{"texture":"#head","uv":[27.0,3.0,36.0,14.0],"autoUv":false,"glow":128},"south":{"texture":"#head","uv":[27.0,3.0,36.0,14.0],"autoUv":false,"glow":128},"west":{"texture":"#head","uv":[37.0,3.0,43.0,14.0],"autoUv":false,"glow":128},"up":{"texture":"#head","uv":[36.0,0.0,44.0,9.0],"autoUv":false,"glow":128,"rotation":90},"down":{"texture":"#head","uv":[43.0,9.0,37.0,0.0],"autoUv":false,"glow":128,"rotation":270}},"children":[]},{"name":"MeshMouthR.236","from":[-3.75628137082,0.950860720463,-1.173123616931],"to":[-1.678290849029,1.906797374944,-0.138274488404],"rotationOrigin":[-2.717286109924,1.428829073906,-0.655698895454],"stepParentName":"b_Head","rotationX":-1.230674903875,"rotationY":13.692562191395,"rotationZ":-174.126110624637,"group":"head-wolfkann","faces":{"north":{"texture":"#head","uv":[32.0,19.0,31.0,20.0],"autoUv":false,"rotation":180},"east":{"texture":"#head","uv":[31.0,19.0,28.0,20.0],"autoUv":false,"rotation":180},"south":{"texture":"#head","uv":[28.0,19.0,27.0,20.0],"autoUv":false,"rotation":180},"west":{"texture":"#head","uv":[31.0,19.0,28.0,20.0],"autoUv":false,"rotation":180},"up":{"texture":"#head","uv":[31.0,20.0,28.0,23.0],"autoUv":false,"rotation":90},"down":{"texture":"#head","uv":[28.0,19.0,31.0,15.0],"autoUv":false,"rotation":270}},"children":[]},{"name":"MeshMouthR.242","from":[-4.699475178974,0.794318757937,-0.855484073112],"to":[-3.316675393114,1.656982578351,0.17751231448],"rotationOrigin":[-4.008075237274,1.225650668144,-0.338985830545],"stepParentName":"b_Head","rotationX":-0.306362185486,"rotationY":9.623710073565,"rotationZ":-165.074757596914,"group":"head-wolfkann","faces":{"north":{"texture":"#head","uv":[32.0,19.0,31.0,20.0],"autoUv":false,"rotation":180},"east":{"texture":"#head","uv":[31.0,19.0,28.0,20.0],"autoUv":false,"rotation":180},"south":{"texture":"#head","uv":[28.0,19.0,27.0,20.0],"autoUv":false,"rotation":180},"west":{"texture":"#head","uv":[31.0,19.0,28.0,20.0],"autoUv":false,"rotation":180},"up":{"texture":"#head","uv":[31.0,20.0,28.0,23.0],"autoUv":false,"rotation":90},"down":{"texture":"#head","uv":[28.0,19.0,31.0,15.0],"autoUv":false,"rotation":270}},"children":[]},{"name":"MeshMouthR.243","from":[-4.024613621859,1.141481940672,-1.698179640751],"to":[-1.775572259157,1.487896541298,-1.060767455475],"rotationOrigin":[-2.900092840195,1.314689278603,-1.3794734478],"stepParentName":"b_Head","rotationX":0.159643558935,"rotationY":30.658096391546,"rotationZ":-179.419958023882,"group":"head-wolfkann","faces":{"north":{"texture":"#head","uv":[32.0,19.0,31.0,20.0],"autoUv":false,"rotation":180},"east":{"texture":"#head","uv":[31.0,19.0,28.0,20.0],"autoUv":false,"rotation":180},"south":{"texture":"#head","uv":[28.0,19.0,27.0,20.0],"autoUv":false,"rotation":180},"west":{"texture":"#head","uv":[31.0,19.0,28.0,20.0],"autoUv":false,"rotation":180},"up":{"texture":"#head","uv":[31.0,20.0,28.0,23.0],"autoUv":false,"rotation":90},"down":{"texture":"#head","uv":[28.0,19.0,31.0,15.0],"autoUv":false,"rotation":270}},"children":[]},{"name":"MeshMouthR.245","from":[-5.214526414871,0.434364646673,-1.132653415203],"to":[-1.803884506226,1.143542677164,-0.007535278797],"rotationOrigin":[-3.509205341339,0.788953661919,-0.570094406605],"stepParentName":"b_Head","rotationX":-1.3660375e-05,"rotationY":5.269302687576,"rotationZ":-179.999991348578,"group":"head-wolfkann","faces":{"north":{"texture":"#head","uv":[55.0,16.0,52.0,19.0],"autoUv":false,"glow":128,"rotation":90},"east":{"texture":"#head","uv":[55.0,19.0,52.0,22.0],"autoUv":false,"glow":128,"rotation":90},"south":{"texture":"#head","uv":[55.0,22.0,52.0,25.0],"autoUv":false,"glow":128,"rotation":90},"west":{"texture":"#head","uv":[55.0,19.0,52.0,22.0],"autoUv":false,"glow":128,"rotation":90},"up":{"texture":"#head","uv":[58.0,19.0,55.0,22.0],"autoUv":false,"glow":128},"down":{"texture":"#head","uv":[50.0,22.0,52.0,19.0],"autoUv":false,"glow":128,"rotation":180}},"children":[]},{"name":"MeshMouthR.246","from":[-5.21452665329,1.142738372087,-1.132653534412],"to":[-1.803884506226,1.488673835993,-0.007535398006],"rotationOrigin":[-3.509205579758,1.315706133842,-0.570094525814],"stepParentName":"b_Head","rotationX":-1.3660375e-05,"rotationY":5.269303541349,"rotationZ":-179.999991348578,"group":"head-wolfkann","faces":{"north":{"texture":"#head","uv":[27.0,16.0,24.0,19.0],"autoUv":false,"rotation":90},"east":{"texture":"#head","uv":[27.0,19.0,24.0,22.0],"autoUv":false,"rotation":90},"south":{"texture":"#head","uv":[27.0,22.0,24.0,25.0],"autoUv":false,"rotation":90},"west":{"texture":"#head","uv":[27.0,19.0,24.0,22.0],"autoUv":false,"rotation":90},"up":{"texture":"#head","uv":[30.0,19.0,27.0,22.0],"autoUv":false},"down":{"texture":"#head","uv":[22.0,22.0,24.0,19.0],"autoUv":false,"rotation":180}},"children":[]},{"name":"FluffR.139","from":[-3.299685716629,1.678229808807,-2.514639377594],"to":[0.174271583557,4.51350736618,-2.058556079865],"rotationOrigin":[-1.562706947327,3.095868587494,-2.286597967148],"stepParentName":"b_Head","rotationX":4.10745e-07,"rotationY":13.308627012864,"rotationZ":-90.000029825235,"group":"fluff.012","faces":{"north":{"texture":"#head","uv":[22.0,21.0,27.0,27.0],"autoUv":false,"rotation":180},"east":{"texture":"#head","uv":[21.0,20.0,19.0,27.0],"autoUv":false,"rotation":180},"south":{"texture":"#head","uv":[25.0,21.0,20.0,27.0],"autoUv":false,"rotation":180},"west":{"texture":"#head","uv":[19.0,18.0,21.0,27.0],"autoUv":false,"rotation":180},"up":{"texture":"head","uv":[49.0,57.0,55.0,63.0],"autoUv":false,"rotation":90,"enabled":false},"down":{"texture":"#head","uv":[5.0,24.0,4.0,16.0],"autoUv":false,"rotation":90}},"children":[]},{"name":"FluffR.140","from":[-1.536358952522,-0.298635482788,-3.074019193649],"to":[0.183486640453,2.757504343987,-2.090017318726],"rotationOrigin":[-0.676436126232,1.229434370995,-2.582018136978],"stepParentName":"b_Head","rotationX":-1.600595708167,"rotationY":21.550814359805,"rotationZ":-81.945925397469,"group":"fluff.012","faces":{"north":{"texture":"#head","uv":[27.0,22.0,30.0,28.0],"autoUv":false,"rotation":180},"east":{"texture":"#head","uv":[21.0,20.0,19.0,27.0],"autoUv":false,"rotation":180},"south":{"texture":"#head","uv":[22.0,21.0,19.0,27.0],"autoUv":false,"rotation":180},"west":{"texture":"#head","uv":[19.0,21.0,21.0,27.0],"autoUv":false,"rotation":180},"up":{"texture":"head","uv":[49.0,57.0,55.0,63.0],"autoUv":false,"rotation":90,"enabled":false},"down":{"texture":"#head","uv":[5.0,24.0,4.0,16.0],"autoUv":false,"rotation":90}},"children":[]},{"name":"FluffR.141","from":[-2.26816213131,3.580983638763,-1.694944972287],"to":[-1.543558239937,5.873106479645,1.694946175327],"rotationOrigin":[-1.905860185623,4.727045059204,6.0152e-07],"stepParentName":"b_Head","rotationX":-1.3660375e-05,"rotationY":1e-12,"rotationZ":-77.927520203076,"group":"fluff.012","faces":{"north":{"texture":"#head","uv":[21.0,20.0,19.0,27.0],"autoUv":false,"rotation":180},"east":{"texture":"#head","uv":[27.0,21.0,20.0,27.0],"autoUv":false,"rotation":180},"south":{"texture":"#head","uv":[19.0,18.0,21.0,27.0],"autoUv":false,"rotation":180},"west":{"texture":"#head","uv":[20.0,21.0,27.0,27.0],"autoUv":false,"rotation":180},"up":{"texture":"head","uv":[49.0,57.0,55.0,63.0],"autoUv":false,"enabled":false},"down":{"texture":"#head","uv":[5.0,24.0,4.0,16.0],"autoUv":false,"rotation":180}},"children":[]},{"name":"FluffR.142","from":[-0.408331811428,3.528487682343,-1.694944959771],"to":[0.316272079945,5.820610523224,1.694946187843],"rotationOrigin":[-0.046029865742,4.674549102783,6.14036e-07],"stepParentName":"b_Head","rotationX":-1.3660373e-05,"rotationY":1e-12,"rotationZ":-79.808294753309,"group":"fluff.012","faces":{"north":{"texture":"#head","uv":[21.0,20.0,19.0,27.0],"autoUv":false,"rotation":180},"east":{"texture":"#head","uv":[28.0,21.0,21.0,27.0],"autoUv":false,"rotation":180},"south":{"texture":"#head","uv":[19.0,18.0,21.0,27.0],"autoUv":false,"rotation":180},"west":{"texture":"#head","uv":[18.0,21.0,25.0,27.0],"autoUv":false,"rotation":180},"up":{"texture":"head","uv":[49.0,57.0,55.0,63.0],"autoUv":false,"enabled":false},"down":{"texture":"#head","uv":[5.0,24.0,4.0,16.0],"autoUv":false,"rotation":180}},"children":[]},{"name":"FluffL.017","from":[-3.545480251312,0.529297634959,1.436202406883],"to":[-1.392237186432,1.027641490102,2.593668103218],"rotationOrigin":[-2.468858718872,0.778469562531,2.014935255051],"stepParentName":"b_Head","rotationX":-94.614478307739,"rotationY":-7.836003680962,"rotationZ":-65.917663906173,"group":"fluff.012","faces":{"north":{"texture":"#head","uv":[40.0,18.0,39.0,27.0],"autoUv":false,"glow":128,"rotation":90},"east":{"texture":"head","uv":[54.0,59.0,50.0,63.0],"autoUv":false,"glow":128,"rotation":270,"enabled":false},"south":{"texture":"#head","uv":[40.0,18.0,38.0,25.0],"autoUv":false,"glow":128,"rotation":270},"west":{"texture":"#head","uv":[55.0,8.0,50.0,14.0],"autoUv":false,"glow":128,"rotation":90},"up":{"texture":"#head","uv":[42.0,17.0,39.0,27.0],"autoUv":false,"glow":128,"rotation":270},"down":{"texture":"#head","uv":[34.0,27.0,37.0,19.0],"autoUv":false,"glow":128,"rotation":270}},"children":[]},{"name":"FluffR.143","from":[-1.065621657362,-0.298637270927,-2.792235374451],"to":[0.65422420024,2.757501959801,-1.808234214783],"rotationOrigin":[-0.205698728561,1.229432463646,-2.300234794617],"stepParentName":"b_Head","rotationX":-1.491364228031,"rotationY":-3.440376957106,"rotationZ":-82.623527974459,"group":"fluff.012","faces":{"north":{"texture":"#head","uv":[27.0,22.0,30.0,28.0],"autoUv":false,"rotation":180},"east":{"texture":"#head","uv":[21.0,20.0,19.0,27.0],"autoUv":false,"rotation":180},"south":{"texture":"#head","uv":[22.0,21.0,19.0,27.0],"autoUv":false,"rotation":180},"west":{"texture":"#head","uv":[19.0,21.0,21.0,27.0],"autoUv":false,"rotation":180},"up":{"texture":"head","uv":[49.0,57.0,55.0,63.0],"autoUv":false,"rotation":90,"enabled":false},"down":{"texture":"#head","uv":[5.0,24.0,4.0,16.0],"autoUv":false,"rotation":90}},"children":[]},{"name":"FluffR.144","from":[-1.790749430656,1.358890771866,0.86895775795],"to":[-1.334666371346,4.832848310471,3.704234838486],"rotationOrigin":[-1.562707901001,3.095869541168,2.286596298218],"stepParentName":"b_Head","rotationX":-1.3660376e-05,"rotationY":76.691392567087,"rotationZ":4e-12,"group":"fluff.012","faces":{"north":{"texture":"#head","uv":[5.0,16.0,4.0,24.0],"autoUv":false,"rotation":180},"east":{"texture":"#head","uv":[20.0,21.0,25.0,27.0],"autoUv":false,"rotation":90},"south":{"texture":"head","uv":[55.0,57.0,49.0,63.0],"autoUv":false,"rotation":180,"enabled":false},"west":{"texture":"#head","uv":[27.0,21.0,22.0,27.0],"autoUv":false,"rotation":270},"up":{"texture":"#head","uv":[21.0,18.0,19.0,27.0],"autoUv":false},"down":{"texture":"#head","uv":[21.0,27.0,19.0,20.0],"autoUv":false,"rotation":180}},"children":[]},{"name":"FluffR.145","from":[-1.373968094587,0.340523064137,0.971933722496],"to":[-0.38996681571,2.060368418694,4.028072834015],"rotationOrigin":[-0.881967484951,1.200445771217,2.50000333786],"stepParentName":"b_Head","rotationX":-19.467353945952,"rotationY":67.060668743018,"rotationZ":19.532671044984,"group":"fluff.012","faces":{"north":{"texture":"#head","uv":[5.0,16.0,4.0,24.0],"autoUv":false,"rotation":180},"east":{"texture":"#head","uv":[19.0,21.0,22.0,27.0],"autoUv":false,"rotation":90},"south":{"texture":"head","uv":[55.0,57.0,49.0,63.0],"autoUv":false,"rotation":180,"enabled":false},"west":{"texture":"#head","uv":[30.0,22.0,27.0,28.0],"autoUv":false,"rotation":270},"up":{"texture":"#head","uv":[21.0,21.0,19.0,27.0],"autoUv":false},"down":{"texture":"#head","uv":[21.0,27.0,19.0,20.0],"autoUv":false,"rotation":180}},"children":[]},{"name":"FluffL.018","from":[-3.398452473671,-0.21129225607,1.741570219691],"to":[-2.241262192587,1.678826527745,2.365105405156],"rotationOrigin":[-2.819857358932,0.733767032623,2.053337812424],"stepParentName":"b_Head","rotationX":8.31112359246,"rotationY":116.791166806854,"rotationZ":-104.982828411223,"group":"fluff.012","faces":{"north":{"texture":"#head","uv":[45.0,19.0,42.0,27.0],"autoUv":false,"glow":128},"east":{"texture":"#head","uv":[39.0,18.0,37.0,27.0],"autoUv":false,"glow":128},"south":{"texture":"#head","uv":[39.0,17.0,36.0,27.0],"autoUv":false,"glow":128},"west":{"texture":"#head","uv":[45.0,19.0,43.0,26.0],"autoUv":false,"glow":128},"up":{"texture":"#head","uv":[54.0,18.0,57.0,24.0],"autoUv":false,"glow":128,"rotation":270},"down":{"texture":"head","uv":[50.0,63.0,54.0,59.0],"autoUv":false,"glow":128,"rotation":270,"enabled":false}},"children":[]},{"name":"FluffR.146","from":[-0.887513071299,0.344606697559,0.782930254936],"to":[0.096488207579,2.064452052116,3.839069366455],"rotationOrigin":[-0.395512461662,1.20452940464,2.3109998703],"stepParentName":"b_Head","rotationX":66.621706145439,"rotationY":98.135304221097,"rotationZ":-64.908537607249,"group":"fluff.012","faces":{"north":{"texture":"#head","uv":[5.0,16.0,4.0,24.0],"autoUv":false,"rotation":180},"east":{"texture":"#head","uv":[19.0,21.0,22.0,27.0],"autoUv":false,"rotation":90},"south":{"texture":"head","uv":[55.0,57.0,49.0,63.0],"autoUv":false,"rotation":180,"enabled":false},"west":{"texture":"#head","uv":[30.0,22.0,27.0,28.0],"autoUv":false,"rotation":270},"up":{"texture":"#head","uv":[21.0,21.0,19.0,27.0],"autoUv":false},"down":{"texture":"#head","uv":[21.0,27.0,19.0,20.0],"autoUv":false,"rotation":180}},"children":[]},{"name":"FluffR.147","from":[-3.940273606888,0.478774575504,1.396089820488],"to":[-2.47174373854,0.876443358151,2.548432083503],"rotationOrigin":[-3.206008672714,0.677608966827,1.972260951996],"stepParentName":"b_Head","rotationX":-94.163610690437,"rotationY":-8.572137564044,"rotationZ":-75.07011739399,"group":"fluff.012","faces":{"north":{"texture":"#head","uv":[39.0,17.0,37.0,26.0],"autoUv":false,"glow":128,"rotation":90},"east":{"texture":"head","uv":[55.0,57.0,49.0,63.0],"autoUv":false,"glow":128,"rotation":270,"enabled":false},"south":{"texture":"#head","uv":[37.0,17.0,35.0,24.0],"autoUv":false,"glow":128,"rotation":270},"west":{"texture":"#head","uv":[52.0,1.0,49.0,5.0],"autoUv":false,"glow":128,"rotation":90},"up":{"texture":"#head","uv":[38.0,19.0,35.0,27.0],"autoUv":false,"glow":128,"rotation":270},"down":{"texture":"#head","uv":[38.0,27.0,41.0,19.0],"autoUv":false,"glow":128,"rotation":270}},"children":[]},{"name":"FluffL.019","from":[-3.545479297638,0.529298558782,-2.593668103218],"to":[-1.39223575592,1.027642473628,-1.436202406883],"rotationOrigin":[-2.468857765198,0.778470516205,-2.014935255051],"stepParentName":"b_Head","rotationX":94.614444156793,"rotationY":7.835992581905,"rotationZ":-65.917650245794,"group":"fluff.012","faces":{"north":{"texture":"#head","uv":[38.0,18.0,40.0,25.0],"autoUv":false,"glow":128,"rotation":90},"east":{"texture":"head","uv":[50.0,59.0,54.0,63.0],"autoUv":false,"glow":128,"rotation":90,"enabled":false},"south":{"texture":"#head","uv":[39.0,18.0,40.0,27.0],"autoUv":false,"glow":128,"rotation":270},"west":{"texture":"#head","uv":[50.0,8.0,55.0,14.0],"autoUv":false,"glow":128,"rotation":270},"up":{"texture":"#head","uv":[39.0,17.0,42.0,27.0],"autoUv":false,"glow":128,"rotation":270},"down":{"texture":"#head","uv":[37.0,27.0,34.0,19.0],"autoUv":false,"glow":128,"rotation":270}},"children":[]},{"name":"FluffL.020","from":[-3.764917233843,0.421998464754,-2.631933483662],"to":[-1.874798373717,1.045533589929,-1.47474309486],"rotationOrigin":[-2.819857597351,0.733766078949,-2.053338289261],"stepParentName":"b_Head","rotationX":95.124973476495,"rotationY":6.691836004411,"rotationZ":-63.997977768238,"group":"fluff.012","faces":{"north":{"texture":"#head","uv":[43.0,19.0,45.0,26.0],"autoUv":false,"glow":128,"rotation":90},"east":{"texture":"head","uv":[50.0,59.0,54.0,63.0],"autoUv":false,"glow":128,"rotation":90,"enabled":false},"south":{"texture":"#head","uv":[37.0,18.0,39.0,27.0],"autoUv":false,"glow":128,"rotation":270},"west":{"texture":"#head","uv":[57.0,18.0,54.0,24.0],"autoUv":false,"glow":128,"rotation":270},"up":{"texture":"#head","uv":[36.0,17.0,39.0,27.0],"autoUv":false,"glow":128,"rotation":270},"down":{"texture":"#head","uv":[45.0,27.0,42.0,19.0],"autoUv":false,"glow":128,"rotation":270}},"children":[]},{"name":"FluffR.148","from":[-3.940272061558,0.478773596444,-2.54843250837],"to":[-2.471741884939,0.876442481833,-1.396090297326],"rotationOrigin":[-3.206006765366,0.677608013153,-1.972261428833],"stepParentName":"b_Head","rotationX":94.163576539491,"rotationY":8.572137564044,"rotationZ":-75.070103733612,"group":"fluff.012","faces":{"north":{"texture":"#head","uv":[35.0,17.0,37.0,24.0],"autoUv":false,"glow":128,"rotation":90},"east":{"texture":"head","uv":[49.0,57.0,55.0,63.0],"autoUv":false,"glow":128,"rotation":90,"enabled":false},"south":{"texture":"#head","uv":[37.0,17.0,39.0,26.0],"autoUv":false,"glow":128,"rotation":270},"west":{"texture":"#head","uv":[49.0,1.0,52.0,5.0],"autoUv":false,"glow":128,"rotation":270},"up":{"texture":"#head","uv":[35.0,19.0,38.0,27.0],"autoUv":false,"glow":128,"rotation":270},"down":{"texture":"#head","uv":[41.0,27.0,38.0,19.0],"autoUv":false,"glow":128,"rotation":270}},"children":[]},{"name":"MeshTongue.009","from":[1.051100194454,0.241019465029,-0.464524727747],"to":[2.597403585911,0.413784764707,0.480014731609],"rotationOrigin":[1.824251890182,0.327402114868,0.007745001931],"stepParentName":"b_Jaw","rotationX":-0.178066927004,"rotationY":-0.037545536527,"rotationZ":-179.430121345367,"group":"wolf0-jaw.012","faces":{"north":{"texture":"#head","uv":[34.0,56.0,33.0,63.0],"autoUv":false,"glow":128,"rotation":270},"east":{"texture":"head","uv":[39.0,61.0,35.0,62.0],"autoUv":false,"glow":128,"rotation":180,"enabled":false},"south":{"texture":"#head","uv":[39.0,56.0,38.0,63.0],"autoUv":false,"glow":128,"rotation":90},"west":{"texture":"#head","uv":[38.0,63.0,34.0,64.0],"autoUv":false,"glow":128,"rotation":180},"up":{"texture":"#head","uv":[34.0,56.0,38.0,63.0],"autoUv":false,"glow":128,"rotation":90},"down":{"texture":"#head","uv":[39.0,63.0,35.0,56.0],"autoUv":false,"glow":128,"rotation":270}},"children":[]},{"name":"MeshMouthR.237","from":[-0.643562197685,0.359143018723,-0.261904239655],"to":[1.966328382492,0.763220071793,1.414928555489],"rotationOrigin":[0.661383152008,0.561181545258,0.576512098312],"stepParentName":"b_Jaw","rotationX":-0.348719550263,"rotationY":16.635489214173,"rotationZ":-179.405232136032,"group":"wolf0-jaw.012","faces":{"north":{"texture":"#head","uv":[54.0,5.0,55.0,6.0],"autoUv":false,"glow":128},"east":{"texture":"#head","uv":[55.0,5.0,58.0,6.0],"autoUv":false,"glow":128},"south":{"texture":"#head","uv":[58.0,5.0,59.0,6.0],"autoUv":false,"glow":128},"west":{"texture":"#head","uv":[55.0,5.0,58.0,6.0],"autoUv":false,"glow":128},"up":{"texture":"#head","uv":[55.0,1.0,58.0,5.0],"autoUv":false,"glow":128,"rotation":90},"down":{"texture":"#head","uv":[58.0,9.0,55.0,6.0],"autoUv":false,"glow":128,"rotation":270}},"children":[]},{"name":"MeshMouthR.238","from":[0.473108530045,0.369168221951,-0.350902795792],"to":[3.120088815689,0.773245260119,1.032574057579],"rotationOrigin":[1.796598672867,0.571206748486,0.340835630894],"stepParentName":"b_Jaw","rotationX":-0.22892739705,"rotationY":5.062570790646,"rotationZ":-179.427881043319,"group":"wolf0-jaw.012","faces":{"north":{"texture":"#head","uv":[54.0,5.0,55.0,6.0],"autoUv":false,"glow":128},"east":{"texture":"#head","uv":[55.0,5.0,58.0,6.0],"autoUv":false,"glow":128},"south":{"texture":"#head","uv":[58.0,5.0,59.0,6.0],"autoUv":false,"glow":128},"west":{"texture":"#head","uv":[55.0,5.0,58.0,6.0],"autoUv":false,"glow":128},"up":{"texture":"#head","uv":[55.0,1.0,58.0,5.0],"autoUv":false,"glow":128,"rotation":90},"down":{"texture":"#head","uv":[58.0,9.0,55.0,6.0],"autoUv":false,"glow":128,"rotation":270}},"children":[]},{"name":"MeshMouthR.239","from":[2.43290183053,0.102850058476,0.396162771934],"to":[3.474838285589,0.770592675918,0.564444816357],"rotationOrigin":[2.95387005806,0.436721384525,0.480303794146],"stepParentName":"b_Jaw","rotationX":90.299984412825,"rotationY":0.385592860106,"rotationZ":-90.99268170788,"group":"wolf0-jaw.012","faces":{"north":{"texture":"#head","uv":[13.0,60.0,11.0,61.0],"autoUv":false},"east":{"texture":"#head","uv":[14.0,59.0,13.0,60.0],"autoUv":false,"rotation":270},"south":{"texture":"#head","uv":[13.0,58.0,11.0,59.0],"autoUv":false,"rotation":180},"west":{"texture":"#head","uv":[11.0,59.0,10.0,60.0],"autoUv":false,"rotation":90},"up":{"texture":"#head","uv":[13.0,59.0,11.0,60.0],"autoUv":false,"rotation":180},"down":{"texture":"#head","uv":[11.0,60.0,13.0,59.0],"autoUv":false}},"children":[]},{"name":"MeshMouthR.240","from":[2.436761590329,-0.199702757993,0.782144273453],"to":[2.850517556028,1.081521946588,0.957681920276],"rotationOrigin":[2.643639564514,0.440909594297,0.869913101196],"stepParentName":"b_Jaw","rotationX":90.158339949817,"rotationY":-0.216502602599,"rotationZ":-94.923940518654,"group":"wolf0-jaw.012","faces":{"north":{"texture":"#head","uv":[13.0,60.0,11.0,61.0],"autoUv":false},"east":{"texture":"#head","uv":[14.0,59.0,13.0,60.0],"autoUv":false,"rotation":270},"south":{"texture":"#head","uv":[13.0,58.0,11.0,59.0],"autoUv":false,"rotation":180},"west":{"texture":"#head","uv":[11.0,59.0,10.0,60.0],"autoUv":false,"rotation":90},"up":{"texture":"#head","uv":[13.0,59.0,11.0,60.0],"autoUv":false,"rotation":180},"down":{"texture":"#head","uv":[11.0,60.0,13.0,59.0],"autoUv":false}},"children":[]},{"name":"MeshMouthR.241","from":[-0.656618833542,-0.359642833471,0.919708669186],"to":[2.16153550148,0.769216924906,1.751466631889],"rotationOrigin":[0.752458333969,0.204787045717,1.335587620735],"stepParentName":"b_Jaw","rotationX":-0.502502833571,"rotationY":29.623773524774,"rotationZ":-179.34442979204,"group":"wolf0-jaw.012","faces":{"north":{"texture":"#head","uv":[54.0,5.0,55.0,6.0],"autoUv":false,"glow":128},"east":{"texture":"#head","uv":[55.0,5.0,58.0,6.0],"autoUv":false,"glow":128},"south":{"texture":"#head","uv":[58.0,5.0,59.0,6.0],"autoUv":false,"glow":128},"west":{"texture":"#head","uv":[55.0,5.0,58.0,6.0],"autoUv":false,"glow":128},"up":{"texture":"#head","uv":[55.0,1.0,58.0,5.0],"autoUv":false,"glow":128,"rotation":90},"down":{"texture":"#head","uv":[58.0,9.0,55.0,6.0],"autoUv":false,"glow":128,"rotation":270}},"children":[]},{"name":"MeshMouthR.244","from":[2.619996347824,0.352579289391,-1.001271984181],"to":[3.287738999924,0.520861333892,0.040664326575],"rotationOrigin":[2.953867673874,0.436720311642,-0.480303794146],"stepParentName":"b_Jaw","rotationX":-0.293203159039,"rotationY":-0.993548878583,"rotationZ":-179.614358868039,"group":"wolf0-jaw.012","faces":{"north":{"texture":"#head","uv":[10.0,59.0,11.0,60.0],"autoUv":false},"east":{"texture":"#head","uv":[11.0,59.0,13.0,60.0],"autoUv":false},"south":{"texture":"#head","uv":[13.0,59.0,14.0,60.0],"autoUv":false},"west":{"texture":"#head","uv":[11.0,59.0,13.0,60.0],"autoUv":false},"up":{"texture":"#head","uv":[11.0,58.0,13.0,59.0],"autoUv":false,"rotation":90},"down":{"texture":"#head","uv":[13.0,61.0,11.0,60.0],"autoUv":false,"rotation":270}},"children":[]},{"name":"MeshMouthR.229","from":[-0.643562316895,0.359143972397,-1.414927551841],"to":[1.966328620911,0.763221025467,0.261905143355],"rotationOrigin":[0.661383152008,0.561182498932,-0.576511144638],"stepParentName":"b_Jaw","rotationX":0.3488232304,"rotationY":-16.635489214173,"rotationZ":0.594786479942,"group":"wolf0-jaw.012","faces":{"north":{"texture":"#head","uv":[59.0,5.0,58.0,6.0],"autoUv":false,"glow":128,"rotation":180},"east":{"texture":"#head","uv":[58.0,5.0,55.0,6.0],"autoUv":false,"glow":128,"rotation":180},"south":{"texture":"#head","uv":[55.0,5.0,54.0,6.0],"autoUv":false,"glow":128,"rotation":180},"west":{"texture":"#head","uv":[58.0,5.0,55.0,6.0],"autoUv":false,"glow":128,"rotation":180},"up":{"texture":"#head","uv":[58.0,6.0,55.0,9.0],"autoUv":false,"glow":128,"rotation":90},"down":{"texture":"#head","uv":[55.0,5.0,58.0,1.0],"autoUv":false,"glow":128,"rotation":270}},"children":[]},{"name":"MeshMouthR.233","from":[0.473108530045,0.369168817997,-1.032573051245],"to":[3.120089173317,0.773245885968,0.350903756411],"rotationOrigin":[1.796598911285,0.571207344532,-0.340834707022],"stepParentName":"b_Jaw","rotationX":0.22902496737,"rotationY":-5.062572498193,"rotationZ":0.572107370412,"group":"wolf0-jaw.012","faces":{"north":{"texture":"#head","uv":[59.0,5.0,58.0,6.0],"autoUv":false,"glow":128,"rotation":180},"east":{"texture":"#head","uv":[58.0,5.0,55.0,6.0],"autoUv":false,"glow":128,"rotation":180},"south":{"texture":"#head","uv":[55.0,5.0,54.0,6.0],"autoUv":false,"glow":128,"rotation":180},"west":{"texture":"#head","uv":[58.0,5.0,55.0,6.0],"autoUv":false,"glow":128,"rotation":180},"up":{"texture":"#head","uv":[58.0,6.0,55.0,9.0],"autoUv":false,"glow":128,"rotation":90},"down":{"texture":"#head","uv":[55.0,5.0,58.0,1.0],"autoUv":false,"glow":128,"rotation":270}},"children":[]},{"name":"MeshMouthR.234","from":[2.003027516311,0.353142230344,-1.076789821896],"to":[3.284252089554,0.528679938483,-0.66303391594],"rotationOrigin":[2.643639802933,0.440911084414,-0.869911730289],"stepParentName":"b_Jaw","rotationX":-0.176903900535,"rotationY":-4.924390514208,"rotationZ":179.782695710323,"group":"wolf0-jaw.012","faces":{"north":{"texture":"#head","uv":[10.0,59.0,11.0,60.0],"autoUv":false},"east":{"texture":"#head","uv":[11.0,59.0,13.0,60.0],"autoUv":false},"south":{"texture":"#head","uv":[13.0,59.0,14.0,60.0],"autoUv":false},"west":{"texture":"#head","uv":[11.0,59.0,13.0,60.0],"autoUv":false},"up":{"texture":"#head","uv":[11.0,58.0,13.0,59.0],"autoUv":false,"rotation":90},"down":{"texture":"#head","uv":[13.0,61.0,11.0,60.0],"autoUv":false,"rotation":270}},"children":[]},{"name":"MeshMouthR.235","from":[-0.656619310379,-0.359638720751,-1.751466487892],"to":[2.161535739899,0.76922121644,-0.919708395951],"rotationOrigin":[0.752458333969,0.204791277647,-1.335587501526],"stepParentName":"b_Jaw","rotationX":0.502600910818,"rotationY":-29.623766694585,"rotationZ":0.655573402647,"group":"wolf0-jaw.012","faces":{"north":{"texture":"#head","uv":[59.0,5.0,58.0,6.0],"autoUv":false,"glow":128,"rotation":180},"east":{"texture":"#head","uv":[58.0,5.0,55.0,6.0],"autoUv":false,"glow":128,"rotation":180},"south":{"texture":"#head","uv":[55.0,5.0,54.0,6.0],"autoUv":false,"glow":128,"rotation":180},"west":{"texture":"#head","uv":[58.0,5.0,55.0,6.0],"autoUv":false,"glow":128,"rotation":180},"up":{"texture":"#head","uv":[58.0,6.0,55.0,9.0],"autoUv":false,"glow":128,"rotation":90},"down":{"texture":"#head","uv":[55.0,5.0,58.0,1.0],"autoUv":false,"glow":128,"rotation":270}},"children":[]}],"groups":[]}