{"textureWidth":64,"textureHeight":64,"textures":{},"textureSizes":{"head":[64,64]},"elements":[{"name":"Nose.002","from":[-4.098664202806,1.543587350949,-0.379428435921],"to":[-3.804259727499,1.786349347974,0.353438339068],"rotationOrigin":[-3.930878162384,1.536657333374,-0.012995048426],"stepParentName":"b_Head","rotationX":-1.3660378e-05,"rotationY":1e-12,"rotationZ":9.676679044352,"group":"head-feline3","faces":{"north":{"texture":"#head","uv":[57.0,59.0,59.0,61.0],"autoUv":false},"east":{"texture":"#head","uv":[59.0,59.0,61.0,61.0],"autoUv":false},"south":{"texture":"#head","uv":[61.0,59.0,63.0,61.0],"autoUv":false},"west":{"texture":"#head","uv":[59.0,59.0,61.0,61.0],"autoUv":false},"up":{"texture":"#head","uv":[59.0,58.0,61.0,59.0],"autoUv":false,"rotation":90},"down":{"texture":"#head","uv":[61.0,62.0,59.0,61.0],"autoUv":false,"rotation":270}},"children":[]},{"name":"MeshHead.102","from":[-3.107491850853,0.45139169693,-2.171022691095],"to":[1.197614312172,4.863305568695,2.171021662391],"rotationOrigin":[-0.954938769341,2.657348632812,-5.14352e-07],"stepParentName":"b_Head","rotationX":-1.3660375e-05,"rotationY":1e-12,"rotationZ":0.0,"group":"head-feline3","faces":{"north":{"texture":"#head","uv":[9.0,0.0,0.0,10.0],"autoUv":false,"rotation":180},"east":{"texture":"#head","uv":[37.0,0.0,27.0,10.0],"autoUv":false,"rotation":180},"south":{"texture":"#head","uv":[27.0,0.0,18.0,10.0],"autoUv":false,"rotation":180},"west":{"texture":"#head","uv":[18.0,0.0,9.0,10.0],"autoUv":false,"rotation":180},"up":{"texture":"#head","uv":[18.0,10.0,9.0,20.0],"autoUv":false,"rotation":270},"down":{"texture":"#head","uv":[0.0,20.0,9.0,10.0],"autoUv":false,"rotation":90}},"children":[]},{"name":"Neck.002","from":[-1.680840969086,-2.13113451004,-1.499999909828],"to":[1.31915974617,1.868866443634,1.500000090172],"rotationOrigin":[-0.180840611458,-0.131134033203,9.0172e-08],"stepParentName":"b_Head","rotationX":-1.4533892e-05,"rotationY":1.1099058e-05,"rotationZ":9.000042085356,"group":"head-feline3","faces":{"north":{"texture":"#head","uv":[27.0,3.0,36.0,14.0],"autoUv":false},"east":{"texture":"#head","uv":[27.0,3.0,36.0,14.0],"autoUv":false},"south":{"texture":"#head","uv":[27.0,3.0,36.0,14.0],"autoUv":false},"west":{"texture":"#head","uv":[36.0,3.0,44.0,14.0],"autoUv":false},"up":{"texture":"#head","uv":[36.0,0.0,44.0,9.0],"autoUv":false,"rotation":90},"down":{"texture":"#head","uv":[44.0,9.0,36.0,0.0],"autoUv":false,"rotation":270}},"children":[]},{"name":"Head","from":[-2.719010591507,-0.00108397007,-2.5],"to":[-2.719010591507,-0.00108397007,-2.5],"rotationOrigin":[-2.719010591507,-0.00108397007,-2.5],"rotationX":-1.3660375e-05,"rotationY":1e-12,"rotationZ":0.0,"faces":{"north":{"texture":"#null","uv":[0.0,0.0,0.0,0.0],"enabled":false},"east":{"texture":"#null","uv":[0.0,0.0,0.0,0.0],"enabled":false},"south":{"texture":"#null","uv":[0.0,0.0,0.0,0.0],"enabled":false},"west":{"texture":"#null","uv":[0.0,0.0,0.0,0.0],"enabled":false},"up":{"texture":"#null","uv":[0.0,0.0,0.0,0.0],"enabled":false},"down":{"texture":"#null","uv":[0.0,0.0,0.0,0.0],"enabled":false}},"children":[],"stepParentName":"b_Head"},{"name":"Maw.005","from":[-4.057374343927,1.040070173453,0.044285915778],"to":[-2.93336822881,2.100747383009,0.906949736192],"rotationOrigin":[-3.540876150131,1.4028455019,0.475617825985],"stepParentName":"b_Head","rotationX":86.942475152711,"rotationY":16.48691040161,"rotationZ":-80.493219293088,"group":"head-feline3","faces":{"north":{"texture":"#head","uv":[52.735694885254,16.987335205078,56.0,19.052745819092],"autoUv":false},"east":{"texture":"#head","uv":[51.99683380127,20.999996185303,52.513187408447,22.0],"autoUv":false,"rotation":90},"south":{"texture":"#head","uv":[52.735694885254,23.460441589355,56.0,25.009494781494],"autoUv":false,"rotation":180},"west":{"texture":"#head","uv":[56.486812591553,21.0,57.003170013428,21.999996185303],"autoUv":false,"rotation":270},"up":{"texture":"#head","uv":[53.0,21.0,56.264305114746,22.000003814697],"autoUv":false},"down":{"texture":"#head","uv":[56.0,22.0,52.735687255859,21.0],"autoUv":false,"rotation":180}},"children":[]},{"name":"MeshMouthR.272","from":[-5.715319573879,2.301519274712,-0.027559335216],"to":[-4.432285904884,3.477409243584,1.026748235067],"rotationOrigin":[-5.152760505676,1.180301785469,0.499196261168],"stepParentName":"b_Head","rotationX":89.791278753632,"rotationY":0.877656576623,"rotationZ":-83.13891355866,"group":"head-feline3","faces":{"north":{"texture":"#head","uv":[32.0,19.0,33.080833435059,22.0],"autoUv":false,"rotation":90},"east":{"texture":"#head","uv":[34.0,23.378746032715,37.0,25.0],"autoUv":false,"rotation":180},"south":{"texture":"#head","uv":[38.378746032715,19.0,40.0,22.0],"autoUv":false,"rotation":270},"west":{"texture":"#head","uv":[34.0,16.0,37.0,17.621253967285],"autoUv":false},"up":{"texture":"#head","uv":[34.0,19.0,37.0,22.0],"autoUv":false,"rotation":90},"down":{"texture":"#head","uv":[37.0,22.0,34.0,19.0],"autoUv":false,"rotation":270}},"children":[]},{"name":"Nose2.002","from":[-4.09978594972,1.302935266082,-0.269498360131],"to":[-3.576076576467,1.54569724502,0.243508376901],"rotationOrigin":[-3.931999921799,1.296005249023,-0.012994991615],"stepParentName":"b_Head","rotationX":-1.3660373e-05,"rotationY":1e-12,"rotationZ":2.845612621918,"group":"head-feline3","faces":{"north":{"texture":"#head","uv":[57.0,59.0,59.0,61.0],"autoUv":false},"east":{"texture":"#head","uv":[59.0,59.0,61.0,61.0],"autoUv":false},"south":{"texture":"#head","uv":[61.0,59.0,63.0,61.0],"autoUv":false},"west":{"texture":"#head","uv":[59.0,59.0,61.0,61.0],"autoUv":false},"up":{"texture":"#head","uv":[59.0,58.0,61.0,59.0],"autoUv":false,"rotation":90},"down":{"texture":"#head","uv":[61.0,62.0,59.0,61.0],"autoUv":false,"rotation":270}},"children":[]},{"name":"Whisk.012","from":[-4.100913755589,1.607705254953,1.265029937029],"to":[-3.537601400955,1.704550935617,1.361573755741],"rotationOrigin":[-3.538354635239,1.434393167496,0.833513438702],"stepParentName":"b_Head","rotationX":89.298043472908,"rotationY":-0.591736000065,"rotationZ":10.463573185798,"group":"head-feline3","faces":{"north":{"texture":"#head","uv":[9.0,60.0,11.0,61.0],"autoUv":false,"rotation":90},"east":{"texture":"#head","uv":[11.0,61.0,13.0,63.0],"autoUv":false,"rotation":180},"south":{"texture":"#head","uv":[13.0,60.0,15.0,61.0],"autoUv":false,"rotation":270},"west":{"texture":"#head","uv":[11.0,58.0,13.0,60.0],"autoUv":false},"up":{"texture":"#head","uv":[11.0,60.0,13.0,61.0],"autoUv":false,"rotation":90},"down":{"texture":"#head","uv":[13.0,61.0,11.0,60.0],"autoUv":false,"rotation":270}},"children":[]},{"name":"Whisk.013","from":[-4.090861313038,1.889580746096,1.085397213697],"to":[-3.527548958404,1.986426426759,1.18194103241],"rotationOrigin":[-3.528302192688,1.716268658638,0.65388071537],"stepParentName":"b_Head","rotationX":89.298043472908,"rotationY":-0.591736000065,"rotationZ":10.463573185798,"group":"head-feline3","faces":{"north":{"texture":"#head","uv":[9.0,60.0,11.0,61.0],"autoUv":false,"rotation":90},"east":{"texture":"#head","uv":[11.0,61.0,13.0,63.0],"autoUv":false,"rotation":180},"south":{"texture":"#head","uv":[13.0,60.0,15.0,61.0],"autoUv":false,"rotation":270},"west":{"texture":"#head","uv":[11.0,58.0,13.0,60.0],"autoUv":false},"up":{"texture":"#head","uv":[11.0,60.0,13.0,61.0],"autoUv":false,"rotation":90},"down":{"texture":"#head","uv":[13.0,61.0,11.0,60.0],"autoUv":false,"rotation":270}},"children":[]},{"name":"Whisk.014","from":[-4.081956379109,1.614333172243,0.929118692875],"to":[-3.518644024475,1.711178852906,1.025662511587],"rotationOrigin":[-3.519397258759,1.441021084785,0.497602194548],"stepParentName":"b_Head","rotationX":89.298043472908,"rotationY":-0.591736000065,"rotationZ":10.463573185798,"group":"head-feline3","faces":{"north":{"texture":"#head","uv":[9.0,60.0,11.0,61.0],"autoUv":false,"rotation":90},"east":{"texture":"#head","uv":[11.0,61.0,13.0,63.0],"autoUv":false,"rotation":180},"south":{"texture":"#head","uv":[13.0,60.0,15.0,61.0],"autoUv":false,"rotation":270},"west":{"texture":"#head","uv":[11.0,58.0,13.0,60.0],"autoUv":false},"up":{"texture":"#head","uv":[11.0,60.0,13.0,61.0],"autoUv":false,"rotation":90},"down":{"texture":"#head","uv":[13.0,61.0,11.0,60.0],"autoUv":false,"rotation":270}},"children":[]},{"name":"Maw.006","from":[-4.38478227856,1.020164349405,-0.923553510993],"to":[-3.320786280048,1.882828218589,0.151098781102],"rotationOrigin":[-3.540876150131,1.4028455019,0.475617825985],"stepParentName":"b_Head","rotationX":0.33653241171,"rotationY":9.112493466078,"rotationZ":-163.2962036578,"group":"head-feline3","faces":{"north":{"texture":"#head","uv":[57.004779815674,21.0,56.486812591553,22.0],"autoUv":false,"rotation":180},"east":{"texture":"#head","uv":[55.835792541504,21.0,52.714817047119,22.0],"autoUv":false,"rotation":180},"south":{"texture":"#head","uv":[52.513187408447,21.0,51.995220184326,22.0],"autoUv":false,"rotation":180},"west":{"texture":"#head","uv":[56.285182952881,21.0,53.164207458496,22.0],"autoUv":false,"rotation":180},"up":{"texture":"#head","uv":[55.835792541504,23.460441589355,52.714813232422,25.014347076416],"autoUv":false,"rotation":90},"down":{"texture":"#head","uv":[52.714817047119,19.052745819092,55.835792541504,16.98087310791],"autoUv":false,"rotation":270}},"children":[]},{"name":"MeshMouthR.273","from":[-7.560600757599,0.648555075839,-1.053640633821],"to":[-6.384710669518,1.702862586517,0.22939312458],"rotationOrigin":[-5.152760505676,1.180301785469,0.499196261168],"stepParentName":"b_Head","rotationX":-0.368557621264,"rotationY":6.832150714965,"rotationZ":-179.494939840591,"group":"head-feline3","faces":{"north":{"texture":"#head","uv":[37.0,16.0,34.0,17.621253967285],"autoUv":false,"rotation":90},"east":{"texture":"#head","uv":[37.0,19.0,34.0,22.0],"autoUv":false,"rotation":90},"south":{"texture":"#head","uv":[37.0,23.378746032715,34.0,25.0],"autoUv":false,"rotation":90},"west":{"texture":"#head","uv":[37.0,19.0,34.0,22.0],"autoUv":false,"rotation":90},"up":{"texture":"#head","uv":[40.0,19.0,38.378746032715,22.0],"autoUv":false},"down":{"texture":"#head","uv":[32.0,22.0,33.080833435059,19.0],"autoUv":false,"rotation":180}},"children":[]},{"name":"Whisk.015","from":[-5.094434168563,1.906427445786,0.167846220926],"to":[-4.997588547504,2.002971258743,0.731158658263],"rotationOrigin":[-3.538187742233,1.452699780464,0.471103906631],"stepParentName":"b_Head","rotationX":-176.713304319968,"rotationY":79.572714698646,"rotationZ":-2.287893738684,"group":"head-feline3","faces":{"north":{"texture":"#head","uv":[13.0,58.0,11.0,60.0],"autoUv":false,"rotation":90},"east":{"texture":"#head","uv":[13.0,60.0,11.0,61.0],"autoUv":false,"rotation":90},"south":{"texture":"#head","uv":[13.0,61.0,11.0,63.0],"autoUv":false,"rotation":90},"west":{"texture":"#head","uv":[13.0,60.0,11.0,61.0],"autoUv":false,"rotation":90},"up":{"texture":"#head","uv":[15.0,60.0,13.0,61.0],"autoUv":false},"down":{"texture":"#head","uv":[9.0,61.0,11.0,60.0],"autoUv":false,"rotation":180}},"children":[]},{"name":"Whisk.016","from":[-4.729939222336,2.182183119797,-0.083249725418],"to":[-4.633093476295,2.278726962557,0.480062667215],"rotationOrigin":[-3.528135061264,1.734575390816,0.2914711833],"stepParentName":"b_Head","rotationX":-176.71337262186,"rotationY":79.572714698646,"rotationZ":-2.287812203301,"group":"head-feline3","faces":{"north":{"texture":"#head","uv":[13.0,58.0,11.0,60.0],"autoUv":false,"rotation":90},"east":{"texture":"#head","uv":[13.0,60.0,11.0,61.0],"autoUv":false,"rotation":90},"south":{"texture":"#head","uv":[13.0,61.0,11.0,63.0],"autoUv":false,"rotation":90},"west":{"texture":"#head","uv":[13.0,60.0,11.0,61.0],"autoUv":false,"rotation":90},"up":{"texture":"#head","uv":[15.0,60.0,13.0,61.0],"autoUv":false},"down":{"texture":"#head","uv":[9.0,61.0,11.0,60.0],"autoUv":false,"rotation":180}},"children":[]},{"name":"Whisk.017","from":[-4.412672538738,1.901608798368,-0.301700182331],"to":[-4.315826869619,1.998152641128,0.261612161825],"rotationOrigin":[-3.519230127335,1.459327697754,0.135192394257],"stepParentName":"b_Head","rotationX":-176.713304319968,"rotationY":79.572694208078,"rotationZ":-2.287888402598,"group":"head-feline3","faces":{"north":{"texture":"#head","uv":[13.0,58.0,11.0,60.0],"autoUv":false,"rotation":90},"east":{"texture":"#head","uv":[13.0,60.0,11.0,61.0],"autoUv":false,"rotation":90},"south":{"texture":"#head","uv":[13.0,61.0,11.0,63.0],"autoUv":false,"rotation":90},"west":{"texture":"#head","uv":[13.0,60.0,11.0,61.0],"autoUv":false,"rotation":90},"up":{"texture":"#head","uv":[15.0,60.0,13.0,61.0],"autoUv":false},"down":{"texture":"#head","uv":[9.0,61.0,11.0,60.0],"autoUv":false,"rotation":180}},"children":[]},{"name":"HFUR.004","from":[-2.268162109715,3.613044330243,-1.694945009733],"to":[-1.543558261532,5.905167034503,1.69494613788],"rotationOrigin":[-1.905860185623,4.759105682373,5.64074e-07],"stepParentName":"b_Head","rotationX":-1.3660375e-05,"rotationY":2e-12,"rotationZ":-77.213014114001,"group":"fluff.016","faces":{"north":{"texture":"#head","uv":[21.0,20.0,19.0,27.0],"autoUv":false,"rotation":180},"east":{"texture":"#head","uv":[27.0,21.0,20.0,27.0],"autoUv":false,"rotation":180},"south":{"texture":"#head","uv":[19.0,18.0,21.0,27.0],"autoUv":false,"rotation":180},"west":{"texture":"#head","uv":[20.0,21.0,27.0,27.0],"autoUv":false,"rotation":180},"up":{"texture":"head","uv":[49.0,57.0,55.0,63.0],"autoUv":false,"enabled":false},"down":{"texture":"#head","uv":[5.0,24.0,4.0,16.0],"autoUv":false,"rotation":180}},"children":[]},{"name":"HFUR.005","from":[-0.408331789833,3.630456515912,-1.694945013885],"to":[0.31627205835,5.922579220172,1.694946133729],"rotationOrigin":[-0.046029865742,4.776517868042,5.59922e-07],"stepParentName":"b_Head","rotationX":-1.3660374e-05,"rotationY":-0.0,"rotationZ":-77.020095420894,"group":"fluff.016","faces":{"north":{"texture":"#head","uv":[21.0,20.0,19.0,27.0],"autoUv":false,"rotation":180},"east":{"texture":"#head","uv":[28.0,21.0,21.0,27.0],"autoUv":false,"rotation":180},"south":{"texture":"#head","uv":[19.0,18.0,21.0,27.0],"autoUv":false,"rotation":180},"west":{"texture":"#head","uv":[18.0,21.0,25.0,27.0],"autoUv":false,"rotation":180},"up":{"texture":"head","uv":[49.0,57.0,55.0,63.0],"autoUv":false,"enabled":false},"down":{"texture":"#head","uv":[5.0,24.0,4.0,16.0],"autoUv":false,"rotation":180}},"children":[]},{"name":"FluffR.161","from":[-1.790749430656,2.056141853333,0.850248813629],"to":[-1.334666371346,4.862839460373,3.685525894165],"rotationOrigin":[-1.562707901001,3.125860691071,2.267887353897],"stepParentName":"b_Head","rotationX":-1.3660376e-05,"rotationY":76.691392567087,"rotationZ":4e-12,"group":"fluff.016","faces":{"north":{"texture":"#head","uv":[5.0,16.0,4.0,24.0],"autoUv":false,"rotation":180},"east":{"texture":"#head","uv":[20.0,21.0,25.0,27.0],"autoUv":false,"rotation":90},"south":{"texture":"head","uv":[55.0,57.0,49.0,63.0],"autoUv":false,"rotation":180,"enabled":false},"west":{"texture":"#head","uv":[27.0,21.0,22.0,27.0],"autoUv":false,"rotation":270},"up":{"texture":"#head","uv":[21.0,18.0,19.0,27.0],"autoUv":false},"down":{"texture":"#head","uv":[21.0,27.0,19.0,20.0],"autoUv":false,"rotation":180}},"children":[]},{"name":"FluffR.162","from":[-1.559292584658,0.340523064137,0.802235722542],"to":[-0.57529130578,2.060368418694,3.858374834061],"rotationOrigin":[-1.067291975021,1.200445771217,2.330305337906],"stepParentName":"b_Head","rotationX":3.727003711191,"rotationY":67.617889235886,"rotationZ":1.577501664645,"group":"fluff.016","faces":{"north":{"texture":"#head","uv":[5.0,16.0,4.0,24.0],"autoUv":false,"rotation":180},"east":{"texture":"#head","uv":[19.0,21.0,22.0,27.0],"autoUv":false,"rotation":90},"south":{"texture":"head","uv":[55.0,57.0,49.0,63.0],"autoUv":false,"rotation":180,"enabled":false},"west":{"texture":"#head","uv":[30.0,22.0,27.0,28.0],"autoUv":false,"rotation":270},"up":{"texture":"#head","uv":[21.0,21.0,19.0,27.0],"autoUv":false},"down":{"texture":"#head","uv":[21.0,27.0,19.0,20.0],"autoUv":false,"rotation":180}},"children":[]},{"name":"FluffR.163","from":[-0.955460328542,0.66768754564,1.116502612999],"to":[-0.237532716311,2.962791438041,3.820406108925],"rotationOrigin":[-0.596496522427,1.815239548683,2.468454360962],"stepParentName":"b_Head","rotationX":-12.697354964226,"rotationY":72.570459403062,"rotationZ":12.882105604859,"group":"fluff.016","faces":{"north":{"texture":"#head","uv":[5.0,16.0,4.0,24.0],"autoUv":false,"rotation":180},"east":{"texture":"#head","uv":[19.0,21.0,23.0,27.0],"autoUv":false,"rotation":90},"south":{"texture":"head","uv":[55.0,57.0,49.0,63.0],"autoUv":false,"rotation":180,"enabled":false},"west":{"texture":"#head","uv":[29.0,22.0,25.0,28.0],"autoUv":false,"rotation":270},"up":{"texture":"#head","uv":[21.0,18.0,19.0,27.0],"autoUv":false},"down":{"texture":"#head","uv":[21.0,27.0,19.0,20.0],"autoUv":false,"rotation":180}},"children":[]},{"name":"FluffR.164","from":[-1.49247892666,2.043218651659,0.948017015921],"to":[-0.788557478161,4.293547479854,3.599169358743],"rotationOrigin":[-1.140518188477,3.16838312149,2.273593187332],"stepParentName":"b_Head","rotationX":-69.818289318519,"rotationY":54.104414604529,"rotationZ":65.772740952363,"group":"fluff.016","faces":{"north":{"texture":"#head","uv":[5.0,16.0,4.0,24.0],"autoUv":false,"rotation":180},"east":{"texture":"#head","uv":[19.0,21.0,23.0,27.0],"autoUv":false,"rotation":90},"south":{"texture":"head","uv":[55.0,57.0,49.0,63.0],"autoUv":false,"rotation":180,"enabled":false},"west":{"texture":"#head","uv":[29.0,22.0,25.0,28.0],"autoUv":false,"rotation":270},"up":{"texture":"#head","uv":[21.0,18.0,19.0,27.0],"autoUv":false},"down":{"texture":"#head","uv":[21.0,27.0,19.0,20.0],"autoUv":false,"rotation":180}},"children":[]},{"name":"FluffR.165","from":[-1.936226546764,7.311784267426,1.198167562485],"to":[0.899050951004,7.767867565155,4.004865050316],"rotationOrigin":[-1.562707901001,3.125860691071,2.267887353897],"stepParentName":"b_Head","rotationX":-89.999995674289,"rotationY":-3.9986e-08,"rotationZ":13.308627866638,"group":"fluff.016","faces":{"north":{"texture":"#head","uv":[21.0,20.0,19.0,27.0],"autoUv":false,"rotation":90},"east":{"texture":"head","uv":[49.0,57.0,55.0,63.0],"autoUv":false,"rotation":90,"enabled":false},"south":{"texture":"#head","uv":[19.0,18.0,21.0,27.0],"autoUv":false,"rotation":270},"west":{"texture":"#head","uv":[4.0,16.0,5.0,24.0],"autoUv":false,"rotation":270},"up":{"texture":"#head","uv":[22.0,21.0,27.0,27.0],"autoUv":false,"rotation":270},"down":{"texture":"#head","uv":[20.0,27.0,25.0,21.0],"autoUv":false,"rotation":270}},"children":[]},{"name":"FluffR.166","from":[-0.824439287186,4.998865461161,1.891607314348],"to":[2.231699943542,5.98286697655,3.611452817917],"rotationOrigin":[-1.067291975021,1.200445771217,2.330305337906],"stepParentName":"b_Head","rotationX":-95.185734839351,"rotationY":-0.60061988838,"rotationZ":22.374478824648,"group":"fluff.016","faces":{"north":{"texture":"#head","uv":[21.0,20.0,19.0,27.0],"autoUv":false,"rotation":90},"east":{"texture":"head","uv":[49.0,57.0,55.0,63.0],"autoUv":false,"rotation":90,"enabled":false},"south":{"texture":"#head","uv":[19.0,21.0,21.0,27.0],"autoUv":false,"rotation":270},"west":{"texture":"#head","uv":[4.0,16.0,5.0,24.0],"autoUv":false,"rotation":270},"up":{"texture":"#head","uv":[27.0,22.0,30.0,28.0],"autoUv":false,"rotation":270},"down":{"texture":"#head","uv":[19.0,27.0,22.0,21.0],"autoUv":false,"rotation":270}},"children":[]},{"name":"FluffR.167","from":[-0.505845541171,6.17759581138,1.287523827541],"to":[2.198058528756,6.895523650983,3.582627977073],"rotationOrigin":[-0.596496522427,1.815239548683,2.468454360962],"stepParentName":"b_Head","rotationX":-89.611754061487,"rotationY":-3.829025819937,"rotationZ":17.016494241549,"group":"fluff.016","faces":{"north":{"texture":"#head","uv":[21.0,20.0,19.0,27.0],"autoUv":false,"rotation":90},"east":{"texture":"head","uv":[49.0,57.0,55.0,63.0],"autoUv":false,"rotation":90,"enabled":false},"south":{"texture":"#head","uv":[19.0,18.0,21.0,27.0],"autoUv":false,"rotation":270},"west":{"texture":"#head","uv":[4.0,16.0,5.0,24.0],"autoUv":false,"rotation":270},"up":{"texture":"#head","uv":[25.0,22.0,29.0,28.0],"autoUv":false,"rotation":270},"down":{"texture":"#head","uv":[19.0,27.0,23.0,21.0],"autoUv":false,"rotation":270}},"children":[]},{"name":"FluffR.168","from":[-1.54630545684,7.230022285113,0.555936053416],"to":[1.104847472981,7.933943437938,2.806265192257],"rotationOrigin":[-1.140518188477,3.16838312149,2.273593187332],"stepParentName":"b_Head","rotationX":-81.130271036975,"rotationY":-32.32156505824,"rotationZ":16.541490443268,"group":"fluff.016","faces":{"north":{"texture":"#head","uv":[21.0,20.0,19.0,27.0],"autoUv":false,"rotation":90},"east":{"texture":"head","uv":[49.0,57.0,55.0,63.0],"autoUv":false,"rotation":90,"enabled":false},"south":{"texture":"#head","uv":[19.0,18.0,21.0,27.0],"autoUv":false,"rotation":270},"west":{"texture":"#head","uv":[4.0,16.0,5.0,24.0],"autoUv":false,"rotation":270},"up":{"texture":"#head","uv":[25.0,22.0,29.0,28.0],"autoUv":false,"rotation":270},"down":{"texture":"#head","uv":[19.0,27.0,23.0,21.0],"autoUv":false,"rotation":270}},"children":[]},{"name":"Tongue.002","from":[0.051149785519,0.106915690005,-0.465149181396],"to":[1.597453176975,0.279680989683,0.47939027796],"rotationOrigin":[0.824301481247,0.193298339844,0.007120548282],"stepParentName":"b_Jaw","rotationX":-0.178066927004,"rotationY":-0.037545539862,"rotationZ":-179.430121345367,"group":"wolf0-jaw.016","faces":{"north":{"texture":"#head","uv":[34.0,56.0,33.0,63.0],"autoUv":false,"rotation":270},"east":{"texture":"head","uv":[39.0,61.0,35.0,62.0],"autoUv":false,"rotation":180,"enabled":false},"south":{"texture":"#head","uv":[39.0,56.0,38.0,63.0],"autoUv":false,"rotation":90},"west":{"texture":"#head","uv":[38.0,63.0,34.0,64.0],"autoUv":false,"rotation":180},"up":{"texture":"#head","uv":[34.0,56.0,38.0,63.0],"autoUv":false,"rotation":90},"down":{"texture":"#head","uv":[39.0,63.0,35.0,56.0],"autoUv":false,"rotation":270}},"children":[]},{"name":"Jaw.009","from":[1.178260505199,0.112650722265,-0.07571542263],"to":[2.13995474577,0.516727760434,1.130456566811],"rotationOrigin":[1.501750707626,0.3146892488,0.438718140125],"stepParentName":"b_Jaw","rotationX":0.844947921266,"rotationY":5.998027096069,"rotationZ":-179.426979458349,"group":"wolf0-jaw.016","faces":{"north":{"texture":"#head","uv":[54.0,5.0,54.490238189697,6.0],"autoUv":false},"east":{"texture":"#head","uv":[55.0,5.0,58.0,6.0],"autoUv":false},"south":{"texture":"#head","uv":[58.509765625,5.0,59.0,6.0],"autoUv":false},"west":{"texture":"#head","uv":[55.0,5.0,58.0,6.0],"autoUv":false},"up":{"texture":"#head","uv":[55.0,1.0,58.0,2.960945129395],"autoUv":false,"rotation":90},"down":{"texture":"#head","uv":[58.0,9.0,55.0,7.529289245605],"autoUv":false,"rotation":270}},"children":[]},{"name":"MouthLip.004","from":[1.08511802659,-0.170377797088,0.57978861041],"to":[2.252416002935,0.497364820355,0.748070672084],"rotationOrigin":[1.60608625412,0.163493528962,0.663929641247],"stepParentName":"b_Jaw","rotationX":91.383259245378,"rotationY":0.385578159191,"rotationZ":-96.775973632859,"group":"wolf0-jaw.016","faces":{"north":{"texture":"#head","uv":[13.240633010864,60.0,11.0,61.0],"autoUv":false},"east":{"texture":"#head","uv":[14.0,59.0,13.0,60.0],"autoUv":false,"rotation":270},"south":{"texture":"#head","uv":[13.240633010864,58.0,11.0,59.0],"autoUv":false,"rotation":180},"west":{"texture":"#head","uv":[11.0,59.0,10.0,60.0],"autoUv":false,"rotation":90},"up":{"texture":"#head","uv":[13.24063205719,59.0,11.0,60.0],"autoUv":false,"rotation":180},"down":{"texture":"#head","uv":[10.75936794281,60.0,13.0,59.0],"autoUv":false}},"children":[]},{"name":"MouthSide.004","from":[1.341798972229,-0.157455338355,0.961732514591],"to":[1.755554980341,0.036632130368,1.08491238833],"rotationOrigin":[1.548676967621,0.174166768789,0.993015348911],"stepParentName":"b_Jaw","rotationX":84.892687571466,"rotationY":2.186205668877,"rotationZ":-97.991815607013,"group":"wolf0-jaw.016","faces":{"north":{"texture":"#head","uv":[13.0,60.837459564209,11.0,61.0],"autoUv":false},"east":{"texture":"#head","uv":[14.0,59.0,13.837459564209,60.0],"autoUv":false,"rotation":270},"south":{"texture":"#head","uv":[13.0,58.0,11.0,58.162539958954],"autoUv":false,"rotation":180},"west":{"texture":"#head","uv":[10.162540435791,59.0,10.0,60.0],"autoUv":false,"rotation":90},"up":{"texture":"#head","uv":[13.0,59.0,11.0,60.0],"autoUv":false,"rotation":180},"down":{"texture":"#head","uv":[11.0,60.0,13.0,59.0],"autoUv":false}},"children":[]},{"name":"Jaw.010","from":[-1.674808263779,0.093479931355,-0.033540993929],"to":[0.153848826885,0.497556969523,1.177199810743],"rotationOrigin":[-0.351318120956,0.29551845789,0.485461384058],"stepParentName":"b_Jaw","rotationX":0.910597511773,"rotationY":-0.580149117747,"rotationZ":-179.43009402461,"group":"wolf0-jaw.016","faces":{"north":{"texture":"#head","uv":[54.0,5.0,55.0,6.0],"autoUv":false},"east":{"texture":"#head","uv":[55.0,5.0,58.0,6.0],"autoUv":false},"south":{"texture":"#head","uv":[58.0,5.0,59.0,6.0],"autoUv":false},"west":{"texture":"#head","uv":[55.0,5.0,58.0,6.0],"autoUv":false},"up":{"texture":"#head","uv":[55.0,1.0,58.0,5.0],"autoUv":false,"rotation":90},"down":{"texture":"#head","uv":[58.0,9.0,55.0,6.0],"autoUv":false,"rotation":270}},"children":[]},{"name":"Jaw.011","from":[0.772003412247,0.126506231807,-1.125557601452],"to":[1.733697712421,0.530583206905,0.080614447594],"rotationOrigin":[1.501750707626,0.3146892488,0.438718140125],"stepParentName":"b_Jaw","rotationX":-0.844849470492,"rotationY":-5.998025388521,"rotationZ":0.573014344828,"group":"wolf0-jaw.016","faces":{"north":{"texture":"#head","uv":[59.0,5.0,58.509765625,6.0],"autoUv":false,"rotation":180},"east":{"texture":"#head","uv":[58.0,5.0,55.0,6.0],"autoUv":false,"rotation":180},"south":{"texture":"#head","uv":[54.490234375,5.0,54.0,6.0],"autoUv":false,"rotation":180},"west":{"texture":"#head","uv":[58.0,5.0,55.0,6.0],"autoUv":false,"rotation":180},"up":{"texture":"#head","uv":[58.0,7.529289245605,55.0,9.0],"autoUv":false,"rotation":90},"down":{"texture":"#head","uv":[55.0,2.960945129395,58.0,1.0],"autoUv":false,"rotation":270}},"children":[]},{"name":"MouthLip.005","from":[1.400874535027,0.052985067587,-1.176966312206],"to":[2.068617187126,0.221267116265,-0.017277816684],"rotationOrigin":[1.606085538864,0.163493737578,0.428346902132],"stepParentName":"b_Jaw","rotationX":-1.337340047153,"rotationY":-6.775601444392,"rotationZ":-179.611695094263,"group":"wolf0-jaw.016","faces":{"north":{"texture":"#head","uv":[10.0,59.0,11.0,60.0],"autoUv":false},"east":{"texture":"#head","uv":[10.773975372314,58.999999523163,13.0,60.0],"autoUv":false},"south":{"texture":"#head","uv":[13.0,59.0,14.0,60.0],"autoUv":false},"west":{"texture":"#head","uv":[11.0,59.0,13.226024627686,60.000000238419],"autoUv":false},"up":{"texture":"#head","uv":[11.0,58.000000476837,13.226024627686,59.0],"autoUv":false,"rotation":90},"down":{"texture":"#head","uv":[13.226023674011,61.0,11.0,60.000000476837],"autoUv":false,"rotation":270}},"children":[]},{"name":"MouthSide.005","from":[1.96439271263,0.319667511746,-1.172368241282],"to":[2.158480022828,0.442847443599,-0.758612069455],"rotationOrigin":[1.548676967621,0.174166768789,0.993015348911],"stepParentName":"b_Jaw","rotationX":5.412458756824,"rotationY":-7.88187096256,"rotationZ":-177.790548095484,"group":"wolf0-jaw.016","faces":{"north":{"texture":"#head","uv":[10.0,59.0,10.162540435791,60.0],"autoUv":false},"east":{"texture":"#head","uv":[11.0,59.0,13.0,60.0],"autoUv":false},"south":{"texture":"#head","uv":[13.837459564209,59.0,14.0,60.0],"autoUv":false},"west":{"texture":"#head","uv":[11.0,59.0,13.0,60.0],"autoUv":false},"up":{"texture":"#head","uv":[11.0,58.0,13.0,58.162540435791],"autoUv":false,"rotation":90},"down":{"texture":"#head","uv":[13.0,61.0,11.0,60.837459802628],"autoUv":false,"rotation":270}},"children":[]},{"name":"Jaw.012","from":[-0.846502393771,0.108811639155,-1.177026957273],"to":[0.982154409082,0.512888629154,0.033714026213],"rotationOrigin":[-0.351318120956,0.29551845789,0.485461384058],"stepParentName":"b_Jaw","rotationX":-0.910498794195,"rotationY":0.580149011025,"rotationZ":0.569905968426,"group":"wolf0-jaw.016","faces":{"north":{"texture":"#head","uv":[59.0,5.0,58.0,6.0],"autoUv":false,"rotation":180},"east":{"texture":"#head","uv":[58.0,5.0,55.0,6.0],"autoUv":false,"rotation":180},"south":{"texture":"#head","uv":[55.0,5.0,54.0,6.0],"autoUv":false,"rotation":180},"west":{"texture":"#head","uv":[58.0,5.0,55.0,6.0],"autoUv":false,"rotation":180},"up":{"texture":"#head","uv":[58.0,6.0,55.0,9.0],"autoUv":false,"rotation":90},"down":{"texture":"#head","uv":[55.0,5.0,58.0,1.0],"autoUv":false,"rotation":270}},"children":[]}],"groups":[]}