{"textureWidth":64,"textureHeight":64,"textures":{},"textureSizes":{"head":[64,64]},"elements":[{"name":"Nose","from":[-5.11218444359,1.538229608639,-0.379428434989],"to":[-4.817779968282,1.780991605665,0.35343834],"rotationOrigin":[-4.944398403168,1.531299591064,-0.012995047495],"stepParentName":"b_Head","rotationX":-1.3660378e-05,"rotationY":1e-12,"rotationZ":9.676679044352,"group":"head-feline1","faces":{"north":{"texture":"#head","uv":[57.0,59.0,59.0,61.0],"autoUv":false},"east":{"texture":"#head","uv":[59.0,59.0,61.0,61.0],"autoUv":false},"south":{"texture":"#head","uv":[61.0,59.0,63.0,61.0],"autoUv":false},"west":{"texture":"#head","uv":[59.0,59.0,61.0,61.0],"autoUv":false},"up":{"texture":"#head","uv":[59.0,58.0,61.0,59.0],"autoUv":false,"rotation":90},"down":{"texture":"#head","uv":[61.0,62.0,59.0,61.0],"autoUv":false,"rotation":270}},"children":[]},{"name":"MeshHead.013","from":[-3.107491850853,0.45139169693,-2.171022691095],"to":[1.197614312172,4.863305568695,2.171021662391],"rotationOrigin":[-0.954938769341,2.657348632812,-5.14352e-07],"stepParentName":"b_Head","rotationX":-1.3660375e-05,"rotationY":1e-12,"rotationZ":0.0,"group":"head-feline1","faces":{"north":{"texture":"#head","uv":[26.0,5.0,33.0,22.0],"autoUv":false},"east":{"texture":"#head","uv":[21.0,1.0,27.0,7.0],"autoUv":false},"south":{"texture":"#head","uv":[33.0,5.0,26.0,22.0],"autoUv":false},"west":{"texture":"#head","uv":[33.0,5.0,36.0,22.0],"autoUv":false},"up":{"texture":"#head","uv":[2.0,7.0,8.0,14.0],"autoUv":false,"rotation":90},"down":{"texture":"#head","uv":[14.0,14.0,8.0,7.0],"autoUv":false,"rotation":90}},"children":[]},{"name":"Neck","from":[-1.680840969086,-2.13113451004,-1.499999909828],"to":[1.31915974617,1.868866443634,1.500000090172],"rotationOrigin":[-0.180840611458,-0.131134033203,9.0172e-08],"stepParentName":"b_Head","rotationX":-1.4533892e-05,"rotationY":1.1099058e-05,"rotationZ":9.000042085356,"group":"head-feline1","faces":{"north":{"texture":"#head","uv":[27.0,3.0,36.0,14.0],"autoUv":false},"east":{"texture":"#head","uv":[27.0,3.0,36.0,14.0],"autoUv":false},"south":{"texture":"#head","uv":[27.0,3.0,36.0,14.0],"autoUv":false},"west":{"texture":"#head","uv":[36.0,3.0,44.0,14.0],"autoUv":false},"up":{"texture":"#head","uv":[36.0,0.0,44.0,9.0],"autoUv":false,"rotation":90},"down":{"texture":"#head","uv":[44.0,9.0,36.0,0.0],"autoUv":false,"rotation":270}},"children":[]},{"name":"Head","from":[-2.719010591507,-0.00108397007,-2.5],"to":[-2.719010591507,-0.00108397007,-2.5],"rotationOrigin":[-2.719010591507,-0.00108397007,-2.5],"rotationX":-1.3660375e-05,"rotationY":1e-12,"rotationZ":0.0,"faces":{"north":{"texture":"#null","uv":[0.0,0.0,0.0,0.0],"enabled":false},"east":{"texture":"#null","uv":[0.0,0.0,0.0,0.0],"enabled":false},"south":{"texture":"#null","uv":[0.0,0.0,0.0,0.0],"enabled":false},"west":{"texture":"#null","uv":[0.0,0.0,0.0,0.0],"enabled":false},"up":{"texture":"#null","uv":[0.0,0.0,0.0,0.0],"enabled":false},"down":{"texture":"#null","uv":[0.0,0.0,0.0,0.0],"enabled":false}},"children":[],"stepParentName":"b_Head"},{"name":"Maw.001","from":[-4.033756361063,0.131258684413,0.044285885976],"to":[-3.000760071011,2.185433728075,0.90694970639],"rotationOrigin":[-3.517258167267,1.494033932686,0.475617796183],"stepParentName":"b_Head","rotationX":87.031329083624,"rotationY":9.047625451983,"rotationZ":-80.894513397394,"group":"head-feline1","faces":{"north":{"texture":"#head","uv":[53.0,17.0,56.0,21.0],"autoUv":false},"east":{"texture":"#head","uv":[52.0,21.0,53.0,22.0],"autoUv":false,"rotation":90},"south":{"texture":"#head","uv":[53.0,22.0,56.0,25.0],"autoUv":false,"rotation":180},"west":{"texture":"#head","uv":[56.0,21.0,57.0,22.0],"autoUv":false,"rotation":270},"up":{"texture":"#head","uv":[53.0,21.0,56.0,22.0],"autoUv":false},"down":{"texture":"#head","uv":[56.0,22.0,53.0,21.0],"autoUv":false,"rotation":180}},"children":[]},{"name":"MeshMouthR.194","from":[-5.715319573879,1.301519155502,-0.027559335216],"to":[-4.432285904884,3.477409243584,1.026748235067],"rotationOrigin":[-5.152760505676,1.180301785469,0.499196261168],"stepParentName":"b_Head","rotationX":89.791278753632,"rotationY":0.877656576623,"rotationZ":-83.13891355866,"group":"head-feline1","faces":{"north":{"texture":"#head","uv":[32.0,19.0,34.0,22.0],"autoUv":false,"rotation":90},"east":{"texture":"#head","uv":[34.0,22.0,37.0,25.0],"autoUv":false,"rotation":180},"south":{"texture":"#head","uv":[37.0,19.0,40.0,22.0],"autoUv":false,"rotation":270},"west":{"texture":"#head","uv":[34.0,16.0,37.0,19.0],"autoUv":false},"up":{"texture":"#head","uv":[34.0,19.0,37.0,22.0],"autoUv":false,"rotation":90},"down":{"texture":"#head","uv":[37.0,22.0,34.0,19.0],"autoUv":false,"rotation":270}},"children":[]},{"name":"Nose2","from":[-5.100189115537,1.286205911223,-0.269498355475],"to":[-4.576479742284,1.528967890162,0.243508381557],"rotationOrigin":[-4.932403087616,1.279275894165,-0.012994986959],"stepParentName":"b_Head","rotationX":-1.3660373e-05,"rotationY":1e-12,"rotationZ":2.845612621918,"group":"head-feline1","faces":{"north":{"texture":"#head","uv":[57.0,59.0,59.0,61.0],"autoUv":false},"east":{"texture":"#head","uv":[59.0,59.0,61.0,61.0],"autoUv":false},"south":{"texture":"#head","uv":[61.0,59.0,63.0,61.0],"autoUv":false},"west":{"texture":"#head","uv":[59.0,59.0,61.0,61.0],"autoUv":false},"up":{"texture":"#head","uv":[59.0,58.0,61.0,59.0],"autoUv":false,"rotation":90},"down":{"texture":"#head","uv":[61.0,62.0,59.0,61.0],"autoUv":false,"rotation":270}},"children":[]},{"name":"Whisk","from":[-5.084232322865,1.615635891359,1.083310097456],"to":[-4.520919968231,1.712481572023,1.179853916168],"rotationOrigin":[-4.521673202515,1.442323803902,0.651793599129],"stepParentName":"b_Head","rotationX":89.298043472908,"rotationY":-0.591736000065,"rotationZ":10.463573185798,"group":"head-feline1","faces":{"north":{"texture":"#head","uv":[9.0,60.0,11.0,61.0],"autoUv":false,"rotation":90},"east":{"texture":"#head","uv":[11.0,61.0,13.0,63.0],"autoUv":false,"rotation":180},"south":{"texture":"#head","uv":[13.0,60.0,15.0,61.0],"autoUv":false,"rotation":270},"west":{"texture":"#head","uv":[11.0,58.0,13.0,60.0],"autoUv":false},"up":{"texture":"#head","uv":[11.0,60.0,13.0,61.0],"autoUv":false,"rotation":90},"down":{"texture":"#head","uv":[13.0,61.0,11.0,60.0],"autoUv":false,"rotation":270}},"children":[]},{"name":"Whisk.001","from":[-5.074179641895,1.897511501711,0.903677374125],"to":[-4.510867287262,1.994357182374,1.000221192837],"rotationOrigin":[-4.511620521545,1.724199414253,0.472160875797],"stepParentName":"b_Head","rotationX":89.298043472908,"rotationY":-0.591736000065,"rotationZ":10.463573185798,"group":"head-feline1","faces":{"north":{"texture":"#head","uv":[9.0,60.0,11.0,61.0],"autoUv":false,"rotation":90},"east":{"texture":"#head","uv":[11.0,61.0,13.0,63.0],"autoUv":false,"rotation":180},"south":{"texture":"#head","uv":[13.0,60.0,15.0,61.0],"autoUv":false,"rotation":270},"west":{"texture":"#head","uv":[11.0,58.0,13.0,60.0],"autoUv":false},"up":{"texture":"#head","uv":[11.0,60.0,13.0,61.0],"autoUv":false,"rotation":90},"down":{"texture":"#head","uv":[13.0,61.0,11.0,60.0],"autoUv":false,"rotation":270}},"children":[]},{"name":"Whisk.002","from":[-5.065274707966,1.622263927858,0.747398853302],"to":[-4.501962353332,1.719109608522,0.843942672014],"rotationOrigin":[-4.502715587616,1.448951840401,0.315882354975],"stepParentName":"b_Head","rotationX":89.298043472908,"rotationY":-0.591736000065,"rotationZ":10.463573185798,"group":"head-feline1","faces":{"north":{"texture":"#head","uv":[9.0,60.0,11.0,61.0],"autoUv":false,"rotation":90},"east":{"texture":"#head","uv":[11.0,61.0,13.0,63.0],"autoUv":false,"rotation":180},"south":{"texture":"#head","uv":[13.0,60.0,15.0,61.0],"autoUv":false,"rotation":270},"west":{"texture":"#head","uv":[11.0,58.0,13.0,60.0],"autoUv":false},"up":{"texture":"#head","uv":[11.0,60.0,13.0,61.0],"autoUv":false,"rotation":90},"down":{"texture":"#head","uv":[13.0,61.0,11.0,60.0],"autoUv":false,"rotation":270}},"children":[]},{"name":"Maw.002","from":[-4.351343741662,1.111352780191,-0.980095507497],"to":[-2.297168402051,1.974016649375,0.052900906575],"rotationOrigin":[-3.517258167267,1.494033932686,0.475617796183],"stepParentName":"b_Head","rotationX":1.524884982209,"rotationY":8.99131139605,"rotationZ":-170.838849860137,"group":"head-feline1","faces":{"north":{"texture":"#head","uv":[57.0,21.0,56.0,22.0],"autoUv":false,"rotation":180},"east":{"texture":"#head","uv":[56.0,21.0,53.0,22.0],"autoUv":false,"rotation":180},"south":{"texture":"#head","uv":[53.0,21.0,52.0,22.0],"autoUv":false,"rotation":180},"west":{"texture":"#head","uv":[56.0,21.0,53.0,22.0],"autoUv":false,"rotation":180},"up":{"texture":"#head","uv":[56.0,22.0,53.0,25.0],"autoUv":false,"rotation":90},"down":{"texture":"#head","uv":[53.0,21.0,56.0,17.0],"autoUv":false,"rotation":270}},"children":[]},{"name":"MeshMouthR.184","from":[-7.560600757599,0.648555075839,-1.053640633821],"to":[-5.384710565209,1.702862586517,0.22939312458],"rotationOrigin":[-5.152760505676,1.180301785469,0.499196261168],"stepParentName":"b_Head","rotationX":-0.368557621264,"rotationY":6.832150714965,"rotationZ":-179.494939840591,"group":"head-feline1","faces":{"north":{"texture":"#head","uv":[37.0,16.0,34.0,19.0],"autoUv":false,"rotation":90},"east":{"texture":"#head","uv":[37.0,19.0,34.0,22.0],"autoUv":false,"rotation":90},"south":{"texture":"#head","uv":[37.0,22.0,34.0,25.0],"autoUv":false,"rotation":90},"west":{"texture":"#head","uv":[37.0,19.0,34.0,22.0],"autoUv":false,"rotation":90},"up":{"texture":"#head","uv":[40.0,19.0,37.0,22.0],"autoUv":false},"down":{"texture":"#head","uv":[32.0,22.0,34.0,19.0],"autoUv":false,"rotation":180}},"children":[]},{"name":"Whisk.003","from":[-6.077919628844,1.896051469223,0.348535913423],"to":[-5.981074007785,1.992595282181,0.91184835076],"rotationOrigin":[-4.521673202515,1.442323803902,0.651793599129],"stepParentName":"b_Head","rotationX":-176.713304319968,"rotationY":79.572714698646,"rotationZ":-2.287893738684,"group":"head-feline1","faces":{"north":{"texture":"#head","uv":[13.0,58.0,11.0,60.0],"autoUv":false,"rotation":90},"east":{"texture":"#head","uv":[13.0,60.0,11.0,61.0],"autoUv":false,"rotation":90},"south":{"texture":"#head","uv":[13.0,61.0,11.0,63.0],"autoUv":false,"rotation":90},"west":{"texture":"#head","uv":[13.0,60.0,11.0,61.0],"autoUv":false,"rotation":90},"up":{"texture":"#head","uv":[15.0,60.0,13.0,61.0],"autoUv":false},"down":{"texture":"#head","uv":[9.0,61.0,11.0,60.0],"autoUv":false,"rotation":180}},"children":[]},{"name":"Whisk.004","from":[-5.713424682617,2.171807143235,0.097439967079],"to":[-5.616578936577,2.268350985995,0.660752359713],"rotationOrigin":[-4.511620521545,1.724199414253,0.472160875797],"stepParentName":"b_Head","rotationX":-176.71337262186,"rotationY":79.572714698646,"rotationZ":-2.287812203301,"group":"head-feline1","faces":{"north":{"texture":"#head","uv":[13.0,58.0,11.0,60.0],"autoUv":false,"rotation":90},"east":{"texture":"#head","uv":[13.0,60.0,11.0,61.0],"autoUv":false,"rotation":90},"south":{"texture":"#head","uv":[13.0,61.0,11.0,63.0],"autoUv":false,"rotation":90},"west":{"texture":"#head","uv":[13.0,60.0,11.0,61.0],"autoUv":false,"rotation":90},"up":{"texture":"#head","uv":[15.0,60.0,13.0,61.0],"autoUv":false},"down":{"texture":"#head","uv":[9.0,61.0,11.0,60.0],"autoUv":false,"rotation":180}},"children":[]},{"name":"Whisk.005","from":[-5.396157999019,1.891232941015,-0.121010221613],"to":[-5.299312329901,1.987776783775,0.442302122543],"rotationOrigin":[-4.502715587616,1.448951840401,0.315882354975],"stepParentName":"b_Head","rotationX":-176.713304319968,"rotationY":79.572694208078,"rotationZ":-2.287888402598,"group":"head-feline1","faces":{"north":{"texture":"#head","uv":[13.0,58.0,11.0,60.0],"autoUv":false,"rotation":90},"east":{"texture":"#head","uv":[13.0,60.0,11.0,61.0],"autoUv":false,"rotation":90},"south":{"texture":"#head","uv":[13.0,61.0,11.0,63.0],"autoUv":false,"rotation":90},"west":{"texture":"#head","uv":[13.0,60.0,11.0,61.0],"autoUv":false,"rotation":90},"up":{"texture":"#head","uv":[15.0,60.0,13.0,61.0],"autoUv":false},"down":{"texture":"#head","uv":[9.0,61.0,11.0,60.0],"autoUv":false,"rotation":180}},"children":[]},{"name":"HFUR","from":[-2.268162109715,3.613044330243,-1.694945009733],"to":[-1.543558261532,5.905167034503,1.69494613788],"rotationOrigin":[-1.905860185623,4.759105682373,5.64074e-07],"stepParentName":"b_Head","rotationX":-1.3660375e-05,"rotationY":2e-12,"rotationZ":-77.213014114001,"group":"fluff.009","faces":{"north":{"texture":"#head","uv":[21.0,20.0,19.0,27.0],"autoUv":false,"rotation":180},"east":{"texture":"#head","uv":[27.0,21.0,20.0,27.0],"autoUv":false,"rotation":180},"south":{"texture":"#head","uv":[19.0,18.0,21.0,27.0],"autoUv":false,"rotation":180},"west":{"texture":"#head","uv":[20.0,21.0,27.0,27.0],"autoUv":false,"rotation":180},"up":{"texture":"head","uv":[49.0,57.0,55.0,63.0],"autoUv":false,"enabled":false},"down":{"texture":"#head","uv":[5.0,24.0,4.0,16.0],"autoUv":false,"rotation":180}},"children":[]},{"name":"HFUR.001","from":[-0.408331789833,3.630456515912,-1.694945013885],"to":[0.31627205835,5.922579220172,1.694946133729],"rotationOrigin":[-0.046029865742,4.776517868042,5.59922e-07],"stepParentName":"b_Head","rotationX":-1.3660374e-05,"rotationY":-0.0,"rotationZ":-77.020095420894,"group":"fluff.009","faces":{"north":{"texture":"#head","uv":[21.0,20.0,19.0,27.0],"autoUv":false,"rotation":180},"east":{"texture":"#head","uv":[28.0,21.0,21.0,27.0],"autoUv":false,"rotation":180},"south":{"texture":"#head","uv":[19.0,18.0,21.0,27.0],"autoUv":false,"rotation":180},"west":{"texture":"#head","uv":[18.0,21.0,25.0,27.0],"autoUv":false,"rotation":180},"up":{"texture":"head","uv":[49.0,57.0,55.0,63.0],"autoUv":false,"enabled":false},"down":{"texture":"#head","uv":[5.0,24.0,4.0,16.0],"autoUv":false,"rotation":180}},"children":[]},{"name":"FluffL.008","from":[-3.475260674953,1.051521956871,0.891550064087],"to":[-1.874672651291,1.54986578231,2.213343858719],"rotationOrigin":[-2.951294183731,1.300693869591,1.511467814445],"stepParentName":"b_Head","rotationX":-92.001534799237,"rotationY":-2.381712363349,"rotationZ":-86.612153544071,"group":"fluff.009","faces":{"north":{"texture":"#head","uv":[40.0,18.0,39.0,27.0],"autoUv":false,"rotation":90},"east":{"texture":"head","uv":[54.0,59.0,50.0,63.0],"autoUv":false,"rotation":270,"enabled":false},"south":{"texture":"#head","uv":[40.0,18.0,38.0,25.0],"autoUv":false,"rotation":270},"west":{"texture":"#head","uv":[55.0,8.0,50.0,14.0],"autoUv":false,"rotation":90},"up":{"texture":"#head","uv":[42.0,17.0,39.0,27.0],"autoUv":false,"rotation":270},"down":{"texture":"#head","uv":[34.0,27.0,37.0,19.0],"autoUv":false,"rotation":270}},"children":[]},{"name":"FluffR.120","from":[-1.790749430656,2.056141853333,0.850248813629],"to":[-1.334666371346,4.862839460373,3.685525894165],"rotationOrigin":[-1.562707901001,3.125860691071,2.267887353897],"stepParentName":"b_Head","rotationX":-1.3660376e-05,"rotationY":76.691392567087,"rotationZ":4e-12,"group":"fluff.009","faces":{"north":{"texture":"#head","uv":[5.0,16.0,4.0,24.0],"autoUv":false,"rotation":180},"east":{"texture":"#head","uv":[20.0,21.0,25.0,27.0],"autoUv":false,"rotation":90},"south":{"texture":"head","uv":[55.0,57.0,49.0,63.0],"autoUv":false,"rotation":180,"enabled":false},"west":{"texture":"#head","uv":[27.0,21.0,22.0,27.0],"autoUv":false,"rotation":270},"up":{"texture":"#head","uv":[21.0,18.0,19.0,27.0],"autoUv":false},"down":{"texture":"#head","uv":[21.0,27.0,19.0,20.0],"autoUv":false,"rotation":180}},"children":[]},{"name":"FluffR.121","from":[-1.559292584658,0.340523064137,0.802235722542],"to":[-0.57529130578,2.060368418694,3.858374834061],"rotationOrigin":[-1.067291975021,1.200445771217,2.330305337906],"stepParentName":"b_Head","rotationX":3.727003711191,"rotationY":67.617889235886,"rotationZ":1.577501664645,"group":"fluff.009","faces":{"north":{"texture":"#head","uv":[5.0,16.0,4.0,24.0],"autoUv":false,"rotation":180},"east":{"texture":"#head","uv":[19.0,21.0,22.0,27.0],"autoUv":false,"rotation":90},"south":{"texture":"head","uv":[55.0,57.0,49.0,63.0],"autoUv":false,"rotation":180,"enabled":false},"west":{"texture":"#head","uv":[30.0,22.0,27.0,28.0],"autoUv":false,"rotation":270},"up":{"texture":"#head","uv":[21.0,21.0,19.0,27.0],"autoUv":false},"down":{"texture":"#head","uv":[21.0,27.0,19.0,20.0],"autoUv":false,"rotation":180}},"children":[]},{"name":"FluffL.010","from":[-3.480848205368,-0.107702024468,1.470714313204],"to":[-2.466865124503,1.548506567648,2.017084377592],"rotationOrigin":[-2.973856687546,0.720402181149,1.743899345398],"stepParentName":"b_Head","rotationX":0.632051245002,"rotationY":95.886443946303,"rotationZ":-71.498099212802,"group":"fluff.009","faces":{"north":{"texture":"#head","uv":[45.0,19.0,42.0,27.0],"autoUv":false},"east":{"texture":"#head","uv":[39.0,18.0,37.0,27.0],"autoUv":false},"south":{"texture":"#head","uv":[39.0,17.0,36.0,27.0],"autoUv":false},"west":{"texture":"#head","uv":[45.0,19.0,43.0,26.0],"autoUv":false},"up":{"texture":"#head","uv":[54.0,18.0,57.0,24.0],"autoUv":false,"rotation":270},"down":{"texture":"head","uv":[50.0,63.0,54.0,59.0],"autoUv":false,"rotation":270,"enabled":false}},"children":[]},{"name":"FluffR.112","from":[-0.955460328542,0.66768754564,1.116502612999],"to":[-0.237532716311,2.962791438041,3.820406108925],"rotationOrigin":[-0.596496522427,1.815239548683,2.468454360962],"stepParentName":"b_Head","rotationX":-12.697354964226,"rotationY":72.570459403062,"rotationZ":12.882105604859,"group":"fluff.009","faces":{"north":{"texture":"#head","uv":[5.0,16.0,4.0,24.0],"autoUv":false,"rotation":180},"east":{"texture":"#head","uv":[19.0,21.0,23.0,27.0],"autoUv":false,"rotation":90},"south":{"texture":"head","uv":[55.0,57.0,49.0,63.0],"autoUv":false,"rotation":180,"enabled":false},"west":{"texture":"#head","uv":[29.0,22.0,25.0,28.0],"autoUv":false,"rotation":270},"up":{"texture":"#head","uv":[21.0,18.0,19.0,27.0],"autoUv":false},"down":{"texture":"#head","uv":[21.0,27.0,19.0,20.0],"autoUv":false,"rotation":180}},"children":[]},{"name":"FluffR.114","from":[-1.49247892666,2.043218651659,0.948017015921],"to":[-0.788557478161,4.293547479854,3.599169358743],"rotationOrigin":[-1.140518188477,3.16838312149,2.273593187332],"stepParentName":"b_Head","rotationX":-69.818289318519,"rotationY":54.104414604529,"rotationZ":65.772740952363,"group":"fluff.009","faces":{"north":{"texture":"#head","uv":[5.0,16.0,4.0,24.0],"autoUv":false,"rotation":180},"east":{"texture":"#head","uv":[19.0,21.0,23.0,27.0],"autoUv":false,"rotation":90},"south":{"texture":"head","uv":[55.0,57.0,49.0,63.0],"autoUv":false,"rotation":180,"enabled":false},"west":{"texture":"#head","uv":[29.0,22.0,25.0,28.0],"autoUv":false,"rotation":270},"up":{"texture":"#head","uv":[21.0,18.0,19.0,27.0],"autoUv":false},"down":{"texture":"#head","uv":[21.0,27.0,19.0,20.0],"autoUv":false,"rotation":180}},"children":[]},{"name":"FluffR.111","from":[-1.936226546764,7.311784267426,1.198167562485],"to":[0.899050951004,7.767867565155,4.004865050316],"rotationOrigin":[-1.562707901001,3.125860691071,2.267887353897],"stepParentName":"b_Head","rotationX":-89.999995674289,"rotationY":-3.9986e-08,"rotationZ":13.308627866638,"group":"fluff.009","faces":{"north":{"texture":"#head","uv":[21.0,20.0,19.0,27.0],"autoUv":false,"rotation":90},"east":{"texture":"head","uv":[49.0,57.0,55.0,63.0],"autoUv":false,"rotation":90,"enabled":false},"south":{"texture":"#head","uv":[19.0,18.0,21.0,27.0],"autoUv":false,"rotation":270},"west":{"texture":"#head","uv":[4.0,16.0,5.0,24.0],"autoUv":false,"rotation":270},"up":{"texture":"#head","uv":[22.0,21.0,27.0,27.0],"autoUv":false,"rotation":270},"down":{"texture":"#head","uv":[20.0,27.0,25.0,21.0],"autoUv":false,"rotation":270}},"children":[]},{"name":"FluffL.011","from":[-0.459707260132,0.868611544371,0.915082275867],"to":[1.140880823135,1.366955496371,2.236876308918],"rotationOrigin":[-2.951294183731,1.300693869591,1.511467814445],"stepParentName":"b_Head","rotationX":92.001534799237,"rotationY":2.38169614165,"rotationZ":-86.612174034638,"group":"fluff.009","faces":{"north":{"texture":"#head","uv":[38.0,18.0,40.0,25.0],"autoUv":false,"rotation":90},"east":{"texture":"head","uv":[50.0,59.0,54.0,63.0],"autoUv":false,"rotation":90,"enabled":false},"south":{"texture":"#head","uv":[39.0,18.0,40.0,27.0],"autoUv":false,"rotation":270},"west":{"texture":"#head","uv":[50.0,8.0,55.0,14.0],"autoUv":false,"rotation":270},"up":{"texture":"#head","uv":[39.0,17.0,42.0,27.0],"autoUv":false,"rotation":270},"down":{"texture":"#head","uv":[37.0,27.0,34.0,19.0],"autoUv":false,"rotation":270}},"children":[]},{"name":"FluffR.113","from":[-0.824439287186,4.998865461161,1.891607314348],"to":[2.231699943542,5.98286697655,3.611452817917],"rotationOrigin":[-1.067291975021,1.200445771217,2.330305337906],"stepParentName":"b_Head","rotationX":-95.185734839351,"rotationY":-0.60061988838,"rotationZ":22.374478824648,"group":"fluff.009","faces":{"north":{"texture":"#head","uv":[21.0,20.0,19.0,27.0],"autoUv":false,"rotation":90},"east":{"texture":"head","uv":[49.0,57.0,55.0,63.0],"autoUv":false,"rotation":90,"enabled":false},"south":{"texture":"#head","uv":[19.0,21.0,21.0,27.0],"autoUv":false,"rotation":270},"west":{"texture":"#head","uv":[4.0,16.0,5.0,24.0],"autoUv":false,"rotation":270},"up":{"texture":"#head","uv":[27.0,22.0,30.0,28.0],"autoUv":false,"rotation":270},"down":{"texture":"#head","uv":[19.0,27.0,22.0,21.0],"autoUv":false,"rotation":270}},"children":[]},{"name":"FluffL.012","from":[-0.524284174217,0.089539917292,0.09952100458],"to":[1.131924468664,0.63591003591,1.11350439121],"rotationOrigin":[-2.973856687546,0.720402181149,1.743899345398],"stepParentName":"b_Head","rotationX":70.956977475808,"rotationY":-1.865034165847,"rotationZ":-84.415865235318,"group":"fluff.009","faces":{"north":{"texture":"#head","uv":[43.0,19.0,45.0,26.0],"autoUv":false,"rotation":90},"east":{"texture":"head","uv":[50.0,59.0,54.0,63.0],"autoUv":false,"rotation":90,"enabled":false},"south":{"texture":"#head","uv":[37.0,18.0,39.0,27.0],"autoUv":false,"rotation":270},"west":{"texture":"#head","uv":[57.0,18.0,54.0,24.0],"autoUv":false,"rotation":270},"up":{"texture":"#head","uv":[36.0,17.0,39.0,27.0],"autoUv":false,"rotation":270},"down":{"texture":"#head","uv":[45.0,27.0,42.0,19.0],"autoUv":false,"rotation":270}},"children":[]},{"name":"FluffR.115","from":[-0.505845541171,6.17759581138,1.287523827541],"to":[2.198058528756,6.895523650983,3.582627977073],"rotationOrigin":[-0.596496522427,1.815239548683,2.468454360962],"stepParentName":"b_Head","rotationX":-89.611754061487,"rotationY":-3.829025819937,"rotationZ":17.016494241549,"group":"fluff.009","faces":{"north":{"texture":"#head","uv":[21.0,20.0,19.0,27.0],"autoUv":false,"rotation":90},"east":{"texture":"head","uv":[49.0,57.0,55.0,63.0],"autoUv":false,"rotation":90,"enabled":false},"south":{"texture":"#head","uv":[19.0,18.0,21.0,27.0],"autoUv":false,"rotation":270},"west":{"texture":"#head","uv":[4.0,16.0,5.0,24.0],"autoUv":false,"rotation":270},"up":{"texture":"#head","uv":[25.0,22.0,29.0,28.0],"autoUv":false,"rotation":270},"down":{"texture":"#head","uv":[19.0,27.0,23.0,21.0],"autoUv":false,"rotation":270}},"children":[]},{"name":"FluffR.116","from":[-1.54630545684,7.230022285113,0.555936053416],"to":[1.104847472981,7.933943437938,2.806265192257],"rotationOrigin":[-1.140518188477,3.16838312149,2.273593187332],"stepParentName":"b_Head","rotationX":-81.130271036975,"rotationY":-32.32156505824,"rotationZ":16.541490443268,"group":"fluff.009","faces":{"north":{"texture":"#head","uv":[21.0,20.0,19.0,27.0],"autoUv":false,"rotation":90},"east":{"texture":"head","uv":[49.0,57.0,55.0,63.0],"autoUv":false,"rotation":90,"enabled":false},"south":{"texture":"#head","uv":[19.0,18.0,21.0,27.0],"autoUv":false,"rotation":270},"west":{"texture":"#head","uv":[4.0,16.0,5.0,24.0],"autoUv":false,"rotation":270},"up":{"texture":"#head","uv":[25.0,22.0,29.0,28.0],"autoUv":false,"rotation":270},"down":{"texture":"#head","uv":[19.0,27.0,23.0,21.0],"autoUv":false,"rotation":270}},"children":[]},{"name":"Tongue","from":[1.051100194454,0.116864420474,-0.464524835315],"to":[2.597403585911,0.289629720151,0.480014624041],"rotationOrigin":[1.824251890182,0.203247070312,0.007744894363],"stepParentName":"b_Jaw","rotationX":-0.178066927004,"rotationY":-0.037545539862,"rotationZ":-179.430121345367,"group":"wolf0-jaw.009","faces":{"north":{"texture":"#head","uv":[34.0,56.0,33.0,63.0],"autoUv":false,"rotation":270},"east":{"texture":"head","uv":[39.0,61.0,35.0,62.0],"autoUv":false,"rotation":180,"enabled":false},"south":{"texture":"#head","uv":[39.0,56.0,38.0,63.0],"autoUv":false,"rotation":90},"west":{"texture":"#head","uv":[38.0,63.0,34.0,64.0],"autoUv":false,"rotation":180},"up":{"texture":"#head","uv":[34.0,56.0,38.0,63.0],"autoUv":false,"rotation":90},"down":{"texture":"#head","uv":[39.0,63.0,35.0,56.0],"autoUv":false,"rotation":270}},"children":[]},{"name":"Jaw.001","from":[0.178260564804,0.112650722265,-0.07571542263],"to":[2.13995474577,0.516727760434,1.130456566811],"rotationOrigin":[1.501750707626,0.3146892488,0.438718140125],"stepParentName":"b_Jaw","rotationX":0.844947921266,"rotationY":5.998027096069,"rotationZ":-179.426979458349,"group":"wolf0-jaw.009","faces":{"north":{"texture":"#head","uv":[54.0,5.0,55.0,6.0],"autoUv":false},"east":{"texture":"#head","uv":[55.0,5.0,58.0,6.0],"autoUv":false},"south":{"texture":"#head","uv":[58.0,5.0,59.0,6.0],"autoUv":false},"west":{"texture":"#head","uv":[55.0,5.0,58.0,6.0],"autoUv":false},"up":{"texture":"#head","uv":[55.0,1.0,58.0,5.0],"autoUv":false,"rotation":90},"down":{"texture":"#head","uv":[58.0,9.0,55.0,6.0],"autoUv":false,"rotation":270}},"children":[]},{"name":"MouthLip","from":[2.078110189295,-0.16084857901,0.461993977498],"to":[3.120046644354,0.506894038432,0.630276039172],"rotationOrigin":[2.599078416824,0.17302274704,0.546135008335],"stepParentName":"b_Jaw","rotationX":91.383259245378,"rotationY":0.385578159191,"rotationZ":-96.775973632859,"group":"wolf0-jaw.009","faces":{"north":{"texture":"#head","uv":[13.0,60.0,11.0,61.0],"autoUv":false},"east":{"texture":"#head","uv":[14.0,59.0,13.0,60.0],"autoUv":false,"rotation":270},"south":{"texture":"#head","uv":[13.0,58.0,11.0,59.0],"autoUv":false,"rotation":180},"west":{"texture":"#head","uv":[11.0,59.0,10.0,60.0],"autoUv":false,"rotation":90},"up":{"texture":"#head","uv":[13.0,59.0,11.0,60.0],"autoUv":false,"rotation":180},"down":{"texture":"#head","uv":[11.0,60.0,13.0,59.0],"autoUv":false}},"children":[]},{"name":"MouthSide","from":[1.341798972229,-0.157455338355,0.961732514591],"to":[1.755554980341,1.036632088122,1.08491238833],"rotationOrigin":[1.548676967621,0.174166768789,0.993015348911],"stepParentName":"b_Jaw","rotationX":84.892687571466,"rotationY":2.186205668877,"rotationZ":-97.991815607013,"group":"wolf0-jaw.009","faces":{"north":{"texture":"#head","uv":[13.0,60.0,11.0,61.0],"autoUv":false},"east":{"texture":"#head","uv":[14.0,59.0,13.0,60.0],"autoUv":false,"rotation":270},"south":{"texture":"#head","uv":[13.0,58.0,11.0,59.0],"autoUv":false,"rotation":180},"west":{"texture":"#head","uv":[11.0,59.0,10.0,60.0],"autoUv":false,"rotation":90},"up":{"texture":"#head","uv":[13.0,59.0,11.0,60.0],"autoUv":false,"rotation":180},"down":{"texture":"#head","uv":[11.0,60.0,13.0,59.0],"autoUv":false}},"children":[]},{"name":"Jaw.002","from":[-1.674808263779,0.093479931355,-0.033540993929],"to":[0.153848826885,0.497556969523,1.177199810743],"rotationOrigin":[-0.351318120956,0.29551845789,0.485461384058],"stepParentName":"b_Jaw","rotationX":0.910597511773,"rotationY":-0.580149117747,"rotationZ":-179.43009402461,"group":"wolf0-jaw.009","faces":{"north":{"texture":"#head","uv":[54.0,5.0,55.0,6.0],"autoUv":false},"east":{"texture":"#head","uv":[55.0,5.0,58.0,6.0],"autoUv":false},"south":{"texture":"#head","uv":[58.0,5.0,59.0,6.0],"autoUv":false},"west":{"texture":"#head","uv":[55.0,5.0,58.0,6.0],"autoUv":false},"up":{"texture":"#head","uv":[55.0,1.0,58.0,5.0],"autoUv":false,"rotation":90},"down":{"texture":"#head","uv":[58.0,9.0,55.0,6.0],"autoUv":false,"rotation":270}},"children":[]},{"name":"Jaw.003","from":[0.772003412247,0.126506231807,-1.125557601452],"to":[2.733697652817,0.530583206905,0.080614447594],"rotationOrigin":[1.501750707626,0.3146892488,0.438718140125],"stepParentName":"b_Jaw","rotationX":-0.844849470492,"rotationY":-5.998025388521,"rotationZ":0.573014344828,"group":"wolf0-jaw.009","faces":{"north":{"texture":"#head","uv":[59.0,5.0,58.0,6.0],"autoUv":false,"rotation":180},"east":{"texture":"#head","uv":[58.0,5.0,55.0,6.0],"autoUv":false,"rotation":180},"south":{"texture":"#head","uv":[55.0,5.0,54.0,6.0],"autoUv":false,"rotation":180},"west":{"texture":"#head","uv":[58.0,5.0,55.0,6.0],"autoUv":false,"rotation":180},"up":{"texture":"#head","uv":[58.0,6.0,55.0,9.0],"autoUv":false,"rotation":90},"down":{"texture":"#head","uv":[55.0,5.0,58.0,1.0],"autoUv":false,"rotation":270}},"children":[]},{"name":"MouthLip.001","from":[2.393867412987,0.062514077048,-1.059178206003],"to":[3.061610065087,0.230796125726,-0.017241646972],"rotationOrigin":[2.599078416824,0.17302274704,0.546135008335],"stepParentName":"b_Jaw","rotationX":-1.337340047153,"rotationY":-6.775601444392,"rotationZ":-179.611695094263,"group":"wolf0-jaw.009","faces":{"north":{"texture":"#head","uv":[10.0,59.0,11.0,60.0],"autoUv":false},"east":{"texture":"#head","uv":[11.0,59.0,13.0,60.0],"autoUv":false},"south":{"texture":"#head","uv":[13.0,59.0,14.0,60.0],"autoUv":false},"west":{"texture":"#head","uv":[11.0,59.0,13.0,60.0],"autoUv":false},"up":{"texture":"#head","uv":[11.0,58.0,13.0,59.0],"autoUv":false,"rotation":90},"down":{"texture":"#head","uv":[13.0,61.0,11.0,60.0],"autoUv":false,"rotation":270}},"children":[]},{"name":"MouthSide.001","from":[0.964392649442,0.319667511746,-1.172368241282],"to":[2.158480022828,0.442847443599,-0.758612069455],"rotationOrigin":[1.548676967621,0.174166768789,0.993015348911],"stepParentName":"b_Jaw","rotationX":5.412458756824,"rotationY":-7.88187096256,"rotationZ":-177.790548095484,"group":"wolf0-jaw.009","faces":{"north":{"texture":"#head","uv":[10.0,59.0,11.0,60.0],"autoUv":false},"east":{"texture":"#head","uv":[11.0,59.0,13.0,60.0],"autoUv":false},"south":{"texture":"#head","uv":[13.0,59.0,14.0,60.0],"autoUv":false},"west":{"texture":"#head","uv":[11.0,59.0,13.0,60.0],"autoUv":false},"up":{"texture":"#head","uv":[11.0,58.0,13.0,59.0],"autoUv":false,"rotation":90},"down":{"texture":"#head","uv":[13.0,61.0,11.0,60.0],"autoUv":false,"rotation":270}},"children":[]},{"name":"Jaw.004","from":[-0.846502393771,0.108811639155,-1.177026957273],"to":[0.982154409082,0.512888629154,0.033714026213],"rotationOrigin":[-0.351318120956,0.29551845789,0.485461384058],"stepParentName":"b_Jaw","rotationX":-0.910498794195,"rotationY":0.580149011025,"rotationZ":0.569905968426,"group":"wolf0-jaw.009","faces":{"north":{"texture":"#head","uv":[59.0,5.0,58.0,6.0],"autoUv":false,"rotation":180},"east":{"texture":"#head","uv":[58.0,5.0,55.0,6.0],"autoUv":false,"rotation":180},"south":{"texture":"#head","uv":[55.0,5.0,54.0,6.0],"autoUv":false,"rotation":180},"west":{"texture":"#head","uv":[58.0,5.0,55.0,6.0],"autoUv":false,"rotation":180},"up":{"texture":"#head","uv":[58.0,6.0,55.0,9.0],"autoUv":false,"rotation":90},"down":{"texture":"#head","uv":[55.0,5.0,58.0,1.0],"autoUv":false,"rotation":270}},"children":[]}],"groups":[]}