{"textureWidth": 128, "textureHeight": 128, "textures": {}, "textureSizes": {}, "elements": [{"name": "kirin.001", "from": [5.857065320014954, 4.072458267211914, -0.7549670338630707], "to": [7.318289637565613, 6.113336563110352, 0.7549670338630645], "rotationOrigin": [6.587677478790283, 5.092897415161133, -3.1422237248691746e-15], "stepParentName": "b_Head", "rotationX": -3.535037221554647e-14, "rotationY": 6.972163806986927e-20, "rotationZ": -59.87121162266235, "group": "horn-kirin", "faces": {"north": {"texture": "#main", "uv": [4.0, 45.0, 1.0, 53.0], "autoUv": false}, "east": {"texture": "#main", "uv": [1.0, 45.0, 4.0, 53.0], "autoUv": false}, "south": {"texture": "#main", "uv": [4.0, 45.0, 1.0, 53.0], "autoUv": false}, "west": {"texture": "#main", "uv": [1.0, 45.0, 4.0, 53.0], "autoUv": false}, "up": {"texture": "#main", "uv": [4.0, 45.0, 1.0, 48.0], "autoUv": false, "rotation": 270}, "down": {"texture": "#main", "uv": [4.0, 48.0, 1.0, 45.0], "autoUv": false, "rotation": 90}}, "children": []}, {"name": "kirin.002", "from": [7.25135463476181, 4.8155516386032104, -0.6794401407241856], "to": [8.554501116275787, 6.419147610664368, 0.6794401407241787], "rotationOrigin": [7.902927875518799, 5.617349624633789, -3.465801957423342e-15], "stepParentName": "b_Head", "rotationX": -3.5350366149119847e-14, "rotationY": 7.520692173897774e-20, "rotationZ": -82.69329152664113, "group": "horn-kirin", "faces": {"north": {"texture": "#main", "uv": [4.0, 45.0, 1.0, 53.0], "autoUv": false}, "east": {"texture": "#main", "uv": [1.0, 45.0, 4.0, 53.0], "autoUv": false}, "south": {"texture": "#main", "uv": [4.0, 45.0, 1.0, 53.0], "autoUv": false}, "west": {"texture": "#main", "uv": [1.0, 45.0, 4.0, 53.0], "autoUv": false}, "up": {"texture": "#main", "uv": [4.0, 45.0, 1.0, 48.0], "autoUv": false, "rotation": 270}, "down": {"texture": "#main", "uv": [4.0, 48.0, 1.0, 45.0], "autoUv": false, "rotation": 90}}, "children": []}, {"name": "kirin", "from": [4.382767379283905, 2.389560103416443, -0.924313306808474], "to": [6.092739403247833, 5.264540314674377, 0.9243133068084693], "rotationOrigin": [5.237753391265869, 3.82705020904541, -2.3612195369521888e-15], "stepParentName": "b_Head", "rotationX": -3.535037524875978e-14, "rotationY": 7.017390555915749e-20, "rotationZ": -41.759902943957606, "group": "horn-kirin", "faces": {"north": {"texture": "#main", "uv": [1.0, 45.0, 4.0, 54.0], "autoUv": false}, "east": {"texture": "#main", "uv": [4.0, 45.0, 1.0, 54.0], "autoUv": false}, "south": {"texture": "#main", "uv": [1.0, 45.0, 4.0, 54.0], "autoUv": false}, "west": {"texture": "#main", "uv": [4.0, 45.0, 1.0, 54.0], "autoUv": false}, "up": {"texture": "#main", "uv": [1.0, 45.0, 4.0, 48.0], "autoUv": false, "rotation": 270}, "down": {"texture": "#main", "uv": [1.0, 48.0, 4.0, 45.0], "autoUv": false, "rotation": 90}}, "children": []}, {"name": "kirin.003", "from": [8.434453070163727, 4.562703609466553, -0.6681480407714877], "to": [9.635264337062836, 6.224600315093994, 0.668148040771481], "rotationOrigin": [9.034858703613281, 5.393651962280273, -3.327785773723016e-15], "stepParentName": "b_Head", "rotationX": -3.53504055808929e-14, "rotationY": 6.861410514230538e-20, "rotationZ": -119.71604505475011, "group": "horn-kirin", "faces": {"north": {"texture": "#main", "uv": [4.0, 45.0, 1.0, 53.0], "autoUv": false}, "east": {"texture": "#main", "uv": [1.0, 45.0, 4.0, 53.0], "autoUv": false}, "south": {"texture": "#main", "uv": [4.0, 45.0, 1.0, 53.0], "autoUv": false}, "west": {"texture": "#main", "uv": [1.0, 45.0, 4.0, 53.0], "autoUv": false}, "up": {"texture": "#main", "uv": [4.0, 45.0, 1.0, 48.0], "autoUv": false, "rotation": 270}, "down": {"texture": "#main", "uv": [4.0, 48.0, 1.0, 45.0], "autoUv": false, "rotation": 90}}, "children": []}, {"name": "kirin.004", "from": [9.53947988152504, 3.681824207305908, -0.5914222598075894], "to": [10.511833518743515, 5.488901615142822, 0.5914222598075839], "rotationOrigin": [10.025656700134277, 4.585362911224365, -2.829087926246995e-15], "stepParentName": "b_Head", "rotationX": -3.535039041482634e-14, "rotationY": 7.150733503015972e-20, "rotationZ": -145.3106490069988, "group": "horn-kirin", "faces": {"north": {"texture": "#main", "uv": [4.0, 45.0, 1.0, 53.0], "autoUv": false}, "east": {"texture": "#main", "uv": [1.0, 45.0, 4.0, 53.0], "autoUv": false}, "south": {"texture": "#main", "uv": [4.0, 45.0, 1.0, 53.0], "autoUv": false}, "west": {"texture": "#main", "uv": [1.0, 45.0, 4.0, 53.0], "autoUv": false}, "up": {"texture": "#main", "uv": [4.0, 45.0, 1.0, 48.0], "autoUv": false, "rotation": 270}, "down": {"texture": "#main", "uv": [4.0, 48.0, 1.0, 45.0], "autoUv": false, "rotation": 90}}, "children": []}, {"name": "kirin.005", "from": [9.899504363536835, 2.826315701007843, -0.5665417909622215], "to": [10.804923355579376, 4.282866656780243, 0.566541790962217], "rotationOrigin": [10.352213859558105, 3.554591178894043, -2.193122248679547e-15], "stepParentName": "b_Head", "rotationX": -3.535037828197309e-14, "rotationY": 6.671647813986204e-20, "rotationZ": 169.73464049777738, "group": "horn-kirin", "faces": {"north": {"texture": "#main", "uv": [4.0, 45.0, 1.0, 53.0], "autoUv": false}, "east": {"texture": "#main", "uv": [1.0, 45.0, 4.0, 53.0], "autoUv": false}, "south": {"texture": "#main", "uv": [4.0, 45.0, 1.0, 53.0], "autoUv": false}, "west": {"texture": "#main", "uv": [1.0, 45.0, 4.0, 53.0], "autoUv": false}, "up": {"texture": "#main", "uv": [4.0, 45.0, 1.0, 48.0], "autoUv": false, "rotation": 270}, "down": {"texture": "#main", "uv": [4.0, 48.0, 1.0, 45.0], "autoUv": false, "rotation": 90}}, "children": []}, {"name": "kirin.006", "from": [10.166059017181396, 1.8568854928016663, -0.5086161494255083], "to": [11.023830890655518, 3.380783498287201, 0.5086161494255049], "rotationOrigin": [10.594944953918457, 2.6188344955444336, -1.615778874358622e-15], "stepParentName": "b_Head", "rotationX": -3.535039951446627e-14, "rotationY": 7.160942411497027e-20, "rotationZ": -137.89796764418904, "group": "horn-kirin", "faces": {"north": {"texture": "#main", "uv": [4.0, 45.0, 1.0, 53.0], "autoUv": false}, "east": {"texture": "#main", "uv": [1.0, 45.0, 4.0, 53.0], "autoUv": false}, "south": {"texture": "#main", "uv": [4.0, 45.0, 1.0, 53.0], "autoUv": false}, "west": {"texture": "#main", "uv": [1.0, 45.0, 4.0, 53.0], "autoUv": false}, "up": {"texture": "#main", "uv": [4.0, 45.0, 1.0, 48.0], "autoUv": false, "rotation": 270}, "down": {"texture": "#main", "uv": [4.0, 48.0, 1.0, 45.0], "autoUv": false, "rotation": 90}}, "children": []}, {"name": "kirin.007", "from": [7.953368812799454, 5.566278636455536, -0.5546204447746316], "to": [8.900078147649765, 6.946611225605011, 0.5546204447746238], "rotationOrigin": [8.42672348022461, 6.256444931030273, -3.86011167623798e-15], "stepParentName": "b_Head", "rotationX": -3.535037828197309e-14, "rotationY": 6.673473106191674e-20, "rotationZ": -30.854611179250977, "group": "horn-kirin", "faces": {"north": {"texture": "#main", "uv": [4.0, 45.0, 1.0, 53.0], "autoUv": false}, "east": {"texture": "#main", "uv": [1.0, 45.0, 4.0, 53.0], "autoUv": false}, "south": {"texture": "#main", "uv": [4.0, 45.0, 1.0, 53.0], "autoUv": false}, "west": {"texture": "#main", "uv": [1.0, 45.0, 4.0, 53.0], "autoUv": false}, "up": {"texture": "#main", "uv": [4.0, 45.0, 1.0, 48.0], "autoUv": false, "rotation": 270}, "down": {"texture": "#main", "uv": [4.0, 48.0, 1.0, 45.0], "autoUv": false, "rotation": 90}}, "children": []}, {"name": "kirin.008", "from": [8.636268764734268, 6.060123145580292, -0.4692367017269176], "to": [9.536250919103622, 7.355728447437286, 0.4692367017269093], "rotationOrigin": [9.086259841918945, 6.707925796508789, -4.138666931272029e-15], "stepParentName": "b_Head", "rotationX": -3.535036008269322e-14, "rotationY": 7.259103212924014e-20, "rotationZ": -82.78013055174868, "group": "horn-kirin", "faces": {"north": {"texture": "#main", "uv": [4.0, 45.0, 1.0, 53.0], "autoUv": false}, "east": {"texture": "#main", "uv": [1.0, 45.0, 4.0, 53.0], "autoUv": false}, "south": {"texture": "#main", "uv": [4.0, 45.0, 1.0, 53.0], "autoUv": false}, "west": {"texture": "#main", "uv": [1.0, 45.0, 4.0, 53.0], "autoUv": false}, "up": {"texture": "#main", "uv": [4.0, 45.0, 1.0, 48.0], "autoUv": false, "rotation": 270}, "down": {"texture": "#main", "uv": [4.0, 48.0, 1.0, 45.0], "autoUv": false, "rotation": 90}}, "children": []}, {"name": "kirin.009", "from": [9.639746606349945, 5.794187545776367, -0.4665483832359354], "to": [10.46902185678482, 7.220930099487305, 0.4665483832359274], "rotationOrigin": [10.054384231567383, 6.507558822631836, -4.0150454372355794e-15], "stepParentName": "b_Head", "rotationX": -3.5350408614106207e-14, "rotationY": 6.671014891744435e-20, "rotationZ": -123.06875269187759, "group": "horn-kirin", "faces": {"north": {"texture": "#main", "uv": [4.0, 45.0, 1.0, 53.0], "autoUv": false}, "east": {"texture": "#main", "uv": [1.0, 45.0, 4.0, 53.0], "autoUv": false}, "south": {"texture": "#main", "uv": [4.0, 45.0, 1.0, 53.0], "autoUv": false}, "west": {"texture": "#main", "uv": [1.0, 45.0, 4.0, 53.0], "autoUv": false}, "up": {"texture": "#main", "uv": [4.0, 45.0, 1.0, 48.0], "autoUv": false, "rotation": 270}, "down": {"texture": "#main", "uv": [4.0, 48.0, 1.0, 45.0], "autoUv": false, "rotation": 90}}, "children": []}], "groups": []}