{"textureWidth": 128, "textureHeight": 128, "textures": {}, "textureSizes": {}, "elements": [{"name": "HornChrysalis", "from": [4.051092624664307, 3.1069195867361543, -0.865944791585207], "to": [5.472972393035889, 5.503360748291016, 0.8525306694209576], "rotationOrigin": [4.762032508850098, 3.106919288635254, -0.00670706108212471], "stepParentName": "b_Head", "rotationX": 0.4808674089619944, "rotationY": 0.03337608623513093, "rotationZ": -47.76015241282752, "group": "horn-chrysalis", "faces": {"north": {"texture": "#main", "uv": [1.0, 47.0, 4.0, 54.0], "autoUv": false}, "east": {"texture": "#main", "uv": [4.0, 47.0, 1.0, 54.0], "autoUv": false}, "south": {"texture": "#main", "uv": [1.0, 47.0, 4.0, 54.0], "autoUv": false}, "west": {"texture": "#main", "uv": [4.0, 47.0, 1.0, 54.0], "autoUv": false}, "up": {"texture": "#main", "uv": [1.0, 45.0, 4.0, 48.0], "autoUv": false, "rotation": 270}, "down": {"texture": "#main", "uv": [1.0, 48.0, 4.0, 45.0], "autoUv": false, "rotation": 90}}, "children": []}, {"name": "HornChrysalis.001", "from": [5.242967784404755, 4.164873835954708, -0.7702111415565014], "to": [6.461863338947296, 6.061671137809753, 0.7733025141060352], "rotationOrigin": [5.852415561676025, 4.1648736000061035, 0.001545686274766922], "stepParentName": "b_Head", "rotationX": 0.48086724887943577, "rotationY": 0.033376119585663985, "rotationZ": -55.32770489997275, "group": "horn-chrysalis", "faces": {"north": {"texture": "#main", "uv": [1.0, 48.0, 4.0, 54.0], "autoUv": false}, "east": {"texture": "#main", "uv": [4.0, 48.0, 1.0, 54.0], "autoUv": false}, "south": {"texture": "#main", "uv": [1.0, 48.0, 4.0, 54.0], "autoUv": false}, "west": {"texture": "#main", "uv": [4.0, 48.0, 1.0, 54.0], "autoUv": false}, "up": {"texture": "#main", "uv": [2.0, 45.0, 5.0, 48.0], "autoUv": false, "rotation": 270}, "down": {"texture": "#main", "uv": [2.0, 48.0, 5.0, 45.0], "autoUv": false, "rotation": 90}}, "children": []}, {"name": "HornChrysalis.002", "from": [6.1464033126831055, 5.007304438499915, -0.7610023021697998], "to": [7.321290969848633, 6.992225170135498, 0.7771846055984497], "rotationOrigin": [6.733847141265869, 5.0073041915893555, 0.008091151714324951], "stepParentName": "b_Head", "rotationX": 0.48086724887943577, "rotationY": 0.03337615293619704, "rotationZ": -127.2244993301018, "group": "horn-chrysalis", "faces": {"north": {"texture": "#main", "uv": [1.0, 47.0, 4.0, 54.0], "autoUv": false}, "east": {"texture": "#main", "uv": [4.0, 47.0, 1.0, 54.0], "autoUv": false}, "south": {"texture": "#main", "uv": [1.0, 47.0, 4.0, 54.0], "autoUv": false}, "west": {"texture": "#main", "uv": [4.0, 47.0, 1.0, 54.0], "autoUv": false}, "up": {"texture": "#main", "uv": [1.0, 45.0, 4.0, 48.0], "autoUv": false, "rotation": 270}, "down": {"texture": "#main", "uv": [1.0, 48.0, 4.0, 45.0], "autoUv": false, "rotation": 90}}, "children": []}, {"name": "HornChrysalis.003", "from": [7.302438884973526, 3.99216824548472, -0.7052374333143234], "to": [8.257151454687119, 6.370178461074829, 0.7031842023134232], "rotationOrigin": [7.779795169830322, 3.9921679496765137, -0.0010266155004501343], "stepParentName": "b_Head", "rotationX": 0.4808674089619944, "rotationY": 0.03337615293619704, "rotationZ": -53.080183342255864, "group": "horn-chrysalis", "faces": {"north": {"texture": "#main", "uv": [1.0, 47.0, 4.0, 54.0], "autoUv": false}, "east": {"texture": "#main", "uv": [4.0, 47.0, 1.0, 54.0], "autoUv": false}, "south": {"texture": "#main", "uv": [1.0, 47.0, 4.0, 54.0], "autoUv": false}, "west": {"texture": "#main", "uv": [4.0, 47.0, 1.0, 54.0], "autoUv": false}, "up": {"texture": "#main", "uv": [1.0, 45.0, 4.0, 48.0], "autoUv": false, "rotation": 270}, "down": {"texture": "#main", "uv": [1.0, 48.0, 4.0, 45.0], "autoUv": false, "rotation": 90}}, "children": []}, {"name": "HornChrysalis.004", "from": [8.954679369926453, 4.984873003048065, -0.6767216385342181], "to": [9.909391522407532, 6.4725342988967896, 0.6898534833453596], "rotationOrigin": [9.432035446166992, 4.984872817993164, 0.0065659224055707455], "stepParentName": "b_Head", "rotationX": 0.4808673022402887, "rotationY": 0.03337611625061068, "rotationZ": 16.16483283129805, "group": "horn-chrysalis", "faces": {"north": {"texture": "#main", "uv": [1.0, 48.0, 4.0, 53.0], "autoUv": false}, "east": {"texture": "#main", "uv": [4.0, 48.0, 1.0, 53.0], "autoUv": false}, "south": {"texture": "#main", "uv": [1.0, 48.0, 4.0, 48.0], "autoUv": false, "rotation": 90}, "west": {"texture": "#main", "uv": [4.0, 48.0, 1.0, 53.0], "autoUv": false}, "up": {"texture": "#main", "uv": [1.0, 45.0, 4.0, 49.0], "autoUv": false, "rotation": 270}, "down": {"texture": "#main", "uv": [1.0, 49.0, 4.0, 45.0], "autoUv": false, "rotation": 90}}, "children": []}, {"name": "HornChrysalis.005", "from": [8.699531435966492, 5.881190469308834, -0.5638825874775648], "to": [9.65424358844757, 7.242366909980774, 0.5923143643885851], "rotationOrigin": [9.176887512207031, 5.881190299987793, 0.01421588845551014], "stepParentName": "b_Head", "rotationX": 0.48086751568370023, "rotationY": 0.03337607956502432, "rotationZ": -57.96903125957048, "group": "horn-chrysalis", "faces": {"north": {"texture": "#main", "uv": [1.0, 48.0, 4.0, 54.0], "autoUv": false}, "east": {"texture": "#main", "uv": [4.0, 48.0, 1.0, 54.0], "autoUv": false}, "south": {"texture": "#main", "uv": [1.0, 48.0, 4.0, 54.0], "autoUv": false}, "west": {"texture": "#main", "uv": [4.0, 48.0, 1.0, 54.0], "autoUv": false}, "up": {"texture": "#main", "uv": [1.0, 45.0, 4.0, 48.0], "autoUv": false, "rotation": 270}, "down": {"texture": "#main", "uv": [1.0, 48.0, 4.0, 45.0], "autoUv": false, "rotation": 90}}, "children": []}, {"name": "HornChrysalis.006", "from": [9.704141944646835, 6.364847356963679, -0.394583273679018], "to": [10.517408043146133, 7.7615169286727905, 0.43004555627703667], "rotationOrigin": [10.110774993896484, 6.364847183227539, 0.017731141299009323], "stepParentName": "b_Head", "rotationX": 0.48086724887943577, "rotationY": 0.03337622630736977, "rotationZ": -104.30045836219307, "group": "horn-chrysalis", "faces": {"north": {"texture": "#main", "uv": [1.0, 47.0, 4.0, 54.0], "autoUv": false}, "east": {"texture": "#main", "uv": [4.0, 47.0, 1.0, 54.0], "autoUv": false}, "south": {"texture": "#main", "uv": [1.0, 47.0, 4.0, 54.0], "autoUv": false}, "west": {"texture": "#main", "uv": [4.0, 47.0, 1.0, 54.0], "autoUv": false}, "up": {"texture": "#main", "uv": [1.0, 45.0, 4.0, 48.0], "autoUv": false, "rotation": 270}, "down": {"texture": "#main", "uv": [1.0, 48.0, 4.0, 45.0], "autoUv": false, "rotation": 90}}, "children": []}, {"name": "HornChrysalis.007", "from": [10.856458008289337, 5.973954387456217, -0.27118433825671673], "to": [11.495032012462616, 7.474933981895447, 0.29884438402950764], "rotationOrigin": [11.175745010375977, 5.973954200744629, 0.013830022886395454], "stepParentName": "b_Head", "rotationX": 0.4808674623228473, "rotationY": 0.033376046214491265, "rotationZ": -68.99783333503845, "group": "horn-chrysalis", "faces": {"north": {"texture": "#main", "uv": [1.0, 46.0, 3.0, 50.0], "autoUv": false}, "east": {"texture": "#main", "uv": [3.0, 46.0, 1.0, 50.0], "autoUv": false}, "south": {"texture": "#main", "uv": [1.0, 46.0, 3.0, 50.0], "autoUv": false}, "west": {"texture": "#main", "uv": [3.0, 46.0, 1.0, 50.0], "autoUv": false}, "up": {"texture": "#main", "uv": [1.0, 46.0, 3.0, 48.0], "autoUv": false, "rotation": 270}, "down": {"texture": "#main", "uv": [1.0, 48.0, 4.0, 45.0], "autoUv": false, "rotation": 90}}, "children": []}, {"name": "HornChrysalis.008", "from": [11.745072081685066, 6.194132029074524, -0.14613197464495897], "to": [12.106627747416496, 7.624100089073181, 0.17661394458264112], "rotationOrigin": [11.925849914550781, 6.194131851196289, 0.015240984968841076], "stepParentName": "b_Head", "rotationX": 0.4808674623228473, "rotationY": 0.033376046214491265, "rotationZ": -68.99783333503845, "group": "horn-chrysalis", "faces": {"north": {"texture": "#main", "uv": [2.0, 46.0, 3.0, 50.0], "autoUv": false}, "east": {"texture": "#main", "uv": [3.0, 46.0, 2.0, 50.0], "autoUv": false}, "south": {"texture": "#main", "uv": [2.0, 46.0, 3.0, 50.0], "autoUv": false}, "west": {"texture": "#main", "uv": [3.0, 46.0, 2.0, 50.0], "autoUv": false}, "up": {"texture": "#main", "uv": [1.0, 46.0, 2.0, 47.0], "autoUv": false, "rotation": 270}, "down": {"texture": "#main", "uv": [1.0, 48.0, 4.0, 45.0], "autoUv": false, "rotation": 90}}, "children": []}], "groups": []}