{"textureWidth": 128, "textureHeight": 128, "textures": {}, "textureSizes": {}, "elements": [{"name": "unicorn.002", "from": [6.737006187438965, 5.22335958480835, -0.2741084396839178], "to": [7.285223007202148, 6.403128147125244, 0.2741084396839106], "rotationOrigin": [7.011114597320557, 5.813243865966797, -3.586664029875874e-15], "stepParentName": "b_Head", "rotationX": -3.535037524875978e-14, "rotationY": 7.017390555915749e-20, "rotationZ": -41.759902943957606, "group": "horn-unicorn", "faces": {"north": {"texture": "#main", "uv": [4.0, 45.0, 1.0, 54.0], "autoUv": false}, "east": {"texture": "#main", "uv": [1.0, 45.0, 4.0, 54.0], "autoUv": false}, "south": {"texture": "#main", "uv": [4.0, 45.0, 1.0, 54.0], "autoUv": false}, "west": {"texture": "#main", "uv": [1.0, 45.0, 4.0, 54.0], "autoUv": false}, "up": {"texture": "#main", "uv": [4.0, 45.0, 1.0, 48.0], "autoUv": false, "rotation": 270}, "down": {"texture": "#main", "uv": [4.0, 48.0, 1.0, 45.0], "autoUv": false, "rotation": 90}}, "children": []}, {"name": "unicorn.001", "from": [5.864429146051407, 4.368066728115082, -0.47308045625686956], "to": [6.8105901181697845, 5.749527037143707, 0.47308045625686335], "rotationOrigin": [6.337509632110596, 5.0587968826293945, -3.121184485250562e-15], "stepParentName": "b_Head", "rotationX": -3.535037524875978e-14, "rotationY": 7.017390555915749e-20, "rotationZ": -41.759902943957606, "group": "horn-unicorn", "faces": {"north": {"texture": "#main", "uv": [4.0, 45.0, 1.0, 54.0], "autoUv": false}, "east": {"texture": "#main", "uv": [1.0, 45.0, 4.0, 54.0], "autoUv": false}, "south": {"texture": "#main", "uv": [4.0, 45.0, 1.0, 54.0], "autoUv": false}, "west": {"texture": "#main", "uv": [1.0, 45.0, 4.0, 54.0], "autoUv": false}, "up": {"texture": "#main", "uv": [4.0, 45.0, 1.0, 48.0], "autoUv": false, "rotation": 270}, "down": {"texture": "#main", "uv": [4.0, 48.0, 1.0, 45.0], "autoUv": false, "rotation": 90}}, "children": []}, {"name": "unicorn.003", "from": [4.594172716140747, 2.524303674697876, -0.6435806751251244], "to": [5.881334066390991, 5.129796743392944, 0.6435806751251197], "rotationOrigin": [5.237753391265869, 3.82705020904541, -2.3612195369521888e-15], "stepParentName": "b_Head", "rotationX": -3.535037524875978e-14, "rotationY": 7.017390555915749e-20, "rotationZ": -41.759902943957606, "group": "horn-unicorn", "faces": {"north": {"texture": "#main", "uv": [1.0, 45.0, 4.0, 55.0], "autoUv": false}, "east": {"texture": "#main", "uv": [4.0, 45.0, 1.0, 55.0], "autoUv": false}, "south": {"texture": "#main", "uv": [1.0, 45.0, 4.0, 55.0], "autoUv": false}, "west": {"texture": "#main", "uv": [4.0, 45.0, 1.0, 55.0], "autoUv": false}, "up": {"texture": "#main", "uv": [1.0, 45.0, 4.0, 48.0], "autoUv": false, "rotation": 270}, "down": {"texture": "#main", "uv": [1.0, 48.0, 4.0, 45.0], "autoUv": false, "rotation": 90}}, "children": []}], "groups": []}