{"textureWidth": 128, "textureHeight": 128, "textures": {}, "textureSizes": {}, "elements": [{"name": "changeling.002", "from": [6.177761077880859, 5.368850231170654, -0.2741084396839175], "to": [6.725977897644043, 6.548618793487549, 0.27410843968391085], "rotationOrigin": [6.451870441436768, 5.3688507080078125, -3.3124813706737885e-15], "stepParentName": "b_Head", "rotationX": -3.535037221554647e-14, "rotationY": 7.312244382572593e-20, "rotationZ": -63.14953849972839, "group": "horn-changeling", "faces": {"north": {"texture": "#main", "uv": [4.0, 45.0, 1.0, 54.0], "autoUv": false}, "east": {"texture": "#main", "uv": [1.0, 45.0, 4.0, 54.0], "autoUv": false}, "south": {"texture": "#main", "uv": [4.0, 45.0, 1.0, 54.0], "autoUv": false}, "west": {"texture": "#main", "uv": [1.0, 45.0, 4.0, 54.0], "autoUv": false}, "up": {"texture": "#main", "uv": [4.0, 45.0, 1.0, 48.0], "autoUv": false, "rotation": 270}, "down": {"texture": "#main", "uv": [4.0, 48.0, 1.0, 45.0], "autoUv": false, "rotation": 90}}, "children": []}, {"name": "changeling.003", "from": [5.263848781585693, 4.6173591017722515, -0.4730804562568693], "to": [6.152188658714294, 5.9988192319869995, 0.4730804562568636], "rotationOrigin": [5.708017826080322, 4.617358207702637, -2.8488246409509674e-15], "stepParentName": "b_Head", "rotationX": -3.535037221554647e-14, "rotationY": 7.126872218793336e-20, "rotationZ": -51.97607984782872, "group": "horn-changeling", "faces": {"north": {"texture": "#main", "uv": [4.0, 45.0, 1.0, 54.0], "autoUv": false}, "east": {"texture": "#main", "uv": [1.0, 45.0, 4.0, 54.0], "autoUv": false}, "south": {"texture": "#main", "uv": [4.0, 45.0, 1.0, 54.0], "autoUv": false}, "west": {"texture": "#main", "uv": [1.0, 45.0, 4.0, 54.0], "autoUv": false}, "up": {"texture": "#main", "uv": [4.0, 45.0, 1.0, 48.0], "autoUv": false, "rotation": 270}, "down": {"texture": "#main", "uv": [4.0, 48.0, 1.0, 45.0], "autoUv": false, "rotation": 90}}, "children": []}, {"name": "changeling.001", "from": [3.815366506576538, 2.6858527660369873, -0.6435806751251237], "to": [5.102527856826782, 5.291345834732056, 0.6435806751251204], "rotationOrigin": [4.45894718170166, 2.685851573944092, -1.6571220231185123e-15], "stepParentName": "b_Head", "rotationX": -3.535037524875978e-14, "rotationY": 6.750010992823273e-20, "rotationZ": -35.80662468600987, "group": "horn-changeling", "faces": {"north": {"texture": "#main", "uv": [1.0, 45.0, 4.0, 55.0], "autoUv": false}, "east": {"texture": "#main", "uv": [4.0, 45.0, 1.0, 55.0], "autoUv": false}, "south": {"texture": "#main", "uv": [1.0, 45.0, 4.0, 55.0], "autoUv": false}, "west": {"texture": "#main", "uv": [4.0, 45.0, 1.0, 55.0], "autoUv": false}, "up": {"texture": "#main", "uv": [1.0, 45.0, 4.0, 48.0], "autoUv": false, "rotation": 270}, "down": {"texture": "#main", "uv": [1.0, 48.0, 4.0, 45.0], "autoUv": false, "rotation": 90}}, "children": []}, {"name": "changeling", "from": [7.1470510214567184, 5.894752180226618, -0.18970005214214689], "to": [7.517499431967735, 6.691961169242859, 0.1897000521421396], "rotationOrigin": [7.332275867462158, 5.894752502441406, -3.636953222987309e-15], "stepParentName": "b_Head", "rotationX": -3.535036311590653e-14, "rotationY": 6.797701163055072e-20, "rotationZ": -79.43048966955854, "group": "horn-changeling", "faces": {"north": {"texture": "#main", "uv": [4.0, 45.0, 1.0, 54.0], "autoUv": false}, "east": {"texture": "#main", "uv": [1.0, 45.0, 4.0, 54.0], "autoUv": false}, "south": {"texture": "#main", "uv": [4.0, 45.0, 1.0, 54.0], "autoUv": false}, "west": {"texture": "#main", "uv": [1.0, 45.0, 4.0, 54.0], "autoUv": false}, "up": {"texture": "#main", "uv": [4.0, 45.0, 1.0, 48.0], "autoUv": false, "rotation": 270}, "down": {"texture": "#main", "uv": [4.0, 48.0, 1.0, 45.0], "autoUv": false, "rotation": 90}}, "children": []}], "groups": []}