{"textureWidth": 128, "textureHeight": 128, "textures": {}, "textureSizes": {}, "elements": [{"name": "unicornlong", "from": [7.019115895032883, 5.600226044654846, -0.3380753099918404], "to": [7.695266276597977, 6.801488280296326, 0.3380753099918327], "rotationOrigin": [7.35719108581543, 6.200857162475586, -3.8258140416542324e-15], "stepParentName": "b_Head", "rotationX": -3.535037524875978e-14, "rotationY": 7.017390555915749e-20, "rotationZ": -41.759902943957606, "group": "horn-unicornlong", "faces": {"north": {"texture": "#main", "uv": [4.0, 45.0, 1.0, 55.0], "autoUv": false}, "east": {"texture": "#main", "uv": [1.0, 45.0, 4.0, 55.0], "autoUv": false}, "south": {"texture": "#main", "uv": [4.0, 45.0, 1.0, 55.0], "autoUv": false}, "west": {"texture": "#main", "uv": [1.0, 45.0, 4.0, 55.0], "autoUv": false}, "up": {"texture": "#main", "uv": [4.0, 45.0, 1.0, 48.0], "autoUv": false, "rotation": 270}, "down": {"texture": "#main", "uv": [4.0, 48.0, 1.0, 45.0], "autoUv": false, "rotation": 90}}, "children": []}, {"name": "unicornlong.001", "from": [6.070681989192963, 4.48529314994812, -0.4825811386108431], "to": [7.035844385623932, 6.115596055984497, 0.48258113861083657], "rotationOrigin": [6.553263187408447, 5.300444602966309, -3.2702764717691853e-15], "stepParentName": "b_Head", "rotationX": -3.535037524875978e-14, "rotationY": 7.017390555915749e-20, "rotationZ": -41.759902943957606, "group": "horn-unicornlong", "faces": {"north": {"texture": "#main", "uv": [4.0, 45.0, 1.0, 55.0], "autoUv": false}, "east": {"texture": "#main", "uv": [1.0, 45.0, 4.0, 55.0], "autoUv": false}, "south": {"texture": "#main", "uv": [4.0, 45.0, 1.0, 55.0], "autoUv": false}, "west": {"texture": "#main", "uv": [1.0, 45.0, 4.0, 55.0], "autoUv": false}, "up": {"texture": "#main", "uv": [4.0, 45.0, 1.0, 48.0], "autoUv": false, "rotation": 270}, "down": {"texture": "#main", "uv": [4.0, 48.0, 1.0, 45.0], "autoUv": false, "rotation": 90}}, "children": []}, {"name": "unicornlong.002", "from": [4.687115907669067, 2.6284019947052, -0.6435806751251245], "to": [5.9742772579193115, 5.2338950634002686, 0.6435806751251196], "rotationOrigin": [5.3306965827941895, 3.9311485290527344, -2.4254464454524565e-15], "stepParentName": "b_Head", "rotationX": -3.535037524875978e-14, "rotationY": 7.017390555915749e-20, "rotationZ": -41.759902943957606, "group": "horn-unicornlong", "faces": {"north": {"texture": "#main", "uv": [1.0, 45.0, 4.0, 55.0], "autoUv": false}, "east": {"texture": "#main", "uv": [4.0, 45.0, 1.0, 55.0], "autoUv": false}, "south": {"texture": "#main", "uv": [1.0, 45.0, 4.0, 55.0], "autoUv": false}, "west": {"texture": "#main", "uv": [4.0, 45.0, 1.0, 55.0], "autoUv": false}, "up": {"texture": "#main", "uv": [1.0, 45.0, 4.0, 48.0], "autoUv": false, "rotation": 270}, "down": {"texture": "#main", "uv": [1.0, 48.0, 4.0, 45.0], "autoUv": false, "rotation": 90}}, "children": []}, {"name": "unicornlong.003", "from": [7.741227552294731, 6.3337743282318115, -0.20570246875286527], "to": [8.152632310986519, 7.388971567153931, 0.20570246875285678], "rotationOrigin": [7.946929931640625, 6.861372947692871, -4.233340227303116e-15], "stepParentName": "b_Head", "rotationX": -3.535037524875978e-14, "rotationY": 7.017390555915749e-20, "rotationZ": -41.759902943957606, "group": "horn-unicornlong", "faces": {"north": {"texture": "#main", "uv": [4.0, 45.0, 1.0, 55.0], "autoUv": false}, "east": {"texture": "#main", "uv": [1.0, 45.0, 4.0, 55.0], "autoUv": false}, "south": {"texture": "#main", "uv": [4.0, 45.0, 1.0, 55.0], "autoUv": false}, "west": {"texture": "#main", "uv": [1.0, 45.0, 4.0, 55.0], "autoUv": false}, "up": {"texture": "#main", "uv": [4.0, 45.0, 1.0, 48.0], "autoUv": false, "rotation": 270}, "down": {"texture": "#main", "uv": [4.0, 48.0, 1.0, 45.0], "autoUv": false, "rotation": 90}}, "children": []}, {"name": "unicornlong.004", "from": [8.356919139623642, 6.963124305009842, -0.11025922000408632], "to": [8.577437549829483, 7.9249944388866425, 0.11025922000407713], "rotationOrigin": [8.467178344726562, 7.444059371948242, -4.592846844622732e-15], "stepParentName": "b_Head", "rotationX": -3.535037524875978e-14, "rotationY": 7.017390555915749e-20, "rotationZ": -41.759902943957606, "group": "horn-unicornlong", "faces": {"north": {"texture": "#main", "uv": [4.0, 45.0, 1.0, 55.0], "autoUv": false}, "east": {"texture": "#main", "uv": [1.0, 45.0, 4.0, 55.0], "autoUv": false}, "south": {"texture": "#main", "uv": [4.0, 45.0, 1.0, 55.0], "autoUv": false}, "west": {"texture": "#main", "uv": [1.0, 45.0, 4.0, 55.0], "autoUv": false}, "up": {"texture": "#main", "uv": [4.0, 45.0, 1.0, 48.0], "autoUv": false, "rotation": 270}, "down": {"texture": "#main", "uv": [4.0, 48.0, 1.0, 45.0], "autoUv": false, "rotation": 90}}, "children": []}], "groups": []}