{
  "model": "kemono0",
  "parts": {
    "body": "skin0",
    "chest": "chest0",
    "bodyextra": "none",
    "bodytattoo": "tattoo",
    "bust": "none",
    "leg": "kemono2",
    "legtattoo": "tattoo",
    "tail": "generic1",
    "tail2": "tail2",
    "tailextra": "tailextra",
    "head": "wolf0",
    "head2": "head2",
    "headtattoo": "none",
    "ear": "wolf0",
    "ear2": "gradient1",
    "earinner": "earinner",
    "horn": "none",
    "eyewhite": "eyewhite1",
    "eye": "animu1",
    "eye2": "none",
    "hair": "furslop0",
    "hairextra": "none",
    "mustache": "none",
    "beard": "none",
    "underwear": "none"
  },
  "scale": {
    "body": 0.93,
    "torsoupper": 1.03,
    "head": 0.97,
    "earL": 1.1,
    "earR": 1.1,
    "legL": 1.1,
    "legR": 1.1,
    "legLowerL": 1.06,
    "legLowerR": 1.06,
    "tail": 1.0
  },
  "colors": {
    "body": {
      "r": 87,
      "g": 35,
      "b": 7
    },
    "chest": {
      "r": 19,
      "g": 21,
      "b": 19
    },
    "bodyextra": {
      "r": 34,
      "g": 34,
      "b": 35
    },
    "bodytattoo": {
      "r": 91,
      "g": 108,
      "b": 214
    },
    "bust": {
      "r": 91,
      "g": 233,
      "b": 211
    },
    "leg": {
      "r": 215,
      "g": 0,
      "b": 189
    },
    "legtattoo": {
      "r": 79,
      "g": 192,
      "b": 57
    },
    "tail": {
      "r": 55,
      "g": 22,
      "b": 0
    },
    "tail2": {
      "r": 26,
      "g": 27,
      "b": 26
    },
    "tailextra": {
      "r": 255,
      "g": 255,
      "b": 255
    },
    "head": {
      "r": 86,
      "g": 30,
      "b": 0
    },
    "head2": {
      "r": 22,
      "g": 20,
      "b": 22
    },
    "headtattoo": {
      "r": 82,
      "g": 187,
      "b": 93
    },
    "ear": {
      "r": 90,
      "g": 90,
      "b": 88
    },
    "ear2": {
      "r": 102,
      "g": 98,
      "b": 97
    },
    "earinner": {
      "r": 23,
      "g": 22,
      "b": 28
    },
    "horn": {
      "r": 255,
      "g": 252,
      "b": 255
    },
    "eyewhite": {
      "r": 235,
      "g": 235,
      "b": 235
    },
    "eye": {
      "r": 209,
      "g": 214,
      "b": 0
    },
    "eye2": {
      "r": 26,
      "g": 219,
      "b": 190
    },
    "hair": {
      "r": 66,
      "g": 62,
      "b": 62
    },
    "hairextra": {
      "r": 219,
      "g": 244,
      "b": 255
    },
    "mustache": {
      "r": 219,
      "g": 244,
      "b": 255
    },
    "beard": {
      "r": 219,
      "g": 244,
      "b": 255
    },
    "underwear": {
      "r": 100,
      "g": 98,
      "b": 103
    }
  }
}