{
    "code": "avali0",
    "_credit": "flooferland",
    "hidden": true,
    "guiLayout": [
        ["body", "chest"],
        ["bodyextra", "bust"],
        ["wings", "wings2"],
        ["leg"],
        ["head", "head2"],
        ["eye", "eye2"],
        ["eyewhite"],
        ["ear"],
        ["ear2", "earinner"],
        ["horn"],
        ["hair", "hairextra"],
        ["tail", "tail2"],
        ["underwear"],
        ["voicetype", "voicepitch"]
    ],
    "eyeHeight": 1.7,
    "hitboxSize": { "x": 0.6, "y": 1.7 },
    "jointHead": "b_Head",
    "jointNeck": "b_Neck",
    "jointTorsoUpper": "b_TorsoUpper",
    "jointTorsoLower": "b_TorsoLower",
    "jointLegUpperL": "b_FootUpperL",
    "jointLegUpperR": "b_FootUpperR",
    "shapePath": "kemono:shapes/entity/avali/",
    "model": "kemono:entity/avali/main/avali0",
    "texturePath": "kemono:textures/entity/avali/",
    "scaleparts": [
        { "code": "body",       "target": "b_Root",       "min": 0.6, "max": 1.4, "isMain": true },
        { "code": "torsoupper", "target": "b_TorsoUpper", "min": 0.8, "max": 1.2 },
        { "code": "head",       "target": "b_Head",       "min": 0.8, "max": 1.2 },
        { "code": "earL",       "target": "b_EarL",       "min": 0.5, "max": 1.5 },
        { "code": "earR",       "target": "b_EarR",       "min": 0.5, "max": 1.5 },
        { "code": "legL",       "target": "b_FootUpperL", "min": 0.8, "max": 1.2 },
        { "code": "legR",       "target": "b_FootUpperR", "min": 0.8, "max": 1.2 },
        { "code": "legLowerL",  "target": "b_FootLowerL", "min": 0.8, "max": 1.2 },
        { "code": "legLowerR",  "target": "b_FootLowerR", "min": 0.8, "max": 1.2 },
        { "code": "wingL",      "target": "b_WingL",      "min": 0.8, "max": 1.4 },
        { "code": "wingR",      "target": "b_WingR",      "min": 0.8, "max": 1.4 },
        { "code": "tail",       "target": "b_Tail0",      "min": 0.8, "max": 1.8 }
    ],
    "skinparts": [
        {
            "code": "body",
            "renderOrder": 100,
            "type": "texture",
            "textureTarget": "main",
            "textureTargetWidth": 128,
            "textureTargetHeight": 128,
            "textureBlendOverlay": false,
            "useDropDown": true,
            "useColorSlider": true,
            "variants": [
                { "code": "skin0", "texture": "entity/avali/body/avali0" }
            ]
        },

        {
            "code": "bust",
            "renderOrder": 200,
            "type": "shape",
            "useDropDown": true,
            "AltClothedRequirement": [
                "UpperBody",
                "UpperBodyOver"
            ],
            "AltArmoredRequirement": [
                "ArmorBody"
            ],
            "shapeTemplate": { "base": "kemono:entity/avali/skinparts/bust/bust-{code}" },
            "variants": [
                { "code": "none", "skip": true },
                { "code": "hrt",   "altClothed": "hrtclothed",   "altArmored": "none" },
                { "code": "a",     "altClothed": "aclothed",     "altArmored": "none" },
                { "code": "b",     "altClothed": "bclothed",     "altArmored": "none" },
                { "code": "c",     "altClothed": "cclothed",     "altArmored": "none" },
                { "code": "d",     "altClothed": "dclothed",     "altArmored": "none" },
                { "code": "dd",    "altClothed": "ddclothed",    "altArmored": "none" },
                { "code": "anime", "altClothed": "animeclothed", "altArmored": "none" }
            ]
        },

        {
            "code": "wings",
            "renderOrder": 600,
            "type": "shape",
            "textureTarget": "wings",
            "texture": "kemono:entity/avali/wings/wings",
            "textureTargetWidth": 64,
            "textureTargetHeight": 64,
            "useDropDown": true,
            "useColorSlider": true,
            "shapeTemplate": { "base": "kemono:entity/avali/skinparts/wings/wings-{code}" },
            "variants": [
                { "code": "avali0" }
            ]
        },
        
        {
            "code": "wings2",
            "renderOrder": 700,
            "type": "texture",
            "textureTarget": "wings",
            "textureRenderTo": { "x": 0, "y": 0 },
            "useDropDown": false,
            "useColorSlider": true,
            "variants": [
                { "code": "wings2", "texture": "kemono:entity/avali/wings/wings2" }
            ]
        },

        {
            "code": "leg",
            "renderOrder": 300,
            "type": "shape",
            "useDropDown": true,
            "useColorSlider": false,
            "shapeTemplate": { "base": "kemono:entity/avali/skinparts/leg/leg-{code}" },
            "variants": [
                { "code": "avali0" },
                { "code": "human0" },
                { "code": "kemono0" },
                { "code": "kemono1" }
            ]
        },

        {
            "code": "chest",
            "renderOrder": 400,
            "type": "texture",
            "textureTarget": "main",
            "useDropDown": true,
            "useColorSlider": true,
            "variants": [
                { "code": "none", "skip": true },
                { "code": "chest0", "texture": "kemono:entity/avali/chest/chest0" }
            ]
        },

        {
            "code": "bodyextra",
            "renderOrder": 500,
            "type": "texture",
            "textureTarget": "main",
            "useDropDown": true,
            "useColorSlider": true,
            "variants": [
                { "code": "none", "skip": true }
            ]
        },

        {
            "code": "tail",
            "renderOrder": 600,
            "type": "shape",
            "textureTarget": "tail",
            "texture": "kemono:entity/avali/tail/tail",
            "textureTargetWidth": 64,
            "textureTargetHeight": 64,
            "useDropDown": true,
            "useColorSlider": true,
            "shapeTemplate": { "base": "kemono:entity/avali/skinparts/tail/tail-{code}" },
            "variants": [
                { "code": "none", "skip": true },
                { "code": "avali0" },
                { "code": "generic0" },
                { "code": "generic1" },
                { "code": "generic2" },
                { "code": "generic3" },
                { "code": "fox0" },
                { "code": "fox1" },
                { "code": "lizard0" },
                { "code": "lizard1" },
                { "code": "dragon0" },
                { "code": "shark0" }
            ]
        },
        
        {
            "code": "tail2",
            "renderOrder": 700,
            "type": "texture",
            "textureTarget": "tail",
            "textureRenderTo": { "x": 0, "y": 0 },
            "useDropDown": false,
            "useColorSlider": true,
            "variants": [
                { "code": "tail2", "texture": "kemono:entity/avali/tail/tail2" }
            ]
        },

        {
            "code": "head",
            "renderOrder": 900,
            "type": "shape",
            "textureTarget": "head",
            "textureTargetWidth": 64,
            "textureTargetHeight": 64,
            "texture": "kemono:entity/avali/head/head",
            "useDropDown": true,
            "useColorSlider": true,
            "shapeTemplate": { "base": "kemono:entity/avali/skinparts/head/head-{code}" },
            "variants": [
                { "code": "avali0" }
            ]
        },

        {
            "code": "head2",
            "renderOrder": 1000,
            "type": "texture",
            "textureTarget": "head",
            "textureRenderTo": { "x": 32, "y": 0 },
            "useDropDown": false,
            "useColorSlider": true,
            "variants": [
                { "code": "head2", "texture": "kemono:entity/avali/head/head2" }
            ]
        },

        {
            "code": "ear",
            "renderOrder": 1200,
            "type": "shape",
            "textureTarget": "head",
            "useDropDown": true,
            "useColorSlider": false,
            "shapeTemplate": { "base": "kemono:entity/avali/skinparts/ear/ear-{code}" },
            "variants": [
                { "code": "none", "skip": true },
                { "code": "avali0" },
                { "code": "dragon0" },
                { "code": "wolf0" }
            ]
        },

        {
            "code": "ear2",
            "renderOrder": 1300,
            "type": "texture",
            "textureTarget": "head",
            "textureRenderTo": { "x": 0, "y": 32 },
            "useDropDown": true,
            "useColorSlider": true,
            "variants": [
                { "code": "none", "texture": "kemono:entity/avali/head/ear-none", "skip": true },
                { "code": "colored", "texture": "kemono:entity/avali/head/ear-colored" },
                { "code": "trim0", "texture": "kemono:entity/avali/head/ear-trim0" },
                { "code": "trim1", "texture": "kemono:entity/avali/head/ear-trim1" },
                { "code": "gradient0", "texture": "kemono:entity/avali/head/ear-gradient0" },
                { "code": "gradient1", "texture": "kemono:entity/avali/head/ear-gradient1" }
            ]
        },

        {
            "code": "earinner",
            "renderOrder": 1400,
            "type": "texture",
            "textureTarget": "head",
            "textureRenderTo": { "x": 16, "y": 32 },
            "useDropDown": false,
            "useColorSlider": true,
            "variants": [
                { "code": "earinner", "texture": "kemono:entity/avali/head/earinner" }
            ]
        },

        {
            "code": "horn",
            "renderOrder": 1500,
            "type": "shape",
            "textureTarget": "head",
            "textureRenderTo": { "x": 32, "y": 32 },
            "texture": "kemono:entity/avali/head/horn",
            "useDropDown": true,
            "useColorSlider": true,
            "shapeTemplate": { "base": "kemono:entity/avali/skinparts/horn/horn-{code}" },
            "variants": [
                { "code": "none", "skip": true },
                { "code": "oni0" },
                { "code": "deer0" },
                { "code": "dragon0" },
                { "code": "dragon1" }
            ]
        },

        {
            "code": "eyewhite",
            "renderOrder": 1600,
            "type": "texture",
            "textureTarget": "head",
            "textureRenderTo": { "x": 0, "y": 56 },
            "useDropDown": true,
            "useColorSlider": false,
            "variants": [
                { "code": "eyewhite0", "texture": "kemono:entity/common/eyewhite0" },
                { "code": "eyewhite1", "texture": "kemono:entity/common/eyewhite1" }
            ]
        },

        {
            "code": "eye",
            "renderOrder": 1700,
            "type": "shape",
            "texture": "kemono:entity/common/eyecolor16x8",
            "textureTarget": "head",
            "textureRenderTo": { "x": 16, "y": 56},
            "useDropDown": true,
            "useColorSlider": true,
            "shapeTemplate": { "base": "kemono:entity/avali/skinparts/eye/eye-{code}" },
            "variants": [
                { "code": "avali0" }
            ]
        },

        {
            "code": "eye2",
            "renderOrder": 1800,
            "type": "texture",
            "textureTarget": "head",
            "textureRenderTo": { "x": 24, "y": 56},
            "useDropDown": true,
            "useColorSlider": true,
            "variants": [
                { "code": "none", "skip": true, "texture": "kemono:entity/common/eyecolor" },
                { "code": "eye2", "texture": "kemono:entity/common/eyecolor" }
            ]
        },

        {
            "code": "hair",
            "renderOrder": 1900,
            "type": "shape",
            "textureTarget": "hair",
            "texture": "kemono:entity/avali/hair/hair",
            "textureTargetWidth": 96,
            "textureTargetHeight": 96,
            "useDropDown": true,
            "useColorSlider": true,
            "shapeTemplate": { "base": "kemono:entity/avali/skinparts/hair/hair-{code}" },
            "variants": [
                { "code": "none", "skip": true },
                { "code": "furslop0" },
                { "code": "furslop1" },
                { "code": "furslop2" },
                { "code": "furslop3" },
                { "code": "astolfo" },
                { "code": "balding", "shape": "game:entity/humanoid/seraphskinparts/hair-base/balding" },
                { "code": "afro", "shape": "game:entity/humanoid/seraphskinparts/hair-base/afro" },
                { "code": "combed", "shape": "game:entity/humanoid/seraphskinparts/hair-base/combed" },
                { "code": "dreadlocks", "shape": "game:entity/humanoid/seraphskinparts/hair-base/dreadlocks" },
                { "code": "indigenousbalding", "shape": "game:entity/humanoid/seraphskinparts/hair-base/indigenousbalding" },
                { "code": "iroquois", "shape": "game:entity/humanoid/seraphskinparts/hair-base/iroquois" },
                { "code": "kniaz", "shape": "game:entity/humanoid/seraphskinparts/hair-base/kniaz" },
                { "code": "layered", "shape": "game:entity/humanoid/seraphskinparts/hair-base/layered" },
                { "code": "longflowing", "shape": "game:entity/humanoid/seraphskinparts/hair-base/longflowing" },
                { "code": "longwithstrands", "shape": "game:entity/humanoid/seraphskinparts/hair-base/longwithstrands" },
                { "code": "mediumlengthbangs", "shape": "game:entity/humanoid/seraphskinparts/hair-base/mediumlengthbangs" },
                { "code": "messy", "shape": "game:entity/humanoid/seraphskinparts/hair-base/messy" },
                { "code": "messy2", "shape": "game:entity/humanoid/seraphskinparts/hair-base/messy2" },
                { "code": "classic", "shape": "game:entity/humanoid/seraphskinparts/hair-base/classic" },
                { "code": "short", "shape": "game:entity/humanoid/seraphskinparts/hair-base/short" },
                { "code": "short-parted", "shape": "game:entity/humanoid/seraphskinparts/hair-base/short" },
                { "code": "shortspiky", "shape": "game:entity/humanoid/seraphskinparts/hair-base/shortspiky" },
                { "code": "shorttrimmed", "shape": "game:entity/humanoid/seraphskinparts/hair-base/shorttrimmed" },
                { "code": "tonsure", "shape": "game:entity/humanoid/seraphskinparts/hair-base/tonsure" }
            ]
        },

        {
            "code": "hairextra",
            "renderOrder": 2000,
            "type": "shape",
            "textureTarget": "hairextra",
            "texture": "kemono:entity/avali/hair/hairextra",
            "textureTargetWidth": 96,
            "textureTargetHeight": 96,
            "useDropDown": true,
            "useColorSlider": true,
            "shapeTemplate": { "base": "game:entity/humanoid/seraphskinparts/hair-extra/{code}" },
            "variants": [
                { "code": "none", "skip": true },
                { "code": "backbun" },
                { "code": "braidedup" },
                { "code": "elaboratestickbun" },
                { "code": "headsidebraid" },
                { "code": "largestickbun" },
                { "code": "neatbraid" },
                { "code": "classicponytail" },
                { "code": "ponytail" },
                { "code": "rolledbraidwithbun" },
                { "code": "shortmessybraid" },
                { "code": "sidebraids" },
                { "code": "sidebuns" },
                { "code": "siderolls" },
                { "code": "snood" },
                { "code": "thicklongfrenchbraid" },
                { "code": "tiedback" },
                { "code": "tieddreads" },
                { "code": "tiedtopknot" },
                { "code": "topbun" },
                { "code": "topknot" },
                { "code": "unkempt" },
                { "code": "vikingtopbraid" }
            ]
        },

        {
            "code": "underwear",
            "renderOrder": 2300,
            "type": "texture",
            "textureTarget": "main",
            "textureRenderTo": { "x": 0, "y": 0},
            "useDropDown": true,
            "useColorSlider": true,
            "variants": [
                { "code": "none", "skip": true },
                { "code": "twopiece", "texture": "game:entity/humanoid/seraphskinparts/underwear/twopiece" },
                { "code": "leotard", "texture": "game:entity/humanoid/seraphskinparts/underwear/leotard" },
                { "code": "breeches", "texture": "game:entity/humanoid/seraphskinparts/underwear/breeches" },
                { "code": "lowcut", "texture": "kemono:entity/avali/underwear/lowcut" },
                { "code": "socks", "texture": "kemono:entity/avali/underwear/socks" }
            ]
        },

        {
            "code": "voicetype",
            "type": "voice",
            "useDropDown": true,
            "variants": [
                { "code": "altoflute", "sound": "game:sounds/voice/altoflute" },
                { "code": "harmonica", "sound": "game:sounds/voice/harmonica" },
                { "code": "oboe", "sound": "game:sounds/voice/oboe" },
                { "code": "clarinet", "sound": "game:sounds/voice/clarinet" },
                { "code": "accordion", "sound": "game:sounds/voice/accordion" },
                { "code": "trumpet", "sound": "game:sounds/voice/trumpet" },
                { "code": "sax", "sound": "game:sounds/voice/sax" },
                { "code": "tuba", "sound": "game:sounds/voice/tuba" }
            ]
        },

        {
            "code": "voicepitch",
            "type": "voice",
            "useDropDown": true,
            "variants": [
                { "code": "high" },
                { "code": "medium" },
                { "code": "low" },
                { "code": "verylow" }
            ]
        }
    ],
    "animationOverrides": [
        {
            "code": "sitflooridle",
            "elementWeight": {
                "b_TorsoLower": 80,
                "b_TorsoUpper": 80,
                "b_FootUpperR": 80,
                "b_FootUpperL": 80,
                "b_FootLowerR": 80,
                "b_FootLowerL": 80
            }
        },
        {
            "code": "sitflooredge",
            "blendMode": "AddAverage",
            "elementWeight": {
                "b_TorsoLower": 80,
                "b_TorsoUpper": 80,
                "b_ArmUpperR": 80,
                "b_ArmUpperL": 80,
                "b_ArmLowerR": 80,
                "b_ArmLowerL": 80,
                "b_FootUpperR": 80,
                "b_FootUpperL": 80,
                "b_FootLowerR": 80,
                "b_FootLowerL": 80
            },
            "elementBlendMode": {
                "b_TorsoLower": "AddAverage",
                "b_TorsoUpper": "AddAverage",
                "b_ArmUpperR": "AddAverage",
                "b_ArmUpperL": "AddAverage",
                "b_FootUpperR": "AddAverage",
                "b_FootUpperL": "AddAverage",
                "b_FootLowerR": "AddAverage",
                "b_FootLowerL": "AddAverage"
            }
        },
        {
            "code": "sprint",
            "animationSpeed": 0.6,
            "blendMode": "Average",
            "elementWeight": {
                "b_FootUpperR": 2,
                "b_FootUpperL": 2,
                "b_FootLowerR": 2,
                "b_FootLowerL": 2,
                "b_ArmUpperR": 2,
                "b_ArmLowerR": 2,
                "b_ArmUpperL": 2,
                "b_ArmLowerL": 2
            }
        },
        {
            "code": "coldidle",
            "elementWeight": {
                "b_ArmUpperR": 40,
                "b_ArmLowerR": 40,
                "b_ArmUpperL": 40,
                "b_ArmLowerL": 200
            }
        },
        {
            "code": "protecteyes",
            "elementWeight": {
                "b_ArmUpperR": 40,
                "b_ArmLowerR": 40
            }
        },
        {
            "code": "holdunderarm",
            "elementWeight": {
                "b_ArmUpperR": 200,
                "b_ArmLowerR": 200
            }
        },
        {
            "code": "holdinglanternrighthand",
            "elementWeight": {
                "b_ArmUpperR": 7,
                "b_ArmLowerR": 7
            }
        },
        {
            "code": "holdinglanternlefthand",
            "elementWeight": {
                "b_ArmUpperL": 7,
                "b_ArmLowerL": 7
            }
        },
        {
            "code": "holdbothhands",
            "elementWeight": {
                "b_ArmUpperR": 200,
                "b_ArmLowerR": 200,
                "b_ArmUpperL": 120,
                "b_ArmLowerL": 120
            }
        },
        {
            "code": "holdbothhands-fp",
            "elementWeight": {
                "b_ArmUpperR": 200,
                "b_ArmLowerR": 200,
                "b_ArmUpperL": 120,
                "b_ArmLowerL": 120
            }
        },
        {
            "code": "holdbothhandslarge",
            "animation": "holdbothhandslarge",
            "blendMode": "Add",
            "elementWeight": {
                "b_ArmUpperR": 1000,
                "b_ArmLowerR": 1000,
                "b_ArmUpperL": 1000,
                "b_ArmLowerL": 1000
            },
            "elementBlendMode": {
                "b_ArmUpperR": "AddAverage",
                "b_ArmLowerR": "AddAverage",
                "b_ArmUpperL": "AddAverage",
                "b_ArmLowerL": "AddAverage"
            }
        },
        {
            "code": "holdbothhandslarge-fp",
            "animation": "holdbothhandslarge-fp",
            "blendMode": "Add",
            "elementWeight": {
                "b_ArmUpperR": 1000,
                "b_ArmLowerR": 1000,
                "b_ArmUpperL": 1000,
                "b_ArmLowerL": 1000
            },
            "elementBlendMode": {
                "b_ArmUpperR": "AddAverage",
                "b_ArmLowerR": "AddAverage",
                "b_ArmUpperL": "AddAverage",
                "b_ArmLowerL": "AddAverage"
            }
        },
        {
            "code": "bowaim",
            "elementWeight": {
                "b_ArmUpperR": 12,
                "b_ArmLowerR": 12,
                "b_ArmUpperL": 12,
                "b_ArmLowerL": 12
            }
        },
        {
            "code": "bowhit",
            "elementWeight": {
                "b_ArmUpperR": 20,
                "b_ArmLowerR": 20,
                "b_ArmUpperL": 20,
                "b_ArmLowerL": 20
            }
        },
        {
            "code": "aim",
            "elementWeight": {
                "b_ArmUpperR": 20,
                "b_ArmLowerR": 20,
                "b_ArmUpperL": 20,
                "b_ArmLowerL": 20
            }
        },
        {
            "code": "throw",
            "elementWeight": {
                "b_ArmUpperR": 20,
                "b_ArmLowerR": 20,
                "b_ArmUpperL": 20,
                "b_ArmLowerL": 20
            }
        },
        {
            "code": "slingaimgreek",
            "elementWeight": {
                "b_ArmUpperR": 20,
                "b_ArmLowerR": 20,
                "b_ArmUpperL": 20,
                "b_ArmLowerL": 20
            }
        },
        {
            "code": "slingthrowgreek",
            "elementWeight": {
                "b_ArmUpperR": 20,
                "b_ArmLowerR": 20,
                "b_ArmUpperL": 20,
                "b_ArmLowerL": 20
            }
        },
        {
            "code": "slingaimbalearic",
            "elementWeight": {
                "b_ArmUpperR": 20,
                "b_ArmLowerR": 20,
                "b_ArmUpperL": 20,
                "b_ArmLowerL": 20
            }
        },
        {
            "code": "slingthrowbalearic",
            "elementWeight": {
                "b_ArmUpperR": 20,
                "b_ArmLowerR": 20,
                "b_ArmUpperL": 20,
                "b_ArmLowerL": 20
            }
        },
        {
            "code": "hit",
            "elementWeight": {
                "b_ArmUpperR": 20,
                "b_ArmLowerR": 20,
                "b_ArmUpperL": 20,
                "b_ArmLowerL": 20
            }
        },
        {
            "code": "smithing",
            "elementWeight": {
                "b_ArmUpperR": 20,
                "b_ArmLowerR": 20,
                "b_ArmUpperL": 20,
                "b_ArmLowerL": 20
            }
        },
        {
            "code": "knap",
            "elementWeight": {
                "b_ArmUpperR": 20,
                "b_ArmLowerR": 20,
                "b_ArmUpperL": 20,
                "b_ArmLowerL": 20
            }
        },
        {
            "code": "knap-ifp",
            "elementWeight": {
                "b_ArmUpperR": 20,
                "b_ArmLowerR": 20,
                "b_ArmUpperL": 20,
                "b_ArmLowerL": 20,
                "b_TorsoLower": 0.4,
                "b_TorsoUpper": 0.4
            }
        },
        {
            "code": "breaktool",
            "elementWeight": {
                "b_ArmUpperR": 20,
                "b_ArmLowerR": 20,
                "b_ArmUpperL": 20,
                "b_ArmLowerL": 20
            }
        },
        {
            "code": "breakhand",
            "elementWeight": {
                "b_ArmUpperR": 20,
                "b_ArmLowerR": 20,
                "b_ArmUpperL": 20,
                "b_ArmLowerL": 20
            }
        },
        {
            "code": "falx",
            "elementWeight": {
                "b_ArmUpperR": 20,
                "b_ArmLowerR": 20,
                "b_ArmUpperL": 20,
                "b_ArmLowerL": 20
            }
        },
        {
            "code": "swordhit",
            "elementWeight": {
                "b_ArmUpperR": 20,
                "b_ArmLowerR": 20,
                "b_ArmUpperL": 20,
                "b_ArmLowerL": 20
            }
        },
        {
            "code": "axechop",
            "elementWeight": {
                "b_ArmUpperR": 20,
                "b_ArmLowerR": 20,
                "b_ArmUpperL": 20,
                "b_ArmLowerL": 20
            }
        },
        {
            "code": "hoe",
            "elementWeight": {
                "b_ArmUpperR": 20,
                "b_ArmLowerR": 20,
                "b_ArmUpperL": 20,
                "b_ArmLowerL": 20
            }
        },
        {
            "code": "water",
            "elementWeight": {
                "b_ArmUpperR": 20,
                "b_ArmLowerR": 20,
                "b_ArmUpperL": 20,
                "b_ArmLowerL": 20
            }
        },
        {
            "code": "shoveldig",
            "elementWeight": {
                "b_ArmUpperR": 20,
                "b_ArmLowerR": 20,
                "b_ArmUpperL": 20,
                "b_ArmLowerL": 20
            }
        },
        {
            "code": "spearhit",
            "elementWeight": {
                "b_ArmUpperR": 20,
                "b_ArmLowerR": 20,
                "b_ArmUpperL": 20,
                "b_ArmLowerL": 20
            }
        },
        {
            "code": "scythe",
            "elementWeight": {
                "b_ArmUpperR": 20,
                "b_ArmLowerR": 20,
                "b_ArmUpperL": 20,
                "b_ArmLowerL": 20
            }
        },
        {
            "code": "hammerandchisel",
            "elementWeight": {
                "b_ArmUpperR": 20,
                "b_ArmLowerR": 20,
                "b_ArmUpperL": 20,
                "b_ArmLowerL": 20
            }
        },
        {
            "code": "hammerandchisel-ifp",
            "elementWeight": {
                "b_ArmUpperR": 20,
                "b_ArmLowerR": 20,
                "b_ArmUpperL": 20,
                "b_ArmLowerL": 20
            }
        },
        {
            "code": "shears",
            "elementWeight": {
                "b_ArmUpperR": 20,
                "b_ArmLowerR": 20,
                "b_ArmUpperL": 20,
                "b_ArmLowerL": 20
            }
        },
        {
            "code": "placeblock",
            "elementWeight": {
                "b_ArmUpperR": 8,
                "b_ArmLowerR": 8,
                "b_ArmUpperL": 8,
                "b_ArmLowerL": 8
            }
        },
        {
            "code": "interactstatic",
            "elementWeight": {
                "b_ArmUpperR": 8,
                "b_ArmLowerR": 8,
                "b_ArmUpperL": 8,
                "b_ArmLowerL": 8
            }
        },
        {
            "code": "twohandplaceblock",
            "elementWeight": {
                "b_ArmUpperR": 8,
                "b_ArmLowerR": 8,
                "b_ArmUpperL": 8,
                "b_ArmLowerL": 8
            }
        },
        {
            "code": "eat",
            "elementWeight": {
                "b_ArmUpperR": 15,
                "b_ArmLowerR": 15
            }
        },
        {
            "code": "wave",
            "elementWeight": {
                "b_ArmUpperR": 20,
                "b_ArmLowerR": 20,
                "b_ArmUpperL": 10,
                "b_ArmLowerL": 5,
                "b_Neck": 20,
                "b_Head": 20
            }
        },
        {
            "code": "nod",
            "elementWeight": {
                "b_ArmUpperR": 20,
                "b_ArmLowerR": 20,
                "b_ArmUpperL": 20,
                "b_ArmLowerL": 20,
                "b_Neck": 20,
                "b_Head": 20
            }
        },
        {
            "code": "bow",
            "elementWeight": {
                "b_ArmUpperR": 20,
                "b_ArmLowerR": 20,
                "b_ArmUpperL": 20,
                "b_ArmLowerL": 20,
                "b_Neck": 20,
                "b_Head": 20
            }
        },
        {
            "code": "facepalm",
            "elementWeight": {
                "b_ArmUpperR": 20,
                "b_ArmLowerR": 20,
                "b_ArmUpperL": 20,
                "b_ArmLowerL": 20,
                "b_Neck": 20,
                "b_Head": 20
            }
        },
        {
            "code": "cry",
            "elementWeight": {
                "b_ArmUpperR": 20,
                "b_ArmLowerR": 20,
                "b_ArmUpperL": 20,
                "b_ArmLowerL": 20,
                "b_Neck": 20,
                "b_Head": 20
            }
        },
        {
            "code": "shrug",
            "elementWeight": {
                "b_ArmUpperR": 20,
                "b_ArmLowerR": 20,
                "b_ArmUpperL": 20,
                "b_ArmLowerL": 20,
                "b_Neck": 20,
                "b_Head": 20
            }
        },
        {
            "code": "cheer",
            "elementWeight": {
                "b_ArmUpperR": 20,
                "b_ArmLowerR": 20,
                "b_ArmUpperL": 20,
                "b_ArmLowerL": 20,
                "b_Neck": 20,
                "b_Head": 20
            }
        },
        {
            "code": "laugh",
            "elementWeight": {
                "b_ArmUpperR": 20,
                "b_ArmLowerR": 20,
                "b_ArmUpperL": 20,
                "b_ArmLowerL": 20,
                "b_Neck": 20,
                "b_Head": 20
            }
        },
        {
            "code": "rage",
            "elementWeight": {
                "b_ArmUpperR": 20,
                "b_ArmLowerR": 20,
                "b_ArmUpperL": 20,
                "b_ArmLowerL": 20,
                "b_Neck": 20,
                "b_Head": 20
            }
        },
        {
            "code": "panning",
            "elementWeight": {
                "b_ArmUpperR": 20,
                "b_ArmLowerR": 20,
                "b_ArmUpperL": 20,
                "b_ArmLowerL": 20,
                "b_Neck": 20,
                "b_Head": 20
            }
        },
        {
            "code": "pour",
            "elementWeight": {
                "b_ArmUpperR": 10,
                "b_ArmLowerR": 10,
                "b_ArmUpperL": 10,
                "b_ArmLowerL": 10,
                "b_Neck": 10,
                "b_Head": 10
            }
        },
        {
            "code": "hammerandchisel",
            "elementWeight": {
                "b_ArmUpperR": 20,
                "b_ArmLowerR": 20,
                "b_ArmUpperL": 20,
                "b_ArmLowerL": 20,
                "b_Neck": 20,
                "b_Head": 20
            }
        },
        {
            "code": "petlarge",
            "elementWeight": {
                "b_ArmUpperR": 20,
                "b_ArmLowerR": 20,
                "b_ArmUpperL": 20,
                "b_ArmLowerL": 20,
                "b_Neck": 20,
                "b_Head": 20
            }
        },
        {
            "code": "petsmall",
            "elementWeight": {
                "b_ArmUpperR": 20,
                "b_ArmLowerR": 20,
                "b_ArmUpperL": 20,
                "b_ArmLowerL": 20,
                "b_Neck": 20,
                "b_Head": 20
            }
        },
        {
            "code": "crudeOarIdle",
            "elementWeight": {
                "b_ArmUpperR": 15,
                "b_ArmLowerR": 15
            }
        },
        {
            "code": "crudeOarForward",
            "elementWeight": {
                "b_Head": 1000,
                "b_TorsoUpper": 1000,
                "b_ArmUpperR": 1000,
                "b_ArmLowerR": 1000,
                "b_ArmUpperL": 1000,
                "b_ArmLowerL": 1000
            }
        },
        {
            "code": "crudeOarBackward",
            "elementWeight": {
                "b_Head": 1000,
                "b_TorsoUpper": 1000,
                "b_ArmUpperR": 1000,
                "b_ArmLowerR": 1000,
                "b_ArmUpperL": 1000,
                "b_ArmLowerL": 1000
            }
        },
        {
            "code": "crudeOarReady",
            "elementWeight": {
                "b_ArmUpperR": 30,
                "b_ArmLowerR": 30,
                "b_ArmUpperL": 30,
                "b_ArmLowerL": 30
            }
        },
        {
            "code": "yawn",
            "elementWeight": {
                "b_ArmUpperR": 30,
                "b_ArmLowerR": 30,
                "b_ArmUpperL": 30,
                "b_ArmLowerL": 30,
                "b_TorsoLower": 10,
                "b_TorsoUpper": 10
            }
        },
        {
            "code": "stretch",
            "elementWeight": {
                "b_ArmUpperR": 30,
                "b_ArmLowerR": 30,
                "b_ArmUpperL": 30,
                "b_ArmLowerL": 30
            }
        },
        {
            "code": "cough",
            "elementWeight": {
                "b_ArmUpperR": 30,
                "b_ArmLowerR": 30,
                "b_ArmUpperL": 30,
                "b_ArmLowerL": 30,
                "b_TorsoUpper": 10
            }
        },
        {
            "code": "headscratch",
            "elementWeight": {
                "b_ArmUpperR": 30,
                "b_ArmLowerR": 30,
                "b_ArmUpperL": 30,
                "b_ArmLowerL": 30
            }
        },

        {
            "code": "caramelldansen",
            "animation": "caramelldansen",
            "blendMode": "Add",
            "elementWeight": {
                "b_Tail0": 1000,
                "b_Tail1": 1000,
                "b_Tail2": 1000,
                "b_Tail3": 1000,
                "b_Tail4": 1000,
                "b_Tail5": 1000
            },
            "elementBlendMode": {
                "b_Tail0": "AddAverage",
                "b_Tail1": "AddAverage",
                "b_Tail2": "AddAverage",
                "b_Tail3": "AddAverage",
                "b_Tail4": "AddAverage",
                "b_Tail5": "AddAverage"
            }
        },

        {
            "code": "holdriflerighthand",
            "animation": "holdriflerighthand",
            "elementWeight": {
                "b_ArmUpperR": 1000,
                "b_ArmLowerR": 1000,
                "b_ArmUpperL": 1000,
                "b_ArmLowerL": 1000
            },
            "elementBlendMode": {
                "b_ArmUpperR": "AddAverage",
                "b_ArmLowerR": "AddAverage",
                "b_ArmUpperL": "AddAverage",
                "b_ArmLowerL": "AddAverage"
            }
        },
        {
            "code": "holdriflelefthand",
            "animation": "holdriflelefthand",
            "elementWeight": {
                "b_ArmUpperR": 20,
                "b_ArmLowerR": 20
            }
        }
    ]
}