{
  "code": "horse0",
  "_credit": "tenklop, xeth",
  "guiLayout": [
    ["body", "bodyextra"],
    ["cutieleft", "cutieright"],
    ["wings", "wingcolor"],
    ["tail", "tailextra"],
    ["eye", "eyewhite"],
    ["mouth"],
    ["hair", "hairextra"],
    ["ear"],
    ["horn"],
    ["mustache", "beard"],
    ["voicetype", "voicepitch"]
  ],
  "guiRenderHeightOffset": -70,
  "eyeHeight": 1.3,
  "hitboxSize": { "x": 0.6, "y": 1.5 },
  "jointHead": "b_Head",
  "jointNeck": "b_NeckLower",
  "jointTorsoUpper": "b_TorsoUpper",
  "jointTorsoLower": "b_TorsoLower",
  "jointLegUpperL": "b_LegUpperL",
  "jointLegUpperR": "b_LegUpperR",
  "shapePath": "kemono:shapes/entity/horse/",
  "model": "kemono:entity/horse/main/horse0",
  "texturePath": "kemono:textures/entity/horse/",
  "scaleparts": [
    { "code": "body",  "target": "b_Root",  "min": 0.6, "max": 1.4, "isMain": true },
    { "code": "head",  "target": "b_Head",  "min": 0.9, "max": 1.4 },
    { "code": "wingL", "target": "b_WingL", "min": 0.8, "max": 1.2 },
    { "code": "wingR", "target": "b_WingR", "min": 0.8, "max": 1.2 },
    { "code": "tail",  "target": "b_Tail0", "min": 0.8, "max": 1.2 }
  ],
  "skinparts": [
    {
      "code": "body",
      "renderOrder": 100,
      "type": "texture",
      "textureTarget": "main",
      "textureTargetWidth": 128,
      "textureTargetHeight": 128,
      "textureBlendOverlay": false,
      "useDropDown": true,
      "useColorSlider": true,
      "variants": [
        { "code": "skin0", "texture": "kemono:entity/horse/body/horse0" },
        { "code": "changeling0", "texture": "kemono:entity/horse/body/changeling0" }
      ]
    },

    {
      "code": "bodyextra",
      "renderOrder": 200,
      "type": "texture",
      "textureTarget": "main",
      "useDropDown": true,
      "useColorSlider": true,
      "variants": [
        { "code": "none", "skip": true },
        { "code": "kirin", "texture": "kemono:entity/horse/bodyextra/kirin" },
        { "code": "zecora", "texture": "kemono:entity/horse/bodyextra/zecora" },
        { "code": "batlight", "texture": "kemono:entity/horse/bodyextra/batskeletonlight" },
        { "code": "batdark", "texture": "kemono:entity/horse/bodyextra/batskeletondark" },
        { "code": "changeling", "texture": "kemono:entity/horse/bodyextra/changeling" }
      ]
    },
    
    {
      "code": "cutieleft",
      "renderOrder": 300,
      "type": "shape",
      "useDropDown": true,
      "texture": "kemono:entity/common/emblemblank",
      "textureTarget": "cutiemark",
      "textureTargetWidth": 32,
      "textureTargetHeight": 32,
      "usePainting": true,
      "paintingName": "cutiemark",
      "paintingSize": 32,
      "AltClothedRequirement": [
        "LowerBody",
        "UpperBody",
        "UpperBodyOver",
        "ArmorBody",
        "ArmorLegs"
      ],
      "shapeTemplate": { "base": "kemono:entity/horse/skinparts/cutiemark/mark-{code}" },
      "variants": [
        { "code": "left", "altClothed": "none" },
        { "code": "none", "skip": true }
      ]
    },
    
    {
      "code": "cutieright",
      "renderOrder": 400,
      "type": "shape",
      "useDropDown": true,
      "texture": "kemono:entity/common/emblemblank",
      "textureTarget": "cutiemark",
      "textureTargetWidth": 32,
      "textureTargetHeight": 32,
      "usePainting": true,
      "paintingName": "cutiemark",
      "paintingSize": 32,
      "AltClothedRequirement": [
        "LowerBody",
        "UpperBody",
        "UpperBodyOver",
        "ArmorBody",
        "ArmorLegs"
      ],
      "shapeTemplate": { "base": "kemono:entity/horse/skinparts/cutiemark/mark-{code}" },
      "variants": [
        { "code": "right", "altClothed": "none" },
        { "code": "none", "skip": true }
      ]
    },

    {
      "code": "hair",
      "renderOrder": 500,
      "type": "shape",
      "textureTarget": "hair",
      "texture": "kemono:entity/horse/hair/hair",
      "textureTargetWidth": 96,
      "textureTargetHeight": 96,
      "useDropDown": true,
      "useColorSlider": true,
      "shapeTemplate": { "base": "kemono:entity/horse/skinparts/hair/hair-{code}" },
      "variants": [
        { "code": "none", "skip": true },
        { "code": "anonfilly" },
        { "code": "chrysalis" },
        { "code": "emoshy" },
        { "code": "octavia" },
        { "code": "trixie" },
        { "code": "vinylscratch" },
        { "code": "bigmac" },
        { "code": "braeburn" },
        { "code": "soarin" },
        { "code": "balding" },
        { "code": "afro" },
        { "code": "combed" },
        { "code": "dreadlocks" },
        { "code": "indigenousbalding" },
        { "code": "iroquois" },
        { "code": "kniaz" },
        { "code": "layered" },
        { "code": "longflowing" },
        { "code": "longwithstrands" },
        { "code": "mediumlength-bangs" },
        { "code": "messy" },
        { "code": "messy2" },
        { "code": "classic" },
        { "code": "short" },
        { "code": "short-parted" },
        { "code": "shortspiky" },
        { "code": "short-trimmed" },
        { "code": "tonsure" }
      ]
    },

    {
      "code": "hairextra",
      "renderOrder": 600,
      "type": "shape",
      "textureTarget": "hairextra",
      "texture": "kemono:entity/horse/hair/hairextra",
      "textureTargetWidth": 96,
      "textureTargetHeight": 96,
      "useDropDown": true,
      "useColorSlider": true,
      "shapeTemplate": { "base": "kemono:entity/horse/skinparts/hairextra/hairextra-{code}" },
      "variants": [
        { "code": "none", "skip": true },
        { "code": "chrysalis" },
        { "code": "emoshy" },
        { "code": "vinylscratch" }
      ]
    },
    
    {
      "code": "tail",
      "renderOrder": 700,
      "type": "shape",
      "textureTarget": "tail",
      "texture": "kemono:entity/horse/tail/horse-tail",
      "textureTargetWidth": 64,
      "textureTargetHeight": 64,
      "useDropDown": true,
      "useColorSlider": true,
      "useTransformSlider": true,
      "shapeTemplate": { "base": "kemono:entity/horse/skinparts/tail/tail-{code}" },
      "variants": [
        { "code": "horse0" },
        { "code": "horse1" },
        { "code": "horse2" },
        { "code": "vinylscratch" },
        { "code": "kirin" },
        { "code": "changeling" }
      ]
    },

    {
      "code": "tailextra",
      "renderOrder": 800,
      "textureTarget": "tail",
      "texture": "kemono:entity/horse/tail/horse-tailextra",
      "textureTargetWidth": 64,
      "textureTargetHeight": 64,
      "textureRenderTo": { "x": 0, "y": 32 },
      "useDropDown": true,
      "useColorSlider": true,
      "shapeTemplate": { "base": "kemono:entity/horse/skinparts/tailextra/tailextra-{code}" },
      "variants": [
        { "code": "none", "skip": true },
        { "code": "stripe0" },
        { "code": "stripe1" },
        { "code": "vinylscratch" }
      ]
    },

    {
      "code": "wings",
      "renderOrder": 900,
      "type": "shape",
      "shapeTemplate": { "base": "kemono:entity/horse/skinparts/wings/wings-{code}" },
      "useDropDown": true,
      "useColorSlider": false,
      "variants": [
        { "code": "none", "skip": true },
        { "code": "pegasus" },
        { "code": "bat" },
        { "code": "changeling" },
        { "code": "chrysalis" }
      ]
    },
    
    {
      "code": "wingcolor",
      "renderOrder": 1000,
      "type": "texture",
      "textureTarget": "main",
      "textureRenderTo": { "x": 15, "y": 25 },
      "useDropDown": true,
      "useColorSlider": true,
      "variants": [
        { "code": "none", "skip": true },
        { "code": "colored", "texture": "kemono:entity/horse/wing/wingcolored" },
        { "code": "transparent0", "texture": "kemono:entity/horse/wing/wingtransparent0" },
        { "code": "transparent1", "texture": "kemono:entity/horse/wing/wingtransparent1" }
      ]
    },

    {
      "code": "eyewhite",
      "renderOrder": 1100,
      "type": "texture",
      "textureTarget": "main",
      "textureRenderTo": { "x": 119, "y": 67 },
      "useDropDown": true,
      "useColorSlider": false,
      "variants": [
        { "code": "eyewhite0", "texture": "kemono:entity/common/eyewhite0" },
        { "code": "eyewhite1", "texture": "kemono:entity/common/eyewhite1" }
      ]
    },

    {
      "code": "eye",
      "renderOrder": 1200,
      "type": "shape",
      "texture": "kemono:entity/common/eyecolor",
      "textureTarget": "main",
      "textureRenderTo": { "x": 109, "y": 0 },
      "useDropDown": true,
      "useColorSlider": true,
      "shapeTemplate": { "base": "kemono:entity/horse/skinparts/eye/eye-{code}" },
      "variants": [
        { "code": "eye0" },
        { "code": "eye1" },
        { "code": "eye2" },
        { "code": "eye3" },
        { "code": "boomer" },
        { "code": "derpy" },
        { "code": "stallion" },
        { "code": "changeling0" },
        { "code": "sleep" }
      ]
    },

    {
      "code": "mouth",
      "renderOrder": 1300,
      "type": "shape",
      "useDropDown": true,
      "shapeTemplate": { "base": "kemono:entity/horse/skinparts/mouth/mouth-{code}" },
      "variants": [
        { "code": "horse" },
        { "code": "stallion" },
        { "code": "bat" },
        { "code": "changeling" }
      ]
    },

    {
      "code": "ear",
      "renderOrder": 1400,
      "type": "shape",
      "textureTarget": "earextra",
      "texture": "kemono:entity/horse/ear/earextra",
      "textureTargetWidth": 32,
      "textureTargetHeight": 32,
      "useDropDown": true,
      "useColorSlider": true,
      "shapeTemplate": { "base": "kemono:entity/horse/skinparts/ear/ear-{code}" },
      "variants": [
        { "code": "horse" },
        { "code": "bat" },
        { "code": "changeling" },
        { "code": "chrysalis" }
      ]
    },

    {
      "code": "horn",
      "renderOrder": 1500,
      "type": "shape",
      "texture": "kemono:entity/horse/horn/horn",
      "textureTarget": "main",
      "textureRenderTo": { "x": 0, "y": 44 },
      "shapeTemplate": { "base": "kemono:entity/horse/skinparts/horn/horn-{code}" },
      "useDropDown": true,
      "useColorSlider": true,
      "variants": [
        { "code": "none", "skip": true },
        { "code": "unicorn" },
        { "code": "unicornlong" },
        { "code": "kirin" },
        { "code": "changeling" },
        { "code": "chrysalis" }
      ]
    },

    {
      "code": "mustache",
      "renderOrder": 1600,
      "useDropDown": true,
      "useColorSlider": true,
      "variants": [

      ]
    },

    {
      "code": "beard",
      "renderOrder": 1700,
      "useColorSlider": true,
      "variants": [

      ]
    },
    
    {
      "code": "voicetype",
      "type": "voice", 
      "useDropDown": true,
      "variants": [
        { "code": "altoflute", "sound": "game:sounds/voice/altoflute" },
        { "code": "harmonica", "sound": "game:sounds/voice/harmonica" },
        { "code": "oboe", "sound": "game:sounds/voice/oboe" },
        { "code": "clarinet", "sound": "game:sounds/voice/clarinet" },
        { "code": "accordion", "sound": "game:sounds/voice/accordion" },
        { "code": "trumpet", "sound": "game:sounds/voice/trumpet" },
        { "code": "sax", "sound": "game:sounds/voice/sax" },
        { "code": "tuba", "sound": "game:sounds/voice/tuba" }
      ]
    },
    
    {
      "code": "voicepitch",
      "type": "voice",
      "useDropDown": true,
      "variants": [
        { "code": "verylow" },
        { "code": "low" },
        { "code": "medium" },
        { "code": "high" }
      ]
    }
  ],
  "animationRemappings": {
    "Head": "b_Head",
    "Neck": "b_Neck",
    "UpperTorso": "b_TorsoUpper",
    "LowerTorso": "b_TorsoLower",
    "UpperArmR": "b_ArmUpperR",
    "UpperArmL": "b_ArmUpperL",
    "LowerArmR": "b_ArmLowerR",
    "LowerArmL": "b_ArmLowerL",
    "UpperFootR": "b_FootUpperR",
    "UpperFootL": "b_FootUpperL",
    "LowerFootR": "b_FootLowerR",
    "LowerFootL": "b_FootLowerL"
  },
  "animationOverrides": [
    {
      "code": "walk",
      "animationSpeed": 1.4
    },
    {
      "code": "walk-fp",
      "animationSpeed": 1.4
    },
    {
      "code": "sprint",
      "animationSpeed": 1.4,
      "blendMode": "Average"
    },
    {
      "code": "sprint-fp",
      "animationSpeed": 1.4,
      "blendMode": "Average"
    },
    {
      "code": "land",
      "animation": "land"
    },
    {
      "code": "holdinglanternrighthand",
      "animation": "holdinglanternrighthand",
      "blendMode": "Add",
      "elementWeight": {
        "b_ArmUpperR": 100,
        "b_ArmLowerR": 1000
      },
      "elementBlendMode": {
        "b_ArmUpperR": "AddAverage",
        "b_ArmLowerR": "AddAverage"
      }
    },
    {
      "code": "holdinglanternlefthand",
      "animation": "holdinglanternlefthand",
      "blendMode": "Add",
      "elementWeight": {
        "b_ArmUpperL": 100,
        "b_ArmLowerL": 1000
      },
      "elementBlendMode": {
        "b_ArmUpperL": "AddAverage",
        "b_ArmLowerL": "AddAverage"
      }
    },

    {
      "code": "buck",
      "animation": "buck",
      "blendMode": "Add",
      "animationSpeed": 1,
      "elementWeight": {
        "b_ArmUpperR": 200,
        "b_ArmLowerR": 200,
        "b_ArmUpperL": 200,
        "b_ArmLowerL": 200,
        "b_LegUpperR": 200,
        "b_LegUpperL": 200,
        "b_LegLowerR": 200,
        "b_LegLowerL": 200,
        "b_TorsoLower": 200,
        "b_TorsoUpper": 200,
        "b_Tail0": 200,
        "b_Tail1": 200,
        "b_Tail2": 200,
        "b_Tail3": 200,
        "b_Tail4": 200
      }
    },

    {
      "code": "summonfire",
      "animation": "summonfire",
      "blendMode": "Add",
      "animationSpeed": 1,
      "elementWeight": {
        "b_ArmUpperR": 200,
        "b_ArmLowerR": 200,
        "b_ArmUpperL": 200,
        "b_ArmLowerL": 200,
        "b_LegUpperR": 200,
        "b_LegUpperL": 200,
        "b_LegLowerR": 200,
        "b_LegLowerL": 200,
        "b_TorsoLower": 200,
        "b_TorsoUpper": 200,
        "b_Tail0": 200,
        "b_Tail1": 200,
        "b_Tail2": 200,
        "b_Tail3": 200,
        "b_Tail4": 200
      }
    },

  
    {
      "code": "hardstyle1",
      "animation": "hardstyle1",
      "blendMode": "AddAverage",
      "animationSpeed": 1.2,
      "elementWeight": {
        "b_ArmUpperR": 200,
        "b_ArmLowerR": 200,
        "b_ArmUpperL": 200,
        "b_ArmLowerL": 200,
        "b_LegUpperR": 200,
        "b_LegUpperL": 200,
        "b_LegLowerR": 200,
        "b_LegLowerL": 200,
        "b_TorsoLower": 200,
        "b_TorsoUpper": 200
      }
    },

    {
      "code": "mountallow",
      "animation": "mountallow",
      "blendMode": "AddAverage",
      "animationSpeed": 1,
      "elementWeight": {
        "b_TorsoLower": 200,
        "b_TorsoUpper": 200,
        "b_NeckLower": 200,
        "b_Neck": 200,
        "b_Head": 200,
        "b_ArmUpperR": 200,
        "b_ArmLowerR": 200,
        "b_ArmUpperL": 200,
        "b_ArmLowerL": 200,
        "b_LegUpperR": 200,
        "b_LegUpperL": 200,
        "b_LegLowerR": 200,
        "b_LegLowerL": 200,
        "b_Tail0": 200,
        "b_Tail1": 200,
        "b_Tail2": 200,
        "b_Tail3": 200,
        "b_Tail4": 200
      }
    },

    {
      "code": "mountponyflying",
      "animation": "mountponyflying",
      "blendMode": "AddAverage",
      "animationSpeed": 1,
      "elementWeight": {
        "b_TorsoLower": 200,
        "b_TorsoUpper": 200,
        "b_NeckLower": 200,
        "b_Neck": 200,
        "b_Head": 200,
        "b_ArmUpperR": 200,
        "b_ArmLowerR": 200,
        "b_ArmUpperL": 200,
        "b_ArmLowerL": 200,
        "b_LegUpperR": 200,
        "b_LegUpperL": 200,
        "b_LegLowerR": 200,
        "b_LegLowerL": 200,
        "b_Tail0": 200,
        "b_Tail1": 200,
        "b_Tail2": 200,
        "b_Tail3": 200,
        "b_Tail4": 200
      }
    },

    {
      "code": "mountponyground",
      "animation": "mountponyground",
      "blendMode": "AddAverage",
      "animationSpeed": 1,
      "elementWeight": {
        "b_TorsoLower": 200,
        "b_TorsoUpper": 200,
        "b_NeckLower": 200,
        "b_Neck": 200,
        "b_Head": 200,
        "b_ArmUpperR": 200,
        "b_ArmLowerR": 200,
        "b_ArmUpperL": 200,
        "b_ArmLowerL": 200,
        "b_LegUpperR": 200,
        "b_LegUpperL": 200,
        "b_LegLowerR": 200,
        "b_LegLowerL": 200,
        "b_Tail0": 200,
        "b_Tail1": 200,
        "b_Tail2": 200,
        "b_Tail3": 200,
        "b_Tail4": 200
      }
    },

    {
      "code": "caramelldansen",
      "animation": "caramelldansen",
      "blendMode": "Add",
      "elementWeight": {
        "b_Tail0": 1000,
        "b_Tail1": 1000,
        "b_Tail2": 1000,
        "b_Tail3": 1000,
        "b_Tail4": 1000
      },
      "elementBlendMode": {
        "b_Tail0": "AddAverage",
        "b_Tail1": "AddAverage",
        "b_Tail2": "AddAverage",
        "b_Tail3": "AddAverage",
        "b_Tail4": "AddAverage"
      }
    },
    
    {
      "code": "holdriflerighthand",
      "animation": "holdriflerighthand",
      "elementWeight": {

      }
    },
    {
      "code": "holdriflelefthand",
      "animation": "holdriflerighthand",
      "elementWeight": {
        
      }
    }
  ]
}