{"textureWidth":32,"textureHeight":32,"textures":{},"textureSizes":{"headtattoo":[32,32]},"elements":[{"name":"headtattoo","from":[-3.118241600692,-0.024433135986,-2.510798925297],"to":[-2.904812522233,4.997164726257,2.510798936947],"rotationOrigin":[-3.011527061462,-0.024433135986,5.825e-09],"stepParentName":"b_Head","group":"headtattoo","faces":{"north":{"texture":"#headtattoo","uv":[0.0,0.0,32.0,32.0],"autoUv":false,"enabled":false},"east":{"texture":"#headtattoo","uv":[0.0,0.0,32.0,32.0],"autoUv":false,"enabled":false},"south":{"texture":"#headtattoo","uv":[0.0,0.0,32.0,32.0],"autoUv":false,"enabled":false},"west":{"texture":"#headtattoo","uv":[0.0,0.0,32.0,32.0],"autoUv":false},"up":{"texture":"#headtattoo","uv":[0.0,0.0,32.0,32.0],"autoUv":false,"enabled":false},"down":{"texture":"#headtattoo","uv":[32.0,32.0,0.0,0.0],"autoUv":false,"enabled":false}},"children":[]}],"groups":[]}