{"textureWidth":64,"textureHeight":64,"textures":{},"textureSizes":{"head":[64,64]},"elements":[{"name":"EyelidR.007","from":[-3.348058933577,2.330599212322,0.25985906267],"to":[-2.793894263178,2.644350624409,1.598265260048],"rotationOrigin":[-3.070976018906,2.487474918365,1.598264694214],"stepParentName":"b_Head","rotationX":-11.454030870173,"rotationY":-3.691882878479,"rotationZ":1.437843292582,"group":"eye-avali0","faces":{"north":{"texture":"#head","uv":[8.0,60.0,10.0,61.0],"autoUv":false},"east":{"texture":"#head","uv":[14.0,60.0,16.0,61.0],"autoUv":false},"south":{"texture":"#head","uv":[12.0,60.0,14.0,61.0],"autoUv":false},"west":{"texture":"#head","uv":[10.0,60.0,12.0,61.0],"autoUv":false},"up":{"texture":"#head","uv":[10.0,59.0,12.0,60.0],"autoUv":false,"rotation":90},"down":{"texture":"#head","uv":[12.0,62.0,10.0,61.0],"autoUv":false,"rotation":90}},"children":[]},{"name":"EyelidL.006","from":[-3.317535461507,2.315731330284,-1.714979972346],"to":[-2.726360684922,2.670529629092,-0.294705671701],"rotationOrigin":[-3.021947860718,2.493129253387,-1.714979171753],"stepParentName":"b_Head","rotationX":10.689341673718,"rotationY":1.897561020779,"rotationZ":-1.553941567433,"group":"eye-avali0","faces":{"north":{"texture":"#head","uv":[8.0,59.0,9.0,60.0],"autoUv":false},"east":{"texture":"#head","uv":[13.0,59.0,16.0,60.0],"autoUv":false},"south":{"texture":"#head","uv":[12.0,59.0,13.0,60.0],"autoUv":false},"west":{"texture":"#head","uv":[9.0,59.0,12.0,60.0],"autoUv":false},"up":{"texture":"#head","uv":[9.0,58.0,12.0,59.0],"autoUv":false,"rotation":90},"down":{"texture":"#head","uv":[12.0,61.0,9.0,60.0],"autoUv":false,"rotation":90}},"children":[]},{"name":"L eye2.003","from":[-3.107733684179,0.933654236607,1.069255588117],"to":[-2.954681444012,2.326309401542,2.08433532947],"rotationOrigin":[-3.031207561493,1.607885718346,1.576795458794],"stepParentName":"b_Head","rotationX":-1.3548122e-05,"rotationY":5.00000070832,"rotationZ":-2.571105e-06,"group":"eye-avali0","faces":{"north":{"texture":"#head","uv":[26.0,57.0,27.0,62.0],"autoUv":false},"east":{"texture":"#head","uv":[27.0,57.0,31.0,62.0],"autoUv":false},"south":{"texture":"#head","uv":[31.0,57.0,32.0,62.0],"autoUv":false},"west":{"texture":"#head","uv":[27.0,56.0,31.0,61.0],"autoUv":false},"up":{"texture":"#head","uv":[31.0,57.0,27.0,58.0],"autoUv":false,"rotation":270},"down":{"texture":"#head","uv":[31.0,63.0,27.0,62.0],"autoUv":false,"rotation":90}},"children":[]},{"name":"L eyebrow 1.003","from":[-3.201519727707,3.101471185684,0.961646974087],"to":[-3.051128414438,3.467003692669,1.745014134967],"rotationOrigin":[-3.201519727707,3.101471185684,0.961646974087],"stepParentName":"b_Head","rotationX":-2.0076474485,"rotationY":4.996948894422,"rotationZ":0.174938780406,"group":"eye-avali0","faces":{"north":{"texture":"#head","uv":[8.0,60.0,9.0,61.0],"autoUv":false},"east":{"texture":"#head","uv":[13.0,60.0,16.0,61.0],"autoUv":false},"south":{"texture":"#head","uv":[12.0,60.0,13.0,61.0],"autoUv":false},"west":{"texture":"#head","uv":[9.0,60.0,12.0,61.0],"autoUv":false},"up":{"texture":"#head","uv":[9.0,59.0,12.0,60.0],"autoUv":false,"rotation":90},"down":{"texture":"#head","uv":[12.0,62.0,9.0,61.0],"autoUv":false,"rotation":90}},"children":[]},{"name":"L pupil.003","from":[-3.135870490522,1.166153138038,1.157022544833],"to":[-2.953614677935,2.136079492979,1.927473953275],"rotationOrigin":[-3.044742584229,1.574734091759,1.542248249054],"stepParentName":"b_Head","rotationX":-1.3548122e-05,"rotationY":5.00000070832,"rotationZ":-2.571105e-06,"group":"eye-avali0","faces":{"north":{"texture":"#head","uv":[28.0,56.0,29.0,59.0],"autoUv":false},"east":{"texture":"#head","uv":[29.0,56.0,32.0,59.0],"autoUv":false},"south":{"texture":"#head","uv":[28.0,56.0,29.0,59.0],"autoUv":false},"west":{"texture":"#head","uv":[24.0,56.0,27.0,59.0],"autoUv":false},"up":{"texture":"#head","uv":[29.0,56.0,32.0,57.0],"autoUv":false,"rotation":90},"down":{"texture":"#head","uv":[32.0,59.0,29.0,58.0],"autoUv":false,"rotation":90}},"children":[]},{"name":"L whites.003","from":[-3.096659488233,0.874007822256,0.746861856526],"to":[-2.371357613055,2.374513944742,2.343868095332],"rotationOrigin":[-2.734008550644,1.547878623009,1.545364975929],"stepParentName":"b_Head","rotationX":-1.3548122e-05,"rotationY":5.00000070832,"rotationZ":-2.571105e-06,"group":"eye-avali0","faces":{"north":{"texture":"#head","uv":[0.0,58.0,2.0,60.0],"autoUv":false},"east":{"texture":"#head","uv":[6.0,58.0,8.0,60.0],"autoUv":false},"south":{"texture":"#head","uv":[4.0,58.0,6.0,60.0],"autoUv":false},"west":{"texture":"#head","uv":[2.0,58.0,4.0,60.0],"autoUv":false},"up":{"texture":"#head","uv":[2.0,56.0,4.0,58.0],"autoUv":false,"rotation":90},"down":{"texture":"#head","uv":[4.0,62.0,2.0,60.0],"autoUv":false,"rotation":90}},"children":[]},{"name":"R eye.003","from":[-3.095591496254,0.932104754262,-2.092257673944],"to":[-2.942539269144,2.324759919196,-1.036686246191],"rotationOrigin":[-3.019065380096,1.606336236,-1.564471960068],"stepParentName":"b_Head","rotationX":-1.3772633e-05,"rotationY":-5.000000281433,"rotationZ":-2.571105e-06,"group":"eye-avali0","faces":{"north":{"texture":"#head","uv":[18.0,57.0,19.0,62.0],"autoUv":false},"east":{"texture":"#head","uv":[19.0,57.0,23.0,62.0],"autoUv":false},"south":{"texture":"#head","uv":[23.0,57.0,24.0,62.0],"autoUv":false},"west":{"texture":"#head","uv":[19.0,56.0,23.0,61.0],"autoUv":false},"up":{"texture":"#head","uv":[23.0,57.0,19.0,58.0],"autoUv":false,"rotation":270},"down":{"texture":"#head","uv":[23.0,63.0,19.0,62.0],"autoUv":false,"rotation":90}},"children":[]},{"name":"R eyebrow 1.003","from":[-3.193623304367,3.101253271103,-1.662178401077],"to":[-3.043231978608,3.466785778088,-0.878811240196],"rotationOrigin":[-3.193623304367,3.101253271103,-0.878811240196],"stepParentName":"b_Head","rotationX":2.007620341187,"rotationY":-4.996948894422,"rotationZ":0.174938807086,"group":"eye-avali0","faces":{"north":{"texture":"#head","uv":[8.0,58.0,9.0,59.0],"autoUv":false},"east":{"texture":"#head","uv":[13.0,58.0,16.0,59.0],"autoUv":false},"south":{"texture":"#head","uv":[12.0,58.0,13.0,59.0],"autoUv":false},"west":{"texture":"#head","uv":[9.0,58.0,12.0,59.0],"autoUv":false},"up":{"texture":"#head","uv":[9.0,57.0,12.0,58.0],"autoUv":false,"rotation":90},"down":{"texture":"#head","uv":[12.0,60.0,9.0,59.0],"autoUv":false,"rotation":90}},"children":[]},{"name":"R pupil.003","from":[-3.116969717098,1.186934899073,-1.92793876621],"to":[-3.012454378056,2.143414434977,-1.14375131634],"rotationOrigin":[-3.064712047577,1.588792443275,-1.535845041275],"stepParentName":"b_Head","rotationX":-1.3772633e-05,"rotationY":-5.000000281433,"rotationZ":-2.571105e-06,"group":"eye-avali0","faces":{"north":{"texture":"#head","uv":[20.0,56.0,21.0,59.0],"autoUv":false},"east":{"texture":"#head","uv":[21.0,56.0,24.0,59.0],"autoUv":false},"south":{"texture":"#head","uv":[20.0,56.0,21.0,59.0],"autoUv":false},"west":{"texture":"#head","uv":[16.0,56.0,19.0,59.0],"autoUv":false},"up":{"texture":"#head","uv":[21.0,56.0,24.0,57.0],"autoUv":false,"rotation":90},"down":{"texture":"#head","uv":[24.0,59.0,21.0,58.0],"autoUv":false,"rotation":90}},"children":[]},{"name":"R whites.003","from":[-3.082559144107,0.872521282415,-2.358948711089],"to":[-2.357257330808,2.373027404902,-0.761942621537],"rotationOrigin":[-2.719908237457,1.546392083168,-1.560445666313],"stepParentName":"b_Head","rotationX":-1.3772633e-05,"rotationY":-5.000000281433,"rotationZ":-2.571105e-06,"group":"eye-avali0","faces":{"north":{"texture":"#head","uv":[0.0,58.0,2.0,60.0],"autoUv":false},"east":{"texture":"#head","uv":[6.0,58.0,8.0,60.0],"autoUv":false},"south":{"texture":"#head","uv":[4.0,58.0,6.0,60.0],"autoUv":false},"west":{"texture":"#head","uv":[2.0,58.0,4.0,60.0],"autoUv":false},"up":{"texture":"#head","uv":[2.0,56.0,4.0,58.0],"autoUv":false,"rotation":90},"down":{"texture":"#head","uv":[4.0,62.0,2.0,60.0],"autoUv":false,"rotation":90}},"children":[]},{"name":"shine small 1.003","from":[-3.202852809465,1.556828538887,-1.330030677711],"to":[-2.982662910169,1.756272769591,-1.066622020805],"rotationOrigin":[-3.114776849747,1.696439504623,-1.198326349258],"stepParentName":"b_Head","rotationX":-1.3772633e-05,"rotationY":-5.000000281433,"rotationZ":-2.571105e-06,"group":"eye-avali0","faces":{"north":{"texture":"#head","uv":[2.0,60.0,3.0,61.0],"autoUv":false},"east":{"texture":"#head","uv":[6.0,60.0,7.0,61.0],"autoUv":false},"south":{"texture":"#head","uv":[5.0,60.0,6.0,61.0],"autoUv":false},"west":{"texture":"#head","uv":[3.0,60.0,5.0,61.0],"autoUv":false},"up":{"texture":"#head","uv":[3.0,59.0,5.0,60.0],"autoUv":false,"rotation":90},"down":{"texture":"#head","uv":[5.0,62.0,3.0,61.0],"autoUv":false,"rotation":90}},"children":[]},{"name":"shine small 2.003","from":[-3.126544732022,1.603028173326,1.765489223502],"to":[-2.891525956739,1.815904121497,2.006739255883],"rotationOrigin":[-3.032537221909,1.752041339874,1.886114239693],"stepParentName":"b_Head","rotationX":-1.3548122e-05,"rotationY":5.00000070832,"rotationZ":-2.571105e-06,"group":"eye-avali0","faces":{"north":{"texture":"#head","uv":[0.0,60.0,1.0,61.0],"autoUv":false},"east":{"texture":"#head","uv":[3.0,60.0,4.0,61.0],"autoUv":false},"south":{"texture":"#head","uv":[2.0,60.0,3.0,61.0],"autoUv":false},"west":{"texture":"#head","uv":[1.0,60.0,2.0,61.0],"autoUv":false},"up":{"texture":"#head","uv":[1.0,59.0,2.0,60.0],"autoUv":false,"rotation":90},"down":{"texture":"#head","uv":[2.0,62.0,1.0,61.0],"autoUv":false,"rotation":90}},"children":[]},{"name":"EyelidR.008","from":[-3.039436817169,1.716152787209,2.357284784317],"to":[-2.448296785204,1.945523848849,3.274670981819],"rotationOrigin":[-3.039436817169,1.716152787209,2.357284784317],"stepParentName":"b_Head","rotationX":99.718303014085,"rotationY":-0.846113162211,"rotationZ":-4.928071132397,"group":"eye-avali0","faces":{"north":{"texture":"#head","uv":[13.0,59.0,12.0,60.0],"autoUv":false},"east":{"texture":"#head","uv":[16.0,59.0,13.0,60.0],"autoUv":false},"south":{"texture":"#head","uv":[9.0,59.0,8.0,60.0],"autoUv":false},"west":{"texture":"#head","uv":[12.0,59.0,9.0,60.0],"autoUv":false},"up":{"texture":"#head","uv":[12.0,58.0,9.0,59.0],"autoUv":false,"rotation":90},"down":{"texture":"#head","uv":[9.0,61.0,12.0,60.0],"autoUv":false,"rotation":90}},"children":[]},{"name":"EyelidR.009","from":[-3.039959907532,2.227299213409,2.231583356857],"to":[-2.448819771105,2.505922587475,2.936060993383],"rotationOrigin":[-3.039959907532,2.227299213409,2.231583356857],"stepParentName":"b_Head","rotationX":82.806474591377,"rotationY":0.627671012671,"rotationZ":-4.960545693693,"group":"eye-avali0","faces":{"north":{"texture":"#head","uv":[13.0,59.0,12.0,60.0],"autoUv":false},"east":{"texture":"#head","uv":[16.0,59.0,13.0,60.0],"autoUv":false},"south":{"texture":"#head","uv":[9.0,59.0,8.0,60.0],"autoUv":false},"west":{"texture":"#head","uv":[12.0,59.0,9.0,60.0],"autoUv":false},"up":{"texture":"#head","uv":[12.0,58.0,9.0,59.0],"autoUv":false,"rotation":90},"down":{"texture":"#head","uv":[9.0,61.0,12.0,60.0],"autoUv":false,"rotation":90}},"children":[]},{"name":"EyelidL.008","from":[-3.027057409286,1.725915312767,-3.25689079144],"to":[-2.435917377322,1.955245288364,-2.338991880417],"rotationOrigin":[-3.027057409286,1.725915312767,-2.338991880417],"stepParentName":"b_Head","rotationX":-101.228901801871,"rotationY":0.976031897961,"rotationZ":-4.90405149152,"group":"eye-avali0","faces":{"north":{"texture":"#head","uv":[8.0,59.0,9.0,60.0],"autoUv":false},"east":{"texture":"#head","uv":[13.0,59.0,16.0,60.0],"autoUv":false},"south":{"texture":"#head","uv":[12.0,59.0,13.0,60.0],"autoUv":false},"west":{"texture":"#head","uv":[9.0,59.0,12.0,60.0],"autoUv":false},"up":{"texture":"#head","uv":[9.0,58.0,12.0,59.0],"autoUv":false,"rotation":90},"down":{"texture":"#head","uv":[12.0,61.0,9.0,60.0],"autoUv":false,"rotation":90}},"children":[]},{"name":"EyelidL.009","from":[-3.04264330864,2.225747585297,-2.921989937766],"to":[-2.47985622204,2.528972497746,-2.224806785583],"rotationOrigin":[-3.04264330864,2.225747585297,-2.224806785583],"stepParentName":"b_Head","rotationX":-82.806501912134,"rotationY":-0.627670639145,"rotationZ":-4.960545266806,"group":"eye-avali0","faces":{"north":{"texture":"#head","uv":[8.0,59.0,9.0,60.0],"autoUv":false},"east":{"texture":"#head","uv":[13.0,59.0,16.0,60.0],"autoUv":false},"south":{"texture":"#head","uv":[12.0,59.0,13.0,60.0],"autoUv":false},"west":{"texture":"#head","uv":[9.0,59.0,12.0,60.0],"autoUv":false},"up":{"texture":"#head","uv":[9.0,58.0,12.0,59.0],"autoUv":false,"rotation":90},"down":{"texture":"#head","uv":[12.0,61.0,9.0,60.0],"autoUv":false,"rotation":90}},"children":[]},{"name":"EyelidR.010","from":[-3.183350343393,0.691542817622,-0.767288523654],"to":[-2.592210311428,0.90768029814,0.871720047563],"rotationOrigin":[-2.887780427933,0.799611866474,-0.767286896706],"stepParentName":"b_Head","rotationX":-85.795344881607,"rotationY":-0.367524208306,"rotationZ":-4.986513219143,"group":"eye-avali0","faces":{"north":{"texture":"#head","uv":[8.0,59.0,9.0,60.0],"autoUv":false},"east":{"texture":"#head","uv":[13.0,59.0,16.0,60.0],"autoUv":false},"south":{"texture":"#head","uv":[12.0,59.0,13.0,60.0],"autoUv":false},"west":{"texture":"#head","uv":[9.0,59.0,12.0,60.0],"autoUv":false},"up":{"texture":"#head","uv":[9.0,58.0,12.0,59.0],"autoUv":false,"rotation":90},"down":{"texture":"#head","uv":[12.0,61.0,9.0,60.0],"autoUv":false,"rotation":90}},"children":[]},{"name":"EyelidL.010","from":[-3.198115838252,0.730381789073,-0.731063654154],"to":[-2.663815304039,0.925644316336,0.858170239134],"rotationOrigin":[-2.930965662003,0.828012645245,0.858168661594],"stepParentName":"b_Head","rotationX":82.817382403482,"rotationY":0.886109149165,"rotationZ":-4.921056528119,"group":"eye-avali0","faces":{"north":{"texture":"#head","uv":[13.0,59.0,12.0,60.0],"autoUv":false},"east":{"texture":"#head","uv":[16.0,59.0,13.0,60.0],"autoUv":false},"south":{"texture":"#head","uv":[9.0,59.0,8.0,60.0],"autoUv":false},"west":{"texture":"#head","uv":[12.0,59.0,9.0,60.0],"autoUv":false},"up":{"texture":"#head","uv":[12.0,58.0,9.0,59.0],"autoUv":false,"rotation":90},"down":{"texture":"#head","uv":[9.0,61.0,12.0,60.0],"autoUv":false,"rotation":90}},"children":[]},{"name":"EyelidL.011","from":[-3.21871638298,2.324035167694,-2.753471530076],"to":[-2.669323187446,2.662877934194,-1.599997878075],"rotationOrigin":[-3.21871638298,2.324035167694,-1.599997878075],"stepParentName":"b_Head","rotationX":-10.801263714779,"rotationY":-9.638844918992,"rotationZ":-0.574168593437,"group":"eye-avali0","faces":{"north":{"texture":"#head","uv":[8.0,59.0,9.0,60.0],"autoUv":false},"east":{"texture":"#head","uv":[13.0,59.0,16.0,60.0],"autoUv":false},"south":{"texture":"#head","uv":[12.0,59.0,13.0,60.0],"autoUv":false},"west":{"texture":"#head","uv":[9.0,59.0,12.0,60.0],"autoUv":false},"up":{"texture":"#head","uv":[9.0,58.0,12.0,59.0],"autoUv":false,"rotation":90},"down":{"texture":"#head","uv":[12.0,61.0,9.0,60.0],"autoUv":false,"rotation":90}},"children":[]},{"name":"EyelidR.011","from":[-3.268532752991,2.313425540924,1.559414863586],"to":[-2.755651500227,2.643754195609,2.912612030256],"rotationOrigin":[-3.268532752991,2.313425540924,1.559414863586],"stepParentName":"b_Head","rotationX":9.930611817315,"rotationY":14.408519695668,"rotationZ":0.078570347406,"group":"eye-avali0","faces":{"north":{"texture":"#head","uv":[8.0,60.0,10.0,61.0],"autoUv":false},"east":{"texture":"#head","uv":[14.0,60.0,16.0,61.0],"autoUv":false},"south":{"texture":"#head","uv":[12.0,60.0,14.0,61.0],"autoUv":false},"west":{"texture":"#head","uv":[10.0,60.0,12.0,61.0],"autoUv":false},"up":{"texture":"#head","uv":[10.0,59.0,12.0,60.0],"autoUv":false,"rotation":90},"down":{"texture":"#head","uv":[12.0,62.0,10.0,61.0],"autoUv":false,"rotation":90}},"children":[]}],"groups":[]}