{"textureWidth":32,"textureHeight":32,"textures":{},"textureSizes":{"headtattoo":[32,32]},"elements":[{"name":"headtattoo.001","from":[-2.746294617653,1.25458657369,-1.462366335094],"to":[-2.617964923382,4.27395009622,1.556997306645],"rotationOrigin":[-3.038771390915,-0.047950748354,-0.01993560046],"stepParentName":"b_Head","rotationX":-1.3660375e-05,"rotationY":1e-12,"rotationZ":0.0,"group":"headtattoo-tv-tattoo","faces":{"north":{"texture":"#headtattoo","uv":[0.0,0.0,32.0,32.0],"autoUv":false,"glow":128,"enabled":false},"east":{"texture":"#headtattoo","uv":[0.0,0.0,32.0,32.0],"autoUv":false,"glow":128,"enabled":false},"south":{"texture":"#headtattoo","uv":[0.0,0.0,32.0,32.0],"autoUv":false,"glow":128,"enabled":false},"west":{"texture":"#headtattoo","uv":[0.0,0.0,32.0,32.0],"autoUv":false,"glow":128},"up":{"texture":"#headtattoo","uv":[0.0,0.0,32.0,32.0],"autoUv":false,"glow":128,"enabled":false},"down":{"texture":"#headtattoo","uv":[32.0,32.0,0.0,0.0],"autoUv":false,"glow":128,"enabled":false}},"children":[]}],"groups":[]}