{"textureWidth": 128, "textureHeight": 128, "textures": {}, "textureSizes": {}, "elements": [{"name": "BustHrtClothed", "from": [-0.01809859, -0.71718001, -2.84784293], "to": [2.79644874, 3.00954059, 2.84784245], "rotationOrigin": [2.79644847, 3.00954247, -0.0], "stepParentName": "b_Bust", "rotationX": 0.0, "rotationY": -0.0, "rotationZ": -12.63113543, "group": "bust-hrtclothed", "faces": {"north": {"texture": "#clothing", "uv": [86.0, 10.0, 92.0, 18.0], "autoUv": false}, "east": {"texture": "#clothing", "uv": [114.0, 10.0, 126.0, 18.0], "autoUv": false}, "south": {"texture": "#clothing", "uv": [104.0, 10.0, 110.0, 18.0], "autoUv": false}, "west": {"texture": "#clothing", "uv": [92.0, 11.0, 104.0, 19.0], "autoUv": false}, "up": {"texture": "#clothing", "uv": [92.0, 2.0, 104.0, 10.0], "autoUv": false, "rotation": 90}, "down": {"texture": "#clothing", "uv": [104.0, 20.0, 92.0, 18.0], "autoUv": false, "rotation": 90}}, "children": []}], "groups": []}