{"textureWidth": 128, "textureHeight": 128, "textures": {}, "textureSizes": {}, "elements": [{"name": "BustDDL.001", "from": [-1.03711151, -2.99513483, -1.73926497], "to": [1.03320964, 2.60771084, 1.38070536], "rotationOrigin": [-0.14799289, -0.19371223, -0.17922723], "stepParentName": "b_BreastL", "rotationX": 1.2610987, "rotationY": 13.14252877, "rotationZ": 97.50430402, "group": "bust-dd", "faces": {"north": {"texture": "#main", "uv": [96.0, 17.0, 100.0, 21.0], "autoUv": false, "rotation": 90}, "east": {"texture": "#main", "uv": [126.0, 10.0, 114.0, 16.0], "autoUv": false}, "south": {"texture": "#main", "uv": [114.0, 17.0, 105.0, 21.0], "autoUv": false, "rotation": 90}, "west": {"texture": "#main", "uv": [104.0, 20.0, 92.0, 26.0], "autoUv": false}, "up": {"texture": "#main", "uv": [99.0, 17.0, 105.0, 21.0], "autoUv": false, "rotation": 90}, "down": {"texture": "#main", "uv": [92.0, 20.0, 104.0, 18.0], "autoUv": false, "rotation": 90}}, "children": []}, {"name": "BustDDL.002", "from": [-2.69441456, -1.6315695, -1.58061487], "to": [1.10314685, 0.47496855, 1.50773614], "rotationOrigin": [-0.79563385, -0.57830048, -0.03643937], "stepParentName": "b_BreastL", "rotationX": 1.26109945, "rotationY": 13.1425245, "rotationZ": 174.46996967, "group": "bust-dd", "faces": {"north": {"texture": "#main", "uv": [100.0, 19.0, 96.0, 26.0], "autoUv": false, "rotation": 270}, "east": {"texture": "#main", "uv": [104.0, 15.0, 92.0, 19.0], "autoUv": false}, "south": {"texture": "#main", "uv": [109.0, 19.0, 105.0, 26.0], "autoUv": false, "rotation": 90}, "west": {"texture": "#main", "uv": [120.0, 15.0, 108.0, 19.0], "autoUv": false}, "up": {"texture": "#main", "uv": [99.0, 19.0, 105.0, 26.0], "autoUv": false, "rotation": 90}, "down": {"texture": "#main", "uv": [92.0, 23.0, 104.0, 21.0], "autoUv": false, "rotation": 90}}, "children": []}, {"name": "BustDDR.001", "from": [-1.03964311, -2.99281114, -1.38116491], "to": [1.03058821, 2.60475761, 1.73880529], "rotationOrigin": [-0.15056938, -0.19402689, 0.17876768], "stepParentName": "b_BreastR", "rotationX": -1.26109806, "rotationY": -13.1425356, "rotationZ": 97.50429719, "group": "bust-dd", "faces": {"north": {"texture": "#main", "uv": [82.0, 17.0, 91.0, 21.0], "autoUv": false, "rotation": 270}, "east": {"texture": "#main", "uv": [114.0, 10.0, 126.0, 16.0], "autoUv": false}, "south": {"texture": "#main", "uv": [96.0, 17.0, 100.0, 21.0], "autoUv": false, "rotation": 270}, "west": {"texture": "#main", "uv": [92.0, 20.0, 104.0, 26.0], "autoUv": false}, "up": {"texture": "#main", "uv": [91.0, 17.0, 97.0, 21.0], "autoUv": false, "rotation": 90}, "down": {"texture": "#main", "uv": [104.0, 20.0, 92.0, 18.0], "autoUv": false, "rotation": 90}}, "children": []}, {"name": "BustDDR", "from": [-2.6993292, -1.63119751, -1.5083167], "to": [1.10200447, 0.47534055, 1.58003478], "rotationOrigin": [-0.79866236, -0.57792848, 0.03585904], "stepParentName": "b_BreastR", "rotationX": -1.26109998, "rotationY": -13.14254072, "rotationZ": 174.46996967, "group": "bust-dd", "faces": {"north": {"texture": "#main", "uv": [88.0, 19.0, 92.0, 26.0], "autoUv": false, "rotation": 270}, "east": {"texture": "#main", "uv": [92.0, 15.0, 104.0, 19.0], "autoUv": false}, "south": {"texture": "#main", "uv": [100.0, 19.0, 96.0, 26.0], "autoUv": false, "rotation": 90}, "west": {"texture": "#main", "uv": [108.0, 15.0, 120.0, 19.0], "autoUv": false}, "up": {"texture": "#main", "uv": [91.0, 19.0, 97.0, 26.0], "autoUv": false, "rotation": 90}, "down": {"texture": "#main", "uv": [104.0, 23.0, 92.0, 21.0], "autoUv": false, "rotation": 90}}, "children": []}, {"name": "BustDDL.003", "from": [-0.76296633, -0.55738425, -1.78214571], "to": [1.73398066, 3.7429781, 1.34312347], "rotationOrigin": [0.12615252, 0.94155502, -0.2183691], "stepParentName": "b_BreastL", "rotationX": 1.2610987, "rotationY": 13.14252535, "rotationZ": 125.69746028, "group": "bust-dd", "faces": {"north": {"texture": "#main", "uv": [95.0, 10.0, 100.0, 17.0], "autoUv": false, "rotation": 180}, "east": {"texture": "#main", "uv": [99.0, 10.0, 105.0, 17.0], "autoUv": false, "rotation": 180}, "south": {"texture": "#main", "uv": [105.0, 10.0, 108.0, 17.0], "autoUv": false, "rotation": 180}, "west": {"texture": "#main", "uv": [105.0, 18.0, 99.0, 25.0], "autoUv": false}, "up": {"texture": "#main", "uv": [99.0, 17.0, 105.0, 20.0], "autoUv": false, "rotation": 90}, "down": {"texture": "#main", "uv": [92.0, 20.0, 104.0, 18.0], "autoUv": false, "rotation": 90}}, "children": []}, {"name": "BustDDR.002", "from": [-0.76306543, -0.55755413, -4.82461643], "to": [1.7340965, 3.74329019, -1.69996393], "rotationOrigin": [0.12612996, 0.94155312, -3.26343203], "stepParentName": "b_BreastL", "rotationX": -1.26109913, "rotationY": -13.14253816, "rotationZ": 125.69744662, "group": "bust-dd", "faces": {"north": {"texture": "#main", "uv": [88.0, 10.0, 91.0, 17.0], "autoUv": false, "rotation": 180}, "east": {"texture": "#main", "uv": [91.0, 10.0, 97.0, 17.0], "autoUv": false, "rotation": 180}, "south": {"texture": "#main", "uv": [96.0, 10.0, 101.0, 17.0], "autoUv": false, "rotation": 180}, "west": {"texture": "#main", "uv": [97.0, 18.0, 91.0, 25.0], "autoUv": false}, "up": {"texture": "#main", "uv": [91.0, 17.0, 97.0, 20.0], "autoUv": false, "rotation": 90}, "down": {"texture": "#main", "uv": [92.0, 20.0, 104.0, 18.0], "autoUv": false, "rotation": 90}}, "children": []}], "groups": []}