{"textureWidth": 128, "textureHeight": 128, "textures": {}, "textureSizes": {}, "elements": [{"name": "BustAClothed.001", "from": [-0.60605747, 0.09795976, -2.84784245], "to": [1.94217068, 3.08654547, 2.84784245], "rotationOrigin": [0.66805667, 1.59225273, 0.0], "stepParentName": "b_Bust", "rotationX": 0.0, "rotationY": -0.0, "rotationZ": -23.41544917, "group": "bust-aclothed", "faces": {"north": {"texture": "#clothing", "uv": [87.0, 10.0, 92.0, 17.0], "autoUv": false}, "east": {"texture": "#clothing", "uv": [114.0, 10.0, 126.0, 18.0], "autoUv": false}, "south": {"texture": "#clothing", "uv": [104.0, 10.0, 109.0, 17.0], "autoUv": false}, "west": {"texture": "#clothing", "uv": [92.0, 10.0, 104.0, 17.0], "autoUv": false}, "up": {"texture": "#clothing", "uv": [92.0, 4.0, 104.0, 11.0], "autoUv": false, "rotation": 90}, "down": {"texture": "#clothing", "uv": [104.0, 23.0, 92.0, 18.0], "autoUv": false, "rotation": 90}}, "children": []}, {"name": "BustAClothed.002", "from": [0.10466915, -1.35086429, -2.82106638], "to": [1.2810356, 2.09886158, 2.82106638], "rotationOrigin": [0.69285238, 0.37399864, 0.0], "stepParentName": "b_Bust", "rotationX": 0.0, "rotationY": -0.0, "rotationZ": 97.64956166, "group": "bust-aclothed", "faces": {"north": {"texture": "#clothing", "uv": [86.0, 17.0, 92.0, 20.0], "autoUv": false, "rotation": 270}, "east": {"texture": "#clothing", "uv": [114.0, 10.0, 126.0, 16.0], "autoUv": false}, "south": {"texture": "#clothing", "uv": [110.0, 17.0, 104.0, 20.0], "autoUv": false, "rotation": 270}, "west": {"texture": "#clothing", "uv": [92.0, 20.0, 104.0, 26.0], "autoUv": false}, "up": {"texture": "#clothing", "uv": [92.0, 17.0, 104.0, 20.0], "autoUv": false, "rotation": 90}, "down": {"texture": "#clothing", "uv": [104.0, 20.0, 92.0, 18.0], "autoUv": false, "rotation": 90}}, "children": []}, {"name": "BustAClothed", "from": [-0.80500281, -0.87829715, -2.79285574], "to": [2.2723974, 0.5351842, 2.79285574], "rotationOrigin": [0.7336973, -0.17155647, -0.0], "stepParentName": "b_Bust", "rotationX": 0.0, "rotationY": -0.0, "rotationZ": 164.40263966, "group": "bust-aclothed", "faces": {"north": {"texture": "#clothing", "uv": [88.0, 19.0, 92.0, 26.0], "autoUv": false, "rotation": 270}, "east": {"texture": "#clothing", "uv": [92.0, 15.0, 104.0, 19.0], "autoUv": false}, "south": {"texture": "#clothing", "uv": [104.0, 19.0, 108.0, 26.0], "autoUv": false, "rotation": 90}, "west": {"texture": "#clothing", "uv": [108.0, 15.0, 120.0, 19.0], "autoUv": false}, "up": {"texture": "#clothing", "uv": [92.0, 20.0, 104.0, 27.0], "autoUv": false, "rotation": 90}, "down": {"texture": "#clothing", "uv": [104.0, 23.0, 92.0, 21.0], "autoUv": false, "rotation": 90}}, "children": []}], "groups": []}