{"textureWidth": 128, "textureHeight": 128, "textures": {}, "textureSizes": {}, "elements": [{"name": "BustCClothed.001", "from": [-0.08561826, -1.8222177, -2.84643698], "to": [2.24499997, 1.77594532, 2.84643698], "rotationOrigin": [2.24499965, 1.77594566, 0.0], "stepParentName": "b_Bust", "rotationX": 0.0, "rotationY": -0.0, "rotationZ": -41.64117035, "group": "bust-cclothed", "faces": {"north": {"texture": "#clothing", "uv": [87.0, 10.0, 92.0, 18.0], "autoUv": false}, "east": {"texture": "#clothing", "uv": [114.0, 10.0, 126.0, 18.0], "autoUv": false}, "south": {"texture": "#clothing", "uv": [104.0, 10.0, 109.0, 18.0], "autoUv": false}, "west": {"texture": "#clothing", "uv": [92.0, 11.0, 104.0, 19.0], "autoUv": false}, "up": {"texture": "#clothing", "uv": [92.0, 4.0, 104.0, 11.0], "autoUv": false, "rotation": 90}, "down": {"texture": "#clothing", "uv": [104.0, 23.0, 92.0, 18.0], "autoUv": false, "rotation": 90}}, "children": []}, {"name": "BustCClothed.002", "from": [-0.94842415, -1.44584608, -2.819674], "to": [0.49209507, 1.70928526, 2.81967403], "rotationOrigin": [-0.22816454, 0.13171959, 2e-08], "stepParentName": "b_Bust", "rotationX": 0.0, "rotationY": -0.0, "rotationZ": 97.64956166, "group": "bust-cclothed", "faces": {"north": {"texture": "#clothing", "uv": [86.0, 17.0, 92.0, 20.0], "autoUv": false, "rotation": 270}, "east": {"texture": "#clothing", "uv": [114.0, 10.0, 126.0, 16.0], "autoUv": false}, "south": {"texture": "#clothing", "uv": [110.0, 17.0, 104.0, 20.0], "autoUv": false, "rotation": 270}, "west": {"texture": "#clothing", "uv": [92.0, 20.0, 104.0, 26.0], "autoUv": false}, "up": {"texture": "#clothing", "uv": [92.0, 17.0, 104.0, 20.0], "autoUv": false, "rotation": 90}, "down": {"texture": "#clothing", "uv": [104.0, 20.0, 92.0, 18.0], "autoUv": false, "rotation": 90}}, "children": []}, {"name": "BustCClothed", "from": [-1.64136624, -0.92704427, -2.7935159], "to": [1.17323446, 0.36573064, 2.79351594], "rotationOrigin": [-0.23406589, -0.28065681, 2e-08], "stepParentName": "b_Bust", "rotationX": 0.0, "rotationY": -0.0, "rotationZ": 174.61526145, "group": "bust-cclothed", "faces": {"north": {"texture": "#clothing", "uv": [88.0, 19.0, 92.0, 26.0], "autoUv": false, "rotation": 270}, "east": {"texture": "#clothing", "uv": [92.0, 15.0, 104.0, 19.0], "autoUv": false}, "south": {"texture": "#clothing", "uv": [104.0, 19.0, 108.0, 26.0], "autoUv": false, "rotation": 90}, "west": {"texture": "#clothing", "uv": [108.0, 15.0, 120.0, 19.0], "autoUv": false}, "up": {"texture": "#clothing", "uv": [92.0, 19.0, 104.0, 26.0], "autoUv": false, "rotation": 90}, "down": {"texture": "#clothing", "uv": [104.0, 23.0, 92.0, 21.0], "autoUv": false, "rotation": 90}}, "children": []}], "groups": []}