{"textureWidth": 128, "textureHeight": 128, "textures": {}, "textureSizes": {}, "elements": [{"name": "BustDR", "from": [-0.42157841, -2.25212884, -0.72484899], "to": [2.12664973, 1.68199502, 2.068151], "rotationOrigin": [2.12664938, 1.68199539, 0.67165101], "stepParentName": "b_BreastR", "rotationX": -0.87096459, "rotationY": -9.16088194, "rotationZ": -41.71095439, "group": "bust-d", "faces": {"north": {"texture": "#main", "uv": [88.0, 10.0, 92.0, 19.0], "autoUv": false}, "east": {"texture": "#main", "uv": [114.0, 10.0, 126.0, 18.0], "autoUv": false}, "south": {"texture": "#main", "uv": [100.0, 10.0, 96.0, 18.0], "autoUv": false}, "west": {"texture": "#main", "uv": [91.0, 10.0, 96.0, 19.0], "autoUv": false}, "up": {"texture": "#main", "uv": [92.0, 4.0, 104.0, 11.0], "autoUv": false, "rotation": 90}, "down": {"texture": "#main", "uv": [104.0, 23.0, 92.0, 18.0], "autoUv": false, "rotation": 90}}, "children": []}, {"name": "BustDR.001", "from": [-1.332614, -1.84366409, -1.11525014], "to": [0.24240655, 1.60606201, 1.65148947], "rotationOrigin": [-0.54510373, -0.11880104, 0.26811966], "stepParentName": "b_BreastR", "rotationX": -0.87096358, "rotationY": -9.16088706, "rotationZ": 97.5798186, "group": "bust-d", "faces": {"north": {"texture": "#main", "uv": [86.0, 17.0, 92.0, 20.0], "autoUv": false, "rotation": 270}, "east": {"texture": "#main", "uv": [114.0, 10.0, 126.0, 16.0], "autoUv": false}, "south": {"texture": "#main", "uv": [96.0, 17.0, 100.0, 20.0], "autoUv": false, "rotation": 270}, "west": {"texture": "#main", "uv": [92.0, 20.0, 104.0, 26.0], "autoUv": false}, "up": {"texture": "#main", "uv": [91.0, 17.0, 96.0, 20.0], "autoUv": false, "rotation": 90}, "down": {"texture": "#main", "uv": [104.0, 20.0, 92.0, 18.0], "autoUv": false, "rotation": 90}}, "children": []}, {"name": "BustDR.002", "from": [-2.09071583, -1.27637792, -1.09667769], "to": [0.98668438, 0.13710344, 1.64439496], "rotationOrigin": [-0.55201572, -0.56963724, 0.27385864], "stepParentName": "b_BreastR", "rotationX": -0.87096401, "rotationY": -9.1608828, "rotationZ": 174.54547058, "group": "bust-d", "faces": {"north": {"texture": "#main", "uv": [88.0, 19.0, 92.0, 26.0], "autoUv": false, "rotation": 270}, "east": {"texture": "#main", "uv": [92.0, 15.0, 104.0, 19.0], "autoUv": false}, "south": {"texture": "#main", "uv": [100.0, 19.0, 96.0, 26.0], "autoUv": false, "rotation": 90}, "west": {"texture": "#main", "uv": [108.0, 15.0, 120.0, 19.0], "autoUv": false}, "up": {"texture": "#main", "uv": [91.0, 19.0, 96.0, 26.0], "autoUv": false, "rotation": 90}, "down": {"texture": "#main", "uv": [104.0, 23.0, 92.0, 21.0], "autoUv": false, "rotation": 90}}, "children": []}, {"name": "BustDR.003", "from": [-0.42157793, -2.25212884, -2.06815076], "to": [2.12665021, 1.68199502, 0.72484922], "rotationOrigin": [2.12664986, 1.68199539, -0.67165077], "stepParentName": "b_BreastL", "rotationX": 0.87096443, "rotationY": 9.16087255, "rotationZ": -41.71096122, "group": "bust-d", "faces": {"north": {"texture": "#main", "uv": [100.0, 10.0, 96.0, 18.0], "autoUv": false}, "east": {"texture": "#main", "uv": [126.0, 10.0, 114.0, 18.0], "autoUv": false}, "south": {"texture": "#main", "uv": [109.0, 10.0, 105.0, 19.0], "autoUv": false}, "west": {"texture": "#main", "uv": [100.0, 10.0, 105.0, 19.0], "autoUv": false}, "up": {"texture": "#main", "uv": [104.0, 4.0, 92.0, 11.0], "autoUv": false, "rotation": 90}, "down": {"texture": "#main", "uv": [92.0, 23.0, 104.0, 18.0], "autoUv": false, "rotation": 90}}, "children": []}, {"name": "BustDR.004", "from": [-1.33261365, -1.84366417, -1.65148976], "to": [0.2424069, 1.60606194, 1.11524984], "rotationOrigin": [-0.54510337, -0.11880112, -0.26811996], "stepParentName": "b_BreastL", "rotationX": 0.87096443, "rotationY": 9.1608734, "rotationZ": 97.57979811, "group": "bust-d", "faces": {"north": {"texture": "#main", "uv": [96.0, 17.0, 100.0, 20.0], "autoUv": false, "rotation": 90}, "east": {"texture": "#main", "uv": [126.0, 10.0, 114.0, 16.0], "autoUv": false}, "south": {"texture": "#main", "uv": [110.0, 17.0, 105.0, 20.0], "autoUv": false, "rotation": 90}, "west": {"texture": "#main", "uv": [104.0, 20.0, 92.0, 26.0], "autoUv": false}, "up": {"texture": "#main", "uv": [100.0, 17.0, 105.0, 20.0], "autoUv": false, "rotation": 90}, "down": {"texture": "#main", "uv": [92.0, 20.0, 104.0, 18.0], "autoUv": false, "rotation": 90}}, "children": []}, {"name": "BustDR.005", "from": [-2.09071547, -1.27637798, -1.64439526], "to": [0.98668474, 0.13710338, 1.09667739], "rotationOrigin": [-0.55201536, -0.5696373, -0.27385893], "stepParentName": "b_BreastL", "rotationX": 0.87096427, "rotationY": 9.1608734, "rotationZ": 174.54548424, "group": "bust-d", "faces": {"north": {"texture": "#main", "uv": [100.0, 19.0, 96.0, 26.0], "autoUv": false, "rotation": 270}, "east": {"texture": "#main", "uv": [104.0, 15.0, 92.0, 19.0], "autoUv": false}, "south": {"texture": "#main", "uv": [109.0, 19.0, 105.0, 26.0], "autoUv": false, "rotation": 90}, "west": {"texture": "#main", "uv": [120.0, 15.0, 108.0, 19.0], "autoUv": false}, "up": {"texture": "#main", "uv": [100.0, 19.0, 105.0, 26.0], "autoUv": false, "rotation": 90}, "down": {"texture": "#main", "uv": [92.0, 23.0, 104.0, 21.0], "autoUv": false, "rotation": 90}}, "children": []}], "groups": []}