{"textureWidth": 128, "textureHeight": 128, "textures": {}, "textureSizes": {}, "elements": [{"name": "BustAnimeClothed.001", "from": [-0.8636452, -2.54530239, -3.03276491], "to": [1.97971681, 2.05713907, 3.03276491], "rotationOrigin": [1.97971642, 1.84446907, -0.0], "stepParentName": "b_Bust", "rotationX": 0.0, "rotationY": -0.0, "rotationZ": -41.64117035, "group": "bust-animeclothed", "faces": {"north": {"texture": "#clothing", "uv": [87.0, 10.0, 92.0, 18.0], "autoUv": false}, "east": {"texture": "#clothing", "uv": [114.0, 10.0, 126.0, 18.0], "autoUv": false}, "south": {"texture": "#clothing", "uv": [104.0, 10.0, 109.0, 18.0], "autoUv": false}, "west": {"texture": "#clothing", "uv": [92.0, 10.0, 104.0, 19.0], "autoUv": false}, "up": {"texture": "#clothing", "uv": [92.0, 4.0, 104.0, 11.0], "autoUv": false, "rotation": 90}, "down": {"texture": "#clothing", "uv": [104.0, 23.0, 92.0, 18.0], "autoUv": false, "rotation": 90}}, "children": []}, {"name": "BustAnimeClothed.002", "from": [-1.91627055, -2.08612847, -3.00425027], "to": [-0.15883249, 1.76314187, 3.00425031], "rotationOrigin": [-1.03755152, -0.1614933, 2e-08], "stepParentName": "b_Bust", "rotationX": 0.0, "rotationY": -0.0, "rotationZ": 97.64956166, "group": "bust-animeclothed", "faces": {"north": {"texture": "#clothing", "uv": [86.0, 17.0, 92.0, 20.0], "autoUv": false, "rotation": 270}, "east": {"texture": "#clothing", "uv": [114.0, 10.0, 126.0, 16.0], "autoUv": false}, "south": {"texture": "#clothing", "uv": [110.0, 17.0, 104.0, 20.0], "autoUv": false, "rotation": 270}, "west": {"texture": "#clothing", "uv": [92.0, 20.0, 104.0, 26.0], "autoUv": false}, "up": {"texture": "#clothing", "uv": [92.0, 18.0, 104.0, 21.0], "autoUv": false, "rotation": 90}, "down": {"texture": "#clothing", "uv": [104.0, 20.0, 92.0, 18.0], "autoUv": false, "rotation": 90}}, "children": []}, {"name": "BustAnimeClothed", "from": [-2.76166201, -1.45318937, -2.97637985], "to": [0.67215991, 0.12400007, 2.97637989], "rotationOrigin": [-1.04475105, -0.66459465, 2e-08], "stepParentName": "b_Bust", "rotationX": 0.0, "rotationY": -0.0, "rotationZ": 174.61526145, "group": "bust-animeclothed", "faces": {"north": {"texture": "#clothing", "uv": [88.0, 19.0, 92.0, 26.0], "autoUv": false, "rotation": 270}, "east": {"texture": "#clothing", "uv": [92.0, 15.0, 104.0, 19.0], "autoUv": false}, "south": {"texture": "#clothing", "uv": [104.0, 19.0, 108.0, 26.0], "autoUv": false, "rotation": 90}, "west": {"texture": "#clothing", "uv": [108.0, 15.0, 120.0, 19.0], "autoUv": false}, "up": {"texture": "#clothing", "uv": [92.0, 19.0, 104.0, 26.0], "autoUv": false, "rotation": 90}, "down": {"texture": "#clothing", "uv": [104.0, 23.0, 92.0, 21.0], "autoUv": false, "rotation": 90}}, "children": []}, {"name": "BustAnimeVolR.001", "from": [-2.11567378, -1.77707714, -2.05483203], "to": [0.8557483, 3.42794853, 1.64043494], "rotationOrigin": [-0.6299628, 0.8254357, -0.20719855], "stepParentName": "b_BreastR", "rotationX": -0.87096406, "rotationY": -9.1608828, "rotationZ": -62.56008634, "group": "animeclothedvolume", "faces": {"north": {"texture": "#clothing", "uv": [87.0, 11.0, 91.0, 20.0], "autoUv": false}, "east": {"texture": "#clothing", "uv": [114.0, 10.0, 126.0, 18.0], "autoUv": false}, "south": {"texture": "#clothing", "uv": [96.0, 11.0, 100.0, 20.0], "autoUv": false}, "west": {"texture": "#clothing", "uv": [91.0, 11.0, 97.0, 20.0], "autoUv": false}, "up": {"texture": "#clothing", "uv": [92.0, 4.0, 104.0, 11.0], "autoUv": false, "rotation": 90}, "down": {"texture": "#clothing", "uv": [104.0, 23.0, 92.0, 18.0], "autoUv": false, "rotation": 90}}, "children": []}, {"name": "BustAnimeVolR.002", "from": [-1.17867605, -3.7306146, -1.93925308], "to": [1.70953758, 2.82734805, 1.722762], "rotationOrigin": [-0.13681667, -0.45163339, -0.1082456], "stepParentName": "b_BreastR", "rotationX": -0.87096358, "rotationY": -9.16088706, "rotationZ": 97.5798186, "group": "animeclothedvolume", "faces": {"north": {"texture": "#clothing", "uv": [82.0, 18.0, 91.0, 21.0], "autoUv": false, "rotation": 270}, "east": {"texture": "#clothing", "uv": [114.0, 10.0, 126.0, 16.0], "autoUv": false}, "south": {"texture": "#clothing", "uv": [96.0, 17.0, 100.0, 20.0], "autoUv": false, "rotation": 270}, "west": {"texture": "#clothing", "uv": [92.0, 20.0, 104.0, 26.0], "autoUv": false}, "up": {"texture": "#clothing", "uv": [91.0, 17.0, 97.0, 21.0], "autoUv": false, "rotation": 90}, "down": {"texture": "#clothing", "uv": [104.0, 20.0, 92.0, 18.0], "autoUv": false, "rotation": 90}}, "children": []}, {"name": "BustAnimeVolR", "from": [-3.13542718, -2.13614267, -2.03714187], "to": [1.31112415, 0.33395773, 1.58422045], "rotationOrigin": [-0.91215152, -0.90109247, -0.22646077], "stepParentName": "b_BreastR", "rotationX": -0.87096401, "rotationY": -9.1608828, "rotationZ": 174.54547058, "group": "animeclothedvolume", "faces": {"north": {"texture": "#clothing", "uv": [88.0, 19.0, 92.0, 26.0], "autoUv": false, "rotation": 270}, "east": {"texture": "#clothing", "uv": [92.0, 15.0, 104.0, 19.0], "autoUv": false}, "south": {"texture": "#clothing", "uv": [100.0, 19.0, 96.0, 26.0], "autoUv": false, "rotation": 90}, "west": {"texture": "#clothing", "uv": [108.0, 15.0, 120.0, 19.0], "autoUv": false}, "up": {"texture": "#clothing", "uv": [91.0, 19.0, 97.0, 26.0], "autoUv": false, "rotation": 90}, "down": {"texture": "#clothing", "uv": [104.0, 23.0, 92.0, 21.0], "autoUv": false, "rotation": 90}}, "children": []}, {"name": "BustAnimeVolL.001", "from": [-2.11870593, -1.77743959, -1.63995497], "to": [0.85271615, 3.42758608, 2.05531199], "rotationOrigin": [-0.63299495, 0.82507324, 0.20767851], "stepParentName": "b_BreastL", "rotationX": 0.87096326, "rotationY": 9.16087255, "rotationZ": -62.56008634, "group": "animeclothedvolume", "faces": {"north": {"texture": "#clothing", "uv": [100.0, 11.0, 96.0, 20.0], "autoUv": false}, "east": {"texture": "#clothing", "uv": [126.0, 10.0, 114.0, 18.0], "autoUv": false}, "south": {"texture": "#clothing", "uv": [109.0, 11.0, 105.0, 20.0], "autoUv": false}, "west": {"texture": "#clothing", "uv": [99.0, 11.0, 105.0, 20.0], "autoUv": false}, "up": {"texture": "#clothing", "uv": [104.0, 4.0, 92.0, 11.0], "autoUv": false, "rotation": 90}, "down": {"texture": "#clothing", "uv": [92.0, 23.0, 104.0, 18.0], "autoUv": false, "rotation": 90}}, "children": []}, {"name": "BustAnimeVolL.002", "from": [-1.17872867, -3.7337079, -1.7209134], "to": [1.70958987, 2.83043718, 1.93740178], "rotationOrigin": [-0.13681683, -0.45163536, 0.10824419], "stepParentName": "b_BreastL", "rotationX": 0.87096443, "rotationY": 9.1608734, "rotationZ": 97.57979811, "group": "animeclothedvolume", "faces": {"north": {"texture": "#clothing", "uv": [96.0, 17.0, 100.0, 20.0], "autoUv": false, "rotation": 90}, "east": {"texture": "#clothing", "uv": [126.0, 10.0, 114.0, 16.0], "autoUv": false}, "south": {"texture": "#clothing", "uv": [114.0, 18.0, 105.0, 21.0], "autoUv": false, "rotation": 90}, "west": {"texture": "#clothing", "uv": [104.0, 20.0, 92.0, 26.0], "autoUv": false}, "up": {"texture": "#clothing", "uv": [99.0, 17.0, 105.0, 21.0], "autoUv": false, "rotation": 90}, "down": {"texture": "#clothing", "uv": [92.0, 20.0, 104.0, 18.0], "autoUv": false, "rotation": 90}}, "children": []}, {"name": "BustAnimeVolL", "from": [-3.13103545, -2.13614082, -1.58793886], "to": [1.30673206, 0.33395958, 2.04085736], "rotationOrigin": [-0.91215169, -0.90109062, 0.22645931], "stepParentName": "b_BreastL", "rotationX": 0.87096427, "rotationY": 9.1608734, "rotationZ": 174.54548424, "group": "animeclothedvolume", "faces": {"north": {"texture": "#clothing", "uv": [100.0, 19.0, 96.0, 26.0], "autoUv": false, "rotation": 270}, "east": {"texture": "#clothing", "uv": [104.0, 15.0, 92.0, 19.0], "autoUv": false}, "south": {"texture": "#clothing", "uv": [109.0, 19.0, 105.0, 26.0], "autoUv": false, "rotation": 90}, "west": {"texture": "#clothing", "uv": [120.0, 15.0, 108.0, 19.0], "autoUv": false}, "up": {"texture": "#clothing", "uv": [99.0, 19.0, 105.0, 26.0], "autoUv": false, "rotation": 90}, "down": {"texture": "#clothing", "uv": [92.0, 23.0, 104.0, 21.0], "autoUv": false, "rotation": 90}}, "children": []}], "groups": []}