{"textureWidth": 128, "textureHeight": 128, "textures": {}, "textureSizes": {}, "elements": [{"name": "BustAnimeVolL.003", "from": [-2.12689573, -1.98209929, -1.60813908], "to": [0.84452635, 3.54864287, 2.08712788], "rotationOrigin": [-0.64118463, 0.78327179, 0.2394944], "stepParentName": "b_BreastL", "rotationX": 1.36047262, "rotationY": 14.13785808, "rotationZ": -62.65903529, "group": "bust-anime", "faces": {"north": {"texture": "#main", "uv": [100.0, 11.0, 96.0, 20.0], "autoUv": false}, "east": {"texture": "#main", "uv": [126.0, 10.0, 114.0, 18.0], "autoUv": false}, "south": {"texture": "#main", "uv": [109.0, 11.0, 105.0, 20.0], "autoUv": false}, "west": {"texture": "#main", "uv": [99.0, 11.0, 105.0, 20.0], "autoUv": false}, "up": {"texture": "#main", "uv": [104.0, 4.0, 92.0, 11.0], "autoUv": false, "rotation": 90}, "down": {"texture": "#main", "uv": [92.0, 23.0, 104.0, 18.0], "autoUv": false, "rotation": 90}}, "children": []}, {"name": "BustAnimeVolL.004", "from": [-1.35294446, -3.73407149, -1.70218338], "to": [1.41823664, 2.83007216, 1.95613144], "rotationOrigin": [-0.31103238, -0.45199966, 0.12697409], "stepParentName": "b_BreastL", "rotationX": 1.3604723, "rotationY": 14.13785125, "rotationZ": 97.48085599, "group": "bust-anime", "faces": {"north": {"texture": "#main", "uv": [96.0, 17.0, 100.0, 20.0], "autoUv": false, "rotation": 90}, "east": {"texture": "#main", "uv": [126.0, 10.0, 114.0, 16.0], "autoUv": false}, "south": {"texture": "#main", "uv": [114.0, 18.0, 105.0, 21.0], "autoUv": false, "rotation": 90}, "west": {"texture": "#main", "uv": [104.0, 20.0, 92.0, 26.0], "autoUv": false}, "up": {"texture": "#main", "uv": [99.0, 17.0, 105.0, 21.0], "autoUv": false, "rotation": 90}, "down": {"texture": "#main", "uv": [92.0, 20.0, 104.0, 18.0], "autoUv": false, "rotation": 90}}, "children": []}, {"name": "BustAnimeVolL.005", "from": [-3.29662073, -2.13773346, -1.50234124], "to": [1.1499306, 0.33236694, 2.11902097], "rotationOrigin": [-1.07334507, -0.90268326, 0.30833986], "stepParentName": "b_BreastL", "rotationX": 1.36047219, "rotationY": 14.13785467, "rotationZ": 174.44654212, "group": "bust-anime", "faces": {"north": {"texture": "#main", "uv": [100.0, 19.0, 96.0, 26.0], "autoUv": false, "rotation": 270}, "east": {"texture": "#main", "uv": [104.0, 15.0, 92.0, 19.0], "autoUv": false}, "south": {"texture": "#main", "uv": [109.0, 19.0, 105.0, 26.0], "autoUv": false, "rotation": 90}, "west": {"texture": "#main", "uv": [120.0, 15.0, 108.0, 19.0], "autoUv": false}, "up": {"texture": "#main", "uv": [99.0, 19.0, 105.0, 26.0], "autoUv": false, "rotation": 90}, "down": {"texture": "#main", "uv": [92.0, 23.0, 104.0, 21.0], "autoUv": false, "rotation": 90}}, "children": []}, {"name": "BustAnimeVolR.003", "from": [-2.1265192, -1.92732161, -2.08833008], "to": [0.84490287, 3.6034196, 1.60693689], "rotationOrigin": [-0.64080822, 0.83804899, -0.24069659], "stepParentName": "b_BreastR", "rotationX": -1.36047059, "rotationY": -14.13786235, "rotationZ": -61.65901364, "group": "bust-anime", "faces": {"north": {"texture": "#main", "uv": [87.0, 11.0, 91.0, 20.0], "autoUv": false}, "east": {"texture": "#main", "uv": [114.0, 10.0, 126.0, 18.0], "autoUv": false}, "south": {"texture": "#main", "uv": [96.0, 11.0, 100.0, 20.0], "autoUv": false}, "west": {"texture": "#main", "uv": [91.0, 11.0, 97.0, 20.0], "autoUv": false}, "up": {"texture": "#main", "uv": [92.0, 4.0, 104.0, 11.0], "autoUv": false, "rotation": 90}, "down": {"texture": "#main", "uv": [104.0, 23.0, 92.0, 18.0], "autoUv": false, "rotation": 90}}, "children": []}, {"name": "BustAnimeVolR.004", "from": [-1.35294405, -3.73406738, -1.95612706], "to": [1.41823706, 2.83007604, 1.70218764], "rotationOrigin": [-0.31103197, -0.45199579, -0.12696971], "stepParentName": "b_BreastR", "rotationX": -1.36047155, "rotationY": -14.13786064, "rotationZ": 97.48084916, "group": "bust-anime", "faces": {"north": {"texture": "#main", "uv": [82.0, 18.0, 91.0, 21.0], "autoUv": false, "rotation": 270}, "east": {"texture": "#main", "uv": [114.0, 10.0, 126.0, 16.0], "autoUv": false}, "south": {"texture": "#main", "uv": [96.0, 17.0, 100.0, 20.0], "autoUv": false, "rotation": 270}, "west": {"texture": "#main", "uv": [92.0, 20.0, 104.0, 26.0], "autoUv": false}, "up": {"texture": "#main", "uv": [91.0, 17.0, 97.0, 21.0], "autoUv": false, "rotation": 90}, "down": {"texture": "#main", "uv": [104.0, 20.0, 92.0, 18.0], "autoUv": false, "rotation": 90}}, "children": []}, {"name": "BustAnimeVolR.005", "from": [-3.29662025, -2.13773334, -2.11901698], "to": [1.14993107, 0.33236706, 1.50234559], "rotationOrigin": [-1.07334459, -0.90268314, -0.30833575], "stepParentName": "b_BreastR", "rotationX": -1.36047219, "rotationY": -14.13786577, "rotationZ": 174.44654212, "group": "bust-anime", "faces": {"north": {"texture": "#main", "uv": [88.0, 19.0, 92.0, 26.0], "autoUv": false, "rotation": 270}, "east": {"texture": "#main", "uv": [92.0, 15.0, 104.0, 19.0], "autoUv": false}, "south": {"texture": "#main", "uv": [100.0, 19.0, 96.0, 26.0], "autoUv": false, "rotation": 90}, "west": {"texture": "#main", "uv": [108.0, 15.0, 120.0, 19.0], "autoUv": false}, "up": {"texture": "#main", "uv": [91.0, 19.0, 97.0, 26.0], "autoUv": false, "rotation": 90}, "down": {"texture": "#main", "uv": [104.0, 23.0, 92.0, 21.0], "autoUv": false, "rotation": 90}}, "children": []}], "groups": []}