{"textureWidth": 128, "textureHeight": 128, "textures": {}, "textureSizes": {}, "elements": [{"name": "BustCR.001", "from": [-0.31542385, -1.89353991, -0.48257124], "to": [1.87908692, 1.49449125, 1.92273486], "rotationOrigin": [1.87908661, 1.49449158, 0.72008181], "stepParentName": "b_BreastR", "rotationX": -0.87096459, "rotationY": -9.16088194, "rotationZ": -41.71095439, "group": "bust-c", "faces": {"north": {"texture": "#main", "uv": [88.0, 10.0, 92.0, 19.0], "autoUv": false}, "east": {"texture": "#main", "uv": [114.0, 10.0, 126.0, 18.0], "autoUv": false}, "south": {"texture": "#main", "uv": [100.0, 10.0, 96.0, 18.0], "autoUv": false}, "west": {"texture": "#main", "uv": [91.0, 10.0, 96.0, 19.0], "autoUv": false}, "up": {"texture": "#main", "uv": [92.0, 4.0, 104.0, 11.0], "autoUv": false, "rotation": 90}, "down": {"texture": "#main", "uv": [104.0, 23.0, 92.0, 18.0], "autoUv": false, "rotation": 90}}, "children": []}, {"name": "BustCR.002", "from": [-1.0999988, -1.54177706, -0.81878105], "to": [0.2563943, 1.42909486, 1.56390986], "rotationOrigin": [-0.42180225, -0.0563411, 0.37256441], "stepParentName": "b_BreastR", "rotationX": -0.87096358, "rotationY": -9.16088706, "rotationZ": 97.5798186, "group": "bust-c", "faces": {"north": {"texture": "#main", "uv": [86.0, 17.0, 92.0, 20.0], "autoUv": false, "rotation": 270}, "east": {"texture": "#main", "uv": [114.0, 10.0, 126.0, 16.0], "autoUv": false}, "south": {"texture": "#main", "uv": [96.0, 17.0, 100.0, 20.0], "autoUv": false, "rotation": 270}, "west": {"texture": "#main", "uv": [92.0, 20.0, 104.0, 26.0], "autoUv": false}, "up": {"texture": "#main", "uv": [91.0, 17.0, 96.0, 20.0], "autoUv": false, "rotation": 90}, "down": {"texture": "#main", "uv": [104.0, 20.0, 92.0, 18.0], "autoUv": false, "rotation": 90}}, "children": []}, {"name": "BustCR", "from": [-1.75286898, -1.05323201, -0.80278674], "to": [0.89735928, 0.16404527, 1.55779991], "rotationOrigin": [-0.42775485, -0.44459337, 0.37750658], "stepParentName": "b_BreastR", "rotationX": -0.87096401, "rotationY": -9.1608828, "rotationZ": 174.54547058, "group": "bust-c", "faces": {"north": {"texture": "#main", "uv": [88.0, 19.0, 92.0, 26.0], "autoUv": false, "rotation": 270}, "east": {"texture": "#main", "uv": [92.0, 15.0, 104.0, 19.0], "autoUv": false}, "south": {"texture": "#main", "uv": [100.0, 19.0, 96.0, 26.0], "autoUv": false, "rotation": 90}, "west": {"texture": "#main", "uv": [108.0, 15.0, 120.0, 19.0], "autoUv": false}, "up": {"texture": "#main", "uv": [91.0, 19.0, 96.0, 26.0], "autoUv": false, "rotation": 90}, "down": {"texture": "#main", "uv": [104.0, 23.0, 92.0, 21.0], "autoUv": false, "rotation": 90}}, "children": []}, {"name": "BustCL.001", "from": [-0.31542325, -1.89353991, -1.92273462], "to": [1.87908751, 1.49449125, 0.48257148], "rotationOrigin": [1.87908721, 1.49449158, -0.72008157], "stepParentName": "b_BreastL", "rotationX": 0.87096443, "rotationY": 9.16087255, "rotationZ": -41.71096122, "group": "bust-c", "faces": {"north": {"texture": "#main", "uv": [100.0, 10.0, 96.0, 18.0], "autoUv": false}, "east": {"texture": "#main", "uv": [126.0, 10.0, 114.0, 18.0], "autoUv": false}, "south": {"texture": "#main", "uv": [109.0, 10.0, 105.0, 19.0], "autoUv": false}, "west": {"texture": "#main", "uv": [100.0, 10.0, 105.0, 19.0], "autoUv": false}, "up": {"texture": "#main", "uv": [104.0, 4.0, 92.0, 11.0], "autoUv": false, "rotation": 90}, "down": {"texture": "#main", "uv": [92.0, 23.0, 104.0, 18.0], "autoUv": false, "rotation": 90}}, "children": []}, {"name": "BustCL.002", "from": [-1.09999838, -1.54177713, -1.56390992], "to": [0.25639471, 1.42909479, 0.81878099], "rotationOrigin": [-0.42180184, -0.05634117, -0.37256446], "stepParentName": "b_BreastL", "rotationX": 0.87096443, "rotationY": 9.1608734, "rotationZ": 97.57979811, "group": "bust-c", "faces": {"north": {"texture": "#main", "uv": [96.0, 17.0, 100.0, 20.0], "autoUv": false, "rotation": 90}, "east": {"texture": "#main", "uv": [126.0, 10.0, 114.0, 16.0], "autoUv": false}, "south": {"texture": "#main", "uv": [110.0, 17.0, 105.0, 20.0], "autoUv": false, "rotation": 90}, "west": {"texture": "#main", "uv": [104.0, 20.0, 92.0, 26.0], "autoUv": false}, "up": {"texture": "#main", "uv": [100.0, 17.0, 105.0, 20.0], "autoUv": false, "rotation": 90}, "down": {"texture": "#main", "uv": [92.0, 20.0, 104.0, 18.0], "autoUv": false, "rotation": 90}}, "children": []}, {"name": "BustCL", "from": [-1.75286856, -1.05323207, -1.5578002], "to": [0.8973597, 0.16404521, 0.80278644], "rotationOrigin": [-0.42775443, -0.44459343, -0.37750688], "stepParentName": "b_BreastL", "rotationX": 0.87096427, "rotationY": 9.1608734, "rotationZ": 174.54548424, "group": "bust-c", "faces": {"north": {"texture": "#main", "uv": [100.0, 19.0, 96.0, 26.0], "autoUv": false, "rotation": 270}, "east": {"texture": "#main", "uv": [104.0, 15.0, 92.0, 19.0], "autoUv": false}, "south": {"texture": "#main", "uv": [109.0, 19.0, 105.0, 26.0], "autoUv": false, "rotation": 90}, "west": {"texture": "#main", "uv": [120.0, 15.0, 108.0, 19.0], "autoUv": false}, "up": {"texture": "#main", "uv": [100.0, 19.0, 105.0, 26.0], "autoUv": false, "rotation": 90}, "down": {"texture": "#main", "uv": [92.0, 23.0, 104.0, 21.0], "autoUv": false, "rotation": 90}}, "children": []}], "groups": []}