{"textureWidth": 128, "textureHeight": 128, "textures": {}, "textureSizes": {}, "elements": [{"name": "BustHrtR", "from": [-0.03958392, -0.914078, -0.86365953], "to": [2.77496341, 2.80845073, 1.74559101], "rotationOrigin": [2.77496314, 2.80845261, 0.44096586], "stepParentName": "b_BreastR", "rotationX": -7e-08, "rotationY": -2.00000617, "rotationZ": -14.6290887, "group": "bust-hrt", "faces": {"north": {"texture": "#main", "uv": [87.0, 10.0, 92.0, 18.0], "autoUv": false}, "east": {"texture": "#main", "uv": [114.0, 10.0, 126.0, 18.0], "autoUv": false}, "south": {"texture": "#main", "uv": [97.0, 11.0, 99.0, 19.0], "autoUv": false}, "west": {"texture": "#main", "uv": [92.0, 11.0, 98.0, 19.0], "autoUv": false}, "up": {"texture": "#main", "uv": [92.0, 2.0, 104.0, 10.0], "autoUv": false, "rotation": 90}, "down": {"texture": "#main", "uv": [92.0, 22.0, 97.0, 18.0], "autoUv": false, "rotation": 90}}, "children": []}, {"name": "BustHrtL", "from": [-0.03958344, -0.914078, -1.74559084], "to": [2.77496389, 2.80845073, 0.86365971], "rotationOrigin": [2.77496362, 2.80845261, -0.44096544], "stepParentName": "b_BreastL", "rotationX": -2e-08, "rotationY": 1.99999401, "rotationZ": -14.62908699, "group": "bust-hrt", "faces": {"north": {"texture": "#main", "uv": [97.0, 11.0, 99.0, 19.0], "autoUv": false}, "east": {"texture": "#main", "uv": [114.0, 10.0, 126.0, 18.0], "autoUv": false}, "south": {"texture": "#main", "uv": [104.0, 10.0, 109.0, 18.0], "autoUv": false}, "west": {"texture": "#main", "uv": [98.0, 11.0, 104.0, 19.0], "autoUv": false}, "up": {"texture": "#main", "uv": [92.0, 2.0, 104.0, 10.0], "autoUv": false, "rotation": 90}, "down": {"texture": "#main", "uv": [99.0, 22.0, 104.0, 18.0], "autoUv": false, "rotation": 90}}, "children": []}], "groups": []}