{"textureWidth": 128, "textureHeight": 128, "textures": {}, "textureSizes": {}, "elements": [{"name": "BustDClothed", "from": [-0.37033868, -2.25696206, -2.84784245], "to": [2.17788946, 1.6771618, 2.84784245], "rotationOrigin": [2.17788911, 1.67716217, 0.0], "stepParentName": "b_Bust", "rotationX": 0.0, "rotationY": -0.0, "rotationZ": -41.64117035, "group": "bust-dclothed", "faces": {"north": {"texture": "#clothing", "uv": [87.0, 10.0, 92.0, 18.0], "autoUv": false}, "east": {"texture": "#clothing", "uv": [114.0, 10.0, 126.0, 18.0], "autoUv": false}, "south": {"texture": "#clothing", "uv": [104.0, 10.0, 109.0, 18.0], "autoUv": false}, "west": {"texture": "#clothing", "uv": [92.0, 11.0, 104.0, 19.0], "autoUv": false}, "up": {"texture": "#clothing", "uv": [92.0, 4.0, 104.0, 11.0], "autoUv": false, "rotation": 90}, "down": {"texture": "#clothing", "uv": [104.0, 23.0, 92.0, 18.0], "autoUv": false, "rotation": 90}}, "children": []}, {"name": "BustDClothed.001", "from": [-1.31370473, -1.84544945, -2.82106636], "to": [0.26131582, 1.60427666, 2.8210664], "rotationOrigin": [-0.52619445, -0.1205864, 2e-08], "stepParentName": "b_Bust", "rotationX": 0.0, "rotationY": -0.0, "rotationZ": 97.64956166, "group": "bust-dclothed", "faces": {"north": {"texture": "#clothing", "uv": [86.0, 17.0, 92.0, 20.0], "autoUv": false, "rotation": 270}, "east": {"texture": "#clothing", "uv": [114.0, 10.0, 126.0, 16.0], "autoUv": false}, "south": {"texture": "#clothing", "uv": [110.0, 17.0, 104.0, 20.0], "autoUv": false, "rotation": 270}, "west": {"texture": "#clothing", "uv": [92.0, 20.0, 104.0, 26.0], "autoUv": false}, "up": {"texture": "#clothing", "uv": [92.0, 17.0, 104.0, 20.0], "autoUv": false, "rotation": 90}, "down": {"texture": "#clothing", "uv": [104.0, 20.0, 92.0, 18.0], "autoUv": false, "rotation": 90}}, "children": []}, {"name": "BustDClothed.002", "from": [-2.07134688, -1.27820712, -2.79489539], "to": [1.00605333, 0.13527423, 2.79489543], "rotationOrigin": [-0.53264678, -0.57146645, 2e-08], "stepParentName": "b_Bust", "rotationX": 0.0, "rotationY": -0.0, "rotationZ": 174.61526145, "group": "bust-dclothed", "faces": {"north": {"texture": "#clothing", "uv": [88.0, 19.0, 92.0, 26.0], "autoUv": false, "rotation": 270}, "east": {"texture": "#clothing", "uv": [92.0, 15.0, 104.0, 19.0], "autoUv": false}, "south": {"texture": "#clothing", "uv": [104.0, 19.0, 108.0, 26.0], "autoUv": false, "rotation": 90}, "west": {"texture": "#clothing", "uv": [108.0, 15.0, 120.0, 19.0], "autoUv": false}, "up": {"texture": "#clothing", "uv": [92.0, 19.0, 104.0, 26.0], "autoUv": false, "rotation": 90}, "down": {"texture": "#clothing", "uv": [104.0, 23.0, 92.0, 21.0], "autoUv": false, "rotation": 90}}, "children": []}], "groups": []}