{"textureWidth": 128, "textureHeight": 128, "textures": {}, "textureSizes": {}, "elements": [{"name": "BustBR.001", "from": [0.14089608, -1.68961072, -0.53815418], "to": [2.43430145, 1.85110058, 1.97554582], "rotationOrigin": [2.43430114, 1.85110092, 0.71869582], "stepParentName": "b_BreastR", "rotationX": -0.87096459, "rotationY": -9.16088194, "rotationZ": -41.71095439, "group": "bust-b", "faces": {"north": {"texture": "#main", "uv": [88.0, 10.0, 92.0, 19.0], "autoUv": false}, "east": {"texture": "#main", "uv": [114.0, 10.0, 126.0, 18.0], "autoUv": false}, "south": {"texture": "#main", "uv": [100.0, 10.0, 96.0, 18.0], "autoUv": false}, "west": {"texture": "#main", "uv": [91.0, 11.0, 96.0, 19.0], "autoUv": false}, "up": {"texture": "#main", "uv": [92.0, 4.0, 104.0, 11.0], "autoUv": false, "rotation": 90}, "down": {"texture": "#main", "uv": [104.0, 23.0, 92.0, 18.0], "autoUv": false, "rotation": 90}}, "children": []}, {"name": "BustBR.002", "from": [-0.63901902, -1.14631468, -0.88496336], "to": [0.7782005, 1.95293635, 1.60360065], "rotationOrigin": [0.06959074, 0.40331084, 0.35931864], "stepParentName": "b_BreastR", "rotationX": -0.87096395, "rotationY": -9.1608828, "rotationZ": 103.57978461, "group": "bust-b", "faces": {"north": {"texture": "#main", "uv": [86.0, 17.0, 92.0, 20.0], "autoUv": false, "rotation": 270}, "east": {"texture": "#main", "uv": [114.0, 10.0, 126.0, 16.0], "autoUv": false}, "south": {"texture": "#main", "uv": [96.0, 17.0, 100.0, 20.0], "autoUv": false, "rotation": 270}, "west": {"texture": "#main", "uv": [92.0, 20.0, 104.0, 26.0], "autoUv": false}, "up": {"texture": "#main", "uv": [91.0, 17.0, 96.0, 20.0], "autoUv": false, "rotation": 90}, "down": {"texture": "#main", "uv": [104.0, 20.0, 92.0, 18.0], "autoUv": false, "rotation": 90}}, "children": []}, {"name": "BustBR", "from": [-1.18705818, -0.88383931, -0.84497139], "to": [1.56625512, 0.38825685, 1.62351289], "rotationOrigin": [0.18959847, -0.24779123, 0.41138402], "stepParentName": "b_BreastR", "rotationX": -0.87096417, "rotationY": -9.1608828, "rotationZ": 170.54547957, "group": "bust-b", "faces": {"north": {"texture": "#main", "uv": [88.0, 19.0, 92.0, 26.0], "autoUv": false, "rotation": 270}, "east": {"texture": "#main", "uv": [92.0, 15.0, 104.0, 19.0], "autoUv": false}, "south": {"texture": "#main", "uv": [100.0, 19.0, 96.0, 26.0], "autoUv": false, "rotation": 90}, "west": {"texture": "#main", "uv": [108.0, 15.0, 120.0, 19.0], "autoUv": false}, "up": {"texture": "#main", "uv": [91.0, 19.0, 96.0, 26.0], "autoUv": false, "rotation": 90}, "down": {"texture": "#main", "uv": [104.0, 23.0, 92.0, 21.0], "autoUv": false, "rotation": 90}}, "children": []}, {"name": "BustBL.001", "from": [0.14089656, -1.68961072, -1.9755488], "to": [2.43430193, 1.85110058, 0.5381512], "rotationOrigin": [2.43430161, 1.85110092, -0.7186988], "stepParentName": "b_BreastL", "rotationX": 0.87096443, "rotationY": 9.16087255, "rotationZ": -41.71096122, "group": "bust-b", "faces": {"north": {"texture": "#main", "uv": [100.0, 10.0, 96.0, 18.0], "autoUv": false}, "east": {"texture": "#main", "uv": [126.0, 10.0, 114.0, 18.0], "autoUv": false}, "south": {"texture": "#main", "uv": [109.0, 10.0, 105.0, 19.0], "autoUv": false}, "west": {"texture": "#main", "uv": [100.0, 11.0, 105.0, 19.0], "autoUv": false}, "up": {"texture": "#main", "uv": [104.0, 4.0, 92.0, 11.0], "autoUv": false, "rotation": 90}, "down": {"texture": "#main", "uv": [92.0, 23.0, 104.0, 18.0], "autoUv": false, "rotation": 90}}, "children": []}, {"name": "BustBL.002", "from": [-0.63641823, -1.14718235, -1.60528621], "to": [0.7809509, 1.95481861, 0.88579431], "rotationOrigin": [0.07226633, 0.40381813, -0.35974595], "stepParentName": "b_BreastL", "rotationX": 0.87096486, "rotationY": 9.1608717, "rotationZ": 103.57978461, "group": "bust-b", "faces": {"north": {"texture": "#main", "uv": [96.0, 17.0, 100.0, 20.0], "autoUv": false, "rotation": 90}, "east": {"texture": "#main", "uv": [126.0, 10.0, 114.0, 16.0], "autoUv": false}, "south": {"texture": "#main", "uv": [110.0, 17.0, 105.0, 20.0], "autoUv": false, "rotation": 90}, "west": {"texture": "#main", "uv": [104.0, 20.0, 92.0, 26.0], "autoUv": false}, "up": {"texture": "#main", "uv": [100.0, 17.0, 105.0, 20.0], "autoUv": false, "rotation": 90}, "down": {"texture": "#main", "uv": [92.0, 20.0, 104.0, 18.0], "autoUv": false, "rotation": 90}}, "children": []}, {"name": "BustBL", "from": [-1.19219829, -0.88479817, -1.62202558], "to": [1.57746099, 0.38733494, 0.84140113], "rotationOrigin": [0.19263135, -0.24873161, -0.42689499], "stepParentName": "b_BreastL", "rotationX": 0.87096401, "rotationY": 9.16086999, "rotationZ": 170.54547957, "group": "bust-b", "faces": {"north": {"texture": "#main", "uv": [100.0, 19.0, 96.0, 26.0], "autoUv": false, "rotation": 270}, "east": {"texture": "#main", "uv": [104.0, 15.0, 92.0, 19.0], "autoUv": false}, "south": {"texture": "#main", "uv": [109.0, 19.0, 105.0, 26.0], "autoUv": false, "rotation": 90}, "west": {"texture": "#main", "uv": [120.0, 15.0, 108.0, 19.0], "autoUv": false}, "up": {"texture": "#main", "uv": [100.0, 19.0, 105.0, 26.0], "autoUv": false, "rotation": 90}, "down": {"texture": "#main", "uv": [92.0, 23.0, 104.0, 21.0], "autoUv": false, "rotation": 90}}, "children": []}], "groups": []}