{"textureWidth": 128, "textureHeight": 128, "textures": {}, "textureSizes": {}, "elements": [{"name": "BustDDClothed", "from": [-0.38637614, -2.31635475, -2.73202729], "to": [2.17503006, 1.86414155, 2.73202729], "rotationOrigin": [2.17503142, 1.86414337, 0.0], "stepParentName": "b_Bust", "rotationX": 0.0, "rotationY": -0.0, "rotationZ": -41.64117035, "group": "bust-ddclothed", "faces": {"north": {"texture": "#clothing", "uv": [87.0, 10.0, 92.0, 18.0], "autoUv": false}, "east": {"texture": "#clothing", "uv": [114.0, 10.0, 126.0, 18.0], "autoUv": false}, "south": {"texture": "#clothing", "uv": [104.0, 10.0, 109.0, 18.0], "autoUv": false}, "west": {"texture": "#clothing", "uv": [92.0, 11.0, 104.0, 19.0], "autoUv": false}, "up": {"texture": "#clothing", "uv": [92.0, 4.0, 104.0, 11.0], "autoUv": false, "rotation": 90}, "down": {"texture": "#clothing", "uv": [104.0, 23.0, 92.0, 18.0], "autoUv": false, "rotation": 90}}, "children": []}, {"name": "BustDDClothed.001", "from": [-1.48480749, -1.84559917, -2.70634006], "to": [0.09835792, 1.62196636, 2.70634009], "rotationOrigin": [-0.69322479, -0.11181641, 2e-08], "stepParentName": "b_Bust", "rotationX": 0.0, "rotationY": -0.0, "rotationZ": 97.64956166, "group": "bust-ddclothed", "faces": {"north": {"texture": "#clothing", "uv": [86.0, 17.0, 92.0, 20.0], "autoUv": false, "rotation": 270}, "east": {"texture": "#clothing", "uv": [114.0, 10.0, 126.0, 16.0], "autoUv": false}, "south": {"texture": "#clothing", "uv": [110.0, 17.0, 104.0, 20.0], "autoUv": false, "rotation": 270}, "west": {"texture": "#clothing", "uv": [92.0, 20.0, 104.0, 26.0], "autoUv": false}, "up": {"texture": "#clothing", "uv": [92.0, 18.0, 104.0, 21.0], "autoUv": false, "rotation": 90}, "down": {"texture": "#clothing", "uv": [104.0, 20.0, 92.0, 18.0], "autoUv": false, "rotation": 90}}, "children": []}, {"name": "BustDDClothed.002", "from": [-2.24636745, -1.2754246, -2.68123339], "to": [0.84694695, 0.14536631, 2.68123342], "rotationOrigin": [-0.69971025, -0.56502914, 2e-08], "stepParentName": "b_Bust", "rotationX": 0.0, "rotationY": -0.0, "rotationZ": 174.61526145, "group": "bust-ddclothed", "faces": {"north": {"texture": "#clothing", "uv": [88.0, 19.0, 92.0, 26.0], "autoUv": false, "rotation": 270}, "east": {"texture": "#clothing", "uv": [92.0, 15.0, 104.0, 19.0], "autoUv": false}, "south": {"texture": "#clothing", "uv": [104.0, 19.0, 108.0, 26.0], "autoUv": false, "rotation": 90}, "west": {"texture": "#clothing", "uv": [108.0, 15.0, 120.0, 19.0], "autoUv": false}, "up": {"texture": "#clothing", "uv": [92.0, 19.0, 104.0, 26.0], "autoUv": false, "rotation": 90}, "down": {"texture": "#clothing", "uv": [104.0, 23.0, 92.0, 21.0], "autoUv": false, "rotation": 90}}, "children": []}, {"name": "BustDDVolL.004", "from": [-0.72895738, -2.99513483, -1.84233257], "to": [1.61578676, 2.60771084, 1.27773646], "rotationOrigin": [0.16016123, -0.19371223, -0.28219613], "stepParentName": "b_BreastL", "rotationX": 1.24756575, "rotationY": 10.14324329, "rotationZ": 97.57132184, "group": "ddclothedvolume", "faces": {"north": {"texture": "#clothing", "uv": [96.0, 17.0, 100.0, 21.0], "autoUv": false, "rotation": 90}, "east": {"texture": "#clothing", "uv": [126.0, 10.0, 114.0, 16.0], "autoUv": false}, "south": {"texture": "#clothing", "uv": [114.0, 17.0, 105.0, 21.0], "autoUv": false, "rotation": 90}, "west": {"texture": "#clothing", "uv": [104.0, 20.0, 92.0, 26.0], "autoUv": false}, "up": {"texture": "#clothing", "uv": [99.0, 17.0, 105.0, 21.0], "autoUv": false, "rotation": 90}, "down": {"texture": "#clothing", "uv": [92.0, 20.0, 104.0, 18.0], "autoUv": false, "rotation": 90}}, "children": []}, {"name": "BustDDVolL.005", "from": [-2.39284605, -1.6315695, -1.71767429], "to": [1.40471536, 0.47496855, 1.37067673], "rotationOrigin": [-0.49406534, -0.57830048, -0.17349878], "stepParentName": "b_BreastL", "rotationX": 1.24756447, "rotationY": 10.14323817, "rotationZ": 174.53701481, "group": "ddclothedvolume", "faces": {"north": {"texture": "#clothing", "uv": [100.0, 19.0, 96.0, 26.0], "autoUv": false, "rotation": 270}, "east": {"texture": "#clothing", "uv": [104.0, 15.0, 92.0, 19.0], "autoUv": false}, "south": {"texture": "#clothing", "uv": [109.0, 19.0, 105.0, 26.0], "autoUv": false, "rotation": 90}, "west": {"texture": "#clothing", "uv": [120.0, 15.0, 108.0, 19.0], "autoUv": false}, "up": {"texture": "#clothing", "uv": [99.0, 19.0, 105.0, 26.0], "autoUv": false, "rotation": 90}, "down": {"texture": "#clothing", "uv": [92.0, 23.0, 104.0, 21.0], "autoUv": false, "rotation": 90}}, "children": []}, {"name": "BustDDVolR.003", "from": [-0.73150976, -2.99281114, -1.27806053], "to": [1.61314468, 2.60475761, 1.84200838], "rotationOrigin": [0.15756397, -0.19402689, 0.28187206], "stepParentName": "b_BreastR", "rotationX": -1.24756511, "rotationY": -10.14325183, "rotationZ": 97.57132184, "group": "ddclothedvolume", "faces": {"north": {"texture": "#clothing", "uv": [82.0, 17.0, 91.0, 21.0], "autoUv": false, "rotation": 270}, "east": {"texture": "#clothing", "uv": [114.0, 10.0, 126.0, 16.0], "autoUv": false}, "south": {"texture": "#clothing", "uv": [96.0, 17.0, 100.0, 21.0], "autoUv": false, "rotation": 270}, "west": {"texture": "#clothing", "uv": [92.0, 20.0, 104.0, 26.0], "autoUv": false}, "up": {"texture": "#clothing", "uv": [91.0, 17.0, 97.0, 21.0], "autoUv": false, "rotation": 90}, "down": {"texture": "#clothing", "uv": [104.0, 20.0, 92.0, 18.0], "autoUv": false, "rotation": 90}}, "children": []}, {"name": "BustDDVolR.004", "from": [-2.39778668, -1.63119751, -1.37109795], "to": [1.40354699, 0.47534055, 1.71725354], "rotationOrigin": [-0.49711984, -0.57792848, 0.17307779], "stepParentName": "b_BreastR", "rotationX": -1.24756489, "rotationY": -10.14325268, "rotationZ": 174.53701481, "group": "ddclothedvolume", "faces": {"north": {"texture": "#clothing", "uv": [88.0, 19.0, 92.0, 26.0], "autoUv": false, "rotation": 270}, "east": {"texture": "#clothing", "uv": [92.0, 15.0, 104.0, 19.0], "autoUv": false}, "south": {"texture": "#clothing", "uv": [100.0, 19.0, 96.0, 26.0], "autoUv": false, "rotation": 90}, "west": {"texture": "#clothing", "uv": [108.0, 15.0, 120.0, 19.0], "autoUv": false}, "up": {"texture": "#clothing", "uv": [91.0, 19.0, 97.0, 26.0], "autoUv": false, "rotation": 90}, "down": {"texture": "#clothing", "uv": [104.0, 23.0, 92.0, 21.0], "autoUv": false, "rotation": 90}}, "children": []}, {"name": "BustDDVolL.006", "from": [-0.48903775, -0.28554773, -1.86157113], "to": [2.00794554, 4.01488781, 1.26672512], "rotationOrigin": [0.40009403, 1.21341705, -0.29627985], "stepParentName": "b_BreastL", "rotationX": 1.24756521, "rotationY": 10.14324414, "rotationZ": 125.76449175, "group": "ddclothedvolume", "faces": {"north": {"texture": "#clothing", "uv": [95.0, 10.0, 100.0, 17.0], "autoUv": false, "rotation": 180}, "east": {"texture": "#clothing", "uv": [99.0, 10.0, 105.0, 17.0], "autoUv": false, "rotation": 180}, "south": {"texture": "#clothing", "uv": [105.0, 10.0, 108.0, 17.0], "autoUv": false, "rotation": 180}, "west": {"texture": "#clothing", "uv": [105.0, 18.0, 99.0, 25.0], "autoUv": false}, "up": {"texture": "#clothing", "uv": [99.0, 17.0, 105.0, 20.0], "autoUv": false, "rotation": 90}, "down": {"texture": "#clothing", "uv": [92.0, 20.0, 104.0, 18.0], "autoUv": false, "rotation": 90}}, "children": []}, {"name": "BustDDVolR.005", "from": [-0.48874524, -0.28564894, -4.74846256], "to": [2.00845298, 4.01526856, -1.62078357], "rotationOrigin": [0.40046307, 1.21348381, -3.18576598], "stepParentName": "b_BreastL", "rotationX": -1.24756468, "rotationY": -10.14325695, "rotationZ": 125.76450541, "group": "ddclothedvolume", "faces": {"north": {"texture": "#clothing", "uv": [88.0, 10.0, 91.0, 17.0], "autoUv": false, "rotation": 180}, "east": {"texture": "#clothing", "uv": [91.0, 10.0, 97.0, 17.0], "autoUv": false, "rotation": 180}, "south": {"texture": "#clothing", "uv": [96.0, 10.0, 101.0, 17.0], "autoUv": false, "rotation": 180}, "west": {"texture": "#clothing", "uv": [97.0, 18.0, 91.0, 25.0], "autoUv": false}, "up": {"texture": "#clothing", "uv": [91.0, 17.0, 97.0, 20.0], "autoUv": false, "rotation": 90}, "down": {"texture": "#clothing", "uv": [92.0, 20.0, 104.0, 18.0], "autoUv": false, "rotation": 90}}, "children": []}], "groups": []}