{"textureWidth": 128, "textureHeight": 128, "textures": {}, "textureSizes": {}, "elements": [{"name": "BustAR.001", "from": [0.38924575, -1.02758336, -0.54996055], "to": [2.68265112, 2.51312794, 1.96373945], "rotationOrigin": [2.6826508, 2.51312828, 0.70688945], "stepParentName": "b_BreastR", "rotationX": -0.87096401, "rotationY": -9.16088194, "rotationZ": -31.71094956, "group": "bust-a", "faces": {"north": {"texture": "#main", "uv": [88.0, 10.0, 92.0, 19.0], "autoUv": false}, "east": {"texture": "#main", "uv": [114.0, 10.0, 126.0, 18.0], "autoUv": false}, "south": {"texture": "#main", "uv": [100.0, 10.0, 96.0, 18.0], "autoUv": false}, "west": {"texture": "#main", "uv": [91.0, 11.0, 96.0, 19.0], "autoUv": false}, "up": {"texture": "#main", "uv": [92.0, 4.0, 104.0, 11.0], "autoUv": false, "rotation": 90}, "down": {"texture": "#main", "uv": [104.0, 23.0, 92.0, 18.0], "autoUv": false, "rotation": 90}}, "children": []}, {"name": "BustAR.002", "from": [0.07961151, -0.89767867, -0.860351], "to": [0.92994323, 2.20157284, 1.6282123], "rotationOrigin": [0.50477737, 0.65194708, 0.38393065], "stepParentName": "b_BreastR", "rotationX": -0.87096395, "rotationY": -9.1608828, "rotationZ": 103.57978461, "group": "bust-a", "faces": {"north": {"texture": "#main", "uv": [86.0, 17.0, 92.0, 20.0], "autoUv": false, "rotation": 270}, "east": {"texture": "#main", "uv": [114.0, 10.0, 126.0, 16.0], "autoUv": false}, "south": {"texture": "#main", "uv": [96.0, 17.0, 100.0, 20.0], "autoUv": false, "rotation": 270}, "west": {"texture": "#main", "uv": [92.0, 20.0, 104.0, 26.0], "autoUv": false}, "up": {"texture": "#main", "uv": [91.0, 17.0, 96.0, 20.0], "autoUv": false, "rotation": 90}, "down": {"texture": "#main", "uv": [104.0, 20.0, 92.0, 18.0], "autoUv": false, "rotation": 90}}, "children": []}, {"name": "BustAR", "from": [-0.76368016, -0.72532333, -0.81906369], "to": [1.98963314, 0.5467727, 1.64436242], "rotationOrigin": [0.61297649, -0.08927532, 0.41264936], "stepParentName": "b_BreastR", "rotationX": -0.87096465, "rotationY": -9.16088365, "rotationZ": 156.54547691, "group": "bust-a", "faces": {"north": {"texture": "#main", "uv": [88.0, 19.0, 92.0, 26.0], "autoUv": false, "rotation": 270}, "east": {"texture": "#main", "uv": [92.0, 15.0, 104.0, 19.0], "autoUv": false}, "south": {"texture": "#main", "uv": [100.0, 19.0, 96.0, 26.0], "autoUv": false, "rotation": 90}, "west": {"texture": "#main", "uv": [108.0, 15.0, 120.0, 19.0], "autoUv": false}, "up": {"texture": "#main", "uv": [91.0, 19.0, 96.0, 26.0], "autoUv": false, "rotation": 90}, "down": {"texture": "#main", "uv": [104.0, 23.0, 92.0, 21.0], "autoUv": false, "rotation": 90}}, "children": []}, {"name": "BustAL.001", "from": [0.39075923, -1.02721715, -1.96373349], "to": [2.6841646, 2.51349415, 0.54996651], "rotationOrigin": [2.68416429, 2.51349449, -0.70688349], "stepParentName": "b_BreastL", "rotationX": 0.87096438, "rotationY": 9.16087255, "rotationZ": -31.71094615, "group": "bust-a", "faces": {"north": {"texture": "#main", "uv": [100.0, 10.0, 96.0, 18.0], "autoUv": false}, "east": {"texture": "#main", "uv": [126.0, 10.0, 114.0, 18.0], "autoUv": false}, "south": {"texture": "#main", "uv": [109.0, 10.0, 105.0, 19.0], "autoUv": false}, "west": {"texture": "#main", "uv": [100.0, 11.0, 105.0, 19.0], "autoUv": false}, "up": {"texture": "#main", "uv": [104.0, 4.0, 92.0, 11.0], "autoUv": false, "rotation": 90}, "down": {"texture": "#main", "uv": [92.0, 23.0, 104.0, 18.0], "autoUv": false, "rotation": 90}}, "children": []}, {"name": "BustAL.002", "from": [0.08241007, -0.8984071, -1.62841657], "to": [0.93283156, 2.20359433, 0.86014661], "rotationOrigin": [0.50762081, 0.65259361, -0.38413504], "stepParentName": "b_BreastL", "rotationX": 0.87096486, "rotationY": 9.1608717, "rotationZ": 103.57978461, "group": "bust-a", "faces": {"north": {"texture": "#main", "uv": [96.0, 17.0, 100.0, 20.0], "autoUv": false, "rotation": 90}, "east": {"texture": "#main", "uv": [126.0, 10.0, 114.0, 16.0], "autoUv": false}, "south": {"texture": "#main", "uv": [110.0, 17.0, 105.0, 20.0], "autoUv": false, "rotation": 90}, "west": {"texture": "#main", "uv": [104.0, 20.0, 92.0, 26.0], "autoUv": false}, "up": {"texture": "#main", "uv": [100.0, 17.0, 105.0, 20.0], "autoUv": false, "rotation": 90}, "down": {"texture": "#main", "uv": [92.0, 20.0, 104.0, 18.0], "autoUv": false, "rotation": 90}}, "children": []}, {"name": "BustAL", "from": [-0.76290917, -0.72828496, -1.64560559], "to": [2.00675011, 0.54384816, 0.81782076], "rotationOrigin": [0.62192047, -0.0922184, -0.41389242], "stepParentName": "b_BreastL", "rotationX": 0.87096454, "rotationY": 9.16086999, "rotationZ": 156.54546325, "group": "bust-a", "faces": {"north": {"texture": "#main", "uv": [100.0, 19.0, 96.0, 26.0], "autoUv": false, "rotation": 270}, "east": {"texture": "#main", "uv": [104.0, 15.0, 92.0, 19.0], "autoUv": false}, "south": {"texture": "#main", "uv": [109.0, 19.0, 105.0, 26.0], "autoUv": false, "rotation": 90}, "west": {"texture": "#main", "uv": [120.0, 15.0, 108.0, 19.0], "autoUv": false}, "up": {"texture": "#main", "uv": [100.0, 19.0, 105.0, 26.0], "autoUv": false, "rotation": 90}, "down": {"texture": "#main", "uv": [92.0, 23.0, 104.0, 21.0], "autoUv": false, "rotation": 90}}, "children": []}], "groups": []}