{"textureWidth": 128, "textureHeight": 128, "textures": {}, "textureSizes": {}, "elements": [{"name": "BustBClothed.001", "from": [0.36664081, -1.06963944, -2.84784245], "to": [2.91486894, 2.20030057, 2.84784245], "rotationOrigin": [2.91486859, 2.86448479, 0.0], "stepParentName": "b_Bust", "rotationX": 0.0, "rotationY": -0.0, "rotationZ": -34.14371609, "group": "bust-bclothed", "faces": {"north": {"texture": "#clothing", "uv": [87.0, 10.0, 92.0, 18.0], "autoUv": false}, "east": {"texture": "#clothing", "uv": [114.0, 10.0, 126.0, 18.0], "autoUv": false}, "south": {"texture": "#clothing", "uv": [104.0, 10.0, 109.0, 18.0], "autoUv": false}, "west": {"texture": "#clothing", "uv": [92.0, 11.0, 104.0, 19.0], "autoUv": false}, "up": {"texture": "#clothing", "uv": [92.0, 4.0, 104.0, 11.0], "autoUv": false, "rotation": 90}, "down": {"texture": "#clothing", "uv": [104.0, 23.0, 92.0, 18.0], "autoUv": false, "rotation": 90}}, "children": []}, {"name": "BustBClothed.002", "from": [-0.37540337, -1.23704147, -2.82106636], "to": [1.19961718, 2.21268463, 2.8210664], "rotationOrigin": [0.4121069, 0.48782158, 2e-08], "stepParentName": "b_Bust", "rotationX": 0.0, "rotationY": -0.0, "rotationZ": 97.64956166, "group": "bust-bclothed", "faces": {"north": {"texture": "#clothing", "uv": [86.0, 17.0, 92.0, 20.0], "autoUv": false, "rotation": 270}, "east": {"texture": "#clothing", "uv": [114.0, 10.0, 126.0, 16.0], "autoUv": false}, "south": {"texture": "#clothing", "uv": [110.0, 17.0, 104.0, 20.0], "autoUv": false, "rotation": 270}, "west": {"texture": "#clothing", "uv": [92.0, 20.0, 104.0, 26.0], "autoUv": false}, "up": {"texture": "#clothing", "uv": [92.0, 17.0, 104.0, 20.0], "autoUv": false, "rotation": 90}, "down": {"texture": "#clothing", "uv": [104.0, 20.0, 92.0, 18.0], "autoUv": false, "rotation": 90}}, "children": []}, {"name": "BustBClothed", "from": [-1.0903877, -0.81122142, -2.79285574], "to": [1.98701251, 0.60225993, 2.79285574], "rotationOrigin": [0.4483124, -0.10448074, -0.0], "stepParentName": "b_Bust", "rotationX": 0.0, "rotationY": -0.0, "rotationZ": 169.61526245, "group": "bust-bclothed", "faces": {"north": {"texture": "#clothing", "uv": [88.0, 19.0, 92.0, 26.0], "autoUv": false, "rotation": 270}, "east": {"texture": "#clothing", "uv": [92.0, 15.0, 104.0, 19.0], "autoUv": false}, "south": {"texture": "#clothing", "uv": [104.0, 19.0, 108.0, 26.0], "autoUv": false, "rotation": 90}, "west": {"texture": "#clothing", "uv": [108.0, 15.0, 120.0, 19.0], "autoUv": false}, "up": {"texture": "#clothing", "uv": [92.0, 19.0, 104.0, 26.0], "autoUv": false, "rotation": 90}, "down": {"texture": "#clothing", "uv": [104.0, 23.0, 92.0, 21.0], "autoUv": false, "rotation": 90}}, "children": []}], "groups": []}