{"textureWidth": 96, "textureHeight": 96, "textures": {"hair": "kemono:entity/avali/hair/hair", "astolforibbon": "kemono:entity/avali/hair/astolforibbon"}, "textureSizes": {"hair": [96, 96], "astolforibbon": [16, 16]}, "elements": [{"name": "hair-astolfo", "from": [-3.57560343, -3.10970831, -2.80000043], "to": [2.92439657, 5.39029169, 2.69999957], "rotationOrigin": [-0.38560337, 1.9902916, -4.7e-07], "stepParentName": "b_Head", "rotationX": -1.366e-05, "rotationY": 0.0, "rotationZ": 0.0, "group": "hair-astolfo", "faces": {"north": {"texture": "#hair", "uv": [66.0, 69.0, 79.00000191, 86.00000024], "autoUv": false}, "east": {"texture": "#hair", "uv": [67.00000191, 68.00000095, 78.0, 84.99999976], "autoUv": false}, "south": {"texture": "#hair", "uv": [66.0, 69.99999905, 79.00000191, 87.0], "autoUv": false}, "west": {"texture": "#hair", "uv": [79.00000191, 62.00000095, 90.0, 79.00000048], "autoUv": false}, "up": {"texture": "#hair", "uv": [66.0, 63.99999905, 76.99999809, 76.99999952], "autoUv": false, "rotation": 90}, "down": {"texture": "#hair", "uv": [31.12973499, 92.6912899, 35.56790257, 86.90237617], "autoUv": false, "rotation": 270}}, "children": [{"name": "astolfoPonytail.001", "from": [5.97213423, -7.19394922, 1.74933916], "to": [7.18723905, 1.91861677, 3.05980295], "rotationOrigin": [6.57968664, 1.91861677, 2.40457106], "rotationX": 0.84062388, "rotationY": 2.3243503, "rotationZ": 6.53210349, "group": "hair-astolfo", "faces": {"north": {"texture": "#hair", "uv": [65.25719261, 78.0747242, 67.65664101, 81.6738925], "autoUv": false}, "east": {"texture": "#hair", "uv": [68.63142014, 70.8763876, 71.03086281, 82.87361383], "autoUv": false}, "south": {"texture": "#hair", "uv": [67.80661011, 78.0747242, 70.2060585, 81.6738925], "autoUv": false}, "west": {"texture": "#hair", "uv": [71.03086281, 78.0747242, 73.43030548, 81.6738925], "autoUv": false}, "up": {"texture": "#hair", "uv": [67.99999809, 43.99999809, 70.00000191, 46.00000191], "autoUv": false}, "down": {"texture": "#hair", "uv": [76.99999809, 50.00000095, 75.0, 48.0], "autoUv": false}}, "children": [{"name": "ribbon_ponytail", "from": [-0.44866365, -0.41285485, -1.3460165], "to": [2.08520323, 1.0985505, -0.55265978], "rotationOrigin": [0.81826979, 0.34284782, -0.94933814], "rotationX": -27.09840158, "rotationY": 80.65325063, "rotationZ": 49.76266484, "group": "hair-astolfo", "faces": {"north": {"texture": "#astolforibbon", "uv": [0.0, 0.0, 16.0, 16.0], "autoUv": false, "rotation": 270}, "east": {"texture": "#astolforibbon", "uv": [0.0, 0.0, 16.0, 16.0], "autoUv": false, "rotation": 270}, "south": {"texture": "#astolforibbon", "uv": [0.0, 0.0, 16.0, 16.0], "autoUv": false, "rotation": 270}, "west": {"texture": "#astolforibbon", "uv": [0.0, 0.0, 16.0, 16.0], "autoUv": false, "rotation": 270}, "up": {"texture": "#astolforibbon", "uv": [0.0, 0.0, 16.0, 16.0], "autoUv": false, "rotation": 270}, "down": {"texture": "#astolforibbon", "uv": [16.0, 16.0, 0.0, 0.0], "autoUv": false, "rotation": 270}}, "children": []}, {"name": "ribbon_ponytail.001", "from": [-0.33892357, -1.07006228, -1.38862947], "to": [2.20080078, 0.19814646, -0.59708962], "rotationOrigin": [0.9309386, -0.43595791, -0.99285954], "rotationX": -69.02311187, "rotationY": 73.55524291, "rotationZ": 50.40784451, "group": "hair-astolfo", "faces": {"north": {"texture": "#astolforibbon", "uv": [0.0, 0.0, 16.0, 16.0], "autoUv": false, "rotation": 270}, "east": {"texture": "#astolforibbon", "uv": [0.0, 0.0, 16.0, 16.0], "autoUv": false, "rotation": 270}, "south": {"texture": "#astolforibbon", "uv": [0.0, 0.0, 16.0, 16.0], "autoUv": false, "rotation": 270}, "west": {"texture": "#astolforibbon", "uv": [0.0, 0.0, 16.0, 16.0], "autoUv": false, "rotation": 270}, "up": {"texture": "#astolforibbon", "uv": [0.0, 0.0, 16.0, 16.0], "autoUv": false, "rotation": 270}, "down": {"texture": "#astolforibbon", "uv": [16.0, 16.0, 0.0, 0.0], "autoUv": false, "rotation": 270}}, "children": []}, {"name": "ribbon_ponytail.002", "from": [-0.59489065, -1.1062054, 1.72216684], "to": [1.94987148, 0.16440052, 2.51072508], "rotationOrigin": [0.67749041, -0.47090244, 2.11644596], "rotationX": -85.19061359, "rotationY": 66.71114064, "rotationZ": 98.40067073, "group": "hair-astolfo", "faces": {"north": {"texture": "#astolforibbon", "uv": [0.0, 0.0, 16.0, 16.0], "autoUv": false, "rotation": 270}, "east": {"texture": "#astolforibbon", "uv": [0.0, 0.0, 16.0, 16.0], "autoUv": false, "rotation": 270}, "south": {"texture": "#astolforibbon", "uv": [0.0, 0.0, 16.0, 16.0], "autoUv": false, "rotation": 270}, "west": {"texture": "#astolforibbon", "uv": [0.0, 0.0, 16.0, 16.0], "autoUv": false, "rotation": 270}, "up": {"texture": "#astolforibbon", "uv": [0.0, 0.0, 16.0, 16.0], "autoUv": false, "rotation": 270}, "down": {"texture": "#astolforibbon", "uv": [16.0, 16.0, 0.0, 0.0], "autoUv": false, "rotation": 270}}, "children": []}, {"name": "ribbon_ponytail.003", "from": [-0.66300495, -0.4365924, 1.7334415], "to": [1.86368196, 0.97535163, 2.52553102], "rotationOrigin": [0.60033851, 0.26937962, 2.12948626], "rotationX": -73.26767145, "rotationY": 76.20420883, "rotationZ": 44.40563136, "group": "hair-astolfo", "faces": {"north": {"texture": "#astolforibbon", "uv": [0.0, 0.0, 16.0, 16.0], "autoUv": false, "rotation": 270}, "east": {"texture": "#astolforibbon", "uv": [0.0, 0.0, 16.0, 16.0], "autoUv": false, "rotation": 270}, "south": {"texture": "#astolforibbon", "uv": [0.0, 0.0, 16.0, 16.0], "autoUv": false, "rotation": 270}, "west": {"texture": "#astolforibbon", "uv": [0.0, 0.0, 16.0, 16.0], "autoUv": false, "rotation": 270}, "up": {"texture": "#astolforibbon", "uv": [0.0, 0.0, 16.0, 16.0], "autoUv": false, "rotation": 270}, "down": {"texture": "#astolforibbon", "uv": [16.0, 16.0, 0.0, 0.0], "autoUv": false, "rotation": 270}}, "children": []}, {"name": "ribbon_ponytail.004", "from": [-0.07399585, -0.68502444, -0.15553816], "to": [1.35144208, 0.47992533, 1.32072048], "rotationOrigin": [0.63872312, -0.10254955, 0.58259116], "rotationX": -27.86500664, "rotationY": 78.25962449, "rotationZ": 25.34305321, "group": "hair-astolfo", "faces": {"north": {"texture": "#astolforibbon", "uv": [0.0, 0.0, 16.0, 16.0], "autoUv": false, "rotation": 270}, "east": {"texture": "#astolforibbon", "uv": [0.0, 0.0, 16.0, 16.0], "autoUv": false, "rotation": 270}, "south": {"texture": "#astolforibbon", "uv": [0.0, 0.0, 16.0, 16.0], "autoUv": false, "rotation": 270}, "west": {"texture": "#astolforibbon", "uv": [0.0, 0.0, 16.0, 16.0], "autoUv": false, "rotation": 270}, "up": {"texture": "#astolforibbon", "uv": [0.0, 0.0, 16.0, 16.0], "autoUv": false, "rotation": 270}, "down": {"texture": "#astolforibbon", "uv": [16.0, 16.0, 0.0, 0.0], "autoUv": false, "rotation": 270}}, "children": []}]}, {"name": "astolfoPonytail.002", "from": [5.58983898, 0.53717542, 1.64274836], "to": [7.10204601, 4.02769995, 3.25578022], "rotationOrigin": [6.3459425, 4.02769995, 2.44926429], "rotationX": 0.84062393, "rotationY": 2.32434987, "rotationZ": 6.53210264, "group": "hair-astolfo", "faces": {"north": {"texture": "#hair", "uv": [57.39553642, 74.55282211, 59.69249153, 77.99825478], "autoUv": false}, "east": {"texture": "#hair", "uv": [60.62563705, 67.66196537, 62.92258644, 71.96829987], "autoUv": false}, "south": {"texture": "#hair", "uv": [59.83605766, 74.55282211, 62.13301277, 77.99825478], "autoUv": false}, "west": {"texture": "#hair", "uv": [62.92258644, 74.55282211, 65.21953583, 77.99825478], "autoUv": false}, "up": {"texture": "#hair", "uv": [60.56187057, 64.58976746, 62.85882568, 66.88672829], "autoUv": false}, "down": {"texture": "#hair", "uv": [62.80818558, 82.19130707, 60.51123619, 79.89435196], "autoUv": false}}, "children": []}, {"name": "astolfoPonytail.003", "from": [6.05662769, -1.76666903, 1.47592109], "to": [7.56301743, 0.00232077, 3.16757971], "rotationOrigin": [6.80982256, 0.00232077, 2.3217504], "rotationX": 0.84062382, "rotationY": 2.32434987, "rotationZ": 6.53210307, "group": "hair-astolfo", "faces": {"north": {"texture": "#hair", "uv": [60.08395958, 72.51752186, 62.08396339, 75.51752186], "autoUv": false}, "east": {"texture": "#hair", "uv": [62.8964653, 66.51752472, 64.89646339, 70.2671299], "autoUv": false}, "south": {"texture": "#hair", "uv": [62.20896721, 72.51752186, 64.2089653, 75.51752186], "autoUv": false}, "west": {"texture": "#hair", "uv": [64.89646339, 72.51752186, 66.89646149, 75.51752186], "autoUv": false}, "up": {"texture": "#hair", "uv": [62.84094429, 63.84250832, 64.8409481, 65.84251213], "autoUv": false}, "down": {"texture": "#hair", "uv": [64.79685402, 79.16849041, 62.79685593, 77.16848946], "autoUv": false}}, "children": []}, {"name": "astolfoPonytail.004", "from": [6.36066383, -4.07032275, 1.49670118], "to": [7.86705357, -2.30133295, 3.1883598], "rotationOrigin": [7.1138587, -2.30133295, 2.34253049], "rotationX": 0.84062382, "rotationY": 2.32434987, "rotationZ": 6.53210307, "group": "hair-astolfo", "faces": {"north": {"texture": "#hair", "uv": [62.23313141, 72.31827021, 64.42756462, 75.60991573], "autoUv": false}, "east": {"texture": "#hair", "uv": [65.31905937, 65.73497772, 67.51348686, 69.84910297], "autoUv": false}, "south": {"texture": "#hair", "uv": [64.56472206, 72.31827021, 66.75914955, 75.60991573], "autoUv": false}, "west": {"texture": "#hair", "uv": [67.51348686, 72.31827021, 69.70791435, 75.60991573], "autoUv": false}, "up": {"texture": "#hair", "uv": [65.25813675, 62.79990864, 67.45257568, 64.99434471], "autoUv": false}, "down": {"texture": "#hair", "uv": [67.40419006, 79.61581564, 65.20976257, 77.42138386], "autoUv": false}}, "children": []}, {"name": "Dreadlock20", "from": [-0.04317042, 3.33684206, 0.33966723], "to": [0.95682952, 8.33684111, 1.33966717], "rotationOrigin": [0.45682955, 8.33684111, 0.8396672], "rotationX": 18.90067023, "rotationY": 0.26457055, "rotationZ": -26.50334867, "group": "hair-astolfo", "faces": {"north": {"texture": "#hair", "uv": [67.99999809, 73.00000048, 70.00000191, 82.99999952], "autoUv": false}, "east": {"texture": "#hair", "uv": [70.00000191, 73.00000048, 72.0, 82.99999952], "autoUv": false}, "south": {"texture": "#hair", "uv": [70.00000191, 73.00000048, 72.0, 82.99999952], "autoUv": false}, "west": {"texture": "#hair", "uv": [72.0, 73.00000048, 73.99999809, 82.99999952], "autoUv": false}, "up": {"texture": "#hair", "uv": [67.99999809, 43.99999809, 70.00000191, 46.00000191], "autoUv": false}, "down": {"texture": "#hair", "uv": [76.99999809, 50.00000095, 75.0, 48.0], "autoUv": false}}, "children": []}, {"name": "Dreadlock21", "from": [-0.11372334, 3.35519171, 3.88627672], "to": [1.11372334, 7.83839369, 5.1137228], "rotationOrigin": [0.5, 7.83839369, 4.49999976], "rotationX": -26.20271277, "rotationY": 0.34027021, "rotationZ": -26.53499635, "group": "hair-astolfo", "faces": {"north": {"texture": "#hair", "uv": [66.0, 76.99999952, 67.99999809, 82.99999952], "autoUv": false}, "east": {"texture": "#hair", "uv": [70.00000191, 73.00000048, 72.0, 82.99999952], "autoUv": false}, "south": {"texture": "#hair", "uv": [67.99999809, 76.99999952, 70.00000191, 82.99999952], "autoUv": false}, "west": {"texture": "#hair", "uv": [70.00000191, 76.99999952, 72.0, 82.99999952], "autoUv": false}, "up": {"texture": "#hair", "uv": [67.99999809, 43.99999809, 70.00000191, 46.00000191], "autoUv": false}, "down": {"texture": "#hair", "uv": [76.99999809, 50.00000095, 75.0, 48.0], "autoUv": false}}, "children": []}, {"name": "Dreadlock21.001", "from": [7.0734871, -10.5043509, 1.39944476], "to": [8.20143145, -7.61341524, 2.91447288], "rotationOrigin": [7.63745928, -7.61341524, 2.15695882], "rotationX": -2.86613905, "rotationY": -1.10152787, "rotationZ": 11.16190197, "group": "hair-astolfo", "faces": {"north": {"texture": "#hair", "uv": [66.0, 76.99999952, 67.99999809, 82.99999952], "autoUv": false}, "east": {"texture": "#hair", "uv": [70.00000191, 73.00000048, 72.0, 82.99999952], "autoUv": false}, "south": {"texture": "#hair", "uv": [67.99999809, 76.99999952, 70.00000191, 82.99999952], "autoUv": false}, "west": {"texture": "#hair", "uv": [70.00000191, 76.99999952, 72.0, 82.99999952], "autoUv": false}, "up": {"texture": "#hair", "uv": [67.99999809, 43.99999809, 70.00000191, 46.00000191], "autoUv": false}, "down": {"texture": "#hair", "uv": [76.99999809, 50.00000095, 75.0, 48.0], "autoUv": false}}, "children": []}, {"name": "Dreadlock22", "from": [0.04314122, 4.38243389, 2.11076194], "to": [0.81960884, 7.85362768, 3.46117562], "rotationOrigin": [0.43137503, 7.85362768, 2.78596878], "rotationX": 0.84062313, "rotationY": 2.32434881, "rotationZ": -16.78205141, "group": "hair-astolfo", "faces": {"north": {"texture": "#hair", "uv": [65.93749809, 77.87500048, 67.93750191, 80.87500048], "autoUv": false}, "east": {"texture": "#hair", "uv": [68.75000381, 71.87500191, 70.75000191, 81.87499952], "autoUv": false}, "south": {"texture": "#hair", "uv": [68.06250572, 77.87500048, 70.06250381, 80.87500048], "autoUv": false}, "west": {"texture": "#hair", "uv": [70.75000191, 77.87500048, 72.75, 80.87500048], "autoUv": false}, "up": {"texture": "#hair", "uv": [67.99999809, 43.99999809, 70.00000191, 46.00000191], "autoUv": false}, "down": {"texture": "#hair", "uv": [76.99999809, 50.00000095, 75.0, 48.0], "autoUv": false}}, "children": []}, {"name": "hideme", "from": [0.0, -4.8e-07, 0.0], "to": [1.0, 0.99999952, 1.0], "rotationOrigin": [0.0, -4.8e-07, 0.0], "group": "hair-astolfo", "faces": {"north": {"texture": "#hair", "uv": [2.38110119, 91.09286499, 4.38110125, 93.0928688], "autoUv": false, "enabled": false}, "east": {"texture": "#hair", "uv": [4.38110125, 91.09286499, 6.38110113, 93.0928688], "autoUv": false, "enabled": false}, "south": {"texture": "#hair", "uv": [6.38110113, 91.09286499, 8.38110137, 93.0928688], "autoUv": false, "enabled": false}, "west": {"texture": "#hair", "uv": [8.38110137, 91.09286499, 10.38110161, 93.0928688], "autoUv": false, "enabled": false}, "up": {"texture": "#hair", "uv": [2.38110119, 89.0928669, 4.38110125, 91.09286499], "autoUv": false, "enabled": false}, "down": {"texture": "#hair", "uv": [6.38110113, 91.09286499, 4.38110125, 89.0928669], "autoUv": false, "enabled": false}}, "children": [{"name": "AstolfoRibbonL.001", "from": [0.8265214, 6.79797387, 5.70472407], "to": [2.86172223, 7.84621787, 6.33866239], "rotationOrigin": [1.84412181, 7.32209587, 6.02169323], "rotationX": -41.28964442, "rotationY": 1.81509225, "rotationZ": 13.59863428, "group": "hair-astolfo", "faces": {"north": {"texture": "#astolforibbon", "uv": [14.59600735, 8.97555351, 14.82262802, 9.42879629], "autoUv": false}, "east": {"texture": "#astolforibbon", "uv": [14.36938477, 9.20217514, 14.59600735, 9.42879629], "autoUv": false}, "south": {"texture": "#astolforibbon", "uv": [14.59600735, 9.20217514, 14.82262802, 9.42879629], "autoUv": false}, "west": {"texture": "#astolforibbon", "uv": [14.82262802, 9.20217514, 15.04924965, 9.42879629], "autoUv": false}, "up": {"texture": "#astolforibbon", "uv": [14.82262802, 8.97555351, 14.59600735, 9.20217514], "autoUv": false, "rotation": 180}, "down": {"texture": "#astolforibbon", "uv": [14.82262802, 9.65541744, 14.59600735, 9.42879629], "autoUv": false}}, "children": []}, {"name": "AstolfoRibbonL.002", "from": [3.27720594, 7.3145411, 5.42864963], "to": [5.31240606, 8.56379676, 6.06258801], "rotationOrigin": [4.294806, 7.93916893, 5.74561882], "rotationX": -22.5824393, "rotationY": -4.33776051, "rotationZ": 22.31977755, "group": "hair-astolfo", "faces": {"north": {"texture": "#astolforibbon", "uv": [14.59600735, 8.97555351, 14.82262802, 9.42879629], "autoUv": false}, "east": {"texture": "#astolforibbon", "uv": [14.36938477, 9.20217514, 14.59600735, 9.42879629], "autoUv": false}, "south": {"texture": "#astolforibbon", "uv": [14.59600735, 9.20217514, 14.82262802, 9.42879629], "autoUv": false}, "west": {"texture": "#astolforibbon", "uv": [14.82262802, 9.20217514, 15.04924965, 9.42879629], "autoUv": false}, "up": {"texture": "#astolforibbon", "uv": [14.82262802, 8.97555351, 14.59600735, 9.20217514], "autoUv": false, "rotation": 180}, "down": {"texture": "#astolforibbon", "uv": [14.82262802, 9.65541744, 14.59600735, 9.42879629], "autoUv": false}}, "children": []}, {"name": "AstolfoRibbonL.003", "from": [3.31734324, 6.82373273, 5.70795035], "to": [5.35254431, 7.87197649, 6.34188867], "rotationOrigin": [4.33494377, 7.34785461, 6.02491951], "rotationX": -32.48350201, "rotationY": -1.92476246, "rotationZ": -18.86284464, "group": "hair-astolfo", "faces": {"north": {"texture": "#astolforibbon", "uv": [14.59600735, 8.97555351, 14.82262802, 9.42879629], "autoUv": false}, "east": {"texture": "#astolforibbon", "uv": [14.36938477, 9.20217514, 14.59600735, 9.42879629], "autoUv": false}, "south": {"texture": "#astolforibbon", "uv": [14.59600735, 9.20217514, 14.82262802, 9.42879629], "autoUv": false}, "west": {"texture": "#astolforibbon", "uv": [14.82262802, 9.20217514, 15.04924965, 9.42879629], "autoUv": false}, "up": {"texture": "#astolforibbon", "uv": [14.82262802, 8.97555351, 14.59600735, 9.20217514], "autoUv": false, "rotation": 180}, "down": {"texture": "#astolforibbon", "uv": [14.82262802, 9.65541744, 14.59600735, 9.42879629], "autoUv": false}}, "children": []}, {"name": "AstolfoRibbonL.004", "from": [0.81276202, 7.31001347, 5.46032789], "to": [2.84796333, 8.47160655, 6.09426615], "rotationOrigin": [1.83036268, 7.89081001, 5.77729702], "rotationX": -30.27195165, "rotationY": -0.29344638, "rotationZ": -28.89708579, "group": "hair-astolfo", "faces": {"north": {"texture": "#astolforibbon", "uv": [14.59600735, 8.97555351, 14.82262802, 9.42879629], "autoUv": false}, "east": {"texture": "#astolforibbon", "uv": [14.36938477, 9.20217514, 14.59600735, 9.42879629], "autoUv": false}, "south": {"texture": "#astolforibbon", "uv": [14.59600735, 9.20217514, 14.82262802, 9.42879629], "autoUv": false}, "west": {"texture": "#astolforibbon", "uv": [14.82262802, 9.20217514, 15.04924965, 9.42879629], "autoUv": false}, "up": {"texture": "#astolforibbon", "uv": [14.82262802, 8.97555351, 14.59600735, 9.20217514], "autoUv": false, "rotation": 180}, "down": {"texture": "#astolforibbon", "uv": [14.82262802, 9.65541744, 14.59600735, 9.42879629], "autoUv": false}}, "children": []}, {"name": "AstolfoRibbonL.005", "from": [2.65453398, 7.05657506, 5.57873175], "to": [3.41108835, 8.17351985, 6.46355227], "rotationOrigin": [3.03281116, 7.61504745, 6.02114201], "rotationX": -30.60582154, "rotationY": -6.03868465, "rotationZ": 1.01447647, "group": "hair-astolfo", "faces": {"north": {"texture": "#astolforibbon", "uv": [14.59600735, 8.97555351, 14.82262802, 9.42879629], "autoUv": false}, "east": {"texture": "#astolforibbon", "uv": [14.36938477, 9.20217514, 14.59600735, 9.42879629], "autoUv": false}, "south": {"texture": "#astolforibbon", "uv": [14.59600735, 9.20217514, 14.82262802, 9.42879629], "autoUv": false}, "west": {"texture": "#astolforibbon", "uv": [14.82262802, 9.20217514, 15.04924965, 9.42879629], "autoUv": false}, "up": {"texture": "#astolforibbon", "uv": [14.82262802, 8.97555351, 14.59600735, 9.20217514], "autoUv": false, "rotation": 180}, "down": {"texture": "#astolforibbon", "uv": [14.82262802, 9.65541744, 14.59600735, 9.42879629], "autoUv": false}}, "children": []}, {"name": "AstolfoRibbonL.006", "from": [1.9571521, 4.6591351, 6.36418277], "to": [2.64363316, 7.46785998, 6.86755627], "rotationOrigin": [2.30039263, 6.06349754, 6.61586952], "rotationX": -20.17601339, "rotationY": 5.78187167, "rotationZ": -21.84119131, "group": "hair-astolfo", "faces": {"north": {"texture": "#astolforibbon", "uv": [14.59600735, 8.97555351, 14.82262802, 9.42879629], "autoUv": false}, "east": {"texture": "#astolforibbon", "uv": [14.36938477, 9.20217514, 14.59600735, 9.42879629], "autoUv": false}, "south": {"texture": "#astolforibbon", "uv": [14.59600735, 9.20217514, 14.82262802, 9.42879629], "autoUv": false}, "west": {"texture": "#astolforibbon", "uv": [14.82262802, 9.20217514, 15.04924965, 9.42879629], "autoUv": false}, "up": {"texture": "#astolforibbon", "uv": [14.82262802, 8.97555351, 14.59600735, 9.20217514], "autoUv": false, "rotation": 180}, "down": {"texture": "#astolforibbon", "uv": [14.82262802, 9.65541744, 14.59600735, 9.42879629], "autoUv": false}}, "children": []}, {"name": "AstolfoRibbonR.001", "from": [1.18519306, 6.79659867, -1.00270775], "to": [3.22039366, 8.04585433, -0.36876938], "rotationOrigin": [2.20279336, 7.4212265, -0.68573856], "rotationX": 27.01255464, "rotationY": 173.74639309, "rotationZ": 20.81836707, "group": "hair-astolfo", "faces": {"north": {"texture": "#astolforibbon", "uv": [14.59600735, 8.97555351, 14.82262802, 9.42879629], "autoUv": false}, "east": {"texture": "#astolforibbon", "uv": [14.36938477, 9.20217514, 14.59600735, 9.42879629], "autoUv": false}, "south": {"texture": "#astolforibbon", "uv": [14.59600735, 9.20217514, 14.82262802, 9.42879629], "autoUv": false}, "west": {"texture": "#astolforibbon", "uv": [14.82262802, 9.20217514, 15.04924965, 9.42879629], "autoUv": false}, "up": {"texture": "#astolforibbon", "uv": [14.82262802, 8.97555351, 14.59600735, 9.20217514], "autoUv": false, "rotation": 180}, "down": {"texture": "#astolforibbon", "uv": [14.82262802, 9.65541744, 14.59600735, 9.42879629], "autoUv": false}}, "children": []}, {"name": "AstolfoRibbonR.002", "from": [1.16313553, 6.32809478, -1.32676843], "to": [3.19833612, 7.37633866, -0.69283006], "rotationOrigin": [2.18073583, 6.85221672, -1.00979924], "rotationX": 36.86123321, "rotationY": 176.44415389, "rotationZ": -20.66631511, "group": "hair-astolfo", "faces": {"north": {"texture": "#astolforibbon", "uv": [14.59600735, 8.97555351, 14.82262802, 9.42879629], "autoUv": false}, "east": {"texture": "#astolforibbon", "uv": [14.36938477, 9.20217514, 14.59600735, 9.42879629], "autoUv": false}, "south": {"texture": "#astolforibbon", "uv": [14.59600735, 9.20217514, 14.82262802, 9.42879629], "autoUv": false}, "west": {"texture": "#astolforibbon", "uv": [14.82262802, 9.20217514, 15.04924965, 9.42879629], "autoUv": false}, "up": {"texture": "#astolforibbon", "uv": [14.82262802, 8.97555351, 14.59600735, 9.20217514], "autoUv": false, "rotation": 180}, "down": {"texture": "#astolforibbon", "uv": [14.82262802, 9.65541744, 14.59600735, 9.42879629], "autoUv": false}}, "children": []}, {"name": "AstolfoRibbonR.003", "from": [3.65187323, 6.32236898, -1.22181773], "to": [5.68707407, 7.37061274, -0.58787942], "rotationOrigin": [4.66947365, 6.84649086, -0.90484858], "rotationX": 45.54056974, "rotationY": -179.5231895, "rotationZ": 11.56987429, "group": "hair-astolfo", "faces": {"north": {"texture": "#astolforibbon", "uv": [14.59600735, 8.97555351, 14.82262802, 9.42879629], "autoUv": false}, "east": {"texture": "#astolforibbon", "uv": [14.36938477, 9.20217514, 14.59600735, 9.42879629], "autoUv": false}, "south": {"texture": "#astolforibbon", "uv": [14.59600735, 9.20217514, 14.82262802, 9.42879629], "autoUv": false}, "west": {"texture": "#astolforibbon", "uv": [14.82262802, 9.20217514, 15.04924965, 9.42879629], "autoUv": false}, "up": {"texture": "#astolforibbon", "uv": [14.82262802, 8.97555351, 14.59600735, 9.20217514], "autoUv": false, "rotation": 180}, "down": {"texture": "#astolforibbon", "uv": [14.82262802, 9.65541744, 14.59600735, 9.42879629], "autoUv": false}}, "children": []}, {"name": "AstolfoRibbonR.004", "from": [3.64925599, 6.81456822, -0.93531656], "to": [5.68445754, 7.9761613, -0.30137825], "rotationOrigin": [4.66685677, 7.39536476, -0.61834741], "rotationX": 34.59806369, "rotationY": 178.00639573, "rotationZ": -30.63377067, "group": "hair-astolfo", "faces": {"north": {"texture": "#astolforibbon", "uv": [14.59600735, 8.97555351, 14.82262802, 9.42879629], "autoUv": false}, "east": {"texture": "#astolforibbon", "uv": [14.36938477, 9.20217514, 14.59600735, 9.42879629], "autoUv": false}, "south": {"texture": "#astolforibbon", "uv": [14.59600735, 9.20217514, 14.82262802, 9.42879629], "autoUv": false}, "west": {"texture": "#astolforibbon", "uv": [14.82262802, 9.20217514, 15.04924965, 9.42879629], "autoUv": false}, "up": {"texture": "#astolforibbon", "uv": [14.82262802, 8.97555351, 14.59600735, 9.20217514], "autoUv": false, "rotation": 180}, "down": {"texture": "#astolforibbon", "uv": [14.82262802, 9.65541744, 14.59600735, 9.42879629], "autoUv": false}}, "children": []}, {"name": "AstolfoRibbonR.005", "from": [3.10027331, 6.57045102, -1.37432459], "to": [3.85682756, 7.68739581, -0.48950407], "rotationOrigin": [3.47855043, 7.12892342, -0.93191433], "rotationX": 35.10842909, "rotationY": 172.27399555, "rotationZ": -0.74705103, "group": "hair-astolfo", "faces": {"north": {"texture": "#astolforibbon", "uv": [14.59600735, 8.97555351, 14.82262802, 9.42879629], "autoUv": false}, "east": {"texture": "#astolforibbon", "uv": [14.36938477, 9.20217514, 14.59600735, 9.42879629], "autoUv": false}, "south": {"texture": "#astolforibbon", "uv": [14.59600735, 9.20217514, 14.82262802, 9.42879629], "autoUv": false}, "west": {"texture": "#astolforibbon", "uv": [14.82262802, 9.20217514, 15.04924965, 9.42879629], "autoUv": false}, "up": {"texture": "#astolforibbon", "uv": [14.82262802, 8.97555351, 14.59600735, 9.20217514], "autoUv": false, "rotation": 180}, "down": {"texture": "#astolforibbon", "uv": [14.82262802, 9.65541744, 14.59600735, 9.42879629], "autoUv": false}}, "children": []}, {"name": "AstolfoRibbonR.006", "from": [3.90876791, 4.22797692, -1.86141679], "to": [4.59524897, 7.03670204, -1.35804322], "rotationOrigin": [4.25200844, 5.63233948, -1.60973001], "rotationX": 24.34938533, "rotationY": -176.19813047, "rotationZ": -23.25489362, "group": "hair-astolfo", "faces": {"north": {"texture": "#astolforibbon", "uv": [14.59600735, 8.97555351, 14.82262802, 9.42879629], "autoUv": false}, "east": {"texture": "#astolforibbon", "uv": [14.36938477, 9.20217514, 14.59600735, 9.42879629], "autoUv": false}, "south": {"texture": "#astolforibbon", "uv": [14.59600735, 9.20217514, 14.82262802, 9.42879629], "autoUv": false}, "west": {"texture": "#astolforibbon", "uv": [14.82262802, 9.20217514, 15.04924965, 9.42879629], "autoUv": false}, "up": {"texture": "#astolforibbon", "uv": [14.82262802, 8.97555351, 14.59600735, 9.20217514], "autoUv": false, "rotation": 180}, "down": {"texture": "#astolforibbon", "uv": [14.82262802, 9.65541744, 14.59600735, 9.42879629], "autoUv": false}}, "children": []}, {"name": "Dreadlock10", "from": [1.0, 1.00000024, 2.1e-07], "to": [2.0, 4.0, 0.99999979], "rotationOrigin": [1.5, 4.0, 0.5], "rotationX": 13.99999925, "rotationY": -1.54e-06, "rotationZ": -18.99999142, "group": "hair-astolfo", "faces": {"north": {"texture": "#hair", "uv": [67.99999809, 76.99999952, 70.00000191, 82.99999952], "autoUv": false}, "east": {"texture": "#hair", "uv": [70.00000191, 76.99999952, 72.0, 82.99999952], "autoUv": false}, "south": {"texture": "#hair", "uv": [72.0, 73.00000048, 73.99999809, 82.99999952], "autoUv": false}, "west": {"texture": "#hair", "uv": [72.0, 76.99999952, 73.99999809, 82.99999952], "autoUv": false}, "up": {"texture": "#hair", "uv": [67.99999809, 43.99999809, 70.00000191, 46.00000191], "autoUv": false}, "down": {"texture": "#hair", "uv": [76.99999809, 50.00000095, 75.0, 48.0], "autoUv": false}}, "children": []}, {"name": "Dreadlock11", "from": [0.73922962, 3.99999976, 3e-08], "to": [2.26077038, 7.0, 0.99999997], "rotationOrigin": [1.5, 7.0, 0.5], "rotationX": 34.93535893, "rotationY": 4.90038795, "rotationZ": -7.251535, "group": "hair-astolfo", "faces": {"north": {"texture": "#hair", "uv": [67.99999809, 75.0, 70.00000191, 81.0], "autoUv": false}, "east": {"texture": "#hair", "uv": [70.00000191, 75.0, 72.0, 81.0], "autoUv": false}, "south": {"texture": "#hair", "uv": [72.0, 73.00000048, 73.99999809, 82.99999952], "autoUv": false}, "west": {"texture": "#hair", "uv": [72.0, 75.0, 73.99999809, 81.0], "autoUv": false}, "up": {"texture": "#hair", "uv": [67.99999809, 43.99999809, 70.00000191, 46.00000191], "autoUv": false}, "down": {"texture": "#hair", "uv": [76.99999809, 50.00000095, 75.0, 48.0], "autoUv": false}}, "children": []}, {"name": "Dreadlock12", "from": [4.77717829, 4.00000072, 1.2e-07], "to": [6.22282171, 8.0, 0.99999988], "rotationOrigin": [5.5, 8.0, 0.5], "rotationX": 30.00001108, "rotationY": -1.07e-06, "rotationZ": 10.00000654, "group": "hair-astolfo", "faces": {"north": {"texture": "#hair", "uv": [67.99999809, 75.0, 70.00000191, 82.99999952], "autoUv": false}, "east": {"texture": "#hair", "uv": [70.00000191, 75.0, 72.0, 82.99999952], "autoUv": false}, "south": {"texture": "#hair", "uv": [72.0, 73.00000048, 73.99999809, 82.99999952], "autoUv": false}, "west": {"texture": "#hair", "uv": [72.0, 75.0, 73.99999809, 82.99999952], "autoUv": false}, "up": {"texture": "#hair", "uv": [67.99999809, 43.99999809, 70.00000191, 46.00000191], "autoUv": false}, "down": {"texture": "#hair", "uv": [76.99999809, 50.00000095, 75.0, 48.0], "autoUv": false}}, "children": []}, {"name": "Dreadlock13", "from": [4.3525517, 1.04361725, -0.00456333], "to": [5.9590385, 5.04361725, 0.99543667], "rotationOrigin": [5.1557951, 5.04361725, 0.49543667], "rotationX": 30.00000083, "rotationY": -6.8e-07, "rotationZ": 18.99999996, "group": "hair-astolfo", "faces": {"north": {"texture": "#hair", "uv": [66.0, 75.0, 67.99999809, 82.99999952], "autoUv": false}, "east": {"texture": "#hair", "uv": [67.99999809, 75.0, 70.00000191, 82.99999952], "autoUv": false}, "south": {"texture": "#hair", "uv": [72.0, 73.00000048, 73.99999809, 82.99999952], "autoUv": false}, "west": {"texture": "#hair", "uv": [70.00000191, 75.0, 72.0, 82.99999952], "autoUv": false}, "up": {"texture": "#hair", "uv": [67.99999809, 43.99999809, 70.00000191, 46.00000191], "autoUv": false}, "down": {"texture": "#hair", "uv": [76.99999809, 50.00000095, 75.0, 48.0], "autoUv": false}}, "children": []}, {"name": "Dreadlock14", "from": [2.17119157, 5.00000024, 0.0], "to": [3.82880843, 8.0, 1.0], "rotationOrigin": [3.0, 8.0, 0.5], "rotationX": 36.89161731, "rotationY": -9.84287462, "rotationZ": 11.7539496, "group": "hair-astolfo", "faces": {"north": {"texture": "#hair", "uv": [72.0, 73.00000048, 73.99999809, 79.00000048], "autoUv": false}, "east": {"texture": "#hair", "uv": [73.99999809, 73.00000048, 76.00000191, 79.00000048], "autoUv": false}, "south": {"texture": "#hair", "uv": [72.0, 73.00000048, 73.99999809, 82.99999952], "autoUv": false}, "west": {"texture": "#hair", "uv": [76.00000191, 73.00000048, 78.0, 79.00000048], "autoUv": false}, "up": {"texture": "#hair", "uv": [67.99999809, 43.99999809, 70.00000191, 46.00000191], "autoUv": false}, "down": {"texture": "#hair", "uv": [76.99999809, 50.00000095, 75.0, 48.0], "autoUv": false}}, "children": []}, {"name": "Dreadlock15", "from": [5.80000019, 1.00000072, 2.99038398], "to": [6.80000019, 5.0, 4.40961611], "rotationOrigin": [6.30000019, 5.0, 3.70000005], "rotationX": -13.99999925, "rotationY": -1.54e-06, "rotationZ": 18.99999142, "group": "hair-astolfo", "faces": {"north": {"texture": "#hair", "uv": [67.99999809, 73.00000048, 70.00000191, 81.0], "autoUv": false}, "east": {"texture": "#hair", "uv": [70.00000191, 73.00000048, 72.0, 81.0], "autoUv": false}, "south": {"texture": "#hair", "uv": [72.0, 73.00000048, 73.99999809, 81.0], "autoUv": false}, "west": {"texture": "#hair", "uv": [73.99999809, 73.00000048, 76.00000191, 82.99999952], "autoUv": false}, "up": {"texture": "#hair", "uv": [67.99999809, 43.99999809, 70.00000191, 46.00000191], "autoUv": false}, "down": {"texture": "#hair", "uv": [76.99999809, 50.00000095, 75.0, 48.0], "autoUv": false}}, "children": []}, {"name": "Dreadlock16", "from": [5.80000022, 3.00000048, 0.05819327], "to": [6.80000016, 7.0, 1.34180683], "rotationOrigin": [6.30000019, 7.0, 0.70000005], "rotationX": 14.0000095, "rotationY": 1.27e-06, "rotationZ": 25.00001037, "group": "hair-astolfo", "faces": {"north": {"texture": "#hair", "uv": [67.99999809, 75.0, 70.00000191, 82.99999952], "autoUv": false}, "east": {"texture": "#hair", "uv": [70.00000191, 75.0, 72.0, 82.99999952], "autoUv": false}, "south": {"texture": "#hair", "uv": [72.0, 75.0, 73.99999809, 82.99999952], "autoUv": false}, "west": {"texture": "#hair", "uv": [73.99999809, 73.00000048, 76.00000191, 82.99999952], "autoUv": false}, "up": {"texture": "#hair", "uv": [67.99999809, 43.99999809, 70.00000191, 46.00000191], "autoUv": false}, "down": {"texture": "#hair", "uv": [76.99999809, 50.00000095, 75.0, 48.0], "autoUv": false}}, "children": []}, {"name": "Dreadlock17", "from": [5.59999993, 0.50000024, 0.89999998], "to": [6.59999987, 3.5, 1.89999998], "rotationOrigin": [6.0999999, 3.5, 1.39999998], "rotationX": 14.00000608, "rotationY": 6.2e-07, "rotationZ": 25.00000866, "group": "hair-astolfo", "faces": {"north": {"texture": "#hair", "uv": [67.99999809, 76.99999952, 70.00000191, 82.99999952], "autoUv": false}, "east": {"texture": "#hair", "uv": [70.00000191, 76.99999952, 72.0, 82.99999952], "autoUv": false}, "south": {"texture": "#hair", "uv": [72.0, 76.99999952, 73.99999809, 82.99999952], "autoUv": false}, "west": {"texture": "#hair", "uv": [73.99999809, 73.00000048, 76.00000191, 82.99999952], "autoUv": false}, "up": {"texture": "#hair", "uv": [67.99999809, 43.99999809, 70.00000191, 46.00000191], "autoUv": false}, "down": {"texture": "#hair", "uv": [76.99999809, 50.00000095, 75.0, 48.0], "autoUv": false}}, "children": []}, {"name": "Dreadlock18", "from": [5.59999985, 3.50000024, 3.70687616], "to": [6.59999996, 6.5, 5.09312499], "rotationOrigin": [6.0999999, 6.5, 4.40000057], "rotationX": -33.00000092, "rotationY": -1.12e-06, "rotationZ": 39.0000045, "group": "hair-astolfo", "faces": {"north": {"texture": "#hair", "uv": [67.99999809, 76.99999952, 70.00000191, 82.99999952], "autoUv": false}, "east": {"texture": "#hair", "uv": [70.00000191, 76.99999952, 72.0, 82.99999952], "autoUv": false}, "south": {"texture": "#hair", "uv": [72.0, 76.99999952, 73.99999809, 82.99999952], "autoUv": false}, "west": {"texture": "#hair", "uv": [73.99999809, 73.00000048, 76.00000191, 82.99999952], "autoUv": false}, "up": {"texture": "#hair", "uv": [67.99999809, 43.99999809, 70.00000191, 46.00000191], "autoUv": false}, "down": {"texture": "#hair", "uv": [76.99999809, 50.00000095, 75.0, 48.0], "autoUv": false}}, "children": []}, {"name": "Dreadlock19", "from": [5.30000019, 2.50000286, 1.71756792], "to": [6.30000019, 6.5000003, 3.08243227], "rotationOrigin": [5.80000019, 7.5, 2.4000001], "rotationX": -5.99999761, "rotationY": -6.2e-07, "rotationZ": 33.00000092, "group": "hair-astolfo", "faces": {"north": {"texture": "#hair", "uv": [67.99999809, 76.99999952, 70.00000191, 84.99999976], "autoUv": false}, "east": {"texture": "#hair", "uv": [70.00000191, 76.99999952, 72.0, 84.99999976], "autoUv": false}, "south": {"texture": "#hair", "uv": [72.0, 76.99999952, 73.99999809, 84.99999976], "autoUv": false}, "west": {"texture": "#hair", "uv": [73.99999809, 73.00000048, 76.00000191, 82.99999952], "autoUv": false}, "up": {"texture": "#hair", "uv": [67.99999809, 43.99999809, 70.00000191, 46.00000191], "autoUv": false}, "down": {"texture": "#hair", "uv": [76.99999809, 50.00000095, 75.0, 48.0], "autoUv": false}}, "children": []}, {"name": "Dreadlock4", "from": [0.73006618, 4.00000024, 4.60000056], "to": [2.26993382, 8.0, 5.6000002], "rotationOrigin": [1.5, 8.0, 5.10000038], "rotationX": -18.99998971, "rotationY": -1e-07, "rotationZ": -8.0000025, "group": "hair-astolfo", "faces": {"north": {"texture": "#hair", "uv": [69.0, 75.0, 70.99999809, 82.99999952], "autoUv": false}, "east": {"texture": "#hair", "uv": [69.0, 75.0, 70.99999809, 82.99999952], "autoUv": false}, "south": {"texture": "#hair", "uv": [70.99999809, 75.0, 73.00000191, 82.99999952], "autoUv": false}, "west": {"texture": "#hair", "uv": [73.00000191, 75.0, 75.0, 82.99999952], "autoUv": false}, "up": {"texture": "#hair", "uv": [69.0, 73.00000048, 70.99999809, 75.0], "autoUv": false}, "down": {"texture": "#hair", "uv": [76.99999809, 50.00000095, 75.0, 48.0], "autoUv": false}}, "children": []}, {"name": "Dreadlock5", "from": [2.20485878, 2.97152948, 4.57164919], "to": [4.79514122, 6.0, 5.62835157], "rotationOrigin": [3.5, 6.0, 5.10000038], "rotationX": -26.87552738, "rotationY": 10.96798863, "rotationZ": -7.53395393, "group": "hair-astolfo", "faces": {"north": {"texture": "#hair", "uv": [69.0, 75.0, 70.99999809, 82.99999952], "autoUv": false}, "east": {"texture": "#hair", "uv": [67.00000191, 76.99999952, 69.0, 82.99999952], "autoUv": false}, "south": {"texture": "#hair", "uv": [69.0, 76.99999952, 70.99999809, 82.99999952], "autoUv": false}, "west": {"texture": "#hair", "uv": [70.99999809, 76.99999952, 73.00000191, 82.99999952], "autoUv": false}, "up": {"texture": "#hair", "uv": [69.0, 73.00000048, 70.99999809, 75.0], "autoUv": false}, "down": {"texture": "#hair", "uv": [76.99999809, 50.00000095, 75.0, 48.0], "autoUv": false}}, "children": []}, {"name": "Dreadlock5.001", "from": [-0.13389611, 7.18522799, 2.49843836], "to": [6.47770381, 8.82959557, 4.96020222], "rotationOrigin": [3.17190385, 8.82959557, 3.72932029], "rotationX": -33.80383905, "rotationY": -0.7983679, "rotationZ": -0.83594376, "group": "hair-astolfo", "faces": {"north": {"texture": "#hair", "uv": [49.99999809, 63.99999905, 63.0, 72.0], "autoUv": false}, "east": {"texture": "#hair", "uv": [45.0, 68.00000095, 49.99999809, 72.0], "autoUv": false}, "south": {"texture": "#hair", "uv": [49.99999809, 68.00000095, 63.0, 72.0], "autoUv": false}, "west": {"texture": "#hair", "uv": [63.0, 63.99999905, 67.99999809, 68.00000095], "autoUv": false}, "up": {"texture": "#hair", "uv": [63.0, 63.99999905, 49.99999809, 69.0], "autoUv": false, "rotation": 180}, "down": {"texture": "#hair", "uv": [76.99999809, 50.00000095, 75.0, 48.0], "autoUv": false}}, "children": []}, {"name": "Dreadlock5.002", "from": [-0.01235342, 7.22643828, 0.69521904], "to": [6.59999323, 8.87063026, 3.15656018], "rotationOrigin": [3.2938199, 8.87063026, 1.92588961], "rotationX": 31.85240961, "rotationY": 1.09999161, "rotationZ": 0.34055945, "group": "hair-astolfo", "faces": {"north": {"texture": "#hair", "uv": [51.0, 63.99999905, 61.99999809, 72.0], "autoUv": false}, "east": {"texture": "#hair", "uv": [45.99999905, 68.00000095, 51.0, 72.0], "autoUv": false}, "south": {"texture": "#hair", "uv": [51.0, 68.00000095, 61.99999809, 72.0], "autoUv": false}, "west": {"texture": "#hair", "uv": [61.99999809, 68.00000095, 67.00000191, 72.0], "autoUv": false}, "up": {"texture": "#hair", "uv": [61.99999809, 63.99999905, 51.0, 69.0], "autoUv": false, "rotation": 180}, "down": {"texture": "#hair", "uv": [76.99999809, 50.00000095, 75.0, 48.0], "autoUv": false}}, "children": []}, {"name": "AstolfoRibbonL", "from": [3.14295393, 4.49814522, 6.41363361], "to": [3.82943481, 7.30687034, 6.91700718], "rotationOrigin": [3.48619437, 5.90250778, 6.6653204], "rotationX": -20.48396784, "rotationY": -2.94668128, "rotationZ": 2.80955349, "group": "hair-astolfo", "faces": {"north": {"texture": "#astolforibbon", "uv": [14.59600735, 8.97555351, 14.82262802, 9.42879629], "autoUv": false}, "east": {"texture": "#astolforibbon", "uv": [14.36938477, 9.20217514, 14.59600735, 9.42879629], "autoUv": false}, "south": {"texture": "#astolforibbon", "uv": [14.59600735, 9.20217514, 14.82262802, 9.42879629], "autoUv": false}, "west": {"texture": "#astolforibbon", "uv": [14.82262802, 9.20217514, 15.04924965, 9.42879629], "autoUv": false}, "up": {"texture": "#astolforibbon", "uv": [14.82262802, 8.97555351, 14.59600735, 9.20217514], "autoUv": false, "rotation": 180}, "down": {"texture": "#astolforibbon", "uv": [14.82262802, 9.65541744, 14.59600735, 9.42879629], "autoUv": false}}, "children": []}, {"name": "AstolfoRibbonR", "from": [2.7278581, 4.06153607, -1.97204491], "to": [3.41433904, 6.87026095, -1.46867135], "rotationOrigin": [3.07109857, 5.46589851, -1.72035813], "rotationX": 24.87329158, "rotationY": 175.08352556, "rotationZ": 1.38304682, "group": "hair-astolfo", "faces": {"north": {"texture": "#astolforibbon", "uv": [14.59600735, 8.97555351, 14.82262802, 9.42879629], "autoUv": false}, "east": {"texture": "#astolforibbon", "uv": [14.36938477, 9.20217514, 14.59600735, 9.42879629], "autoUv": false}, "south": {"texture": "#astolforibbon", "uv": [14.59600735, 9.20217514, 14.82262802, 9.42879629], "autoUv": false}, "west": {"texture": "#astolforibbon", "uv": [14.82262802, 9.20217514, 15.04924965, 9.42879629], "autoUv": false}, "up": {"texture": "#astolforibbon", "uv": [14.82262802, 8.97555351, 14.59600735, 9.20217514], "autoUv": false, "rotation": 180}, "down": {"texture": "#astolforibbon", "uv": [14.82262802, 9.65541744, 14.59600735, 9.42879629], "autoUv": false}}, "children": []}, {"name": "Dreadlock6", "from": [1.7270866, 1.0, 4.30000028], "to": [3.2729134, 5.0, 5.3000001], "rotationOrigin": [2.5, 5.0, 4.80000019], "rotationX": -38.33613743, "rotationY": -7.19015295, "rotationZ": -8.46295016, "group": "hair-astolfo", "faces": {"north": {"texture": "#hair", "uv": [69.0, 75.0, 70.99999809, 82.99999952], "autoUv": false}, "east": {"texture": "#hair", "uv": [69.0, 75.0, 70.99999809, 82.99999952], "autoUv": false}, "south": {"texture": "#hair", "uv": [70.99999809, 75.0, 73.00000191, 82.99999952], "autoUv": false}, "west": {"texture": "#hair", "uv": [73.00000191, 75.0, 75.0, 82.99999952], "autoUv": false}, "up": {"texture": "#hair", "uv": [69.0, 73.00000048, 70.99999809, 75.0], "autoUv": false}, "down": {"texture": "#hair", "uv": [76.99999809, 50.00000095, 75.0, 48.0], "autoUv": false}}, "children": []}, {"name": "Dreadlock7", "from": [4.5879854, 1.00000048, 3.87782502], "to": [6.4120146, 4.0, 5.72217536], "rotationOrigin": [5.5, 4.0, 4.80000019], "rotationX": -36.00001125, "rotationY": 9.3e-07, "rotationZ": 22.00000687, "group": "hair-astolfo", "faces": {"north": {"texture": "#hair", "uv": [69.0, 75.0, 70.99999809, 82.99999952], "autoUv": false}, "east": {"texture": "#hair", "uv": [67.00000191, 76.99999952, 69.0, 82.99999952], "autoUv": false}, "south": {"texture": "#hair", "uv": [69.0, 76.99999952, 70.99999809, 82.99999952], "autoUv": false}, "west": {"texture": "#hair", "uv": [70.99999809, 76.99999952, 73.00000191, 82.99999952], "autoUv": false}, "up": {"texture": "#hair", "uv": [69.0, 73.00000048, 70.99999809, 75.0], "autoUv": false}, "down": {"texture": "#hair", "uv": [76.99999809, 50.00000095, 75.0, 48.0], "autoUv": false}}, "children": []}, {"name": "Dreadlock8", "from": [4.58113122, 5.00000048, 4.60000041], "to": [6.41886878, 8.0, 5.60000035], "rotationOrigin": [5.5, 8.0, 5.10000038], "rotationX": -30.00000425, "rotationY": -1.69e-06, "rotationZ": -8.00000335, "group": "hair-astolfo", "faces": {"north": {"texture": "#hair", "uv": [69.0, 75.0, 70.99999809, 82.99999952], "autoUv": false}, "east": {"texture": "#hair", "uv": [67.00000191, 76.99999952, 69.0, 82.99999952], "autoUv": false}, "south": {"texture": "#hair", "uv": [69.0, 76.99999952, 70.99999809, 82.99999952], "autoUv": false}, "west": {"texture": "#hair", "uv": [70.99999809, 76.99999952, 73.00000191, 82.99999952], "autoUv": false}, "up": {"texture": "#hair", "uv": [69.0, 73.00000048, 70.99999809, 75.0], "autoUv": false}, "down": {"texture": "#hair", "uv": [76.99999809, 50.00000095, 75.0, 48.0], "autoUv": false}}, "children": []}, {"name": "Dreadlock9", "from": [2.68230897, 1.00000072, 3e-08], "to": [4.31769103, 5.0, 0.99999997], "rotationOrigin": [3.5, 5.0, 0.5], "rotationX": 39.63776658, "rotationY": 17.77646378, "rotationZ": 8.69297044, "group": "hair-astolfo", "faces": {"north": {"texture": "#hair", "uv": [67.99999809, 73.00000048, 70.00000191, 81.0], "autoUv": false}, "east": {"texture": "#hair", "uv": [70.00000191, 73.00000048, 72.0, 81.0], "autoUv": false}, "south": {"texture": "#hair", "uv": [72.0, 73.00000048, 73.99999809, 82.99999952], "autoUv": false}, "west": {"texture": "#hair", "uv": [72.0, 73.00000048, 73.99999809, 81.0], "autoUv": false}, "up": {"texture": "#hair", "uv": [67.99999809, 43.99999809, 70.00000191, 46.00000191], "autoUv": false}, "down": {"texture": "#hair", "uv": [76.99999809, 50.00000095, 75.0, 48.0], "autoUv": false}}, "children": []}]}, {"name": "astolfoPonytail", "from": [6.57808977, -6.23835576, 1.40950394], "to": [8.08192819, -4.71191835, 3.10111547], "rotationOrigin": [7.33000898, -4.71191835, 2.2553097], "rotationX": 0.84062366, "rotationY": 2.3243503, "rotationZ": 6.53210349, "group": "hair-astolfo", "faces": {"north": {"texture": "#hair", "uv": [51.65089417, 71.92224598, 53.65089798, 74.92224741], "autoUv": false}, "east": {"texture": "#hair", "uv": [54.46339989, 65.92224884, 56.46339798, 69.67185402], "autoUv": false}, "south": {"texture": "#hair", "uv": [53.77590179, 71.92224598, 55.77589989, 74.92224741], "autoUv": false}, "west": {"texture": "#hair", "uv": [56.46339798, 71.92224598, 58.46339607, 74.92224741], "autoUv": false}, "up": {"texture": "#hair", "uv": [54.40787888, 63.24723244, 56.40788269, 65.24723625], "autoUv": false}, "down": {"texture": "#hair", "uv": [56.3637886, 78.57321596, 54.36379051, 76.57321501], "autoUv": false}}, "children": []}]}], "groups": []}