{"textureWidth": 96, "textureHeight": 96, "textures": {"disable": "kemono:entity/avali/hair/disable", "hair": "kemono:entity/avali/hair/hair"}, "textureSizes": {"disable": [96, 96], "hair": [96, 96]}, "elements": [{"name": "hideme", "from": [-6e-08, -5.72e-06, 0.0], "to": [0.99999994, 0.99999428, 1.0], "rotationOrigin": [-6e-08, -5.72e-06, 0.0], "stepParentName": "b_Head", "rotationX": -1.366e-05, "rotationY": 0.0, "rotationZ": 0.0, "group": "hair-furslop0", "faces": {"north": {"texture": "#hair", "uv": [2.38110119, 91.09286499, 4.38110125, 93.0928688], "autoUv": false, "enabled": false}, "east": {"texture": "#hair", "uv": [4.38110125, 91.09286499, 6.38110113, 93.0928688], "autoUv": false, "enabled": false}, "south": {"texture": "#hair", "uv": [6.38110113, 91.09286499, 8.38110137, 93.0928688], "autoUv": false, "enabled": false}, "west": {"texture": "#hair", "uv": [8.38110137, 91.09286499, 10.38110161, 93.0928688], "autoUv": false, "enabled": false}, "up": {"texture": "#hair", "uv": [2.38110119, 89.0928669, 4.38110125, 91.09286499], "autoUv": false, "enabled": false}, "down": {"texture": "#hair", "uv": [6.38110113, 91.09286499, 4.38110125, 89.0928669], "autoUv": false, "enabled": false}}, "children": [{"name": "h", "from": [-1.97403294, 2.0311451, -0.78202105], "to": [-0.3675465, 6.0311451, 0.21797884], "rotationOrigin": [-1.17078972, 6.0311451, -0.28202111], "rotationX": 82.62496231, "rotationY": 21.01454547, "rotationZ": -107.80253541, "group": "hair-furslop0", "faces": {"north": {"texture": "#hair", "uv": [27.0, 4.99999809, 30.0, 12.0], "autoUv": false}, "east": {"texture": "#hair", "uv": [35.00000095, 4.99999809, 36.99999905, 12.0], "autoUv": false}, "south": {"texture": "#hair", "uv": [32.00000095, 4.99999809, 35.00000095, 12.0], "autoUv": false}, "west": {"texture": "#hair", "uv": [30.0, 4.99999809, 32.00000095, 12.0], "autoUv": false}, "up": {"texture": "#hair", "uv": [32.00000095, 3.0, 35.00000095, 4.99999809], "autoUv": false}, "down": {"texture": "#hair", "uv": [35.00000095, 16.99999809, 32.00000095, 15.0], "autoUv": false, "enabled": false}}, "children": []}, {"name": "h.001", "from": [-0.92280978, 1.73351073, -1.2747443], "to": [1.20245248, 5.43933868, -0.27474484], "rotationOrigin": [0.13982135, 5.43933868, -0.77474457], "rotationX": 68.87697997, "rotationY": -22.76643435, "rotationZ": -124.28419852, "group": "hair-furslop0", "faces": {"north": {"texture": "#hair", "uv": [27.0, 4.99999809, 30.0, 12.0], "autoUv": false}, "east": {"texture": "#hair", "uv": [35.00000095, 4.99999809, 36.99999905, 12.0], "autoUv": false}, "south": {"texture": "#hair", "uv": [32.00000095, 4.99999809, 35.00000095, 12.0], "autoUv": false}, "west": {"texture": "#hair", "uv": [30.0, 4.99999809, 32.00000095, 12.0], "autoUv": false}, "up": {"texture": "#hair", "uv": [32.00000095, 3.0, 35.00000095, 4.99999809], "autoUv": false}, "down": {"texture": "#hair", "uv": [35.00000095, 16.99999809, 32.00000095, 15.0], "autoUv": false, "enabled": false}}, "children": []}, {"name": "h.004", "from": [-3.03968918, 1.72140694, -0.25150788], "to": [-1.01002586, 5.72140694, 0.7484917], "rotationOrigin": [-2.02485752, 5.72140694, 0.24849191], "rotationX": 92.88946622, "rotationY": 28.39114295, "rotationZ": -139.47007229, "group": "hair-furslop0", "faces": {"north": {"texture": "#hair", "uv": [27.0, 4.99999809, 30.0, 12.0], "autoUv": false}, "east": {"texture": "#hair", "uv": [35.00000095, 4.99999809, 36.99999905, 12.0], "autoUv": false}, "south": {"texture": "#hair", "uv": [32.00000095, 4.99999809, 35.00000095, 12.0], "autoUv": false}, "west": {"texture": "#hair", "uv": [30.0, 4.99999809, 32.00000095, 12.0], "autoUv": false}, "up": {"texture": "#hair", "uv": [32.00000095, 3.0, 35.00000095, 4.99999809], "autoUv": false}, "down": {"texture": "#hair", "uv": [35.00000095, 16.99999809, 32.00000095, 15.0], "autoUv": false, "enabled": false}}, "children": []}, {"name": "h.005", "from": [-1.48263156, 1.83887124, -0.96748483], "to": [0.12385511, 5.838871, 0.03251517], "rotationOrigin": [-0.67938823, 5.838871, -0.46748483], "rotationX": 101.23991207, "rotationY": 26.84625832, "rotationZ": -88.35980088, "group": "hair-furslop0", "faces": {"north": {"texture": "#hair", "uv": [27.0, 4.99999809, 30.0, 12.0], "autoUv": false}, "east": {"texture": "#hair", "uv": [35.00000095, 4.99999809, 36.99999905, 12.0], "autoUv": false}, "south": {"texture": "#hair", "uv": [32.00000095, 4.99999809, 35.00000095, 12.0], "autoUv": false, "enabled": false}, "west": {"texture": "#hair", "uv": [30.0, 4.99999809, 32.00000095, 12.0], "autoUv": false}, "up": {"texture": "#hair", "uv": [32.00000095, 3.0, 35.00000095, 4.99999809], "autoUv": false}, "down": {"texture": "#hair", "uv": [35.00000095, 16.99999809, 32.00000095, 15.0], "autoUv": false, "enabled": false}}, "children": []}, {"name": "h.006", "from": [0.35213524, 0.5324192, -1.04652214], "to": [1.95862144, 4.71692657, -0.04652262], "rotationOrigin": [1.15537834, 4.71692657, -0.54652238], "rotationX": -150.86611997, "rotationY": -4.53641443, "rotationZ": -44.77128212, "group": "hair-furslop0", "faces": {"north": {"texture": "#hair", "uv": [27.0, 4.99999809, 30.0, 12.0], "autoUv": false}, "east": {"texture": "#hair", "uv": [35.00000095, 4.99999809, 36.99999905, 12.0], "autoUv": false}, "south": {"texture": "#hair", "uv": [32.00000095, 4.99999809, 35.00000095, 12.0], "autoUv": false}, "west": {"texture": "#hair", "uv": [30.0, 4.99999809, 32.00000095, 12.0], "autoUv": false}, "up": {"texture": "#hair", "uv": [32.00000095, 3.0, 35.00000095, 4.99999809], "autoUv": false}, "down": {"texture": "#hair", "uv": [35.00000095, 16.99999809, 32.00000095, 15.0], "autoUv": false, "enabled": false}}, "children": []}, {"name": "h.007", "from": [-3.40890455, 1.38790011, 0.01088107], "to": [-1.82075262, 5.07090569, 1.01088119], "rotationOrigin": [-2.61482859, 5.07090569, 0.51088113], "rotationX": -86.33219775, "rotationY": 116.67325042, "rotationZ": 19.03759161, "group": "hair-furslop0", "faces": {"north": {"texture": "#hair", "uv": [27.0, 4.99999809, 30.0, 12.0], "autoUv": false}, "east": {"texture": "#hair", "uv": [35.00000095, 4.99999809, 36.99999905, 12.0], "autoUv": false}, "south": {"texture": "#hair", "uv": [32.00000095, 4.99999809, 35.00000095, 12.0], "autoUv": false}, "west": {"texture": "#hair", "uv": [30.0, 4.99999809, 32.00000095, 12.0], "autoUv": false}, "up": {"texture": "#hair", "uv": [32.00000095, 3.0, 35.00000095, 4.99999809], "autoUv": false}, "down": {"texture": "#hair", "uv": [35.00000095, 16.99999809, 32.00000095, 15.0], "autoUv": false, "enabled": false}}, "children": []}, {"name": "h.008", "from": [1.03707355, 0.25803804, -0.98209986], "to": [2.92355496, 4.44254494, 0.01789996], "rotationOrigin": [1.98031425, 4.44254494, -0.48209995], "rotationX": 80.92183415, "rotationY": -45.01884916, "rotationZ": -96.50407063, "group": "hair-furslop0", "faces": {"north": {"texture": "#hair", "uv": [27.99999905, 6.0, 30.99999905, 13.00000191], "autoUv": false}, "east": {"texture": "#hair", "uv": [35.00000095, 4.99999809, 36.99999905, 12.0], "autoUv": false}, "south": {"texture": "#hair", "uv": [32.00000095, 4.99999809, 35.00000095, 12.0], "autoUv": false}, "west": {"texture": "#hair", "uv": [30.0, 4.99999809, 32.00000095, 12.0], "autoUv": false}, "up": {"texture": "#hair", "uv": [32.00000095, 3.0, 35.00000095, 4.99999809], "autoUv": false}, "down": {"texture": "#hair", "uv": [35.00000095, 16.99999809, 32.00000095, 15.0], "autoUv": false, "enabled": false}}, "children": []}, {"name": "h.009", "from": [-0.63098282, 0.85742378, -0.40510315], "to": [1.21436971, 5.2098732, 0.63503068], "rotationOrigin": [0.29169345, 5.2098732, 0.11496376], "rotationX": -96.16121563, "rotationY": 40.13907173, "rotationZ": 86.51885316, "group": "hair-furslop0", "faces": {"north": {"texture": "#hair", "uv": [27.99999905, 4.99999809, 30.99999905, 12.0], "autoUv": false}, "east": {"texture": "#hair", "uv": [35.00000095, 4.99999809, 36.99999905, 12.0], "autoUv": false}, "south": {"texture": "#hair", "uv": [32.00000095, 4.99999809, 35.00000095, 12.0], "autoUv": false}, "west": {"texture": "#hair", "uv": [30.0, 4.99999809, 32.00000095, 12.0], "autoUv": false}, "up": {"texture": "#hair", "uv": [32.00000095, 3.0, 35.00000095, 4.99999809], "autoUv": false}, "down": {"texture": "#hair", "uv": [35.00000095, 16.99999809, 32.00000095, 15.0], "autoUv": false, "enabled": false}}, "children": []}, {"name": "h.010", "from": [-0.58977801, -0.04354095, -0.96666789], "to": [1.25557476, 4.30890846, 0.07346594], "rotationOrigin": [0.33289838, 4.30890846, -0.44660097], "rotationX": -66.97632274, "rotationY": 24.92336711, "rotationZ": 99.85735201, "group": "hair-furslop0", "faces": {"north": {"texture": "#hair", "uv": [33.0, 4.00000191, 36.0, 10.99999809], "autoUv": false}, "east": {"texture": "#hair", "uv": [35.00000095, 4.99999809, 36.99999905, 12.0], "autoUv": false}, "south": {"texture": "#hair", "uv": [32.00000095, 4.99999809, 35.00000095, 12.0], "autoUv": false}, "west": {"texture": "#hair", "uv": [30.0, 4.99999809, 32.00000095, 12.0], "autoUv": false}, "up": {"texture": "#hair", "uv": [32.00000095, 3.0, 35.00000095, 4.99999809], "autoUv": false}, "down": {"texture": "#hair", "uv": [35.00000095, 16.99999809, 32.00000095, 15.0], "autoUv": false, "enabled": false}}, "children": []}, {"name": "h.011", "from": [-0.32135415, -0.2151351, -0.48697478], "to": [1.52399826, 4.13731384, 0.55315906], "rotationOrigin": [0.60132205, 4.13731384, 0.03309214], "rotationX": -89.66045331, "rotationY": 51.07193697, "rotationZ": 70.78168067, "group": "hair-furslop0", "faces": {"north": {"texture": "#hair", "uv": [29.00000095, 4.99999809, 32.00000095, 12.0], "autoUv": false}, "east": {"texture": "#hair", "uv": [35.00000095, 4.99999809, 36.99999905, 12.0], "autoUv": false}, "south": {"texture": "#hair", "uv": [32.00000095, 4.99999809, 35.00000095, 12.0], "autoUv": false}, "west": {"texture": "#hair", "uv": [30.0, 4.99999809, 32.00000095, 12.0], "autoUv": false}, "up": {"texture": "#hair", "uv": [32.00000095, 3.0, 35.00000095, 4.99999809], "autoUv": false}, "down": {"texture": "#hair", "uv": [35.00000095, 16.99999809, 32.00000095, 15.0], "autoUv": false, "enabled": false}}, "children": []}, {"name": "h.012", "from": [-0.10154271, 1.64990282, -0.8308906], "to": [1.67260599, 4.70826721, 0.16910917], "rotationOrigin": [0.78553164, 4.70826721, -0.33089072], "rotationX": -92.29250769, "rotationY": 7.22225057, "rotationZ": 111.03904104, "group": "hair-furslop0", "faces": {"north": {"texture": "#hair", "uv": [27.99999905, 4.99999809, 30.99999905, 12.0], "autoUv": false}, "east": {"texture": "#hair", "uv": [35.00000095, 4.99999809, 36.99999905, 12.0], "autoUv": false}, "south": {"texture": "#hair", "uv": [32.00000095, 4.99999809, 35.00000095, 12.0], "autoUv": false}, "west": {"texture": "#hair", "uv": [30.0, 4.99999809, 32.00000095, 12.0], "autoUv": false}, "up": {"texture": "#hair", "uv": [32.00000095, 3.0, 35.00000095, 4.99999809], "autoUv": false}, "down": {"texture": "#hair", "uv": [35.00000095, 16.99999809, 32.00000095, 15.0], "autoUv": false, "enabled": false}}, "children": []}, {"name": "h.013", "from": [-0.17737818, -1.76986837, -0.89807227], "to": [1.9704175, 2.58257866, 0.14206132], "rotationOrigin": [0.89651966, 2.58257866, -0.37800547], "rotationX": -88.45132541, "rotationY": 48.35224785, "rotationZ": 104.74168175, "group": "hair-furslop0", "faces": {"north": {"texture": "#hair", "uv": [29.00000095, 4.99999809, 33.0, 12.0], "autoUv": false}, "east": {"texture": "#hair", "uv": [35.00000095, 4.99999809, 36.99999905, 12.0], "autoUv": false}, "south": {"texture": "#hair", "uv": [30.99999905, 4.99999809, 35.00000095, 12.0], "autoUv": false}, "west": {"texture": "#hair", "uv": [30.0, 4.99999809, 32.00000095, 12.0], "autoUv": false}, "up": {"texture": "#hair", "uv": [32.00000095, 3.0, 35.00000095, 4.99999809], "autoUv": false}, "down": {"texture": "#hair", "uv": [35.00000095, 16.99999809, 32.00000095, 15.0], "autoUv": false, "enabled": false}}, "children": []}, {"name": "h.014", "from": [0.31834137, -1.94729257, -0.48237708], "to": [2.48157108, 1.99000168, 0.5176225], "rotationOrigin": [1.39995623, 1.99000168, 0.01762271], "rotationX": -96.48971357, "rotationY": 66.37271843, "rotationZ": 93.45191864, "group": "hair-furslop0", "faces": {"north": {"texture": "#hair", "uv": [27.99999905, 4.99999809, 32.00000095, 12.0], "autoUv": false}, "east": {"texture": "#hair", "uv": [35.00000095, 4.99999809, 36.99999905, 12.0], "autoUv": false}, "south": {"texture": "#hair", "uv": [32.00000095, 4.99999809, 36.0, 12.0], "autoUv": false}, "west": {"texture": "#hair", "uv": [30.0, 4.99999809, 32.00000095, 12.0], "autoUv": false}, "up": {"texture": "#hair", "uv": [32.00000095, 3.0, 35.00000095, 4.99999809], "autoUv": false}, "down": {"texture": "#hair", "uv": [35.00000095, 16.99999809, 32.00000095, 15.0], "autoUv": false, "enabled": false}}, "children": []}, {"name": "h.015", "from": [0.24600488, 1.25420237, -0.20431519], "to": [2.02015322, 4.31256676, 0.79568446], "rotationOrigin": [1.13307905, 4.31256676, 0.29568464], "rotationX": -134.08340262, "rotationY": -107.29331748, "rotationZ": 7.86089033, "group": "hair-furslop0", "faces": {"north": {"texture": "#hair", "uv": [27.99999905, 4.99999809, 30.99999905, 12.0], "autoUv": false}, "east": {"texture": "#hair", "uv": [35.00000095, 4.99999809, 36.99999905, 12.0], "autoUv": false}, "south": {"texture": "#hair", "uv": [32.00000095, 4.99999809, 35.00000095, 12.0], "autoUv": false}, "west": {"texture": "#hair", "uv": [30.0, 4.99999809, 32.00000095, 12.0], "autoUv": false}, "up": {"texture": "#hair", "uv": [32.00000095, 3.0, 35.00000095, 4.99999809], "autoUv": false}, "down": {"texture": "#hair", "uv": [35.00000095, 16.99999809, 32.00000095, 15.0], "autoUv": false, "enabled": false}}, "children": []}]}, {"name": "h.002", "from": [-3.28925443, 1.66273713, -1.00768644], "to": [-1.68276763, 5.05524635, -0.00768644], "rotationOrigin": [-2.48601103, 5.05524635, -0.50768644], "stepParentName": "b_Head", "rotationX": -60.6239736, "rotationY": 124.93215124, "rotationZ": 34.0800963, "group": "hair-furslop0", "faces": {"north": {"texture": "#hair", "uv": [27.0, 4.99999809, 30.0, 12.0], "autoUv": false}, "east": {"texture": "#hair", "uv": [35.00000095, 4.99999809, 36.99999905, 12.0], "autoUv": false}, "south": {"texture": "#hair", "uv": [32.00000095, 4.99999809, 35.00000095, 12.0], "autoUv": false}, "west": {"texture": "#hair", "uv": [30.0, 4.99999809, 32.00000095, 12.0], "autoUv": false}, "up": {"texture": "#hair", "uv": [32.00000095, 3.0, 35.00000095, 4.99999809], "autoUv": false}, "down": {"texture": "#hair", "uv": [35.00000095, 16.99999809, 32.00000095, 15.0], "autoUv": false, "enabled": false}}, "children": []}, {"name": "h.003", "from": [-3.41884971, 1.47415376, -0.58035971], "to": [-1.81236291, 4.86666298, 0.41964029], "rotationOrigin": [-2.61560631, 4.86666298, -0.08035971], "stepParentName": "b_Head", "rotationX": -70.55435831, "rotationY": 99.54031511, "rotationZ": 18.61198374, "group": "hair-furslop0", "faces": {"north": {"texture": "#hair", "uv": [27.99999905, 4.99999809, 30.99999905, 12.0], "autoUv": false}, "east": {"texture": "#hair", "uv": [36.99999905, 4.99999809, 39.0, 12.0], "autoUv": false}, "south": {"texture": "#hair", "uv": [33.0, 4.99999809, 36.0, 12.0], "autoUv": false}, "west": {"texture": "#hair", "uv": [30.99999905, 4.99999809, 33.0, 12.0], "autoUv": false}, "up": {"texture": "#hair", "uv": [33.0, 3.0, 36.0, 4.99999809], "autoUv": false}, "down": {"texture": "#hair", "uv": [36.0, 16.99999809, 33.0, 15.0], "autoUv": false, "enabled": false}}, "children": []}], "groups": []}