{"textureWidth":64,"textureHeight":64,"textures":{},"textureSizes":{"head":[64,64]},"elements":[{"name":"HornOni.008","from":[-2.202658563852,3.666860342026,0.860215783119],"to":[-1.300799459219,6.307742357254,1.762075066566],"rotationOrigin":[-1.751729011536,4.98730134964,1.311145424843],"stepParentName":"b_Head","rotationX":14.483759352018,"rotationY":6.365046884233,"rotationZ":-35.081897218842,"group":"horn-baah","faces":{"north":{"texture":"#head","uv":[36.0,42.0,40.0,52.0],"autoUv":false},"east":{"texture":"#head","uv":[48.0,42.0,52.0,52.0],"autoUv":false},"south":{"texture":"#head","uv":[44.0,42.0,48.0,52.0],"autoUv":false},"west":{"texture":"#head","uv":[40.0,42.0,44.0,52.0],"autoUv":false},"up":{"texture":"#head","uv":[40.0,38.0,44.0,42.0],"autoUv":false,"rotation":90},"down":{"texture":"#head","uv":[48.0,42.0,44.0,38.0],"autoUv":false,"rotation":270}},"children":[]},{"name":"HornOni.009","from":[-1.418592274189,4.911183834076,1.150417894125],"to":[-0.767354667187,6.927711009979,1.801655679941],"rotationOrigin":[-1.092973470688,5.919447422028,1.476036787033],"stepParentName":"b_Head","rotationX":14.483759352018,"rotationY":6.365046884233,"rotationZ":-35.081897218842,"group":"horn-baah","faces":{"north":{"texture":"#head","uv":[48.0,43.0,51.0,52.0],"autoUv":false},"east":{"texture":"#head","uv":[57.0,43.0,60.0,52.0],"autoUv":false},"south":{"texture":"#head","uv":[54.0,43.0,57.0,52.0],"autoUv":false},"west":{"texture":"#head","uv":[51.0,43.0,54.0,52.0],"autoUv":false},"up":{"texture":"#head","uv":[51.0,40.0,54.0,43.0],"autoUv":false,"rotation":90},"down":{"texture":"#head","uv":[57.0,43.0,54.0,40.0],"autoUv":false,"rotation":270}},"children":[]},{"name":"HornOni.010","from":[-0.618170499802,5.990386903286,1.43570587039],"to":[-0.212544441223,7.710976660252,1.841331988573],"rotationOrigin":[-0.415357470512,6.850681781769,1.638518929482],"stepParentName":"b_Head","rotationX":14.483762767112,"rotationY":6.365048164893,"rotationZ":-42.591649230136,"group":"horn-baah","faces":{"north":{"texture":"#head","uv":[45.0,43.0,47.0,49.0],"autoUv":false},"east":{"texture":"#head","uv":[51.0,43.0,53.0,49.0],"autoUv":false},"south":{"texture":"#head","uv":[49.0,43.0,51.0,49.0],"autoUv":false},"west":{"texture":"#head","uv":[47.0,43.0,49.0,49.0],"autoUv":false},"up":{"texture":"#head","uv":[47.0,41.0,49.0,43.0],"autoUv":false,"rotation":90},"down":{"texture":"#head","uv":[51.0,43.0,49.0,41.0],"autoUv":false,"rotation":270}},"children":[]},{"name":"HornOni.011","from":[0.179478555918,7.233417421579,1.655096836388],"to":[0.389101475477,8.031903356314,1.864719800651],"rotationOrigin":[0.284290015697,7.632660388947,1.75990831852],"stepParentName":"b_Head","rotationX":14.483757644471,"rotationY":6.365044749798,"rotationZ":-48.754047389902,"group":"horn-baah","faces":{"north":{"texture":"#head","uv":[42.0,44.0,43.0,48.0],"autoUv":false},"east":{"texture":"#head","uv":[45.0,44.0,46.0,48.0],"autoUv":false},"south":{"texture":"#head","uv":[44.0,44.0,45.0,48.0],"autoUv":false},"west":{"texture":"#head","uv":[43.0,44.0,44.0,48.0],"autoUv":false},"up":{"texture":"#head","uv":[43.0,43.0,44.0,44.0],"autoUv":false,"rotation":90},"down":{"texture":"#head","uv":[45.0,44.0,44.0,43.0],"autoUv":false,"rotation":270}},"children":[]},{"name":"HornOni.012","from":[-2.202569514513,3.658890724182,-1.813574075699],"to":[-1.30071040988,6.299772262573,-0.911714792252],"rotationOrigin":[-1.751639962196,4.979331493378,-1.362644433975],"stepParentName":"b_Head","rotationX":-13.73686023703,"rotationY":-7.868771513506,"rotationZ":-35.221547266612,"group":"horn-baah","faces":{"north":{"texture":"#head","uv":[48.0,44.0,44.0,54.0],"autoUv":false},"east":{"texture":"#head","uv":[52.0,44.0,48.0,54.0],"autoUv":false},"south":{"texture":"#head","uv":[40.0,44.0,36.0,54.0],"autoUv":false},"west":{"texture":"#head","uv":[44.0,44.0,40.0,54.0],"autoUv":false},"up":{"texture":"#head","uv":[44.0,40.0,40.0,44.0],"autoUv":false,"rotation":90},"down":{"texture":"#head","uv":[44.0,44.0,48.0,40.0],"autoUv":false,"rotation":270}},"children":[]},{"name":"HornOni.013","from":[-1.418379127979,4.907889008522,-1.823531776667],"to":[-0.767141520977,6.924415946007,-1.17229399085],"rotationOrigin":[-1.092760324478,5.916152477264,-1.497912883759],"stepParentName":"b_Head","rotationX":-13.73686023703,"rotationY":-7.868771513506,"rotationZ":-35.221547266612,"group":"horn-baah","faces":{"north":{"texture":"#head","uv":[57.0,45.0,54.0,54.0],"autoUv":false},"east":{"texture":"#head","uv":[60.0,45.0,57.0,54.0],"autoUv":false},"south":{"texture":"#head","uv":[51.0,45.0,48.0,54.0],"autoUv":false},"west":{"texture":"#head","uv":[54.0,45.0,51.0,54.0],"autoUv":false},"up":{"texture":"#head","uv":[54.0,42.0,51.0,45.0],"autoUv":false,"rotation":90},"down":{"texture":"#head","uv":[54.0,45.0,57.0,42.0],"autoUv":false,"rotation":270}},"children":[]},{"name":"HornOni.014","from":[-0.617905080318,5.991801202297,-1.833106428385],"to":[-0.21227902174,7.712390959263,-1.427480310202],"rotationOrigin":[-0.415092051029,6.85209608078,-1.630293369293],"stepParentName":"b_Head","rotationX":-13.736856821936,"rotationY":-7.868768952185,"rotationZ":-42.731302693001,"group":"horn-baah","faces":{"north":{"texture":"#head","uv":[51.0,45.0,49.0,51.0],"autoUv":false},"east":{"texture":"#head","uv":[53.0,45.0,51.0,51.0],"autoUv":false},"south":{"texture":"#head","uv":[47.0,45.0,45.0,51.0],"autoUv":false},"west":{"texture":"#head","uv":[49.0,45.0,47.0,51.0],"autoUv":false},"up":{"texture":"#head","uv":[49.0,43.0,47.0,45.0],"autoUv":false,"rotation":90},"down":{"texture":"#head","uv":[49.0,45.0,51.0,43.0],"autoUv":false,"rotation":270}},"children":[]},{"name":"HornOni.015","from":[0.179360762239,7.239100396633,-1.82781868428],"to":[0.3889837116,8.037586271763,-1.618195720017],"rotationOrigin":[0.284172236919,7.638343334198,-1.723007202148],"stepParentName":"b_Head","rotationX":-13.736857675709,"rotationY":-7.868768098411,"rotationZ":-48.893704267861,"group":"horn-baah","faces":{"north":{"texture":"#head","uv":[45.0,46.0,44.0,50.0],"autoUv":false},"east":{"texture":"#head","uv":[46.0,46.0,45.0,50.0],"autoUv":false},"south":{"texture":"#head","uv":[43.0,46.0,42.0,50.0],"autoUv":false},"west":{"texture":"#head","uv":[44.0,46.0,43.0,50.0],"autoUv":false},"up":{"texture":"#head","uv":[44.0,45.0,43.0,46.0],"autoUv":false,"rotation":90},"down":{"texture":"#head","uv":[44.0,46.0,45.0,45.0],"autoUv":false,"rotation":270}},"children":[]}],"groups":[]}