{"textureWidth":64,"textureHeight":64,"textures":{},"textureSizes":{"head":[64,64]},"elements":[{"name":"HornDragon0R.006","from":[-1.74394595623,5.133843481541,-2.138482391834],"to":[-0.742796421051,6.665960133076,-1.050452470779],"rotationOrigin":[-1.243371129036,5.899901866913,-1.594467401505],"stepParentName":"b_Head","rotationX":-3.550379501567,"rotationY":15.819995363124,"rotationZ":-59.308158148243,"group":"horn-dragon0R.001","faces":{"north":{"texture":"#head","uv":[47.0,40.0,43.0,52.0],"autoUv":false},"east":{"texture":"#head","uv":[51.0,40.0,47.0,52.0],"autoUv":false},"south":{"texture":"#head","uv":[39.0,40.0,35.0,52.0],"autoUv":false},"west":{"texture":"#head","uv":[43.0,40.0,39.0,52.0],"autoUv":false},"up":{"texture":"#head","uv":[43.0,36.0,39.0,40.0],"autoUv":false,"rotation":90},"down":{"texture":"#head","uv":[43.0,40.0,47.0,36.0],"autoUv":false,"rotation":270}},"children":[]},{"name":"HornDragon0R.007","from":[-0.875664144754,5.771886229515,-2.326522231102],"to":[-0.087076574564,6.72140276432,-1.445859283209],"rotationOrigin":[-0.481370359659,6.246644496918,-1.886190772057],"stepParentName":"b_Head","rotationX":-10.337719266378,"rotationY":27.250467203302,"rotationZ":-79.27469988478,"group":"horn-dragon0R.001","faces":{"north":{"texture":"#head","uv":[51.0,45.0,48.0,54.0],"autoUv":false},"east":{"texture":"#head","uv":[54.0,45.0,51.0,54.0],"autoUv":false},"south":{"texture":"#head","uv":[45.0,45.0,42.0,54.0],"autoUv":false},"west":{"texture":"#head","uv":[48.0,45.0,45.0,54.0],"autoUv":false},"up":{"texture":"#head","uv":[48.0,42.0,45.0,45.0],"autoUv":false,"rotation":90},"down":{"texture":"#head","uv":[48.0,45.0,51.0,42.0],"autoUv":false,"rotation":270}},"children":[]},{"name":"HornDragon0R.008","from":[-2.521562576294,4.353963971138,-2.011348009109],"to":[-1.164793968201,5.875286877155,-0.664202928543],"rotationOrigin":[-1.843178272247,5.114625453949,-1.337775468826],"stepParentName":"b_Head","rotationX":-7.888340859251,"rotationY":18.739016723807,"rotationZ":-23.336820035304,"group":"horn-dragon0R.001","faces":{"north":{"texture":"#head","uv":[48.0,42.0,44.0,52.0],"autoUv":false},"east":{"texture":"#head","uv":[52.0,42.0,48.0,52.0],"autoUv":false},"south":{"texture":"#head","uv":[40.0,42.0,36.0,52.0],"autoUv":false},"west":{"texture":"#head","uv":[44.0,42.0,40.0,52.0],"autoUv":false},"up":{"texture":"#head","uv":[44.0,38.0,40.0,42.0],"autoUv":false,"rotation":90},"down":{"texture":"#head","uv":[44.0,42.0,48.0,38.0],"autoUv":false,"rotation":270}},"children":[]},{"name":"HornDragon0R.009","from":[-0.201090067625,5.887082099915,-2.430743932724],"to":[0.390619844198,6.785146713257,-1.823229551315],"rotationOrigin":[0.094764888287,6.336114406586,-2.12698674202],"stepParentName":"b_Head","rotationX":94.371364554421,"rotationY":18.954749956289,"rotationZ":-95.882769304529,"group":"horn-dragon0R.001","faces":{"north":{"texture":"#head","uv":[44.0,49.0,42.0,55.0],"autoUv":false},"east":{"texture":"#head","uv":[46.0,49.0,44.0,55.0],"autoUv":false},"south":{"texture":"#head","uv":[40.0,49.0,38.0,55.0],"autoUv":false},"west":{"texture":"#head","uv":[42.0,49.0,40.0,55.0],"autoUv":false},"up":{"texture":"#head","uv":[42.0,47.0,40.0,49.0],"autoUv":false,"rotation":90},"down":{"texture":"#head","uv":[42.0,49.0,44.0,47.0],"autoUv":false,"rotation":270}},"children":[]},{"name":"HornDragon0R.010","from":[0.388283744454,6.334600120783,-2.391100525856],"to":[0.857008084655,6.800103515387,-1.920469179749],"rotationOrigin":[0.622645914555,6.567351818085,-2.155784845352],"stepParentName":"b_Head","rotationX":99.413594614832,"rotationY":32.834659113976,"rotationZ":-91.136088359694,"group":"horn-dragon0R.001","faces":{"north":{"texture":"#head","uv":[50.0,46.0,48.0,52.0],"autoUv":false},"east":{"texture":"#head","uv":[52.0,46.0,50.0,52.0],"autoUv":false},"south":{"texture":"#head","uv":[46.0,46.0,44.0,52.0],"autoUv":false},"west":{"texture":"#head","uv":[48.0,46.0,46.0,52.0],"autoUv":false},"up":{"texture":"#head","uv":[48.0,44.0,46.0,46.0],"autoUv":false,"rotation":90},"down":{"texture":"#head","uv":[48.0,46.0,50.0,44.0],"autoUv":false,"rotation":270}},"children":[]},{"name":"HornDragon0R.011","from":[0.758290454745,6.363892585039,-2.247467279434],"to":[1.06126947701,7.200681656599,-1.946776628494],"rotationOrigin":[0.909779965878,6.782287120819,-2.097121953964],"stepParentName":"b_Head","rotationX":99.085643081834,"rotationY":33.718130422738,"rotationZ":-79.659137082214,"group":"horn-dragon0R.001","faces":{"north":{"texture":"#head","uv":[51.0,44.0,50.0,50.0],"autoUv":false},"east":{"texture":"#head","uv":[52.0,44.0,51.0,50.0],"autoUv":false},"south":{"texture":"#head","uv":[49.0,44.0,48.0,50.0],"autoUv":false},"west":{"texture":"#head","uv":[50.0,44.0,49.0,50.0],"autoUv":false},"up":{"texture":"#head","uv":[50.0,43.0,49.0,44.0],"autoUv":false,"rotation":90},"down":{"texture":"#head","uv":[50.0,44.0,51.0,43.0],"autoUv":false,"rotation":270}},"children":[]},{"name":"HornDragon0R.012","from":[0.758289048164,6.363893533849,1.946774193665],"to":[1.061268022568,7.200682674742,2.247464916089],"rotationOrigin":[0.909778773785,6.782288074493,2.097119569778],"stepParentName":"b_Head","rotationX":-99.085704553537,"rotationY":-33.718127007644,"rotationZ":-79.659157572781,"group":"horn-dragon0R.001","faces":{"north":{"texture":"#head","uv":[48.0,44.0,49.0,50.0],"autoUv":false},"east":{"texture":"#head","uv":[51.0,44.0,52.0,50.0],"autoUv":false},"south":{"texture":"#head","uv":[50.0,44.0,51.0,50.0],"autoUv":false},"west":{"texture":"#head","uv":[49.0,44.0,50.0,50.0],"autoUv":false},"up":{"texture":"#head","uv":[49.0,43.0,50.0,44.0],"autoUv":false,"rotation":90},"down":{"texture":"#head","uv":[51.0,44.0,50.0,43.0],"autoUv":false,"rotation":270}},"children":[]},{"name":"HornDragon0R.013","from":[-1.743945717812,5.133844480876,1.050449880601],"to":[-0.742796182632,6.665961279508,2.138479915618],"rotationOrigin":[-1.243371009827,5.899902820587,1.5944647789],"stepParentName":"b_Head","rotationX":3.550354315244,"rotationY":-15.819995363124,"rotationZ":-59.308158148243,"group":"horn-dragon0R.001","faces":{"north":{"texture":"#head","uv":[35.0,40.0,39.0,52.0],"autoUv":false},"east":{"texture":"#head","uv":[47.0,40.0,51.0,52.0],"autoUv":false},"south":{"texture":"#head","uv":[43.0,40.0,47.0,52.0],"autoUv":false},"west":{"texture":"#head","uv":[39.0,40.0,43.0,52.0],"autoUv":false},"up":{"texture":"#head","uv":[39.0,36.0,43.0,40.0],"autoUv":false,"rotation":90},"down":{"texture":"#head","uv":[47.0,40.0,43.0,36.0],"autoUv":false,"rotation":270}},"children":[]},{"name":"HornDragon0R.014","from":[-0.875664776904,5.771887183189,1.445855286141],"to":[-0.087077313321,6.721403717995,2.326517913322],"rotationOrigin":[-0.481371074915,6.246645450592,1.886186718941],"stepParentName":"b_Head","rotationX":10.337682554111,"rotationY":-27.250472325944,"rotationZ":-79.274706714969,"group":"horn-dragon0R.001","faces":{"north":{"texture":"#head","uv":[42.0,45.0,45.0,54.0],"autoUv":false},"east":{"texture":"#head","uv":[51.0,45.0,54.0,54.0],"autoUv":false},"south":{"texture":"#head","uv":[48.0,45.0,51.0,54.0],"autoUv":false},"west":{"texture":"#head","uv":[45.0,45.0,48.0,54.0],"autoUv":false},"up":{"texture":"#head","uv":[45.0,42.0,48.0,45.0],"autoUv":false,"rotation":90},"down":{"texture":"#head","uv":[51.0,45.0,48.0,42.0],"autoUv":false,"rotation":270}},"children":[]},{"name":"HornDragon0R.015","from":[-2.521563529968,4.353964984417,0.664200901985],"to":[-1.164795100689,5.875287890434,2.011345863342],"rotationOrigin":[-1.843179345131,5.114626407623,1.337773561478],"stepParentName":"b_Head","rotationX":7.888316099816,"rotationY":-18.739020138902,"rotationZ":-23.336821742851,"group":"horn-dragon0R.001","faces":{"north":{"texture":"#head","uv":[36.0,42.0,40.0,52.0],"autoUv":false},"east":{"texture":"#head","uv":[48.0,42.0,52.0,52.0],"autoUv":false},"south":{"texture":"#head","uv":[44.0,42.0,48.0,52.0],"autoUv":false},"west":{"texture":"#head","uv":[40.0,42.0,44.0,52.0],"autoUv":false},"up":{"texture":"#head","uv":[40.0,38.0,44.0,42.0],"autoUv":false,"rotation":90},"down":{"texture":"#head","uv":[48.0,42.0,44.0,38.0],"autoUv":false,"rotation":270}},"children":[]},{"name":"HornDragon0R.016","from":[-0.201091927537,5.887084847804,1.823226768002],"to":[0.39061836625,6.785149687413,2.430740993991],"rotationOrigin":[0.094763338566,6.336117267609,2.126983880997],"stepParentName":"b_Head","rotationX":-94.371398705367,"rotationY":-18.954760201573,"rotationZ":-95.882776134718,"group":"horn-dragon0R.001","faces":{"north":{"texture":"#head","uv":[38.0,49.0,40.0,55.0],"autoUv":false},"east":{"texture":"#head","uv":[44.0,49.0,46.0,55.0],"autoUv":false},"south":{"texture":"#head","uv":[42.0,49.0,44.0,55.0],"autoUv":false},"west":{"texture":"#head","uv":[40.0,49.0,42.0,55.0],"autoUv":false},"up":{"texture":"#head","uv":[40.0,47.0,42.0,49.0],"autoUv":false,"rotation":90},"down":{"texture":"#head","uv":[44.0,49.0,42.0,47.0],"autoUv":false,"rotation":270}},"children":[]},{"name":"HornDragon0R.017","from":[0.388283683918,6.334599167109,1.92046488734],"to":[0.857007906773,6.80010253191,2.391096160691],"rotationOrigin":[0.622645795345,6.56735086441,2.155780553818],"stepParentName":"b_Head","rotationX":-99.413628765778,"rotationY":-32.834659113976,"rotationZ":-91.136081529505,"group":"horn-dragon0R.001","faces":{"north":{"texture":"#head","uv":[44.0,46.0,46.0,52.0],"autoUv":false},"east":{"texture":"#head","uv":[50.0,46.0,52.0,52.0],"autoUv":false},"south":{"texture":"#head","uv":[48.0,46.0,50.0,52.0],"autoUv":false},"west":{"texture":"#head","uv":[46.0,46.0,48.0,52.0],"autoUv":false},"up":{"texture":"#head","uv":[46.0,44.0,48.0,46.0],"autoUv":false,"rotation":90},"down":{"texture":"#head","uv":[50.0,46.0,48.0,44.0],"autoUv":false,"rotation":270}},"children":[]}],"groups":[]}