{"textureWidth": 64, "textureHeight": 64, "textures": {"wings": "kemono:entity/avali/wings/avali-wings"}, "textureSizes": {"wings": [64, 64], "disable": [64, 64]}, "elements": [{"name": "Cube", "from": [-0.0940329432, -1.3094455776, 0.9190432879], "to": [4.9196355617, 0.6690112678, 1.2794220594], "rotationOrigin": [0.622205317, -0.2485938668, 1.0992326736], "stepParentName": "b_WingL", "rotationX": 102.0439619359, "rotationY": -17.9198584763, "rotationZ": 89.4504249933, "group": "wings-avali0", "faces": {"north": {"texture": "#wings", "uv": [24.5614032745, 0.060333252, 0, 8.8996620178], "autoUv": false}, "east": {"texture": "#wings", "uv": [49.9999961853, 61.5, 49.9999961853, 61.5000002384], "autoUv": false, "rotation": 180, "enabled": false}, "south": {"texture": "#wings", "uv": [0, 0.0603408813, 24.5614051819, 8.8996543884], "autoUv": false}, "west": {"texture": "#wings", "uv": [43.6418952942, 7.6294e-06, 66.3068389893, 64.0000000442], "autoUv": false, "rotation": 270}, "up": {"texture": "#wings", "uv": [50, 61.5, 50, 61.5], "autoUv": false, "rotation": 180, "enabled": false}, "down": {"texture": "#wings", "uv": [50, 61.5, 50, 61.5], "autoUv": false, "rotation": 180, "enabled": false}}, "children": []}, {"name": "Cube.001", "from": [1.1038743258, -1.3976355154, 0.875141606], "to": [8.2662582946, 1.1808213848, 1.2355203775], "rotationOrigin": [1.820112586, -0.0367837772, 1.0553309917], "stepParentName": "b_WingL", "rotationX": -77.956043073, "rotationY": 17.9198550612, "rotationZ": -89.4504113329, "group": "wings-avali0", "faces": {"north": {"texture": "#wings", "uv": [34.2857170105, 10.0000038147, 0, 22], "autoUv": false}, "east": {"texture": "#wings", "uv": [49.9999961853, 61.5, 49.9999961853, 61.5000002384], "autoUv": false, "rotation": 180, "enabled": false}, "south": {"texture": "#wings", "uv": [0, 10, 34.2857170105, 22], "autoUv": false}, "west": {"texture": "#wings", "uv": [40.2051353455, 3.8147e-06, 69.7435913086, 64.0000002384], "autoUv": false, "rotation": 270}, "up": {"texture": "#wings", "uv": [50, 61.5, 50, 61.5], "autoUv": false, "rotation": 180, "enabled": false}, "down": {"texture": "#wings", "uv": [50, 61.5, 50, 61.5], "autoUv": false, "rotation": 180, "enabled": false}}, "children": []}, {"name": "Cube.002", "from": [2.6019554138, -1.20244481, 0.8319816443], "to": [9.7643393826, 1.3760120902, 1.1923604158], "rotationOrigin": [3.3181936741, 0.1584069282, 1.01217103], "stepParentName": "b_WingL", "rotationX": 102.0439619359, "rotationY": -17.9198584763, "rotationZ": 89.4504249933, "group": "wings-avali0", "faces": {"north": {"texture": "#wings", "uv": [35, 22, 0, 34], "autoUv": false}, "east": {"texture": "#wings", "uv": [49.9999961853, 61.5, 49.9999961853, 61.5000002384], "autoUv": false, "rotation": 180, "enabled": false}, "south": {"texture": "#wings", "uv": [0, 22, 35, 34], "autoUv": false}, "west": {"texture": "#wings", "uv": [40.2051353455, 3.8147e-06, 69.7435913086, 64.0000002384], "autoUv": false, "rotation": 270}, "up": {"texture": "#wings", "uv": [50, 61.5, 50, 61.5], "autoUv": false, "rotation": 180, "enabled": false}, "down": {"texture": "#wings", "uv": [50, 61.5, 50, 61.5], "autoUv": false, "rotation": 180, "enabled": false}}, "children": []}, {"name": "Cube.003", "from": [4.3196957111, -1.391426101, 0.8464535328], "to": [11.4820796799, 1.1870307993, 1.2068323043], "rotationOrigin": [5.0359339714, -0.0305743627, 1.0266429186], "stepParentName": "b_WingL", "rotationX": 102.0439619359, "rotationY": -17.9198584763, "rotationZ": 89.4504249933, "group": "wings-avali0", "faces": {"north": {"texture": "#wings", "uv": [34.2857170105, 10.0000038147, 0, 22], "autoUv": false}, "east": {"texture": "#wings", "uv": [49.9999961853, 61.5, 49.9999961853, 61.5000002384], "autoUv": false, "rotation": 180, "enabled": false}, "south": {"texture": "#wings", "uv": [0, 10, 34.2857170105, 22], "autoUv": false}, "west": {"texture": "#wings", "uv": [40.2051353455, 3.8147e-06, 69.7435913086, 64.0000002384], "autoUv": false, "rotation": 270}, "up": {"texture": "#wings", "uv": [50, 61.5, 50, 61.5], "autoUv": false, "rotation": 180, "enabled": false}, "down": {"texture": "#wings", "uv": [50, 61.5, 50, 61.5], "autoUv": false, "rotation": 180, "enabled": false}}, "children": []}, {"name": "Cube.005", "from": [-0.0950947404, -1.3945641098, -1.1416955141], "to": [4.9185737646, 0.5838927356, -0.7813167426], "rotationOrigin": [0.6211435199, -0.333712399, -0.9615061283], "stepParentName": "b_WingR", "rotationX": -102.0456421624, "rotationY": 17.7580939835, "rotationZ": 89.4508894462, "group": "wings-avali0", "faces": {"north": {"texture": "#wings", "uv": [24.5614032745, 0.0603294373, 0, 8.8996582031], "autoUv": false}, "east": {"texture": "#wings", "uv": [49.9999961853, 61.5, 49.9999961853, 61.5000002384], "autoUv": false, "rotation": 180, "enabled": false}, "south": {"texture": "#wings", "uv": [0, 0.0603370667, 24.5614051819, 8.8996582031], "autoUv": false}, "west": {"texture": "#wings", "uv": [43.6418952942, 7.6294e-06, 66.3068313599, 64.0000000442], "autoUv": false, "rotation": 270}, "up": {"texture": "#wings", "uv": [50, 61.5, 50, 61.5], "autoUv": false, "rotation": 180, "enabled": false}, "down": {"texture": "#wings", "uv": [50, 61.5, 50, 61.5], "autoUv": false, "rotation": 180, "enabled": false}}, "children": []}, {"name": "Cube.006", "from": [1.1028147936, -1.8692619536, -1.0141352561], "to": [8.2651987624, 0.7091949466, -0.6537564847], "rotationOrigin": [1.8190530539, -0.5084102154, -0.8339458704], "stepParentName": "b_WingR", "rotationX": 77.9543696767, "rotationY": -17.7581127665, "rotationZ": -89.4508757858, "group": "wings-avali0", "faces": {"north": {"texture": "#wings", "uv": [34.2857170105, 10.0000038147, 0, 22], "autoUv": false}, "east": {"texture": "#wings", "uv": [49.9999961853, 61.5, 49.9999961853, 61.5000002384], "autoUv": false, "rotation": 180, "enabled": false}, "south": {"texture": "#wings", "uv": [0, 10, 34.2857170105, 22], "autoUv": false}, "west": {"texture": "#wings", "uv": [40.2051353455, 3.8147e-06, 69.7435913086, 64.0000002384], "autoUv": false, "rotation": 270}, "up": {"texture": "#wings", "uv": [50, 61.5, 50, 61.5], "autoUv": false, "rotation": 180, "enabled": false}, "down": {"texture": "#wings", "uv": [50, 61.5, 50, 61.5], "autoUv": false, "rotation": 180, "enabled": false}}, "children": []}, {"name": "Cube.007", "from": [2.6008958817, -2.0291349623, -0.8941226152], "to": [9.7632798505, 0.5493219379, -0.5337438437], "rotationOrigin": [3.3171341419, -0.6682832241, -0.7139332294], "stepParentName": "b_WingR", "rotationX": -102.0456421624, "rotationY": 17.7580939835, "rotationZ": 89.4508894462, "group": "wings-avali0", "faces": {"north": {"texture": "#wings", "uv": [35, 22, 0, 34], "autoUv": false}, "east": {"texture": "#wings", "uv": [49.9999961853, 61.5, 49.9999961853, 61.5000002384], "autoUv": false, "rotation": 180, "enabled": false}, "south": {"texture": "#wings", "uv": [0, 22, 35, 34], "autoUv": false}, "west": {"texture": "#wings", "uv": [40.2051353455, 3.8147e-06, 69.7435913086, 64.0000002384], "autoUv": false, "rotation": 270}, "up": {"texture": "#wings", "uv": [50, 61.5, 50, 61.5], "autoUv": false, "rotation": 180, "enabled": false}, "down": {"texture": "#wings", "uv": [50, 61.5, 50, 61.5], "autoUv": false, "rotation": 180, "enabled": false}}, "children": []}, {"name": "Cube.008", "from": [4.3186380863, -1.8630524609, -0.9854471234], "to": [11.4810220551, 0.7154044393, -0.6250683519], "rotationOrigin": [5.0348763466, -0.5022007227, -0.8052577376], "stepParentName": "b_WingR", "rotationX": -102.0456421624, "rotationY": 17.7580939835, "rotationZ": 89.4508894462, "group": "wings-avali0", "faces": {"north": {"texture": "#wings", "uv": [34.2857170105, 10.0000038147, 0, 22], "autoUv": false}, "east": {"texture": "#wings", "uv": [49.9999961853, 61.5, 49.9999961853, 61.5000002384], "autoUv": false, "rotation": 180, "enabled": false}, "south": {"texture": "#wings", "uv": [0, 10, 34.2857170105, 22], "autoUv": false}, "west": {"texture": "#wings", "uv": [40.2051353455, 3.8147e-06, 69.7435913086, 64.0000002384], "autoUv": false, "rotation": 270}, "up": {"texture": "#wings", "uv": [50, 61.5, 50, 61.5], "autoUv": false, "rotation": 180, "enabled": false}, "down": {"texture": "#wings", "uv": [50, 61.5, 50, 61.5], "autoUv": false, "rotation": 180, "enabled": false}}, "children": []}], "groups": []}