{"textureWidth":64,"textureHeight":64,"textures":{},"textureSizes":{"head":[64,64]},"elements":[{"name":"HornDragon1R.002","from":[-1.935151278973,6.400540828705,-2.219480574131],"to":[-0.685293614864,8.865409851074,-0.861158967018],"rotationOrigin":[-1.310225248337,6.400540828705,-1.540319919586],"stepParentName":"b_Head","rotationX":-3.106773656013,"rotationY":10.547857720156,"rotationZ":-77.35645491676,"group":"horn-dragon1R","faces":{"north":{"texture":"#head","uv":[48.0,44.0,45.0,52.0],"autoUv":false},"east":{"texture":"#head","uv":[51.0,44.0,48.0,52.0],"autoUv":false},"south":{"texture":"#head","uv":[42.0,44.0,39.0,52.0],"autoUv":false},"west":{"texture":"#head","uv":[45.0,44.0,42.0,52.0],"autoUv":false},"up":{"texture":"#head","uv":[45.0,40.0,42.0,44.0],"autoUv":false,"rotation":90},"down":{"texture":"#head","uv":[45.0,44.0,48.0,40.0],"autoUv":false,"rotation":270}},"children":[]},{"name":"HornDragon1R.001","from":[0.179895818233,6.953796276384,-2.40629824996],"to":[1.229602754116,9.046295166016,-1.415518969297],"rotationOrigin":[0.704749286175,6.953795909882,-1.910908341408],"stepParentName":"b_Head","rotationX":-3.171335378812,"rotationY":22.590859217554,"rotationZ":-96.870004847163,"group":"horn-dragon1R","faces":{"north":{"texture":"#head","uv":[49.0,41.0,47.0,46.0],"autoUv":false},"east":{"texture":"#head","uv":[51.0,41.0,49.0,46.0],"autoUv":false},"south":{"texture":"#head","uv":[45.0,41.0,43.0,46.0],"autoUv":false},"west":{"texture":"#head","uv":[47.0,41.0,45.0,46.0],"autoUv":false},"up":{"texture":"#head","uv":[47.0,39.0,45.0,41.0],"autoUv":false,"rotation":90},"down":{"texture":"#head","uv":[47.0,41.0,49.0,39.0],"autoUv":false,"rotation":270}},"children":[]},{"name":"HornDragon1R","from":[-3.128505170345,4.653199771592,-1.974586427212],"to":[-1.595467567444,7.080225467682,-0.452422738075],"rotationOrigin":[-2.361984968185,4.653199672699,-1.213505029678],"stepParentName":"b_Head","rotationX":-3.18890027748,"rotationY":12.601588881873,"rotationZ":-37.507826732774,"group":"horn-dragon1R","faces":{"north":{"texture":"#head","uv":[47.0,42.0,44.0,49.0],"autoUv":false},"east":{"texture":"#head","uv":[50.0,42.0,47.0,49.0],"autoUv":false},"south":{"texture":"#head","uv":[41.0,42.0,38.0,49.0],"autoUv":false},"west":{"texture":"#head","uv":[44.0,42.0,41.0,49.0],"autoUv":false},"up":{"texture":"#head","uv":[44.0,38.0,41.0,42.0],"autoUv":false,"rotation":90},"down":{"texture":"#head","uv":[44.0,42.0,47.0,38.0],"autoUv":false,"rotation":270}},"children":[]},{"name":"HornDragon1R.003","from":[1.833212375641,6.604162044768,-3.018421888351],"to":[2.70237159729,7.958828091621,-2.126048237085],"rotationOrigin":[2.267791986465,6.604161739349,-2.572232246399],"stepParentName":"b_Head","rotationX":92.641113713117,"rotationY":16.38394017723,"rotationZ":-103.910843881368,"group":"horn-dragon1R","faces":{"north":{"texture":"#head","uv":[44.0,49.0,42.0,53.0],"autoUv":false},"east":{"texture":"#head","uv":[46.0,49.0,44.0,53.0],"autoUv":false},"south":{"texture":"#head","uv":[40.0,49.0,38.0,53.0],"autoUv":false},"west":{"texture":"#head","uv":[42.0,49.0,40.0,53.0],"autoUv":false},"up":{"texture":"#head","uv":[42.0,47.0,40.0,49.0],"autoUv":false,"rotation":90},"down":{"texture":"#head","uv":[42.0,49.0,44.0,47.0],"autoUv":false,"rotation":270}},"children":[]},{"name":"HornDragon1R.004","from":[2.921335846186,6.882226816845,-3.228344351053],"to":[3.609842151403,7.884666204453,-2.537036836147],"rotationOrigin":[3.265588998795,6.882228374481,-2.882687807083],"stepParentName":"b_Head","rotationX":95.186506650727,"rotationY":29.275471443144,"rotationZ":-91.69044017311,"group":"horn-dragon1R","faces":{"north":{"texture":"#head","uv":[50.0,46.0,48.0,49.0],"autoUv":false},"east":{"texture":"#head","uv":[52.0,46.0,50.0,49.0],"autoUv":false},"south":{"texture":"#head","uv":[46.0,46.0,44.0,49.0],"autoUv":false},"west":{"texture":"#head","uv":[48.0,46.0,46.0,49.0],"autoUv":false},"up":{"texture":"#head","uv":[48.0,44.0,46.0,46.0],"autoUv":false,"rotation":90},"down":{"texture":"#head","uv":[48.0,46.0,50.0,44.0],"autoUv":false,"rotation":270}},"children":[]},{"name":"HornDragon1R.005","from":[3.590064510703,7.105735179804,-3.131568863988],"to":[4.035108581185,8.271033525467,-2.689886137843],"rotationOrigin":[3.812586545944,7.105735301971,-2.910727500916],"stepParentName":"b_Head","rotationX":99.621348478817,"rotationY":47.193376485311,"rotationZ":-91.904163622429,"group":"horn-dragon1R","faces":{"north":{"texture":"#head","uv":[45.0,39.0,44.0,42.0],"autoUv":false},"east":{"texture":"#head","uv":[46.0,39.0,45.0,42.0],"autoUv":false},"south":{"texture":"#head","uv":[43.0,39.0,42.0,42.0],"autoUv":false},"west":{"texture":"#head","uv":[44.0,39.0,43.0,42.0],"autoUv":false},"up":{"texture":"#head","uv":[44.0,38.0,43.0,39.0],"autoUv":false,"rotation":90},"down":{"texture":"#head","uv":[44.0,39.0,45.0,38.0],"autoUv":false,"rotation":270}},"children":[]},{"name":"HornDragon1R.006","from":[-1.194440484047,6.541278722626,-2.068076431751],"to":[-0.168952941895,8.139596939087,-1.015199244022],"rotationOrigin":[-0.681696712971,6.541278362274,-1.541634559631],"stepParentName":"b_Head","rotationX":93.025441627524,"rotationY":33.111257869699,"rotationZ":-104.819149757953,"group":"horn-dragon1R","faces":{"north":{"texture":"#head","uv":[44.0,43.0,42.0,47.0],"autoUv":false},"east":{"texture":"#head","uv":[46.0,43.0,44.0,47.0],"autoUv":false},"south":{"texture":"#head","uv":[40.0,43.0,38.0,47.0],"autoUv":false},"west":{"texture":"#head","uv":[42.0,43.0,40.0,47.0],"autoUv":false},"up":{"texture":"#head","uv":[42.0,41.0,40.0,43.0],"autoUv":false,"rotation":90},"down":{"texture":"#head","uv":[42.0,43.0,44.0,41.0],"autoUv":false,"rotation":270}},"children":[]},{"name":"HornDragon1R.007","from":[-0.055077493191,7.194676945622,-2.315756499767],"to":[0.75726467371,8.377416729927,-1.500109225512],"rotationOrigin":[0.35109359026,7.194678783417,-1.90792953968],"stepParentName":"b_Head","rotationX":96.510504670388,"rotationY":45.938035527187,"rotationZ":-93.837025195273,"group":"horn-dragon1R","faces":{"north":{"texture":"#head","uv":[50.0,49.0,48.0,52.0],"autoUv":false},"east":{"texture":"#head","uv":[52.0,49.0,50.0,52.0],"autoUv":false},"south":{"texture":"#head","uv":[46.0,49.0,44.0,52.0],"autoUv":false},"west":{"texture":"#head","uv":[48.0,49.0,46.0,52.0],"autoUv":false},"up":{"texture":"#head","uv":[48.0,47.0,46.0,49.0],"autoUv":false,"rotation":90},"down":{"texture":"#head","uv":[48.0,49.0,50.0,47.0],"autoUv":false,"rotation":270}},"children":[]},{"name":"HornDragon1R.008","from":[0.703296840191,7.79297961783,-2.198621422052],"to":[1.2283872962,8.741346478462,-1.677496999502],"rotationOrigin":[0.965842068195,7.792979717255,-1.938059210777],"stepParentName":"b_Head","rotationX":100.173282405267,"rotationY":50.785564215117,"rotationZ":-95.055510452636,"group":"horn-dragon1R","faces":{"north":{"texture":"#head","uv":[51.0,47.0,50.0,50.0],"autoUv":false},"east":{"texture":"#head","uv":[52.0,47.0,51.0,50.0],"autoUv":false},"south":{"texture":"#head","uv":[49.0,47.0,48.0,50.0],"autoUv":false},"west":{"texture":"#head","uv":[50.0,47.0,49.0,50.0],"autoUv":false},"up":{"texture":"#head","uv":[50.0,46.0,49.0,47.0],"autoUv":false,"rotation":90},"down":{"texture":"#head","uv":[50.0,47.0,51.0,46.0],"autoUv":false,"rotation":270}},"children":[]},{"name":"HornDragon1R.009","from":[-2.481273055077,5.50761114067,-1.852641046047],"to":[-1.464678406715,7.128258466721,-0.83191037178],"rotationOrigin":[-1.972975730896,5.507613658905,-1.342271566391],"stepParentName":"b_Head","rotationX":-22.221515030638,"rotationY":114.25378568114,"rotationZ":11.676544772953,"group":"horn-dragon1R","faces":{"north":{"texture":"#head","uv":[50.0,48.0,48.0,52.0],"autoUv":false},"east":{"texture":"#head","uv":[52.0,48.0,50.0,52.0],"autoUv":false},"south":{"texture":"#head","uv":[46.0,48.0,44.0,52.0],"autoUv":false},"west":{"texture":"#head","uv":[48.0,48.0,46.0,52.0],"autoUv":false},"up":{"texture":"#head","uv":[48.0,46.0,46.0,48.0],"autoUv":false,"rotation":90},"down":{"texture":"#head","uv":[48.0,48.0,50.0,46.0],"autoUv":false,"rotation":270}},"children":[]},{"name":"HornDragon1R.010","from":[-2.219111263752,6.684869183133,-1.943934321404],"to":[-1.502301871777,7.698481082916,-1.232539057732],"rotationOrigin":[-1.860706567764,6.684869289398,-1.588236689568],"stepParentName":"b_Head","rotationX":-21.376004205735,"rotationY":107.853324692948,"rotationZ":15.860744271713,"group":"horn-dragon1R","faces":{"north":{"texture":"#head","uv":[51.0,47.0,50.0,50.0],"autoUv":false},"east":{"texture":"#head","uv":[52.0,47.0,51.0,50.0],"autoUv":false},"south":{"texture":"#head","uv":[49.0,47.0,48.0,50.0],"autoUv":false},"west":{"texture":"#head","uv":[50.0,47.0,49.0,50.0],"autoUv":false},"up":{"texture":"#head","uv":[50.0,46.0,49.0,47.0],"autoUv":false,"rotation":90},"down":{"texture":"#head","uv":[50.0,47.0,51.0,46.0],"autoUv":false,"rotation":270}},"children":[]},{"name":"HornDragon1R.011","from":[-1.952801778913,7.424987243356,-1.913028642535],"to":[-1.545501872897,8.119156897068,-1.508805111051],"rotationOrigin":[-1.749151825905,7.424987316132,-1.710916876793],"stepParentName":"b_Head","rotationX":19.448960246517,"rotationY":103.806635685201,"rotationZ":-17.5791805933,"group":"horn-dragon1R","faces":{"north":{"texture":"#head","uv":[51.0,44.0,50.0,50.0],"autoUv":false},"east":{"texture":"#head","uv":[52.0,44.0,51.0,50.0],"autoUv":false},"south":{"texture":"#head","uv":[49.0,44.0,48.0,50.0],"autoUv":false},"west":{"texture":"#head","uv":[50.0,44.0,49.0,50.0],"autoUv":false},"up":{"texture":"#head","uv":[50.0,43.0,49.0,44.0],"autoUv":false,"rotation":90},"down":{"texture":"#head","uv":[50.0,44.0,51.0,43.0],"autoUv":false,"rotation":270}},"children":[]},{"name":"HornDragon1L.001","from":[-1.935151219368,6.400541782379,0.861155867577],"to":[-0.68529343605,8.86541056633,2.219477474689],"rotationOrigin":[-1.310225129128,6.400541782379,1.540316820145],"stepParentName":"b_Head","rotationX":3.106747615917,"rotationY":-10.547863696572,"rotationZ":-77.356475407327,"group":"horn-dragon1L","faces":{"north":{"texture":"#head","uv":[48.0,44.0,45.0,52.0],"autoUv":false},"east":{"texture":"#head","uv":[45.0,44.0,42.0,52.0],"autoUv":false},"south":{"texture":"#head","uv":[42.0,44.0,39.0,52.0],"autoUv":false},"west":{"texture":"#head","uv":[51.0,44.0,48.0,52.0],"autoUv":false},"up":{"texture":"#head","uv":[48.0,40.0,45.0,44.0],"autoUv":false,"rotation":270},"down":{"texture":"#head","uv":[42.0,44.0,45.0,40.0],"autoUv":false,"rotation":90}},"children":[]},{"name":"HornDragon1L.002","from":[0.179895877838,6.953797230058,1.415515750647],"to":[1.229602694511,9.046295642853,2.406294822693],"rotationOrigin":[0.704749286175,6.953796863556,1.910905003548],"stepParentName":"b_Head","rotationX":3.171307631169,"rotationY":-22.590866047743,"rotationZ":-96.87002533773,"group":"horn-dragon1L","faces":{"north":{"texture":"#head","uv":[49.0,41.0,47.0,46.0],"autoUv":false},"east":{"texture":"#head","uv":[47.0,41.0,45.0,46.0],"autoUv":false},"south":{"texture":"#head","uv":[45.0,41.0,43.0,46.0],"autoUv":false},"west":{"texture":"#head","uv":[51.0,41.0,49.0,46.0],"autoUv":false},"up":{"texture":"#head","uv":[49.0,39.0,47.0,41.0],"autoUv":false,"rotation":270},"down":{"texture":"#head","uv":[45.0,41.0,47.0,39.0],"autoUv":false,"rotation":90}},"children":[]},{"name":"HornDragon1L","from":[-3.128505170345,4.653200725267,0.452420651913],"to":[-1.595467567444,7.080226659775,1.97458422184],"rotationOrigin":[-2.361984968185,4.653200626373,1.213502883911],"stepParentName":"b_Head","rotationX":3.188870822289,"rotationY":-12.60158119791,"rotationZ":-37.50781648749,"group":"horn-dragon1L","faces":{"north":{"texture":"#head","uv":[47.0,42.0,44.0,49.0],"autoUv":false},"east":{"texture":"#head","uv":[44.0,42.0,41.0,49.0],"autoUv":false},"south":{"texture":"#head","uv":[41.0,42.0,38.0,49.0],"autoUv":false},"west":{"texture":"#head","uv":[50.0,42.0,47.0,49.0],"autoUv":false},"up":{"texture":"#head","uv":[47.0,38.0,44.0,42.0],"autoUv":false,"rotation":270},"down":{"texture":"#head","uv":[41.0,42.0,44.0,38.0],"autoUv":false,"rotation":90}},"children":[]},{"name":"HornDragon1L.004","from":[1.833212316036,6.604162998442,2.126044809818],"to":[2.702371656895,7.958828926086,3.018418639898],"rotationOrigin":[2.267791986465,6.604162693024,2.572228908539],"stepParentName":"b_Head","rotationX":-92.641134203685,"rotationY":-16.383943592325,"rotationZ":-103.910837051179,"group":"horn-dragon1L","faces":{"north":{"texture":"#head","uv":[44.0,49.0,42.0,53.0],"autoUv":false},"east":{"texture":"#head","uv":[42.0,49.0,40.0,53.0],"autoUv":false},"south":{"texture":"#head","uv":[40.0,49.0,38.0,53.0],"autoUv":false},"west":{"texture":"#head","uv":[46.0,49.0,44.0,53.0],"autoUv":false},"up":{"texture":"#head","uv":[44.0,47.0,42.0,49.0],"autoUv":false,"rotation":270},"down":{"texture":"#head","uv":[40.0,49.0,42.0,47.0],"autoUv":false,"rotation":90}},"children":[]},{"name":"HornDragon1L.005","from":[2.921335846186,6.88222777052,2.537033468485],"to":[3.609842151403,7.884667158127,3.228341042995],"rotationOrigin":[3.265588998795,6.882229328156,2.882684469223],"stepParentName":"b_Head","rotationX":-95.186533971484,"rotationY":-29.275481688428,"rotationZ":-91.690426512732,"group":"horn-dragon1L","faces":{"north":{"texture":"#head","uv":[50.0,46.0,48.0,49.0],"autoUv":false},"east":{"texture":"#head","uv":[48.0,46.0,46.0,49.0],"autoUv":false},"south":{"texture":"#head","uv":[46.0,46.0,44.0,49.0],"autoUv":false},"west":{"texture":"#head","uv":[52.0,46.0,50.0,49.0],"autoUv":false},"up":{"texture":"#head","uv":[50.0,44.0,48.0,46.0],"autoUv":false,"rotation":270},"down":{"texture":"#head","uv":[46.0,46.0,48.0,44.0],"autoUv":false,"rotation":90}},"children":[]},{"name":"HornDragon1L.006","from":[3.590064525604,7.105736133478,2.689882799983],"to":[4.035108566284,8.271034479141,3.131565526128],"rotationOrigin":[3.812586545944,7.105736255646,2.910724163055],"stepParentName":"b_Head","rotationX":-99.621348478817,"rotationY":-47.193366240027,"rotationZ":-91.904129471483,"group":"horn-dragon1L","faces":{"north":{"texture":"#head","uv":[45.0,39.0,44.0,42.0],"autoUv":false},"east":{"texture":"#head","uv":[44.0,39.0,43.0,42.0],"autoUv":false},"south":{"texture":"#head","uv":[43.0,39.0,42.0,42.0],"autoUv":false},"west":{"texture":"#head","uv":[46.0,39.0,45.0,42.0],"autoUv":false},"up":{"texture":"#head","uv":[45.0,38.0,44.0,39.0],"autoUv":false,"rotation":270},"down":{"texture":"#head","uv":[43.0,39.0,44.0,38.0],"autoUv":false,"rotation":90}},"children":[]},{"name":"HornDragon1L.007","from":[-1.194440424442,6.5412796763,1.015196084976],"to":[-0.168953001499,8.139597892761,2.068073391914],"rotationOrigin":[-0.681696712971,6.541279315948,1.54163146019],"stepParentName":"b_Head","rotationX":-93.02547577847,"rotationY":-33.111268114983,"rotationZ":-104.819170248521,"group":"horn-dragon1L","faces":{"north":{"texture":"#head","uv":[44.0,43.0,42.0,47.0],"autoUv":false},"east":{"texture":"#head","uv":[42.0,43.0,40.0,47.0],"autoUv":false},"south":{"texture":"#head","uv":[40.0,43.0,38.0,47.0],"autoUv":false},"west":{"texture":"#head","uv":[46.0,43.0,44.0,47.0],"autoUv":false},"up":{"texture":"#head","uv":[44.0,41.0,42.0,43.0],"autoUv":false,"rotation":270},"down":{"texture":"#head","uv":[40.0,43.0,42.0,41.0],"autoUv":false,"rotation":90}},"children":[]},{"name":"HornDragon1L.008","from":[-0.055077463388,7.194677899296,1.500106006861],"to":[0.757264643908,8.377417683601,2.315753042698],"rotationOrigin":[0.35109359026,7.194679737091,1.90792620182],"stepParentName":"b_Head","rotationX":-96.510518330767,"rotationY":-45.938042357376,"rotationZ":-93.837011534895,"group":"horn-dragon1L","faces":{"north":{"texture":"#head","uv":[50.0,49.0,48.0,52.0],"autoUv":false},"east":{"texture":"#head","uv":[48.0,49.0,46.0,52.0],"autoUv":false},"south":{"texture":"#head","uv":[46.0,49.0,44.0,52.0],"autoUv":false},"west":{"texture":"#head","uv":[52.0,49.0,50.0,52.0],"autoUv":false},"up":{"texture":"#head","uv":[50.0,47.0,48.0,49.0],"autoUv":false,"rotation":270},"down":{"texture":"#head","uv":[46.0,49.0,48.0,47.0],"autoUv":false,"rotation":90}},"children":[]},{"name":"HornDragon1L.009","from":[0.703296929598,7.792980571504,1.6774931252],"to":[1.228387206793,8.741347432137,2.19861766696],"rotationOrigin":[0.965842068195,7.792980670929,1.93805539608],"stepParentName":"b_Head","rotationX":-100.173282405267,"rotationY":-50.785567630212,"rotationZ":-95.05547630169,"group":"horn-dragon1L","faces":{"north":{"texture":"#head","uv":[51.0,47.0,50.0,50.0],"autoUv":false},"east":{"texture":"#head","uv":[50.0,47.0,49.0,50.0],"autoUv":false},"south":{"texture":"#head","uv":[49.0,47.0,48.0,50.0],"autoUv":false},"west":{"texture":"#head","uv":[52.0,47.0,51.0,50.0],"autoUv":false},"up":{"texture":"#head","uv":[51.0,46.0,50.0,47.0],"autoUv":false,"rotation":270},"down":{"texture":"#head","uv":[49.0,47.0,50.0,46.0],"autoUv":false,"rotation":90}},"children":[]},{"name":"HornDragon1L.010","from":[-2.481273114681,5.507612094344,0.831907629967],"to":[-1.464678108692,7.128259658813,1.852638542652],"rotationOrigin":[-1.972975611687,5.507614612579,1.342268943787],"stepParentName":"b_Head","rotationX":22.221497955165,"rotationY":-114.253765190572,"rotationZ":11.676554164464,"group":"horn-dragon1L","faces":{"north":{"texture":"#head","uv":[50.0,48.0,48.0,52.0],"autoUv":false},"east":{"texture":"#head","uv":[48.0,48.0,46.0,52.0],"autoUv":false},"south":{"texture":"#head","uv":[46.0,48.0,44.0,52.0],"autoUv":false},"west":{"texture":"#head","uv":[52.0,48.0,50.0,52.0],"autoUv":false},"up":{"texture":"#head","uv":[50.0,46.0,48.0,48.0],"autoUv":false,"rotation":270},"down":{"texture":"#head","uv":[46.0,48.0,48.0,46.0],"autoUv":false,"rotation":90}},"children":[]},{"name":"HornDragon1L.011","from":[-2.21911111474,6.684870136808,1.232535839081],"to":[-1.50230178237,7.698482036591,1.943931341171],"rotationOrigin":[-1.860706448555,6.684870243073,1.588233590126],"stepParentName":"b_Head","rotationX":21.37600079064,"rotationY":-107.853311032569,"rotationZ":15.860766469827,"group":"horn-dragon1L","faces":{"north":{"texture":"#head","uv":[51.0,47.0,50.0,50.0],"autoUv":false},"east":{"texture":"#head","uv":[50.0,47.0,49.0,50.0],"autoUv":false},"south":{"texture":"#head","uv":[49.0,47.0,48.0,50.0],"autoUv":false},"west":{"texture":"#head","uv":[52.0,47.0,51.0,50.0],"autoUv":false},"up":{"texture":"#head","uv":[51.0,46.0,50.0,47.0],"autoUv":false,"rotation":270},"down":{"texture":"#head","uv":[49.0,47.0,50.0,46.0],"autoUv":false,"rotation":90}},"children":[]},{"name":"HornDragon1L.003","from":[-1.952801644802,7.424988197031,1.508801564574],"to":[-1.545501768589,8.119157850742,1.913025036454],"rotationOrigin":[-1.749151706696,7.424988269806,1.710913300514],"stepParentName":"b_Head","rotationX":-19.449043916334,"rotationY":-103.806594704066,"rotationZ":-17.579236942361,"group":"horn-dragon1L","faces":{"north":{"texture":"#head","uv":[51.0,44.0,50.0,50.0],"autoUv":false},"east":{"texture":"#head","uv":[50.0,44.0,49.0,50.0],"autoUv":false},"south":{"texture":"#head","uv":[49.0,44.0,48.0,50.0],"autoUv":false},"west":{"texture":"#head","uv":[52.0,44.0,51.0,50.0],"autoUv":false},"up":{"texture":"#head","uv":[51.0,43.0,50.0,44.0],"autoUv":false,"rotation":270},"down":{"texture":"#head","uv":[49.0,44.0,50.0,43.0],"autoUv":false,"rotation":90}},"children":[]}],"groups":[]}