{"textureWidth":64,"textureHeight":64,"textures":{},"textureSizes":{"head":[64,64]},"elements":[{"name":"HornOni","from":[-3.16152086854,3.846606969833,0.860215783119],"to":[-2.259661763906,6.487488985062,1.762075066566],"rotationOrigin":[-2.710591316223,5.167047977448,1.311145424843],"stepParentName":"b_Head","rotationX":1.68292723531,"rotationY":15.705574326601,"rotationZ":25.495622558344,"group":"horn-oni0","faces":{"north":{"texture":"#head","uv":[36.0,42.0,40.0,52.0],"autoUv":false},"east":{"texture":"#head","uv":[48.0,42.0,52.0,52.0],"autoUv":false},"south":{"texture":"#head","uv":[44.0,42.0,48.0,52.0],"autoUv":false},"west":{"texture":"#head","uv":[40.0,42.0,44.0,52.0],"autoUv":false},"up":{"texture":"#head","uv":[40.0,38.0,44.0,42.0],"autoUv":false,"rotation":90},"down":{"texture":"#head","uv":[48.0,42.0,44.0,38.0],"autoUv":false,"rotation":270}},"children":[]},{"name":"HornOni.001","from":[-3.514096081257,5.19535779953,1.150417894125],"to":[-2.862858474255,7.211884975433,1.801655679941],"rotationOrigin":[-3.188477277756,6.203621387482,1.476036787033],"stepParentName":"b_Head","rotationX":1.68292723531,"rotationY":15.705574326601,"rotationZ":25.495622558344,"group":"horn-oni0","faces":{"north":{"texture":"#head","uv":[48.0,43.0,51.0,52.0],"autoUv":false},"east":{"texture":"#head","uv":[57.0,43.0,60.0,52.0],"autoUv":false},"south":{"texture":"#head","uv":[54.0,43.0,57.0,52.0],"autoUv":false},"west":{"texture":"#head","uv":[51.0,43.0,54.0,52.0],"autoUv":false},"up":{"texture":"#head","uv":[51.0,40.0,54.0,43.0],"autoUv":false,"rotation":90},"down":{"texture":"#head","uv":[57.0,43.0,54.0,40.0],"autoUv":false,"rotation":270}},"children":[]},{"name":"HornOni.002","from":[-3.858953118324,6.395774781704,1.435705751181],"to":[-3.453327059746,8.11636453867,1.841331869364],"rotationOrigin":[-3.656140089035,7.256069660187,1.638518810272],"stepParentName":"b_Head","rotationX":1.682927982362,"rotationY":15.705574326601,"rotationZ":17.985867131956,"group":"horn-oni0","faces":{"north":{"texture":"#head","uv":[45.0,43.0,47.0,49.0],"autoUv":false},"east":{"texture":"#head","uv":[51.0,43.0,53.0,49.0],"autoUv":false},"south":{"texture":"#head","uv":[49.0,43.0,51.0,49.0],"autoUv":false},"west":{"texture":"#head","uv":[47.0,43.0,49.0,49.0],"autoUv":false},"up":{"texture":"#head","uv":[47.0,41.0,49.0,43.0],"autoUv":false,"rotation":90},"down":{"texture":"#head","uv":[51.0,43.0,49.0,41.0],"autoUv":false,"rotation":270}},"children":[]},{"name":"HornOni.003","from":[-4.088341504335,7.853728681803,1.65509659797],"to":[-3.878718584776,8.652214616537,1.864719562232],"rotationOrigin":[-3.983530044556,8.25297164917,1.759908080101],"stepParentName":"b_Head","rotationX":1.682927555475,"rotationY":15.705572619054,"rotationZ":11.823466410869,"group":"horn-oni0","faces":{"north":{"texture":"#head","uv":[42.0,44.0,43.0,48.0],"autoUv":false},"east":{"texture":"#head","uv":[45.0,44.0,46.0,48.0],"autoUv":false},"south":{"texture":"#head","uv":[44.0,44.0,45.0,48.0],"autoUv":false},"west":{"texture":"#head","uv":[43.0,44.0,44.0,48.0],"autoUv":false},"up":{"texture":"#head","uv":[43.0,43.0,44.0,44.0],"autoUv":false,"rotation":90},"down":{"texture":"#head","uv":[45.0,44.0,44.0,43.0],"autoUv":false,"rotation":270}},"children":[]},{"name":"HornOni.004","from":[-3.154576450586,3.842700004578,-1.813574075699],"to":[-2.252717345953,6.483581542969,-0.911714792252],"rotationOrigin":[-2.70364689827,5.163140773773,-1.362644433975],"stepParentName":"b_Head","rotationX":0.056517767659,"rotationY":-15.793130521571,"rotationZ":25.735604669927,"group":"horn-oni0","faces":{"north":{"texture":"#head","uv":[48.0,44.0,44.0,54.0],"autoUv":false},"east":{"texture":"#head","uv":[52.0,44.0,48.0,54.0],"autoUv":false},"south":{"texture":"#head","uv":[40.0,44.0,36.0,54.0],"autoUv":false},"west":{"texture":"#head","uv":[44.0,44.0,40.0,54.0],"autoUv":false},"up":{"texture":"#head","uv":[44.0,40.0,40.0,44.0],"autoUv":false,"rotation":90},"down":{"texture":"#head","uv":[44.0,44.0,48.0,40.0],"autoUv":false,"rotation":270}},"children":[]},{"name":"HornOni.005","from":[-3.511136591434,5.193894028664,-1.823531776667],"to":[-2.859898984432,7.210420966148,-1.17229399085],"rotationOrigin":[-3.185517787933,6.202157497406,-1.497912883759],"stepParentName":"b_Head","rotationX":0.056517767659,"rotationY":-15.793130521571,"rotationZ":25.735604669927,"group":"horn-oni0","faces":{"north":{"texture":"#head","uv":[57.0,45.0,54.0,54.0],"autoUv":false},"east":{"texture":"#head","uv":[60.0,45.0,57.0,54.0],"autoUv":false},"south":{"texture":"#head","uv":[51.0,45.0,48.0,54.0],"autoUv":false},"west":{"texture":"#head","uv":[54.0,45.0,51.0,54.0],"autoUv":false},"up":{"texture":"#head","uv":[54.0,42.0,51.0,45.0],"autoUv":false,"rotation":90},"down":{"texture":"#head","uv":[54.0,45.0,57.0,42.0],"autoUv":false,"rotation":270}},"children":[]},{"name":"HornOni.006","from":[-3.860046744347,6.396712243557,-1.833106547594],"to":[-3.454420685768,8.117302000523,-1.427480429411],"rotationOrigin":[-3.657233715057,7.25700712204,-1.630293488503],"stepParentName":"b_Head","rotationX":0.056517300752,"rotationY":-15.793125398929,"rotationZ":18.225838998255,"group":"horn-oni0","faces":{"north":{"texture":"#head","uv":[51.0,45.0,49.0,51.0],"autoUv":false},"east":{"texture":"#head","uv":[53.0,45.0,51.0,51.0],"autoUv":false},"south":{"texture":"#head","uv":[47.0,45.0,45.0,51.0],"autoUv":false},"west":{"texture":"#head","uv":[49.0,45.0,47.0,51.0],"autoUv":false},"up":{"texture":"#head","uv":[49.0,43.0,47.0,45.0],"autoUv":false,"rotation":90},"down":{"texture":"#head","uv":[49.0,45.0,51.0,43.0],"autoUv":false,"rotation":270}},"children":[]},{"name":"HornOni.007","from":[-4.093321368098,7.856467664242,-1.827818922698],"to":[-3.883698418736,8.654953539371,-1.618195958436],"rotationOrigin":[-3.988509893417,8.255710601807,-1.723007440567],"stepParentName":"b_Head","rotationX":0.05651720737,"rotationY":-15.793125398929,"rotationZ":12.063437423394,"group":"horn-oni0","faces":{"north":{"texture":"#head","uv":[45.0,46.0,44.0,50.0],"autoUv":false},"east":{"texture":"#head","uv":[46.0,46.0,45.0,50.0],"autoUv":false},"south":{"texture":"#head","uv":[43.0,46.0,42.0,50.0],"autoUv":false},"west":{"texture":"#head","uv":[44.0,46.0,43.0,50.0],"autoUv":false},"up":{"texture":"#head","uv":[44.0,45.0,43.0,46.0],"autoUv":false,"rotation":90},"down":{"texture":"#head","uv":[44.0,46.0,45.0,45.0],"autoUv":false,"rotation":270}},"children":[]}],"groups":[]}