{
  "model": "avali0",
  "parts": {
    "body": "skin0",
    "bust": "none",
    "leg": "kemono1",
    "chest": "chest0",
    "bodyextra": "none",
    "wings": "avali0",
    "tail": "avali0",
    "wings2": "wings2",
    "tail2": "tail2",
    "head": "avali0",
    "head2": "head2",
    "ear": "avali0",
    "ear2": "colored",
    "earinner": "earinner",
    "horn": "deer0",
    "eyewhite": "eyewhite0",
    "eye": "avali0",
    "eye2": "eye2",
    "hair": "furslop3",
    "hairextra": "ponytail",
    "underwear": "none"
  },
  "scale": {
    "body": 0.6,
    "torsoupper": 1.14,
    "head": 1.05,
    "earL": 1.13,
    "earR": 1.13,
    "legL": 0.93,
    "legR": 0.93,
    "legLowerL": 1.2,
    "legLowerR": 1.2,
    "wingL": 1.4,
    "wingR": 1.4,
    "tail": 1.6
  },
  "colors": {
    "body": {
      "r": 80,
      "g": 100,
      "b": 120
    },
    "bust": {
      "r": 255,
      "g": 225,
      "b": 220
    },
    "leg": {
      "r": 255,
      "g": 225,
      "b": 220
    },
    "chest": {
      "r": 90,
      "g": 150,
      "b": 180
    },
    "bodyextra": {
      "r": 63,
      "g": 228,
      "b": 121
    },
    "wings": {
      "r": 90,
      "g": 100,
      "b": 120
    },
    "tail": {
      "r": 90,
      "g": 100,
      "b": 120
    },
    "wings2": {
      "r": 80,
      "g": 150,
      "b": 180
    },
    "tail2": {
      "r": 90,
      "g": 150,
      "b": 180
    },
    "head": {
      "r": 90,
      "g": 100,
      "b": 120
    },
    "head2": {
      "r": 90,
      "g": 150,
      "b": 180
    },
    "ear": {
      "r": 255,
      "g": 163,
      "b": 175
    },
    "ear2": {
      "r": 90,
      "g": 100,
      "b": 120
    },
    "earinner": {
      "r": 62,
      "g": 107,
      "b": 55
    },
    "horn": {
      "r": 222,
      "g": 68,
      "b": 56
    },
    "eyewhite": {
      "r": 235,
      "g": 235,
      "b": 235
    },
    "eye": {
      "r": 130,
      "g": 255,
      "b": 119
    },
    "eye2": {
      "r": 255,
      "g": 110,
      "b": 29
    },
    "hair": {
      "r": 0,
      "g": 150,
      "b": 180
    },
    "hairextra": {
      "r": 0,
      "g": 0,
      "b": 0
    },
    "underwear": {
      "r": 163,
      "g": 158,
      "b": 173
    }
  }
}