{
  "model": "horse0",
  "parts": {
    "body": "skin0",
    "bodyextra": "zecora",
    "cutieleft": "markleft",
    "cutieright": "markright",
    "hair": "combed",
    "hairextra": "none",
    "tail": "horse2",
    "tailextra": "none",
    "wings": "none",
    "eyewhite": "eyewhite0",
    "eye": "eye0",
    "mouth": "horse",
    "ear": "horse",
    "horn": "none"
  },
  "colors": {
    "body": {
      "r": 225,
      "g": 225,
      "b": 225
    },
    "bodyextra": {
      "r": 90,
      "g": 90,
      "b": 90
    },
    "cutieleft": {
      "r": 184,
      "g": 167,
      "b": 52
    },
    "cutieright": {
      "r": 104,
      "g": 178,
      "b": 196
    },
    "tail": {
      "r": 50,
      "g": 50,
      "b": 50
    },
    "tailextra": {
      "r": 225,
      "g": 225,
      "b": 225
    },
    "wings": {
      "r": 225,
      "g": 225,
      "b": 225
    },
    "eyewhite": {
      "r": 255,
      "g": 255,
      "b": 255
    },
    "eye": {
      "r": 89,
      "g": 183,
      "b": 160
    },
    "mouth": {
      "r": 90,
      "g": 90,
      "b": 90
    },
    "ear": {
      "r": 225,
      "g": 225,
      "b": 225
    },
    "horn": {
      "r": 225,
      "g": 225,
      "b": 225
    },
    "hair": {
      "r": 50,
      "g": 50,
      "b": 50
    },
    "hairextra": {
      "r": 25,
      "g": 25,
      "b": 25
    },
    "mustache": {
      "r": 50,
      "g": 50,
      "b": 50
    },
    "beard": {
      "r": 50,
      "g": 50,
      "b": 50
    }
  }
}