{"textureWidth": 64, "textureHeight": 64, "textures": {"emo": "kemono:entity/horse/clothing/emo"}, "textureSizes": {"emo": [64, 64]}, "elements": [{"name": "SocksL.001", "from": [2.64467287, -3.23178318, -1.24382913], "to": [5.58338022, 2.6539757, 1.12131369], "rotationOrigin": [4.11402655, 0.02193615, -0.06125772], "stepParentName": "b_LegLowerL", "rotationX": -0.0, "rotationY": -0.0, "rotationZ": 90.55641704, "group": "foot-socksstripedpink", "faces": {"north": {"texture": "#emo", "uv": [36.0, 38.0, 43.0, 56.0], "autoUv": false}, "east": {"texture": "#emo", "uv": [55.0, 38.0, 62.0, 56.0], "autoUv": false}, "south": {"texture": "#emo", "uv": [49.0, 38.0, 55.0, 56.0], "autoUv": false}, "west": {"texture": "#emo", "uv": [43.0, 38.0, 49.0, 56.0], "autoUv": false}, "up": {"texture": "#emo", "uv": [43.0, 33.0, 49.0, 38.0], "autoUv": false, "rotation": 90}, "down": {"texture": "#emo", "uv": [49.0, 61.0, 43.0, 56.0], "autoUv": false, "rotation": 270}}, "children": []}, {"name": "SocksHoofL.001", "from": [5.76067078, -0.34918463, -1.14700747], "to": [8.46711147, 0.45881563, 1.0244925], "rotationOrigin": [7.11389112, 0.0548155, -0.06125748], "stepParentName": "b_LegLowerL", "rotationX": -0.0, "rotationY": -0.0, "rotationZ": 96.91750881, "group": "foot-socksstripedpink", "faces": {"north": {"texture": "#emo", "uv": [36.0, 54.0, 43.0, 56.0], "autoUv": false}, "east": {"texture": "#emo", "uv": [55.0, 54.0, 62.0, 56.0], "autoUv": false}, "south": {"texture": "#emo", "uv": [49.0, 54.0, 55.0, 56.0], "autoUv": false}, "west": {"texture": "#emo", "uv": [43.0, 54.0, 49.0, 56.0], "autoUv": false}, "up": {"texture": "#emo", "uv": [43.0, 46.0, 49.0, 54.0], "autoUv": false, "rotation": 90}, "down": {"texture": "#emo", "uv": [49.0, 61.0, 43.0, 56.0], "autoUv": false, "rotation": 270}}, "children": []}, {"name": "SocksR.001", "from": [2.64467287, -3.23178318, -1.12131345], "to": [5.58338022, 3.27565548, 1.24382937], "rotationOrigin": [4.11402655, 0.02193615, 0.06125796], "stepParentName": "b_LegLowerR", "rotationX": -0.0, "rotationY": -0.0, "rotationZ": 90.55641704, "group": "foot-socksstripedpink", "faces": {"north": {"texture": "#emo", "uv": [43.0, 38.0, 49.0, 56.0], "autoUv": false}, "east": {"texture": "#emo", "uv": [36.0, 38.0, 43.0, 56.0], "autoUv": false}, "south": {"texture": "#emo", "uv": [55.0, 38.0, 62.0, 56.0], "autoUv": false}, "west": {"texture": "#emo", "uv": [49.0, 38.0, 55.0, 56.0], "autoUv": false}, "up": {"texture": "#emo", "uv": [49.0, 33.0, 55.0, 38.0], "autoUv": false, "rotation": 90}, "down": {"texture": "#emo", "uv": [55.0, 61.0, 49.0, 56.0], "autoUv": false, "rotation": 270}}, "children": []}, {"name": "SocksHoofR.001", "from": [5.76067078, -0.34918463, -1.02449179], "to": [8.46711147, 0.45881563, 1.14700818], "rotationOrigin": [7.11389112, 0.0548155, 0.0612582], "stepParentName": "b_LegLowerR", "rotationX": -0.0, "rotationY": -0.0, "rotationZ": 96.91750881, "group": "foot-socksstripedpink", "faces": {"north": {"texture": "#emo", "uv": [43.0, 54.0, 49.0, 56.0], "autoUv": false}, "east": {"texture": "#emo", "uv": [36.0, 54.0, 43.0, 56.0], "autoUv": false}, "south": {"texture": "#emo", "uv": [55.0, 54.0, 62.0, 56.0], "autoUv": false}, "west": {"texture": "#emo", "uv": [49.0, 54.0, 55.0, 56.0], "autoUv": false}, "up": {"texture": "#emo", "uv": [49.0, 46.0, 55.0, 54.0], "autoUv": false, "rotation": 90}, "down": {"texture": "#emo", "uv": [55.0, 61.0, 49.0, 56.0], "autoUv": false, "rotation": 270}}, "children": []}], "groups": []}