{"textureWidth": 128, "textureHeight": 128, "textures": {}, "textureSizes": {}, "elements": [{"name": "MeshMouthBatUpper", "from": [-0.12938940525054932, 2.9360591173171997, -1.3431692123413086], "to": [2.6128464937210083, 4.406735301017761, 1.3431692123413086], "rotationOrigin": [1.2417285442352295, 3.6713972091674805, -9.118373783690016e-23], "stepParentName": "b_Head", "rotationX": 4.338848586717234e-20, "rotationY": -5.294443149726638e-20, "rotationZ": -72.69480299690208, "group": "mouth-bat", "faces": {"north": {"texture": "#main", "uv": [14.0, 20.0, 15.0, 22.0], "autoUv": false}, "east": {"texture": "#main", "uv": [15.0, 20.0, 19.0, 22.0], "autoUv": false}, "south": {"texture": "#main", "uv": [19.0, 20.0, 20.0, 22.0], "autoUv": false}, "west": {"texture": "#main", "uv": [15.0, 20.0, 19.0, 22.0], "autoUv": false}, "up": {"texture": "#main", "uv": [15.0, 15.0, 19.0, 20.0], "autoUv": false, "rotation": 90}, "down": {"texture": "#main", "uv": [19.0, 26.0, 15.0, 22.0], "autoUv": false, "rotation": 270}}, "children": []}, {"name": "MeshMouthBatLower", "from": [-0.04526740312576294, 3.472121238708496, -1.2318013807137804], "to": [1.1845737099647522, 4.591202735900879, 1.231801400581996], "rotationOrigin": [0.5696531534194946, 4.0316619873046875, 9.934107758624577e-09], "stepParentName": "b_Head", "rotationX": -1.6869890051064655e-20, "rotationY": -5.155724413348053e-21, "rotationZ": -101.06907537529253, "group": "mouth-bat", "faces": {"north": {"texture": "#main", "uv": [14.0, 21.0, 15.0, 23.0], "autoUv": false}, "east": {"texture": "#main", "uv": [15.0, 24.0, 19.0, 26.0], "autoUv": false}, "south": {"texture": "#main", "uv": [19.0, 21.0, 20.0, 23.0], "autoUv": false}, "west": {"texture": "#main", "uv": [15.0, 20.0, 19.0, 22.0], "autoUv": false}, "up": {"texture": "#main", "uv": [15.0, 18.0, 19.0, 20.0], "autoUv": false, "rotation": 90}, "down": {"texture": "#main", "uv": [19.0, 24.0, 15.0, 22.0], "autoUv": false, "rotation": 270}}, "children": []}, {"name": "MeshMouthBatTeethL", "from": [0.007899761199951172, 4.140219181776047, 0.6118743568658829], "to": [0.6449333429336548, 4.700738459825516, 0.838927373290062], "rotationOrigin": [0.326416552066803, 4.420478820800781, 0.7254008650779724], "stepParentName": "b_Head", "rotationX": 4.4056994075204976e-20, "rotationY": -4.6476151319024926e-20, "rotationZ": -72.69480299690208, "group": "mouth-bat", "faces": {"north": {"texture": "#main", "uv": [119.0, 72.0, 120.0, 74.0], "autoUv": false}, "east": {"texture": "#main", "uv": [120.0, 72.0, 122.0, 74.0], "autoUv": false}, "south": {"texture": "#main", "uv": [122.0, 72.0, 123.0, 74.0], "autoUv": false}, "west": {"texture": "#main", "uv": [120.0, 72.0, 122.0, 74.0], "autoUv": false}, "up": {"texture": "#main", "uv": [120.0, 71.0, 122.0, 72.0], "autoUv": false, "rotation": 90}, "down": {"texture": "#main", "uv": [122.0, 75.0, 120.0, 74.0], "autoUv": false, "rotation": 270}}, "children": []}, {"name": "MeshMouthBatTeethR", "from": [0.007899761199951172, 4.140219181776047, -0.838927373290062], "to": [0.6449333429336548, 4.700738459825516, -0.6118743568658829], "rotationOrigin": [0.326416552066803, 4.420478820800781, -0.7254008650779724], "stepParentName": "b_Head", "rotationX": 4.4056994075204976e-20, "rotationY": -4.6476151319024926e-20, "rotationZ": -72.69480299690208, "group": "mouth-bat", "faces": {"north": {"texture": "#main", "uv": [123.0, 72.0, 122.0, 74.0], "autoUv": false}, "east": {"texture": "#main", "uv": [122.0, 72.0, 120.0, 74.0], "autoUv": false}, "south": {"texture": "#main", "uv": [120.0, 72.0, 119.0, 74.0], "autoUv": false}, "west": {"texture": "#main", "uv": [122.0, 72.0, 120.0, 74.0], "autoUv": false}, "up": {"texture": "#main", "uv": [122.0, 71.0, 120.0, 72.0], "autoUv": false, "rotation": 90}, "down": {"texture": "#main", "uv": [120.0, 75.0, 122.0, 74.0], "autoUv": false, "rotation": 270}}, "children": []}], "groups": []}