{"textureWidth": 128, "textureHeight": 128, "textures": {}, "textureSizes": {}, "elements": [{"name": "MeshMouthUpper", "from": [-0.12938940525054932, 2.9360590927584695, -1.3431692123413086], "to": [2.6128464937210083, 4.406735325576491, 1.3431692123413086], "rotationOrigin": [1.2417285442352295, 3.6713972091674805, -9.118373783690016e-23], "stepParentName": "b_Head", "rotationX": 4.300931395433424e-20, "rotationY": -5.2665419239918627e-20, "rotationZ": -72.69480299690208, "group": "mouth-horse", "faces": {"north": {"texture": "#main", "uv": [14.0, 20.0, 15.0, 22.0], "autoUv": false}, "east": {"texture": "#main", "uv": [15.0, 20.0, 19.0, 22.0], "autoUv": false}, "south": {"texture": "#main", "uv": [19.0, 20.0, 20.0, 22.0], "autoUv": false}, "west": {"texture": "#main", "uv": [15.0, 20.0, 19.0, 22.0], "autoUv": false}, "up": {"texture": "#main", "uv": [15.0, 15.0, 19.0, 20.0], "autoUv": false, "rotation": 90}, "down": {"texture": "#main", "uv": [19.0, 26.0, 15.0, 22.0], "autoUv": false, "rotation": 270}}, "children": []}, {"name": "MeshMouthLower", "from": [-0.04526740312576294, 3.472121217415129, -1.2318013807137804], "to": [1.1845737099647522, 4.591202757194246, 1.231801400581996], "rotationOrigin": [0.5696531534194946, 4.0316619873046875, 9.934107758624577e-09], "stepParentName": "b_Head", "rotationX": -1.7249027251531175e-20, "rotationY": -5.4678779458725836e-21, "rotationZ": -101.06907537529253, "group": "mouth-horse", "faces": {"north": {"texture": "#main", "uv": [14.0, 21.0, 15.0, 23.0], "autoUv": false}, "east": {"texture": "#main", "uv": [15.0, 24.0, 19.0, 26.0], "autoUv": false}, "south": {"texture": "#main", "uv": [19.0, 21.0, 20.0, 23.0], "autoUv": false}, "west": {"texture": "#main", "uv": [15.0, 20.0, 19.0, 22.0], "autoUv": false}, "up": {"texture": "#main", "uv": [15.0, 18.0, 19.0, 20.0], "autoUv": false, "rotation": 90}, "down": {"texture": "#main", "uv": [19.0, 24.0, 15.0, 22.0], "autoUv": false, "rotation": 270}}, "children": []}], "groups": []}