{"textureWidth": 128, "textureHeight": 128, "textures": {}, "textureSizes": {}, "elements": [{"name": "MouthChangelingUpper", "from": [-0.12938940525054932, 2.9360591173171997, -1.0153707265853882], "to": [2.6128464937210083, 4.406735301017761, 1.0153707265853882], "rotationOrigin": [1.2417285442352295, 3.6713972091674805, -9.118373783690016e-23], "stepParentName": "b_Head", "rotationX": 4.338848586717234e-20, "rotationY": -5.294443149726638e-20, "rotationZ": -72.69480299690208, "group": "mouth-changeling", "faces": {"north": {"texture": "#main", "uv": [14.0, 20.0, 15.0, 22.0], "autoUv": false}, "east": {"texture": "#main", "uv": [15.0, 20.0, 19.0, 22.0], "autoUv": false}, "south": {"texture": "#main", "uv": [19.0, 20.0, 20.0, 22.0], "autoUv": false}, "west": {"texture": "#main", "uv": [15.0, 20.0, 19.0, 22.0], "autoUv": false}, "up": {"texture": "#main", "uv": [15.0, 15.0, 19.0, 20.0], "autoUv": false, "rotation": 90}, "down": {"texture": "#main", "uv": [19.0, 26.0, 15.0, 22.0], "autoUv": false, "rotation": 270}}, "children": []}, {"name": "MouthChangelingLower", "from": [0.0012454986572265625, 3.535127639770508, -1.0153707265853906], "to": [1.141700029373169, 4.654209136962891, 1.0153707265853857], "rotationOrigin": [0.5714727640151978, 4.094668388366699, -2.5263308223275223e-15], "stepParentName": "b_Head", "rotationX": -1.6869890051064655e-20, "rotationY": -5.155724413348053e-21, "rotationZ": -101.06907537529253, "group": "mouth-changeling", "faces": {"north": {"texture": "#main", "uv": [14.0, 21.0, 15.0, 23.0], "autoUv": false}, "east": {"texture": "#main", "uv": [15.0, 24.0, 19.0, 26.0], "autoUv": false}, "south": {"texture": "#main", "uv": [19.0, 21.0, 20.0, 23.0], "autoUv": false}, "west": {"texture": "#main", "uv": [15.0, 20.0, 19.0, 22.0], "autoUv": false}, "up": {"texture": "#main", "uv": [15.0, 18.0, 19.0, 20.0], "autoUv": false, "rotation": 90}, "down": {"texture": "#main", "uv": [19.0, 24.0, 15.0, 22.0], "autoUv": false, "rotation": 270}}, "children": []}, {"name": "MouthChangelingTeethL", "from": [-0.04665914177894592, 4.020175397396088, 0.6112967878580093], "to": [0.59361532330513, 4.820782244205475, 0.8395049422979355], "rotationOrigin": [0.27347809076309204, 4.420478820800781, 0.7254008650779724], "stepParentName": "b_Head", "rotationX": 4.4056994075204976e-20, "rotationY": -4.6476151319024926e-20, "rotationZ": -72.69480299690208, "group": "mouth-changeling", "faces": {"north": {"texture": "#main", "uv": [119.0, 72.0, 120.0, 74.0], "autoUv": false}, "east": {"texture": "#main", "uv": [120.0, 72.0, 122.0, 74.0], "autoUv": false}, "south": {"texture": "#main", "uv": [122.0, 72.0, 123.0, 74.0], "autoUv": false}, "west": {"texture": "#main", "uv": [120.0, 72.0, 122.0, 74.0], "autoUv": false}, "up": {"texture": "#main", "uv": [120.0, 71.0, 122.0, 72.0], "autoUv": false, "rotation": 90}, "down": {"texture": "#main", "uv": [122.0, 75.0, 120.0, 74.0], "autoUv": false, "rotation": 270}}, "children": []}, {"name": "MouthChangelingTeethR", "from": [-0.04665914177894592, 4.020175397396088, -0.8395049422979355], "to": [0.59361532330513, 4.820782244205475, -0.6112967878580093], "rotationOrigin": [0.27347809076309204, 4.420478820800781, -0.7254008650779724], "stepParentName": "b_Head", "rotationX": 4.4056994075204976e-20, "rotationY": -4.6476151319024926e-20, "rotationZ": -72.69480299690208, "group": "mouth-changeling", "faces": {"north": {"texture": "#main", "uv": [123.0, 72.0, 122.0, 74.0], "autoUv": false}, "east": {"texture": "#main", "uv": [122.0, 72.0, 120.0, 74.0], "autoUv": false}, "south": {"texture": "#main", "uv": [120.0, 72.0, 119.0, 74.0], "autoUv": false}, "west": {"texture": "#main", "uv": [122.0, 72.0, 120.0, 74.0], "autoUv": false}, "up": {"texture": "#main", "uv": [122.0, 71.0, 120.0, 72.0], "autoUv": false, "rotation": 90}, "down": {"texture": "#main", "uv": [120.0, 75.0, 122.0, 74.0], "autoUv": false, "rotation": 270}}, "children": []}, {"name": "MouthChangelingTeethL.001", "from": [-0.2305792272090912, 4.09511399269104, 0.6112967878580093], "to": [-0.027474433183670044, 4.867070913314819, 0.8395049422979355], "rotationOrigin": [-0.12902683019638062, 4.48109245300293, 0.7254008650779724], "stepParentName": "b_Head", "rotationX": 4.465576223604002e-20, "rotationY": -4.594158079672555e-20, "rotationZ": -73.68468182274452, "group": "mouth-changeling", "faces": {"north": {"texture": "#main", "uv": [119.0, 72.0, 120.0, 74.0], "autoUv": false}, "east": {"texture": "#main", "uv": [120.0, 72.0, 122.0, 74.0], "autoUv": false}, "south": {"texture": "#main", "uv": [122.0, 72.0, 123.0, 74.0], "autoUv": false}, "west": {"texture": "#main", "uv": [120.0, 72.0, 122.0, 74.0], "autoUv": false}, "up": {"texture": "#main", "uv": [120.0, 71.0, 122.0, 72.0], "autoUv": false, "rotation": 90}, "down": {"texture": "#main", "uv": [122.0, 75.0, 120.0, 74.0], "autoUv": false, "rotation": 270}}, "children": []}, {"name": "MouthChangelingTeethR.001", "from": [-0.2305792272090912, 4.09511399269104, -0.8395049422979355], "to": [-0.027474433183670044, 4.867070913314819, -0.6112967878580093], "rotationOrigin": [-0.12902683019638062, 4.48109245300293, -0.7254008650779724], "stepParentName": "b_Head", "rotationX": 4.465576223604002e-20, "rotationY": -4.594158079672555e-20, "rotationZ": -73.68468182274452, "group": "mouth-changeling", "faces": {"north": {"texture": "#main", "uv": [123.0, 72.0, 122.0, 74.0], "autoUv": false}, "east": {"texture": "#main", "uv": [122.0, 72.0, 120.0, 74.0], "autoUv": false}, "south": {"texture": "#main", "uv": [120.0, 72.0, 119.0, 74.0], "autoUv": false}, "west": {"texture": "#main", "uv": [122.0, 72.0, 120.0, 74.0], "autoUv": false}, "up": {"texture": "#main", "uv": [122.0, 71.0, 120.0, 72.0], "autoUv": false, "rotation": 90}, "down": {"texture": "#main", "uv": [120.0, 75.0, 122.0, 74.0], "autoUv": false, "rotation": 270}}, "children": []}, {"name": "MouthChangelingUpperL", "from": [-0.02065145969390869, 2.4685946702957153, -0.887269139289856], "to": [2.721584439277649, 3.939270853996277, 1.7990692853927612], "rotationOrigin": [1.3504664897918701, 3.203932762145996, 0.45590007305145264], "stepParentName": "b_Head", "rotationX": 60.00001533003045, "rotationY": 14.673901573227232, "rotationZ": -82.50002449388646, "group": "mouth-changeling", "faces": {"north": {"texture": "#main", "uv": [14.0, 20.0, 15.0, 22.0], "autoUv": false}, "east": {"texture": "#main", "uv": [15.0, 20.0, 19.0, 22.0], "autoUv": false}, "south": {"texture": "#main", "uv": [19.0, 20.0, 20.0, 22.0], "autoUv": false}, "west": {"texture": "#main", "uv": [15.0, 20.0, 19.0, 22.0], "autoUv": false}, "up": {"texture": "#main", "uv": [15.0, 15.0, 19.0, 20.0], "autoUv": false, "rotation": 90}, "down": {"texture": "#main", "uv": [19.0, 26.0, 15.0, 22.0], "autoUv": false, "rotation": 270}}, "children": []}, {"name": "MouthChangelingUpperR", "from": [-0.008522629737854004, 2.480704426765442, -1.792077749967575], "to": [2.7337132692337036, 3.9513806104660034, 0.8942606747150421], "rotationOrigin": [1.3625953197479248, 3.2160425186157227, -0.4489085376262665], "stepParentName": "b_Head", "rotationX": -59.99999483946294, "rotationY": -15.32806806362708, "rotationZ": -82.4999903429406, "group": "mouth-changeling", "faces": {"north": {"texture": "#main", "uv": [14.0, 20.0, 15.0, 22.0], "autoUv": false}, "east": {"texture": "#main", "uv": [15.0, 20.0, 19.0, 22.0], "autoUv": false}, "south": {"texture": "#main", "uv": [19.0, 20.0, 20.0, 22.0], "autoUv": false}, "west": {"texture": "#main", "uv": [15.0, 20.0, 19.0, 22.0], "autoUv": false}, "up": {"texture": "#main", "uv": [15.0, 15.0, 19.0, 20.0], "autoUv": false, "rotation": 90}, "down": {"texture": "#main", "uv": [19.0, 26.0, 15.0, 22.0], "autoUv": false, "rotation": 270}}, "children": []}], "groups": []}