{"textureWidth": 128, "textureHeight": 128, "textures": {}, "textureSizes": {}, "elements": [{"name": "MouthStallionUpper", "from": [-0.06005370616912842, 2.695961654186249, -1.120967295835726], "to": [3.0196346044540405, 4.590648949146271, 1.1206043689744547], "rotationOrigin": [1.479790449142456, 3.6433053016662598, -0.00018146343063563108], "stepParentName": "b_Head", "rotationX": 4.338848586717234e-20, "rotationY": -5.294443149726638e-20, "rotationZ": -72.69480299690208, "group": "mouth-stallion", "faces": {"north": {"texture": "#main", "uv": [14.0, 20.0, 15.0, 22.0], "autoUv": false}, "east": {"texture": "#main", "uv": [15.0, 20.0, 19.0, 22.0], "autoUv": false}, "south": {"texture": "#main", "uv": [19.0, 20.0, 20.0, 22.0], "autoUv": false}, "west": {"texture": "#main", "uv": [15.0, 20.0, 19.0, 22.0], "autoUv": false}, "up": {"texture": "#main", "uv": [15.0, 15.0, 19.0, 20.0], "autoUv": false, "rotation": 90}, "down": {"texture": "#main", "uv": [19.0, 26.0, 15.0, 22.0], "autoUv": false, "rotation": 270}}, "children": []}, {"name": "MouthStallionLower", "from": [0.0767437219619751, 3.3272966742515564, -1.120967295835726], "to": [1.234361708164215, 4.779835283756256, 1.1206043689744547], "rotationOrigin": [0.7107645273208618, 4.053565979003906, -0.00018146343063563108], "stepParentName": "b_Head", "rotationX": -1.6869890051064655e-20, "rotationY": -5.155724413348053e-21, "rotationZ": -101.06907537529253, "group": "mouth-stallion", "faces": {"north": {"texture": "#main", "uv": [14.0, 21.0, 15.0, 23.0], "autoUv": false}, "east": {"texture": "#main", "uv": [15.0, 24.0, 19.0, 26.0], "autoUv": false}, "south": {"texture": "#main", "uv": [19.0, 21.0, 20.0, 23.0], "autoUv": false}, "west": {"texture": "#main", "uv": [15.0, 20.0, 19.0, 22.0], "autoUv": false}, "up": {"texture": "#main", "uv": [15.0, 18.0, 19.0, 20.0], "autoUv": false, "rotation": 90}, "down": {"texture": "#main", "uv": [19.0, 24.0, 15.0, 22.0], "autoUv": false, "rotation": 270}}, "children": []}, {"name": "MouthStallionUpperL", "from": [-0.017655253410339355, 2.5598790049552917, -0.8928642272949219], "to": [2.4407731890678406, 4.453566312789917, 1.3487074375152588], "rotationOrigin": [1.5221889019012451, 3.5072226524353027, 0.22792160511016846], "stepParentName": "b_Head", "rotationX": 62.93946237142631, "rotationY": 15.507020727428706, "rotationZ": -82.22262319093556, "group": "mouth-stallion", "faces": {"north": {"texture": "#main", "uv": [14.0, 20.0, 15.0, 22.0], "autoUv": false}, "east": {"texture": "#main", "uv": [15.0, 20.0, 19.0, 22.0], "autoUv": false}, "south": {"texture": "#main", "uv": [19.0, 20.0, 20.0, 22.0], "autoUv": false}, "west": {"texture": "#main", "uv": [15.0, 20.0, 19.0, 22.0], "autoUv": false}, "up": {"texture": "#main", "uv": [15.0, 15.0, 19.0, 20.0], "autoUv": false, "rotation": 90}, "down": {"texture": "#main", "uv": [19.0, 26.0, 15.0, 22.0], "autoUv": false, "rotation": 270}}, "children": []}, {"name": "MouthStallionUpperR", "from": [-0.017655253410339355, 2.5598790049552917, -1.3490703999996185], "to": [2.1398541927337646, 4.453566312789917, 0.8925012648105621], "rotationOrigin": [1.5221889019012451, 3.5072226524353027, -0.2282845675945282], "stepParentName": "b_Head", "rotationX": -62.93946237142631, "rotationY": -15.507020727428706, "rotationZ": -82.22262319093556, "group": "mouth-stallion", "faces": {"north": {"texture": "#main", "uv": [14.0, 20.0, 15.0, 22.0], "autoUv": false}, "east": {"texture": "#main", "uv": [15.0, 20.0, 19.0, 22.0], "autoUv": false}, "south": {"texture": "#main", "uv": [19.0, 20.0, 20.0, 22.0], "autoUv": false}, "west": {"texture": "#main", "uv": [15.0, 20.0, 19.0, 22.0], "autoUv": false}, "up": {"texture": "#main", "uv": [15.0, 15.0, 19.0, 20.0], "autoUv": false, "rotation": 90}, "down": {"texture": "#main", "uv": [19.0, 26.0, 15.0, 22.0], "autoUv": false, "rotation": 270}}, "children": []}], "groups": []}