{"textureWidth": 64, "textureHeight": 64, "textures": {"tail": "kemono:entity/horse/tail/horse-tail"}, "textureSizes": {"horse": [128, 128], "tail": [64, 64], "disable": [64, 64]}, "elements": [{"name": "TailKirinSkin0", "from": [0.32553425, -0.69020179, -0.69020283], "to": [2.74865791, 0.69020387, 0.69020283], "rotationOrigin": [0.32553408, 1.04e-06, 0.0], "stepParentName": "b_Tail0", "rotationZ": 1.07e-06, "group": "tail-kirin", "faces": {"north": {"texture": "#main", "uv": [41.0, 26.0, 46.0, 35.0], "autoUv": false, "rotation": 270}, "east": {"texture": "#main", "uv": [46.0, 21.0, 51.0, 26.0], "autoUv": false, "rotation": 180}, "south": {"texture": "#main", "uv": [51.0, 26.0, 55.0, 35.0], "autoUv": false, "rotation": 90}, "west": {"texture": "#main", "uv": [51.0, 21.0, 55.0, 26.0], "autoUv": false}, "up": {"texture": "#main", "uv": [46.0, 26.0, 51.0, 35.0], "autoUv": false, "rotation": 90}, "down": {"texture": "#main", "uv": [60.0, 35.0, 55.0, 26.0], "autoUv": false, "rotation": 90}}, "children": []}, {"name": "TailKirinSkin1", "from": [-0.15649462, -0.5858568, -0.52661449], "to": [2.68604732, 0.5858587, 0.52661449], "rotationOrigin": [-0.15649462, 9.5e-07, 0.0], "stepParentName": "b_Tail1", "rotationZ": -0.0, "group": "tail-kirin", "faces": {"north": {"texture": "#main", "uv": [41.0, 26.0, 46.0, 35.0], "autoUv": false, "rotation": 270}, "east": {"texture": "#main", "uv": [46.0, 21.0, 51.0, 26.0], "autoUv": false, "rotation": 180}, "south": {"texture": "#main", "uv": [51.0, 26.0, 55.0, 35.0], "autoUv": false, "rotation": 90}, "west": {"texture": "#main", "uv": [51.0, 21.0, 55.0, 26.0], "autoUv": false}, "up": {"texture": "#main", "uv": [46.0, 26.0, 51.0, 35.0], "autoUv": false, "rotation": 90}, "down": {"texture": "#main", "uv": [60.0, 35.0, 55.0, 26.0], "autoUv": false, "rotation": 90}}, "children": []}, {"name": "TailKirinSkin3", "from": [2.29538135, -0.19376305, -0.35302952], "to": [4.22522759, 0.51229599, 0.35302952], "rotationOrigin": [2.29538155, 0.15926647, 0.0], "stepParentName": "b_Tail2", "rotationZ": -0.0, "group": "tail-kirin", "faces": {"north": {"texture": "#main", "uv": [41.0, 26.0, 46.0, 35.0], "autoUv": false, "rotation": 270}, "east": {"texture": "#main", "uv": [46.0, 21.0, 51.0, 26.0], "autoUv": false, "rotation": 180}, "south": {"texture": "#main", "uv": [51.0, 26.0, 55.0, 35.0], "autoUv": false, "rotation": 90}, "west": {"texture": "#main", "uv": [51.0, 21.0, 55.0, 26.0], "autoUv": false}, "up": {"texture": "#main", "uv": [46.0, 26.0, 51.0, 35.0], "autoUv": false, "rotation": 90}, "down": {"texture": "#main", "uv": [60.0, 35.0, 55.0, 26.0], "autoUv": false, "rotation": 90}}, "children": []}, {"name": "TailKirinSkin4", "from": [-0.14082596, -0.07843676, -0.27744761], "to": [2.34459591, 0.47645846, 0.27744761], "rotationOrigin": [-0.14082623, 0.19901085, 0.0], "stepParentName": "b_Tail3", "rotationZ": -0.0, "group": "tail-kirin", "faces": {"north": {"texture": "#main", "uv": [41.0, 26.0, 46.0, 35.0], "autoUv": false, "rotation": 270}, "east": {"texture": "#main", "uv": [46.0, 21.0, 51.0, 26.0], "autoUv": false, "rotation": 180}, "south": {"texture": "#main", "uv": [51.0, 26.0, 55.0, 35.0], "autoUv": false, "rotation": 90}, "west": {"texture": "#main", "uv": [51.0, 21.0, 55.0, 26.0], "autoUv": false}, "up": {"texture": "#main", "uv": [46.0, 26.0, 51.0, 35.0], "autoUv": false, "rotation": 90}, "down": {"texture": "#main", "uv": [60.0, 35.0, 55.0, 26.0], "autoUv": false, "rotation": 90}}, "children": []}, {"name": "TailKirinSkin2", "from": [-0.24610225, -0.44870061, -0.43977746], "to": [2.50456309, 0.52980298, 0.43977746], "rotationOrigin": [-0.24610233, 0.04055119, 0.0], "stepParentName": "b_Tail2", "rotationZ": -0.0, "group": "tail-kirin", "faces": {"north": {"texture": "#main", "uv": [41.0, 26.0, 46.0, 35.0], "autoUv": false, "rotation": 270}, "east": {"texture": "#main", "uv": [46.0, 21.0, 51.0, 26.0], "autoUv": false, "rotation": 180}, "south": {"texture": "#main", "uv": [51.0, 26.0, 55.0, 35.0], "autoUv": false, "rotation": 90}, "west": {"texture": "#main", "uv": [51.0, 21.0, 55.0, 26.0], "autoUv": false}, "up": {"texture": "#main", "uv": [46.0, 26.0, 51.0, 35.0], "autoUv": false, "rotation": 90}, "down": {"texture": "#main", "uv": [60.0, 35.0, 55.0, 26.0], "autoUv": false, "rotation": 90}}, "children": []}, {"name": "TailKirinSkin0Stub", "from": [-1.12999086, -1.83688462, -0.69020283], "to": [1.36579347, -0.45647895, 0.69020283], "rotationOrigin": [-1.12998962, -1.14668083, 0.0], "stepParentName": "b_Tail0", "rotationZ": 29.2003018, "group": "tail-kirin", "faces": {"north": {"texture": "#main", "uv": [41.0, 26.0, 46.0, 35.0], "autoUv": false, "rotation": 270}, "east": {"texture": "#main", "uv": [46.0, 21.0, 51.0, 26.0], "autoUv": false, "rotation": 180}, "south": {"texture": "#main", "uv": [51.0, 26.0, 55.0, 35.0], "autoUv": false, "rotation": 90}, "west": {"texture": "#main", "uv": [51.0, 21.0, 55.0, 26.0], "autoUv": false}, "up": {"texture": "#main", "uv": [46.0, 26.0, 51.0, 35.0], "autoUv": false, "rotation": 90}, "down": {"texture": "#main", "uv": [60.0, 35.0, 55.0, 26.0], "autoUv": false, "rotation": 90}}, "children": []}, {"name": "TailKirinHair4", "from": [-0.1258316, -2.59232509, -0.91139197], "to": [6.18186426, 0.10158217, 0.91139197], "rotationOrigin": [-0.1258316, -1.24537277, 0.0], "stepParentName": "b_Tail4", "rotationZ": -0.0, "group": "tail-kirin", "faces": {"north": {"texture": "#tail", "uv": [57.0, 5.0, 38.0, 11.0], "autoUv": false}, "east": {"texture": "#tail", "uv": [61.0, 13.0, 63.0, 15.0], "autoUv": false, "enabled": false}, "south": {"texture": "#tail", "uv": [39.0, 4.0, 58.0, 9.0], "autoUv": false}, "west": {"texture": "#tail", "uv": [3.0, 6.0, 10.0, 15.0], "autoUv": false}, "up": {"texture": "#tail", "uv": [37.0, 11.0, 52.0, 15.0], "autoUv": false}, "down": {"texture": "#tail", "uv": [53.0, 16.0, 38.0, 12.0], "autoUv": false}}, "children": []}, {"name": "TailKirinHair3", "from": [2.14823055, -2.59265494, -1.0297296], "to": [6.7277422, 0.40935028, 1.0297296], "rotationOrigin": [2.14823055, -1.09165382, 0.0], "stepParentName": "b_Tail3", "rotationZ": -4.42324929, "group": "tail-kirin", "faces": {"north": {"texture": "#tail", "uv": [54.0, 8.0, 43.0, 16.0], "autoUv": false}, "east": {"texture": "#tail", "uv": [63.0, 13.0, 59.0, 17.0], "autoUv": false, "enabled": false}, "south": {"texture": "#tail", "uv": [43.0, 8.0, 54.0, 16.0], "autoUv": false}, "west": {"texture": "#tail", "uv": [3.0, 5.0, 10.0, 15.0], "autoUv": false}, "up": {"texture": "#tail", "uv": [39.0, 5.0, 50.0, 10.0], "autoUv": false}, "down": {"texture": "#tail", "uv": [53.0, 15.0, 42.0, 10.0], "autoUv": false}}, "children": []}, {"name": "TailKirinHair2", "from": [-0.05110836, -2.01804435, -0.79061294], "to": [3.75363874, 0.27456152, 0.79061294], "rotationOrigin": [-0.05110836, -0.87174034, 0.0], "stepParentName": "b_Tail3", "rotationZ": -0.0, "group": "tail-kirin", "faces": {"north": {"texture": "#tail", "uv": [53.0, 3.0, 45.0, 8.0], "autoUv": false}, "east": {"texture": "#tail", "uv": [6.0, 6.0, 11.0, 12.0], "autoUv": false}, "south": {"texture": "#tail", "uv": [45.0, 3.0, 53.0, 8.0], "autoUv": false}, "west": {"texture": "#tail", "uv": [3.0, 9.0, 7.0, 15.0], "autoUv": false}, "up": {"texture": "#tail", "uv": [24.0, 6.0, 38.0, 11.0], "autoUv": false}, "down": {"texture": "#tail", "uv": [37.0, 15.0, 23.0, 8.0], "autoUv": false}}, "children": []}, {"name": "TailKirinHair1", "from": [3.01935768, -1.01890385, -0.64443904], "to": [5.7190814, 0.82324815, 0.64443904], "rotationOrigin": [3.01935768, -0.09782696, 0.0], "stepParentName": "b_Tail2", "rotationZ": -58.17940109, "group": "tail-kirin", "faces": {"north": {"texture": "#tail", "uv": [59.0, 3.0, 52.0, 7.0], "autoUv": false}, "east": {"texture": "#tail", "uv": [61.0, 14.0, 63.0, 16.0], "autoUv": false, "enabled": false}, "south": {"texture": "#tail", "uv": [52.0, 3.0, 59.0, 7.0], "autoUv": false}, "west": {"texture": "#tail", "uv": [4.0, 8.0, 9.0, 14.0], "autoUv": false}, "up": {"texture": "#tail", "uv": [40.0, 11.0, 52.0, 14.0], "autoUv": false}, "down": {"texture": "#tail", "uv": [53.0, 15.0, 44.0, 12.0], "autoUv": false}}, "children": []}, {"name": "TailKirinHair5", "from": [3.17429066, -2.2308014, -0.77744603], "to": [7.17619991, -0.27877545, 0.77744603], "rotationOrigin": [3.17429066, -1.25478935, 0.0], "stepParentName": "b_Tail3", "rotationZ": -36.91130192, "group": "tail-kirin", "faces": {"north": {"texture": "#tail", "uv": [52.0, 11.0, 45.0, 15.0], "autoUv": false}, "east": {"texture": "#tail", "uv": [60.0, 12.0, 63.0, 15.0], "autoUv": false, "enabled": false}, "south": {"texture": "#tail", "uv": [45.0, 11.0, 52.0, 15.0], "autoUv": false}, "west": {"texture": "#tail", "uv": [3.0, 10.0, 8.0, 15.0], "autoUv": false}, "up": {"texture": "#tail", "uv": [42.0, 10.0, 52.0, 15.0], "autoUv": false}, "down": {"texture": "#tail", "uv": [53.0, 16.0, 45.0, 11.0], "autoUv": false}}, "children": []}, {"name": "TailKirinHair0", "from": [2.0114994, -0.83450043, -0.55344957], "to": [4.71122313, 1.00765157, 0.55344957], "rotationOrigin": [2.0114994, 0.08657646, 0.0], "stepParentName": "b_Tail2", "rotationZ": -81.79579784, "group": "tail-kirin", "faces": {"north": {"texture": "#tail", "uv": [53.0, 10.0, 47.0, 14.0], "autoUv": false}, "east": {"texture": "#tail", "uv": [61.0, 14.0, 63.0, 16.0], "autoUv": false, "enabled": false}, "south": {"texture": "#tail", "uv": [47.0, 10.0, 53.0, 14.0], "autoUv": false}, "west": {"texture": "#tail", "uv": [4.0, 8.0, 9.0, 14.0], "autoUv": false}, "up": {"texture": "#tail", "uv": [40.0, 11.0, 52.0, 14.0], "autoUv": false}, "down": {"texture": "#tail", "uv": [54.0, 14.0, 43.0, 11.0], "autoUv": false}}, "children": []}], "groups": []}