{"textureWidth": 64, "textureHeight": 64, "textures": {"tail": "kemono:entity/horse/tail/horse-tail"}, "textureSizes": {"tail": [64, 64], "disable": [64, 64]}, "elements": [{"name": "TailHorse2_3", "from": [-0.22727299, -1.9730022, -1.33489108], "to": [5.408391, 1.9730041, 1.33489108], "rotationOrigin": [-0.22727299, -9.5e-07, 0.0], "stepParentName": "b_Tail3", "rotationZ": -0.0, "group": "tail-horse2", "faces": {"north": {"texture": "#tail", "uv": [53.0, 5.0, 39.0, 15.0], "autoUv": false}, "east": {"texture": "#tail", "uv": [13.0, 12.0, 7.0, 20.0], "autoUv": false}, "south": {"texture": "#tail", "uv": [39.0, 5.0, 53.0, 15.0], "autoUv": false}, "west": {"texture": "#tail", "uv": [3.0, 5.0, 10.0, 15.0], "autoUv": false}, "up": {"texture": "#tail", "uv": [29.0, 2.0, 50.0, 10.0], "autoUv": false}, "down": {"texture": "#tail", "uv": [53.0, 15.0, 41.0, 10.0], "autoUv": false}}, "children": []}, {"name": "TailHorse2_4", "from": [-0.56641006, -2.11138439, -1.47687793], "to": [3.4470377, 2.11138654, 1.47687793], "rotationOrigin": [-0.56641006, -9.5e-07, 0.0], "stepParentName": "b_Tail4", "rotationZ": -0.0, "group": "tail-horse2", "faces": {"north": {"texture": "#tail", "uv": [51.0, 5.0, 41.0, 15.0], "autoUv": false}, "east": {"texture": "#tail", "uv": [61.0, 13.0, 63.0, 15.0], "autoUv": false, "enabled": false}, "south": {"texture": "#tail", "uv": [41.0, 5.0, 51.0, 15.0], "autoUv": false}, "west": {"texture": "#tail", "uv": [3.0, 6.0, 10.0, 15.0], "autoUv": false}, "up": {"texture": "#tail", "uv": [32.0, 1.0, 43.0, 8.0], "autoUv": false}, "down": {"texture": "#tail", "uv": [52.0, 15.0, 41.0, 9.0], "autoUv": false}}, "children": []}, {"name": "TailHorse2_5", "from": [2.23048592, -2.2746377, -1.64058411], "to": [6.11572099, 2.27464032, 1.64058411], "rotationOrigin": [2.23048592, -9.5e-07, 0.0], "stepParentName": "b_Tail4", "rotationZ": -0.0, "group": "tail-horse2", "faces": {"north": {"texture": "#tail", "uv": [49.0, 0.0, 57.0, 10.0], "autoUv": false, "rotation": 180}, "east": {"texture": "#tail", "uv": [60.0, 12.0, 63.0, 15.0], "autoUv": false, "enabled": false}, "south": {"texture": "#tail", "uv": [57.0, 0.0, 49.0, 10.0], "autoUv": false, "rotation": 180}, "west": {"texture": "#tail", "uv": [3.0, 5.0, 11.0, 15.0], "autoUv": false}, "up": {"texture": "#tail", "uv": [45.0, 8.0, 52.0, 16.0], "autoUv": false}, "down": {"texture": "#tail", "uv": [53.0, 16.0, 46.0, 8.0], "autoUv": false}}, "children": []}, {"name": "TailHorse2_1", "from": [-0.06544065, -1.15727139, -0.9019295], "to": [3.73930597, 1.15726924, 0.9019295], "rotationOrigin": [-0.06544065, 0.0, 0.0], "stepParentName": "b_Tail1", "rotationZ": -0.0, "group": "tail-horse2", "faces": {"north": {"texture": "#tail", "uv": [32.0, 10.0, 24.0, 15.0], "autoUv": false}, "east": {"texture": "#tail", "uv": [6.0, 6.0, 11.0, 12.0], "autoUv": false}, "south": {"texture": "#tail", "uv": [24.0, 10.0, 32.0, 15.0], "autoUv": false}, "west": {"texture": "#tail", "uv": [3.0, 9.0, 7.0, 15.0], "autoUv": false}, "up": {"texture": "#tail", "uv": [24.0, 6.0, 38.0, 11.0], "autoUv": false}, "down": {"texture": "#tail", "uv": [37.0, 15.0, 23.0, 8.0], "autoUv": false}}, "children": []}, {"name": "TailHorse2_2", "from": [-0.06204605, -1.59643769, -1.18494475], "to": [5.30055332, 1.59643459, 1.18494475], "rotationOrigin": [-0.06204605, 0.0, 0.0], "stepParentName": "b_Tail2", "rotationZ": -0.0, "group": "tail-horse2", "faces": {"north": {"texture": "#tail", "uv": [41.0, 6.0, 27.0, 13.0], "autoUv": false}, "east": {"texture": "#tail", "uv": [4.0, 4.0, 13.0, 15.0], "autoUv": false}, "south": {"texture": "#tail", "uv": [27.0, 9.0, 41.0, 16.0], "autoUv": false}, "west": {"texture": "#tail", "uv": [3.0, 7.0, 9.0, 15.0], "autoUv": false}, "up": {"texture": "#tail", "uv": [27.0, 2.0, 47.0, 9.0], "autoUv": false}, "down": {"texture": "#tail", "uv": [50.0, 15.0, 34.0, 8.0], "autoUv": false}}, "children": []}, {"name": "TailHorse2_Stub", "from": [-1.48377943, -0.77645573, -0.60715008], "to": [0.65074801, 0.92646673, 0.60715014], "rotationOrigin": [0.65074801, 0.07500467, 6e-08], "stepParentName": "b_Tail0", "rotationZ": 23.2825576, "group": "tail-horse2", "faces": {"north": {"texture": "#tail", "uv": [29.0, 9.0, 21.0, 15.0], "autoUv": false}, "east": {"texture": "#tail", "uv": [3.0, 8.0, 8.0, 14.0], "autoUv": false}, "south": {"texture": "#tail", "uv": [19.0, 9.0, 27.0, 15.0], "autoUv": false}, "west": {"texture": "#tail", "uv": [4.0, 8.0, 8.0, 14.0], "autoUv": false}, "up": {"texture": "#tail", "uv": [22.0, 9.0, 30.0, 12.0], "autoUv": false}, "down": {"texture": "#tail", "uv": [25.0, 15.0, 19.0, 11.0], "autoUv": false}}, "children": []}, {"name": "TailHorse2_0", "from": [0.07300065, -0.92107687, -0.65679032], "to": [3.02897714, 0.92107524, 0.65679032], "rotationOrigin": [0.07300065, 8e-08, 0.0], "stepParentName": "b_Tail0", "rotationZ": 1.07e-06, "group": "tail-horse2", "faces": {"north": {"texture": "#tail", "uv": [28.0, 4.0, 20.0, 9.0], "autoUv": false}, "east": {"texture": "#tail", "uv": [8.0, 8.0, 13.0, 14.0], "autoUv": false}, "south": {"texture": "#tail", "uv": [20.0, 4.0, 28.0, 9.0], "autoUv": false}, "west": {"texture": "#tail", "uv": [4.0, 8.0, 9.0, 14.0], "autoUv": false}, "up": {"texture": "#tail", "uv": [23.0, 9.0, 35.0, 13.0], "autoUv": false}, "down": {"texture": "#tail", "uv": [31.0, 15.0, 20.0, 10.0], "autoUv": false}}, "children": []}], "groups": []}