{"textureWidth": 64, "textureHeight": 64, "textures": {"tail": "kemono:entity/horse/tail/horse-tail"}, "textureSizes": {"tail": [64, 64], "disable": [64, 64]}, "elements": [{"name": "TailHorse1_3", "from": [-0.22727299, -1.9730022, -1.50008428], "to": [5.408391, 1.9730041, 1.50008428], "rotationOrigin": [-0.22727299, -9.5e-07, 0.0], "stepParentName": "b_Tail3", "rotationZ": -0.0, "group": "tail-horse1", "faces": {"north": {"texture": "#tail", "uv": [53.0, 5.0, 39.0, 15.0], "autoUv": false}, "east": {"texture": "#tail", "uv": [13.0, 12.0, 7.0, 20.0], "autoUv": false}, "south": {"texture": "#tail", "uv": [39.0, 5.0, 53.0, 15.0], "autoUv": false}, "west": {"texture": "#tail", "uv": [3.0, 5.0, 10.0, 15.0], "autoUv": false}, "up": {"texture": "#tail", "uv": [29.0, 2.0, 50.0, 10.0], "autoUv": false}, "down": {"texture": "#tail", "uv": [53.0, 15.0, 41.0, 10.0], "autoUv": false}}, "children": []}, {"name": "TailHorse1_4", "from": [-0.4249897, -1.56289279, -1.37704849], "to": [3.58845806, 1.13101447, 1.37704849], "rotationOrigin": [-0.4249897, -0.21594048, 0.0], "stepParentName": "b_Tail4", "rotationZ": -0.0, "group": "tail-horse1", "faces": {"north": {"texture": "#tail", "uv": [57.0, 4.0, 47.0, 10.0], "autoUv": false}, "east": {"texture": "#tail", "uv": [61.0, 13.0, 63.0, 15.0], "autoUv": false, "enabled": false}, "south": {"texture": "#tail", "uv": [47.0, 4.0, 57.0, 9.0], "autoUv": false}, "west": {"texture": "#tail", "uv": [3.0, 6.0, 10.0, 15.0], "autoUv": false}, "up": {"texture": "#tail", "uv": [28.0, 1.0, 43.0, 8.0], "autoUv": false}, "down": {"texture": "#tail", "uv": [52.0, 16.0, 41.0, 10.0], "autoUv": false}}, "children": []}, {"name": "TailHorse1_5", "from": [1.65611649, -0.71151292, -1.21119022], "to": [5.54135156, 1.13602376, 1.21119022], "rotationOrigin": [1.65611649, 0.21225452, 0.0], "stepParentName": "b_Tail4", "rotationZ": 6.08677516, "group": "tail-horse1", "faces": {"north": {"texture": "#tail", "uv": [53.0, 10.0, 44.0, 14.0], "autoUv": false}, "east": {"texture": "#tail", "uv": [60.0, 12.0, 63.0, 15.0], "autoUv": false, "enabled": false}, "south": {"texture": "#tail", "uv": [45.0, 10.0, 54.0, 14.0], "autoUv": false}, "west": {"texture": "#tail", "uv": [3.0, 9.0, 9.0, 15.0], "autoUv": false}, "up": {"texture": "#tail", "uv": [30.0, 3.0, 42.0, 10.0], "autoUv": false}, "down": {"texture": "#tail", "uv": [54.0, 16.0, 44.0, 10.0], "autoUv": false}}, "children": []}, {"name": "TailHorse1_6", "from": [3.49123764, -0.61073089, -0.93751335], "to": [7.01718807, 0.95211917, 0.93751335], "rotationOrigin": [3.49123764, 0.1706934, 0.0], "stepParentName": "b_Tail4", "rotationZ": 29.90361321, "group": "tail-horse1", "faces": {"north": {"texture": "#tail", "uv": [52.0, 11.0, 45.0, 14.0], "autoUv": false}, "east": {"texture": "#tail", "uv": [60.0, 12.0, 63.0, 15.0], "autoUv": false, "enabled": false}, "south": {"texture": "#tail", "uv": [45.0, 11.0, 52.0, 14.0], "autoUv": false}, "west": {"texture": "#tail", "uv": [3.0, 10.0, 8.0, 15.0], "autoUv": false}, "up": {"texture": "#tail", "uv": [42.0, 10.0, 52.0, 15.0], "autoUv": false}, "down": {"texture": "#tail", "uv": [53.0, 16.0, 45.0, 11.0], "autoUv": false}}, "children": []}, {"name": "TailHorse1_fluff.002", "from": [2.22342873, 0.91134512, -0.72521472], "to": [5.29967928, 2.38575637, 0.72521472], "rotationOrigin": [2.22342873, 1.64855003, 0.0], "stepParentName": "b_Tail4", "rotationZ": 40.39064468, "group": "tail-horse1", "faces": {"north": {"texture": "#tail", "uv": [52.0, 13.0, 46.0, 16.0], "autoUv": false}, "east": {"texture": "#tail", "uv": [61.0, 13.0, 63.0, 15.0], "autoUv": false, "rotation": 90, "enabled": false}, "south": {"texture": "#tail", "uv": [46.0, 11.0, 52.0, 14.0], "autoUv": false}, "west": {"texture": "#tail", "uv": [7.0, 7.0, 12.0, 12.0], "autoUv": false, "rotation": 90}, "up": {"texture": "#tail", "uv": [46.0, 11.0, 52.0, 14.0], "autoUv": false}, "down": {"texture": "#tail", "uv": [52.0, 16.0, 44.0, 13.0], "autoUv": false}}, "children": []}, {"name": "TailHorse1_fluff", "from": [0.30716801, -0.35820055, -0.64744484], "to": [3.05353045, 0.95809919, 0.64744484], "rotationOrigin": [0.30716801, 0.29994869, 0.0], "stepParentName": "b_Tail1", "rotationZ": 37.97710512, "group": "tail-horse1", "faces": {"north": {"texture": "#tail", "uv": [52.0, 13.0, 46.0, 16.0], "autoUv": false}, "east": {"texture": "#tail", "uv": [61.0, 13.0, 63.0, 15.0], "autoUv": false, "rotation": 90, "enabled": false}, "south": {"texture": "#tail", "uv": [46.0, 11.0, 52.0, 14.0], "autoUv": false}, "west": {"texture": "#tail", "uv": [7.0, 7.0, 12.0, 12.0], "autoUv": false, "rotation": 90}, "up": {"texture": "#tail", "uv": [46.0, 11.0, 52.0, 14.0], "autoUv": false}, "down": {"texture": "#tail", "uv": [52.0, 16.0, 44.0, 13.0], "autoUv": false}}, "children": []}, {"name": "TailHorse1_fluff.001", "from": [0.07104683, -0.23334569, -0.87315863], "to": [3.77485323, 1.5418458, 0.87315863], "rotationOrigin": [0.07104683, 0.65424919, 0.0], "stepParentName": "b_Tail4", "rotationZ": 26.71693381, "group": "tail-horse1", "faces": {"north": {"texture": "#tail", "uv": [52.0, 11.0, 46.0, 14.0], "autoUv": false}, "east": {"texture": "#tail", "uv": [61.0, 13.0, 63.0, 15.0], "autoUv": false, "rotation": 90, "enabled": false}, "south": {"texture": "#tail", "uv": [46.0, 9.0, 52.0, 12.0], "autoUv": false}, "west": {"texture": "#tail", "uv": [7.0, 7.0, 12.0, 12.0], "autoUv": false, "rotation": 90}, "up": {"texture": "#tail", "uv": [46.0, 11.0, 52.0, 14.0], "autoUv": false}, "down": {"texture": "#tail", "uv": [52.0, 16.0, 44.0, 13.0], "autoUv": false}}, "children": []}, {"name": "TailHorse1_fluff.003", "from": [2.50465584, -1.658687, -0.72521472], "to": [5.58090639, -0.18427575, 0.72521472], "rotationOrigin": [2.50465584, -0.92148209, 0.0], "stepParentName": "b_Tail4", "rotationZ": 7.93350207, "group": "tail-horse1", "faces": {"north": {"texture": "#tail", "uv": [52.0, 13.0, 46.0, 16.0], "autoUv": false}, "east": {"texture": "#tail", "uv": [61.0, 13.0, 63.0, 15.0], "autoUv": false, "rotation": 90, "enabled": false}, "south": {"texture": "#tail", "uv": [46.0, 11.0, 52.0, 14.0], "autoUv": false}, "west": {"texture": "#tail", "uv": [7.0, 7.0, 12.0, 12.0], "autoUv": false, "rotation": 90}, "up": {"texture": "#tail", "uv": [46.0, 11.0, 52.0, 14.0], "autoUv": false}, "down": {"texture": "#tail", "uv": [52.0, 16.0, 44.0, 13.0], "autoUv": false}}, "children": []}, {"name": "TailHorse1_fluff.004", "from": [0.51990986, 0.49681628, -0.72521472], "to": [3.59616041, 1.97122753, 0.72521472], "rotationOrigin": [0.51990986, 1.23402119, 0.0], "stepParentName": "b_Tail3", "rotationZ": 28.7451858, "group": "tail-horse1", "faces": {"north": {"texture": "#tail", "uv": [52.0, 12.0, 46.0, 15.0], "autoUv": false}, "east": {"texture": "#tail", "uv": [61.0, 13.0, 63.0, 15.0], "autoUv": false, "rotation": 90, "enabled": false}, "south": {"texture": "#tail", "uv": [46.0, 10.0, 52.0, 13.0], "autoUv": false}, "west": {"texture": "#tail", "uv": [7.0, 7.0, 12.0, 12.0], "autoUv": false, "rotation": 90}, "up": {"texture": "#tail", "uv": [46.0, 10.0, 52.0, 13.0], "autoUv": false}, "down": {"texture": "#tail", "uv": [52.0, 15.0, 44.0, 12.0], "autoUv": false}}, "children": []}, {"name": "TailHorse1_1", "from": [-0.06544065, -1.15727139, -0.9019295], "to": [3.73930597, 1.15726924, 0.9019295], "rotationOrigin": [-0.06544065, 0.0, 0.0], "stepParentName": "b_Tail1", "rotationZ": -0.0, "group": "tail-horse1", "faces": {"north": {"texture": "#tail", "uv": [32.0, 10.0, 24.0, 15.0], "autoUv": false}, "east": {"texture": "#tail", "uv": [6.0, 6.0, 11.0, 12.0], "autoUv": false}, "south": {"texture": "#tail", "uv": [24.0, 10.0, 32.0, 15.0], "autoUv": false}, "west": {"texture": "#tail", "uv": [3.0, 9.0, 7.0, 15.0], "autoUv": false}, "up": {"texture": "#tail", "uv": [24.0, 6.0, 38.0, 11.0], "autoUv": false}, "down": {"texture": "#tail", "uv": [37.0, 15.0, 23.0, 8.0], "autoUv": false}}, "children": []}, {"name": "TailHorse1_Stub", "from": [-1.48377943, -0.77645573, -0.60715008], "to": [0.65074801, 0.92646673, 0.60715014], "rotationOrigin": [0.65074801, 0.07500467, 6e-08], "stepParentName": "b_Tail0", "rotationZ": 23.2825576, "group": "tail-horse1", "faces": {"north": {"texture": "#tail", "uv": [29.0, 9.0, 21.0, 15.0], "autoUv": false}, "east": {"texture": "#tail", "uv": [3.0, 8.0, 8.0, 14.0], "autoUv": false}, "south": {"texture": "#tail", "uv": [19.0, 9.0, 27.0, 15.0], "autoUv": false}, "west": {"texture": "#tail", "uv": [4.0, 8.0, 8.0, 14.0], "autoUv": false}, "up": {"texture": "#tail", "uv": [22.0, 9.0, 30.0, 12.0], "autoUv": false}, "down": {"texture": "#tail", "uv": [25.0, 15.0, 19.0, 11.0], "autoUv": false}}, "children": []}, {"name": "TailHorse1_2", "from": [-0.06204605, -1.59643769, -1.18494475], "to": [5.30055332, 1.59643459, 1.18494475], "rotationOrigin": [-0.06204605, 0.0, 0.0], "stepParentName": "b_Tail2", "rotationZ": -0.0, "group": "tail-horse1", "faces": {"north": {"texture": "#tail", "uv": [41.0, 6.0, 27.0, 13.0], "autoUv": false}, "east": {"texture": "#tail", "uv": [4.0, 4.0, 13.0, 15.0], "autoUv": false}, "south": {"texture": "#tail", "uv": [27.0, 9.0, 41.0, 16.0], "autoUv": false}, "west": {"texture": "#tail", "uv": [3.0, 7.0, 9.0, 15.0], "autoUv": false}, "up": {"texture": "#tail", "uv": [27.0, 2.0, 47.0, 9.0], "autoUv": false}, "down": {"texture": "#tail", "uv": [50.0, 15.0, 34.0, 8.0], "autoUv": false}}, "children": []}, {"name": "TailHorse1_0", "from": [0.07300065, -0.92107687, -0.65679032], "to": [3.02897714, 0.92107524, 0.65679032], "rotationOrigin": [0.07300065, 8e-08, 0.0], "stepParentName": "b_Tail0", "rotationZ": 1.07e-06, "group": "tail-horse1", "faces": {"north": {"texture": "#tail", "uv": [28.0, 4.0, 20.0, 9.0], "autoUv": false}, "east": {"texture": "#tail", "uv": [8.0, 8.0, 13.0, 14.0], "autoUv": false}, "south": {"texture": "#tail", "uv": [20.0, 4.0, 28.0, 9.0], "autoUv": false}, "west": {"texture": "#tail", "uv": [4.0, 8.0, 9.0, 14.0], "autoUv": false}, "up": {"texture": "#tail", "uv": [23.0, 9.0, 35.0, 13.0], "autoUv": false}, "down": {"texture": "#tail", "uv": [31.0, 15.0, 20.0, 10.0], "autoUv": false}}, "children": []}], "groups": []}