{"textureWidth": 64, "textureHeight": 64, "textures": {"tail": "kemono:entity/horse/tail/horse-tail"}, "textureSizes": {"tail": [64, 64]}, "elements": [{"name": "TailHorse2_3.001", "from": [-0.22727299, -1.9730022, -1.14666845], "to": [5.408391, 1.9730041, 1.14666845], "rotationOrigin": [-0.22727299, -9.5e-07, 0.0], "stepParentName": "b_Tail3", "rotationZ": -0.0, "group": "tail-changeling", "faces": {"north": {"texture": "#tail", "uv": [57.0, 5.0, 43.0, 15.0], "autoUv": false}, "east": {"texture": "#tail", "uv": [61.0, 13.0, 57.0, 17.0], "autoUv": false}, "south": {"texture": "#tail", "uv": [44.0, 5.0, 58.0, 15.0], "autoUv": false}, "west": {"texture": "#tail", "uv": [3.0, 5.0, 10.0, 15.0], "autoUv": false}, "up": {"texture": "#tail", "uv": [31.0, 8.0, 52.0, 16.0], "autoUv": false}, "down": {"texture": "#tail", "uv": [53.0, 15.0, 41.0, 10.0], "autoUv": false}}, "children": []}, {"name": "TailHorse2_1.001", "from": [-0.06544065, -1.15727139, -0.77475542], "to": [3.73930597, 1.15726924, 0.77475542], "rotationOrigin": [-0.06544065, 0.0, 0.0], "stepParentName": "b_Tail1", "rotationZ": -0.0, "group": "tail-changeling", "faces": {"north": {"texture": "#tail", "uv": [32.0, 10.0, 24.0, 15.0], "autoUv": false}, "east": {"texture": "#tail", "uv": [6.0, 6.0, 11.0, 12.0], "autoUv": false}, "south": {"texture": "#tail", "uv": [24.0, 10.0, 32.0, 15.0], "autoUv": false}, "west": {"texture": "#tail", "uv": [3.0, 9.0, 7.0, 15.0], "autoUv": false}, "up": {"texture": "#tail", "uv": [24.0, 6.0, 38.0, 11.0], "autoUv": false}, "down": {"texture": "#tail", "uv": [37.0, 15.0, 23.0, 8.0], "autoUv": false}}, "children": []}, {"name": "TailHorse2_2.001", "from": [-0.06204605, -1.59643769, -1.01786489], "to": [5.30055332, 1.59643459, 1.01786489], "rotationOrigin": [-0.06204605, 0.0, 0.0], "stepParentName": "b_Tail2", "rotationZ": -0.0, "group": "tail-changeling", "faces": {"north": {"texture": "#tail", "uv": [41.0, 6.0, 27.0, 13.0], "autoUv": false}, "east": {"texture": "#tail", "uv": [4.0, 4.0, 13.0, 15.0], "autoUv": false}, "south": {"texture": "#tail", "uv": [27.0, 9.0, 41.0, 16.0], "autoUv": false}, "west": {"texture": "#tail", "uv": [3.0, 7.0, 9.0, 15.0], "autoUv": false}, "up": {"texture": "#tail", "uv": [27.0, 2.0, 47.0, 9.0], "autoUv": false}, "down": {"texture": "#tail", "uv": [50.0, 15.0, 34.0, 8.0], "autoUv": false}}, "children": []}, {"name": "TailHorse2_Stub.001", "from": [-1.48377943, -0.77645573, -0.52154055], "to": [0.65074801, 0.92646673, 0.52154062], "rotationOrigin": [0.65074801, 0.07500467, 6e-08], "stepParentName": "b_Tail0", "rotationZ": 23.2825576, "group": "tail-changeling", "faces": {"north": {"texture": "#tail", "uv": [29.0, 9.0, 21.0, 15.0], "autoUv": false}, "east": {"texture": "#tail", "uv": [3.0, 8.0, 8.0, 14.0], "autoUv": false}, "south": {"texture": "#tail", "uv": [19.0, 9.0, 27.0, 15.0], "autoUv": false}, "west": {"texture": "#tail", "uv": [4.0, 8.0, 8.0, 14.0], "autoUv": false}, "up": {"texture": "#tail", "uv": [22.0, 9.0, 30.0, 12.0], "autoUv": false}, "down": {"texture": "#tail", "uv": [25.0, 15.0, 19.0, 11.0], "autoUv": false}}, "children": []}, {"name": "TailHorse2_0.001", "from": [0.07300065, -0.92107687, -0.56418141], "to": [3.02897714, 0.92107524, 0.56418141], "rotationOrigin": [0.07300065, 8e-08, 0.0], "stepParentName": "b_Tail0", "rotationZ": 1.07e-06, "group": "tail-changeling", "faces": {"north": {"texture": "#tail", "uv": [28.0, 4.0, 20.0, 9.0], "autoUv": false}, "east": {"texture": "#tail", "uv": [8.0, 8.0, 13.0, 14.0], "autoUv": false}, "south": {"texture": "#tail", "uv": [20.0, 4.0, 28.0, 9.0], "autoUv": false}, "west": {"texture": "#tail", "uv": [4.0, 8.0, 9.0, 14.0], "autoUv": false}, "up": {"texture": "#tail", "uv": [23.0, 9.0, 35.0, 13.0], "autoUv": false}, "down": {"texture": "#tail", "uv": [31.0, 15.0, 20.0, 10.0], "autoUv": false}}, "children": []}, {"name": "TailHorse2_3.002", "from": [-0.22727299, -2.04355264, -1.09979764], "to": [5.33939473, -0.40285695, 1.09979764], "rotationOrigin": [-0.22727299, -1.22320557, 0.0], "stepParentName": "b_Tail3", "rotationZ": -0.0, "group": "tail-changeling", "faces": {"north": {"texture": "#tail", "uv": [60.0, 3.0, 51.0, 6.0], "autoUv": false}, "east": {"texture": "#tail", "uv": [61.0, 13.0, 57.0, 17.0], "autoUv": false}, "south": {"texture": "#tail", "uv": [50.0, 3.0, 60.0, 6.0], "autoUv": false}, "west": {"texture": "#tail", "uv": [3.0, 5.0, 10.0, 15.0], "autoUv": false}, "up": {"texture": "#tail", "uv": [41.0, 11.0, 58.0, 15.0], "autoUv": false}, "down": {"texture": "#tail", "uv": [53.0, 15.0, 41.0, 10.0], "autoUv": false}}, "children": []}], "groups": []}