{
    "editor": {
        "backDropShape": "entity/humanoid/seraph-hairless",
        "collapsedPaths": "Root/HairBase",
        "allAngles": true,
        "entityTextureMode": true
    },
    "textureWidth": 48,
    "textureHeight": 48,
    "textureSizes": {
        "hair": [
            48,
            48
        ],
        "birch": [
            16,
            16
        ]
    },
    "textures": {
        "hair": "game:entity/humanoid/seraphskinparts/hair/lightgray"
    },
    "elements": [
        {
            "name": "HairBase",
            "stepParentName": "Head",
            "from": [
                -0.33199999999999996,
                -0.964,
                -0.416
            ],
            "to": [
                6.396,
                5.4159999999999995,
                5.384
            ],
            "autoUnwrap": false,
            "uv": [
                1.5,
                10.5
            ],
            "rotationOrigin": [
                3.1479999999999997,
                2.516,
                2.6
            ],
            "faces": {
                "north": {
                    "texture": "#hair",
                    "uv": [
                        0.0,
                        1.0,
                        5.5,
                        6.5
                    ]
                },
                "east": {
                    "texture": "#hair",
                    "uv": [
                        8.5,
                        2.0,
                        13.5,
                        7.5
                    ]
                },
                "west": {
                    "texture": "#hair",
                    "uv": [
                        5.5,
                        12.5,
                        10.5,
                        18.0
                    ]
                },
                "up": {
                    "texture": "#hair",
                    "uv": [
                        15.0,
                        3.0,
                        20.5,
                        8.0
                    ]
                }
            },
            "children": [
                {
                    "name": "HairTop",
                    "from": [
                        0.0,
                        6.38,
                        -0.46399999999999997
                    ],
                    "to": [
                        6.728,
                        6.38,
                        1.8559999999999999
                    ],
                    "autoUnwrap": false,
                    "uv": [
                        15.0,
                        3.5
                    ],
                    "rotationOrigin": [
                        3.7119999999999997,
                        6.38,
                        1.8559999999999999
                    ],
                    "rotationX": 17.0,
                    "faces": {
                        "up": {
                            "texture": "#hair",
                            "uv": [
                                15.0,
                                4.5,
                                20.5,
                                6.5
                            ],
                            "rotation": 180
                        }
                    }
                },
                {
                    "name": "HairSide",
                    "from": [
                        0.0,
                        2.32,
                        0.0
                    ],
                    "to": [
                        6.728,
                        5.8,
                        0.0
                    ],
                    "uv": [
                        15.0,
                        3.0
                    ],
                    "rotationOrigin": [
                        3.7119999999999997,
                        5.8,
                        0.0
                    ],
                    "rotationX": 6.0,
                    "faces": {
                        "north": {
                            "texture": "#hair",
                            "uv": [
                                15.0,
                                3.0,
                                20.5,
                                6.0
                            ]
                        }
                    }
                }
            ]
        },
        {
            "name": "HairOver",
            "stepParentName": "Head",
            "from": [
                -0.44799999999999995,
                -4.327999999999999,
                -0.532
            ],
            "to": [
                7.092,
                5.532,
                5.732
            ],
            "autoUnwrap": false,
            "uv": [
                32.5,
                22.0
            ],
            "rotationOrigin": [
                3.032,
                2.632,
                2.6
            ],
            "faces": {}
        }
    ]
}