{
    "editor": {
        "backDropShape": "entity/humanoid/seraph-hairless",
        "allAngles": true,
        "entityTextureMode": true
    },
    "textureWidth": 48,
    "textureHeight": 48,
    "textureSizes": {
        "hair": [
            48,
            48
        ]
    },
    "textures": {
        "hair": "game:entity/humanoid/seraphskinparts/hair/lightgray"
    },
    "elements": [
        {
            "name": "Hair",
            "stepParentName": "Hair",
            "from": [
                -3.2972,
                -3.2159999999999997,
                -3.2479999999999998
            ],
            "to": [
                4.242799999999999,
                6.644,
                3.132
            ],
            "autoUnwrap": false,
            "uv": [
                2.0,
                2.5
            ],
            "rotationOrigin": [
                1.2499999999999996,
                2.7765599999999995,
                -0.8119999999999998
            ],
            "rotationZ": 2.0,
            "faces": {
                "north": {
                    "texture": "#hair",
                    "uv": [
                        0.0,
                        1.0,
                        6.5,
                        9.5
                    ],
                    "enabled": false
                },
                "east": {
                    "texture": "#hair",
                    "uv": [
                        18.0,
                        1.0,
                        23.5,
                        9.5
                    ],
                    "enabled": false
                },
                "south": {
                    "texture": "#hair",
                    "uv": [
                        11.0,
                        1.0,
                        17.5,
                        9.5
                    ],
                    "enabled": false
                },
                "west": {
                    "texture": "#hair",
                    "uv": [
                        6.0,
                        0.5,
                        11.5,
                        9.0
                    ],
                    "enabled": false
                },
                "up": {
                    "texture": "#hair",
                    "uv": [
                        24.0,
                        0.0,
                        29.5,
                        6.5
                    ],
                    "rotation": 90,
                    "enabled": false
                },
                "down": {
                    "texture": "#hair",
                    "uv": [
                        14.0,
                        27.0,
                        25.5,
                        12.0
                    ],
                    "rotation": 90,
                    "enabled": false,
                    "autoUv": false
                }
            }
        },
        {
            "name": "Hair tile upper part",
            "stepParentName": "Hair",
            "from": [
                -3.5756,
                -2.056,
                -3.596
            ],
            "to": [
                4.5443999999999996,
                6.644,
                3.3640000000000003
            ],
            "autoUnwrap": false,
            "uv": [
                3.0,
                9.0
            ],
            "rotationOrigin": [
                0.29323199999999927,
                6.882728,
                -0.46399999999999997
            ],
            "rotationZ": 2.0,
            "faces": {
                "north": {
                    "texture": "#hair",
                    "uv": [
                        0.0,
                        10.5,
                        7.0,
                        18.0
                    ],
                    "enabled": false
                },
                "east": {
                    "texture": "#hair",
                    "uv": [
                        19.0,
                        10.5,
                        25.0,
                        18.0
                    ],
                    "enabled": false
                },
                "south": {
                    "texture": "#hair",
                    "uv": [
                        12.5,
                        10.5,
                        19.5,
                        18.0
                    ],
                    "enabled": false
                },
                "west": {
                    "texture": "#hair",
                    "uv": [
                        6.5,
                        10.5,
                        12.5,
                        18.0
                    ],
                    "enabled": false
                },
                "up": {
                    "texture": "#hair",
                    "uv": [
                        26.0,
                        11.0,
                        32.0,
                        18.0
                    ],
                    "rotation": 90,
                    "enabled": false
                },
                "down": {
                    "texture": "#hair",
                    "uv": [
                        39.0,
                        34.5,
                        45.0,
                        41.5
                    ],
                    "rotation": 90,
                    "enabled": false
                }
            }
        }
    ]
}