{
    "editor": {
        "backDropShape": "entity/humanoid/seraph-hairless",
        "allAngles": true,
        "entityTextureMode": true
    },
    "textureWidth": 48,
    "textureHeight": 48,
    "textureSizes": {
        "hair": [
            48,
            48
        ],
        "birch": [
            16,
            16
        ]
    },
    "textures": {
        "hair": "game:entity/humanoid/seraphskinparts/hair/lightgray"
    },
    "elements": [
        {
            "name": "Hair",
            "stepParentName": "Head",
            "from": [
                -0.2972,
                -4.096,
                -0.6479999999999999
            ],
            "to": [
                6.6628,
                5.764,
                5.732
            ],
            "autoUnwrap": false,
            "uv": [
                2.0,
                2.5
            ],
            "rotationOrigin": [
                4.25,
                1.8965599999999996,
                1.788
            ],
            "rotationZ": 2.0,
            "faces": {
                "north": {
                    "texture": "#hair",
                    "uv": [
                        41.0,
                        0.0,
                        47.0,
                        8.5
                    ]
                },
                "east": {
                    "texture": "#hair",
                    "uv": [
                        34.0,
                        33.5,
                        39.5,
                        42.0
                    ]
                },
                "south": {
                    "texture": "#hair",
                    "uv": [
                        31.5,
                        0.0,
                        37.5,
                        8.5
                    ]
                },
                "west": {
                    "texture": "#hair",
                    "uv": [
                        5.5,
                        0.5,
                        11.0,
                        9.0
                    ]
                },
                "up": {
                    "texture": "#hair",
                    "uv": [
                        24.0,
                        0.0,
                        29.5,
                        6.0
                    ],
                    "rotation": 90
                }
            },
            "children": [
                {
                    "name": "hair-uncovered",
                    "from": [
                        0.0,
                        0.0,
                        0.0
                    ],
                    "to": [
                        1.16,
                        1.16,
                        1.16
                    ],
                    "uv": [
                        0.0,
                        0.0
                    ],
                    "faces": {},
                    "children": [
                        {
                            "name": "StrandRight15",
                            "from": [
                                4.06,
                                3.132,
                                -1.044
                            ],
                            "to": [
                                4.06,
                                5.452,
                                0.696
                            ],
                            "uv": [
                                45.5,
                                39.5
                            ],
                            "rotationOrigin": [
                                4.06,
                                5.452,
                                -0.11599999999999999
                            ],
                            "rotationX": 83.0,
                            "rotationY": -19.0,
                            "rotationZ": 86.0,
                            "faces": {
                                "west": {
                                    "texture": "#hair",
                                    "uv": [
                                        45.5,
                                        39.5,
                                        47.0,
                                        41.5
                                    ]
                                }
                            },
                            "children": [
                                {
                                    "name": "Cube16",
                                    "from": [
                                        0.0,
                                        -1.16,
                                        0.0
                                    ],
                                    "to": [
                                        0.0,
                                        0.0,
                                        1.7399999999999998
                                    ],
                                    "uv": [
                                        44.0,
                                        42.0
                                    ],
                                    "rotationOrigin": [
                                        0.0,
                                        0.0,
                                        0.8119999999999999
                                    ],
                                    "rotationZ": 30.0,
                                    "faces": {
                                        "west": {
                                            "texture": "#hair",
                                            "uv": [
                                                44.0,
                                                42.0,
                                                45.5,
                                                43.0
                                            ]
                                        }
                                    }
                                }
                            ]
                        },
                        {
                            "name": "StrandLeft13",
                            "from": [
                                3.7119999999999997,
                                1.9719999999999998,
                                5.568
                            ],
                            "to": [
                                3.7119999999999997,
                                5.452,
                                7.307999999999999
                            ],
                            "uv": [
                                45.5,
                                39.5
                            ],
                            "rotationOrigin": [
                                3.7119999999999997,
                                5.452,
                                6.4959999999999996
                            ],
                            "rotationX": -95.0,
                            "rotationY": -5.0,
                            "rotationZ": 90.0,
                            "faces": {
                                "west": {
                                    "texture": "#hair",
                                    "uv": [
                                        45.5,
                                        39.5,
                                        47.0,
                                        42.5
                                    ]
                                }
                            },
                            "children": [
                                {
                                    "name": "Cube14",
                                    "from": [
                                        0.0,
                                        -2.32,
                                        0.0
                                    ],
                                    "to": [
                                        0.0,
                                        0.0,
                                        1.7399999999999998
                                    ],
                                    "uv": [
                                        45.5,
                                        41.5
                                    ],
                                    "rotationOrigin": [
                                        0.0,
                                        0.0,
                                        0.8119999999999999
                                    ],
                                    "rotationZ": 86.0,
                                    "faces": {
                                        "west": {
                                            "texture": "#hair",
                                            "uv": [
                                                45.5,
                                                41.5,
                                                47.0,
                                                43.5
                                            ]
                                        }
                                    }
                                }
                            ]
                        },
                        {
                            "name": "StrandUp",
                            "from": [
                                0.0,
                                9.86,
                                2.32
                            ],
                            "to": [
                                3.4799999999999995,
                                9.86,
                                4.06
                            ],
                            "autoUnwrap": false,
                            "uv": [
                                37.0,
                                26.5
                            ],
                            "rotationOrigin": [
                                0.0,
                                9.86,
                                3.132
                            ],
                            "rotationZ": 8.0,
                            "faces": {
                                "up": {
                                    "texture": "#hair",
                                    "uv": [
                                        45.5,
                                        39.5,
                                        47.0,
                                        42.5
                                    ],
                                    "rotation": 270
                                }
                            },
                            "children": [
                                {
                                    "name": "Cube12",
                                    "from": [
                                        3.4799999999999995,
                                        0.0,
                                        0.0
                                    ],
                                    "to": [
                                        6.959999999999999,
                                        0.0,
                                        1.7399999999999998
                                    ],
                                    "autoUnwrap": false,
                                    "uv": [
                                        0.0,
                                        0.0
                                    ],
                                    "rotationOrigin": [
                                        3.4799999999999995,
                                        0.0,
                                        0.8119999999999999
                                    ],
                                    "rotationZ": -14.0,
                                    "faces": {
                                        "up": {
                                            "texture": "#hair",
                                            "uv": [
                                                45.5,
                                                40.5,
                                                47.0,
                                                43.5
                                            ],
                                            "rotation": 270
                                        }
                                    }
                                }
                            ]
                        },
                        {
                            "name": "StrandLeft",
                            "from": [
                                0.23199999999999998,
                                3.132,
                                5.568
                            ],
                            "to": [
                                0.23199999999999998,
                                7.771999999999999,
                                7.307999999999999
                            ],
                            "uv": [
                                45.5,
                                39.5
                            ],
                            "rotationOrigin": [
                                0.23199999999999998,
                                7.771999999999999,
                                6.4959999999999996
                            ],
                            "rotationX": -80.0,
                            "rotationY": 25.0,
                            "rotationZ": 75.0,
                            "faces": {
                                "west": {
                                    "texture": "#hair",
                                    "uv": [
                                        45.5,
                                        39.5,
                                        47.0,
                                        43.5
                                    ]
                                }
                            },
                            "children": [
                                {
                                    "name": "Cube10",
                                    "from": [
                                        0.0,
                                        -2.32,
                                        0.0
                                    ],
                                    "to": [
                                        0.0,
                                        0.0,
                                        1.7399999999999998
                                    ],
                                    "uv": [
                                        45.5,
                                        41.5
                                    ],
                                    "rotationOrigin": [
                                        0.0,
                                        0.0,
                                        0.8119999999999999
                                    ],
                                    "rotationX": -6.0,
                                    "rotationZ": 17.0,
                                    "faces": {
                                        "west": {
                                            "texture": "#hair",
                                            "uv": [
                                                45.5,
                                                41.5,
                                                47.0,
                                                43.5
                                            ]
                                        }
                                    }
                                }
                            ]
                        },
                        {
                            "name": "StrandRight7",
                            "from": [
                                0.0,
                                3.132,
                                -0.8119999999999999
                            ],
                            "to": [
                                0.0,
                                7.771999999999999,
                                0.9279999999999999
                            ],
                            "uv": [
                                45.5,
                                39.5
                            ],
                            "rotationOrigin": [
                                0.0,
                                7.771999999999999,
                                0.11599999999999999
                            ],
                            "rotationX": 83.0,
                            "rotationY": -19.0,
                            "rotationZ": 78.0,
                            "faces": {
                                "west": {
                                    "texture": "#hair",
                                    "uv": [
                                        45.5,
                                        39.5,
                                        47.0,
                                        43.5
                                    ]
                                }
                            },
                            "children": [
                                {
                                    "name": "Cube8",
                                    "from": [
                                        0.0,
                                        -2.32,
                                        0.0
                                    ],
                                    "to": [
                                        0.0,
                                        0.0,
                                        1.7399999999999998
                                    ],
                                    "uv": [
                                        44.0,
                                        42.0
                                    ],
                                    "rotationOrigin": [
                                        0.0,
                                        0.0,
                                        0.8119999999999999
                                    ],
                                    "rotationZ": 28.0,
                                    "faces": {
                                        "west": {
                                            "texture": "#hair",
                                            "uv": [
                                                44.0,
                                                42.0,
                                                45.5,
                                                44.0
                                            ]
                                        }
                                    }
                                }
                            ]
                        },
                        {
                            "name": "StrandFrontL",
                            "from": [
                                -0.23199999999999998,
                                6.612,
                                3.4799999999999995
                            ],
                            "to": [
                                -0.23199999999999998,
                                8.932,
                                5.22
                            ],
                            "uv": [
                                45.5,
                                39.5
                            ],
                            "rotationOrigin": [
                                -0.23199999999999998,
                                8.932,
                                4.4079999999999995
                            ],
                            "rotationX": -80.0,
                            "rotationY": -3.0,
                            "rotationZ": 3.0,
                            "faces": {
                                "west": {
                                    "texture": "#hair",
                                    "uv": [
                                        45.5,
                                        39.5,
                                        47.0,
                                        41.5
                                    ]
                                }
                            },
                            "children": [
                                {
                                    "name": "Cube7",
                                    "from": [
                                        0.0,
                                        -2.32,
                                        0.0
                                    ],
                                    "to": [
                                        0.0,
                                        0.0,
                                        1.7399999999999998
                                    ],
                                    "uv": [
                                        44.0,
                                        42.0
                                    ],
                                    "rotationOrigin": [
                                        0.0,
                                        0.0,
                                        0.8119999999999999
                                    ],
                                    "rotationZ": 86.0,
                                    "faces": {
                                        "west": {
                                            "texture": "#hair",
                                            "uv": [
                                                44.0,
                                                42.0,
                                                45.5,
                                                44.0
                                            ]
                                        }
                                    }
                                }
                            ]
                        },
                        {
                            "name": "StrandFrontR",
                            "from": [
                                0.0,
                                6.612,
                                1.508
                            ],
                            "to": [
                                0.0,
                                8.932,
                                3.2479999999999998
                            ],
                            "uv": [
                                45.5,
                                39.5
                            ],
                            "rotationOrigin": [
                                0.0,
                                8.932,
                                2.436
                            ],
                            "rotationX": 78.0,
                            "rotationY": -3.0,
                            "faces": {
                                "west": {
                                    "texture": "#hair",
                                    "uv": [
                                        45.5,
                                        39.5,
                                        47.0,
                                        41.5
                                    ]
                                }
                            },
                            "children": [
                                {
                                    "name": "Cube1",
                                    "from": [
                                        0.0,
                                        -2.32,
                                        0.0
                                    ],
                                    "to": [
                                        0.0,
                                        0.0,
                                        1.7399999999999998
                                    ],
                                    "uv": [
                                        44.0,
                                        42.0
                                    ],
                                    "rotationOrigin": [
                                        0.0,
                                        0.0,
                                        0.8119999999999999
                                    ],
                                    "rotationZ": 66.0,
                                    "faces": {
                                        "west": {
                                            "texture": "#hair",
                                            "uv": [
                                                44.0,
                                                42.0,
                                                45.5,
                                                44.0
                                            ]
                                        }
                                    }
                                }
                            ]
                        }
                    ]
                }
            ]
        },
        {
            "name": "Hair tile upper part",
            "stepParentName": "Head",
            "from": [
                -0.5755999999999999,
                -2.936,
                -0.996
            ],
            "to": [
                7.5443999999999996,
                5.764,
                5.964
            ],
            "autoUnwrap": false,
            "uv": [
                3.0,
                9.0
            ],
            "rotationOrigin": [
                3.2932319999999993,
                6.002728,
                2.136
            ],
            "rotationZ": 2.0,
            "faces": {}
        }
    ]
}