{"textureWidth": 96, "textureHeight": 96, "textures": {"hair": "kemono:entity/horse/hair/hair"}, "textureSizes": {"hair": [96, 96]}, "elements": [{"name": "hair-uncovered", "from": [-2.76149511, 4.37295055, -3.32292247], "to": [-1.60149515, 5.53295052, -2.1629225], "rotationOrigin": [-2.76149511, 4.37295055, -3.32292247], "stepParentName": "b_Head", "rotationX": -0.0, "rotationY": 0.0, "rotationZ": -90.00000933, "group": "hair-soarin", "faces": {"north": {"texture": "#disable", "uv": [0, 0, 4, 4], "autoUv": false, "enabled": false}, "east": {"texture": "#disable", "uv": [0, 0, 4, 4], "autoUv": false, "enabled": false}, "south": {"texture": "#disable", "uv": [0, 0, 4, 4], "autoUv": false, "enabled": false}, "west": {"texture": "#disable", "uv": [0, 0, 4, 4], "autoUv": false, "enabled": false}, "up": {"texture": "#disable", "uv": [0, 0, 4, 4], "autoUv": false, "enabled": false}, "down": {"texture": "#disable", "uv": [0, 0, 4, 4], "autoUv": false, "enabled": false}}, "children": [{"name": "Hairstrand.084", "from": [0.11071754, 6.02850151, 2.52845639], "to": [2.08756757, 10.14908028, 3.68845683], "rotationOrigin": [1.09914255, 10.14908028, 3.10845661], "rotationX": 83.98810415, "rotationY": 55.97105749, "rotationZ": -75.14626034, "group": "hair-soarin", "faces": {"north": {"texture": "#hair", "uv": [67.00000191, 73.00000048, 70.00000191, 82.99999952], "autoUv": false}, "east": {"texture": "#hair", "uv": [70.00000191, 73.00000048, 72.0, 82.99999952], "autoUv": false}, "south": {"texture": "#hair", "uv": [69.0, 73.00000048, 72.0, 82.99999952], "autoUv": false}, "west": {"texture": "#hair", "uv": [72.0, 73.00000048, 73.99999809, 82.99999952], "autoUv": false}, "up": {"texture": "#hair", "uv": [67.99999809, 43.99999809, 70.00000191, 46.00000191], "autoUv": false}, "down": {"texture": "#disable", "uv": [0, 0, 4, 4], "autoUv": false, "enabled": false}}, "children": []}, {"name": "Hairstrand.086", "from": [1.98904073, 5.89366722, 2.74738598], "to": [3.45850718, 10.80898857, 4.85383654], "rotationOrigin": [2.72377396, 10.80898857, 3.80061126], "rotationX": -5.01255972, "rotationY": -9.18773227, "rotationZ": -55.39762213, "group": "hair-soarin", "faces": {"north": {"texture": "#hair", "uv": [67.00000191, 72.0, 69.0, 84.0], "autoUv": false}, "east": {"texture": "#hair", "uv": [61.00000191, 79.00000048, 64.99999809, 91.00000012], "autoUv": false}, "south": {"texture": "#hair", "uv": [73.00000191, 71.00000095, 75.0, 82.99999952], "autoUv": false}, "west": {"texture": "#hair", "uv": [82.00000191, 30.0, 85.00000191, 42.0], "autoUv": false}, "up": {"texture": "#hair", "uv": [42.0, 3.0, 44.00000095, 7.00000191], "autoUv": false}, "down": {"texture": "#disable", "uv": [0, 0, 4, 4], "autoUv": false, "enabled": false}}, "children": []}, {"name": "Hairstrand.087", "from": [5.83160353, 2.53899145, 3.61662412], "to": [8.69208193, 8.19160271, 4.94272494], "rotationOrigin": [7.26184273, 8.19160271, 4.27967453], "rotationX": -55.156233, "rotationY": 38.64006036, "rotationZ": 71.09177126, "group": "hair-soarin", "faces": {"north": {"texture": "#hair", "uv": [66.0, 73.99999952, 69.0, 84.0], "autoUv": false}, "east": {"texture": "#hair", "uv": [69.0, 73.99999952, 72.0, 84.0], "autoUv": false}, "south": {"texture": "#hair", "uv": [39.99999905, 1.00000191, 42.99999905, 10.99999809], "autoUv": false}, "west": {"texture": "#hair", "uv": [75.0, 73.99999952, 78.0, 84.0], "autoUv": false}, "up": {"texture": "#hair", "uv": [67.99999809, 43.99999809, 70.00000191, 46.00000191], "autoUv": false}, "down": {"texture": "#disable", "uv": [0, 0, 4, 4], "autoUv": false, "enabled": false}}, "children": []}, {"name": "Hairstrand.088", "from": [4.28759611, -0.21077251, 1.44939506], "to": [5.66379225, 3.83714867, 3.65529263], "rotationOrigin": [4.97569418, 3.83714867, 2.55234385], "rotationX": -4.85802797, "rotationY": 0.38444021, "rotationZ": 48.80490498, "group": "hair-soarin", "faces": {"north": {"texture": "#hair", "uv": [67.99999809, 72.0, 70.00000191, 82.99999952], "autoUv": false}, "east": {"texture": "#hair", "uv": [70.00000191, 72.0, 75.0, 82.99999952], "autoUv": false}, "south": {"texture": "#hair", "uv": [75.0, 72.0, 76.99999809, 82.99999952], "autoUv": false}, "west": {"texture": "#hair", "uv": [58.99999809, 76.00000048, 64.00000191, 87.0], "autoUv": false}, "up": {"texture": "#hair", "uv": [67.99999809, 43.99999809, 70.00000191, 46.00000191], "autoUv": false}, "down": {"texture": "#disable", "uv": [0, 0, 4, 4], "autoUv": false, "enabled": false}}, "children": []}, {"name": "Hairstrand.091", "from": [4.96050918, 3.40240288, 1.66150194], "to": [7.80053627, 8.69313812, 2.98418564], "rotationOrigin": [6.38052273, 8.69313812, 2.32284379], "rotationX": 73.51562781, "rotationY": -35.02611506, "rotationZ": 60.30462811, "group": "hair-soarin", "faces": {"north": {"texture": "#hair", "uv": [67.00000191, 75.0, 70.99999809, 82.00000048], "autoUv": false}, "east": {"texture": "#hair", "uv": [70.00000191, 75.0, 72.0, 82.00000048], "autoUv": false}, "south": {"texture": "#hair", "uv": [73.00000191, 75.0, 76.99999809, 82.00000048], "autoUv": false}, "west": {"texture": "#hair", "uv": [72.0, 75.0, 73.99999809, 82.00000048], "autoUv": false}, "up": {"texture": "#hair", "uv": [67.99999809, 43.99999809, 70.00000191, 46.00000191], "autoUv": false}, "down": {"texture": "#disable", "uv": [0, 0, 4, 4], "autoUv": false, "enabled": false}}, "children": []}, {"name": "Hairstrand.094", "from": [4.33346319, 4.2357893, 2.48530233], "to": [7.00394678, 10.00253296, 3.71813118], "rotationOrigin": [5.66870499, 10.00253296, 3.10171676], "rotationX": -80.44339306, "rotationY": 12.18226735, "rotationZ": 66.76622612, "group": "hair-soarin", "faces": {"north": {"texture": "#hair", "uv": [70.99999809, 71.00000095, 75.0, 82.99999952], "autoUv": false}, "east": {"texture": "#hair", "uv": [67.00000191, 73.99999952, 70.99999809, 82.99999952], "autoUv": false}, "south": {"texture": "#hair", "uv": [70.99999809, 73.99999952, 75.0, 82.99999952], "autoUv": false}, "west": {"texture": "#hair", "uv": [75.0, 73.99999952, 79.00000191, 82.99999952], "autoUv": false}, "up": {"texture": "#hair", "uv": [70.99999809, 68.00000095, 75.0, 71.00000095], "autoUv": false}, "down": {"texture": "#disable", "uv": [0, 0, 4, 4], "autoUv": false, "enabled": false}}, "children": []}, {"name": "Hairstrand.095", "from": [3.67903399, 0.44071007, 2.94256002], "to": [6.77179265, 7.15497971, 4.26524371], "rotationOrigin": [5.22541332, 7.15497971, 3.60390186], "rotationX": -76.12004041, "rotationY": 23.76832748, "rotationZ": 81.94668355, "group": "hair-soarin", "faces": {"north": {"texture": "#hair", "uv": [60.0, 76.99999952, 64.99999809, 87.0], "autoUv": false}, "east": {"texture": "#hair", "uv": [66.0, 76.00000048, 67.99999809, 84.0], "autoUv": false}, "south": {"texture": "#hair", "uv": [78.0, 34.00000191, 82.99999809, 43.99999809], "autoUv": false}, "west": {"texture": "#hair", "uv": [73.99999809, 73.00000048, 76.00000191, 81.0], "autoUv": false}, "up": {"texture": "#hair", "uv": [67.99999809, 73.00000048, 70.99999809, 75.0], "autoUv": false}, "down": {"texture": "#disable", "uv": [0, 0, 4, 4], "autoUv": false, "enabled": false}}, "children": []}, {"name": "Hairstrand.097", "from": [3.38024729, 2.20128536, 2.23212874], "to": [4.31622106, 9.39494133, 5.6999315], "rotationOrigin": [3.84823418, 9.39494133, 3.96603012], "rotationX": -18.88640367, "rotationY": 15.08356437, "rotationZ": 89.26635823, "group": "hair-soarin", "faces": {"north": {"texture": "#hair", "uv": [67.99999809, 75.0, 70.00000191, 84.0], "autoUv": false}, "east": {"texture": "#hair", "uv": [36.99999905, 3.0, 42.0, 12.0], "autoUv": false}, "south": {"texture": "#hair", "uv": [75.0, 75.0, 76.99999809, 84.0], "autoUv": false}, "west": {"texture": "#hair", "uv": [57.0, 76.99999952, 61.00000191, 87.0], "autoUv": false}, "up": {"texture": "#hair", "uv": [67.99999809, 43.99999809, 70.00000191, 46.00000191], "autoUv": false}, "down": {"texture": "#disable", "uv": [0, 0, 4, 4], "autoUv": false, "enabled": false}}, "children": []}, {"name": "Hairstrand.099", "from": [4.72863138, 0.56608915, 2.6361869], "to": [7.65436804, 5.14363861, 4.21641654], "rotationOrigin": [6.19149971, 5.14363861, 3.42630172], "rotationX": -100.61096776, "rotationY": 43.29961883, "rotationZ": 97.78022318, "group": "hair-soarin", "faces": {"north": {"texture": "#hair", "uv": [67.99999809, 73.00000048, 72.0, 84.0], "autoUv": false}, "east": {"texture": "#hair", "uv": [67.00000191, 72.0, 69.0, 82.99999952], "autoUv": false}, "south": {"texture": "#hair", "uv": [67.99999809, 73.00000048, 72.0, 84.0], "autoUv": false}, "west": {"texture": "#hair", "uv": [69.0, 72.0, 72.0, 82.99999952], "autoUv": false}, "up": {"texture": "#hair", "uv": [67.99999809, 69.99999905, 70.99999809, 73.00000048], "autoUv": false}, "down": {"texture": "#disable", "uv": [0, 0, 4, 4], "autoUv": false, "enabled": false}}, "children": []}, {"name": "Hairstrand.100", "from": [-1.30746055, 3.31683064, 2.37774366], "to": [2.91207671, 9.09984207, 4.086052], "rotationOrigin": [0.80230808, 9.09984207, 3.23189783], "rotationX": 105.27639677, "rotationY": 65.57783467, "rotationZ": 83.27736149, "group": "hair-soarin", "faces": {"north": {"texture": "#hair", "uv": [39.99999905, 1.99999809, 45.0, 12.0], "autoUv": false}, "east": {"texture": "#hair", "uv": [70.99999809, 73.00000048, 73.99999809, 82.99999952], "autoUv": false}, "south": {"texture": "#hair", "uv": [69.0, 73.00000048, 73.99999809, 82.99999952], "autoUv": false}, "west": {"texture": "#hair", "uv": [42.99999905, 1.99999809, 45.99999905, 12.0], "autoUv": false}, "up": {"texture": "#hair", "uv": [67.99999809, 43.99999809, 70.00000191, 46.00000191], "autoUv": false}, "down": {"texture": "#disable", "uv": [0, 0, 4, 4], "autoUv": false, "enabled": false}}, "children": []}, {"name": "Hairstrand.101", "from": [1.33309919, 4.31893396, 3.18294466], "to": [2.67373198, 8.83311653, 6.57871306], "rotationOrigin": [2.00341558, 8.83311653, 4.88082886], "rotationX": 86.33957435, "rotationY": 58.01253273, "rotationZ": 117.85749594, "group": "hair-soarin", "faces": {"north": {"texture": "#hair", "uv": [64.00000191, 81.0, 66.0, 87.0], "autoUv": false}, "east": {"texture": "#hair", "uv": [61.00000191, 81.0, 64.99999809, 87.0], "autoUv": false}, "south": {"texture": "#hair", "uv": [73.00000191, 76.99999952, 75.0, 82.99999952], "autoUv": false}, "west": {"texture": "#hair", "uv": [76.99999809, 37.99999809, 81.0, 43.99999809], "autoUv": false}, "up": {"texture": "#hair", "uv": [42.0, 3.0, 44.00000095, 7.00000191], "autoUv": false}, "down": {"texture": "#disable", "uv": [0, 0, 4, 4], "autoUv": false, "enabled": false}}, "children": []}, {"name": "Hairstrand.102", "from": [5.05059123, 0.6606319, 3.11671019], "to": [7.10968423, 3.98648453, 4.34561968], "rotationOrigin": [6.08013773, 3.98648453, 3.73116493], "rotationX": -27.97115291, "rotationY": -9.96777744, "rotationZ": 24.73917911, "group": "hair-soarin", "faces": {"north": {"texture": "#hair", "uv": [67.99999809, 76.99999952, 72.0, 84.0], "autoUv": false}, "east": {"texture": "#hair", "uv": [67.00000191, 76.00000048, 69.0, 82.99999952], "autoUv": false}, "south": {"texture": "#hair", "uv": [67.99999809, 76.99999952, 72.0, 84.0], "autoUv": false}, "west": {"texture": "#hair", "uv": [72.0, 76.99999952, 73.99999809, 84.0], "autoUv": false}, "up": {"texture": "#hair", "uv": [67.99999809, 73.99999952, 70.99999809, 76.99999952], "autoUv": false}, "down": {"texture": "#disable", "uv": [0, 0, 4, 4], "autoUv": false, "enabled": false}}, "children": []}, {"name": "Hairstrand.104", "from": [0.32013929, 3.34470415, 1.50126505], "to": [3.04007304, 8.20027733, 2.9611249], "rotationOrigin": [1.68010616, 8.20027733, 2.23119497], "rotationX": -70.25846086, "rotationY": -44.20328018, "rotationZ": 115.51367555, "group": "hair-soarin", "faces": {"north": {"texture": "#hair", "uv": [67.00000191, 75.0, 70.99999809, 82.00000048], "autoUv": false}, "east": {"texture": "#hair", "uv": [70.00000191, 75.0, 72.0, 82.00000048], "autoUv": false}, "south": {"texture": "#hair", "uv": [73.00000191, 75.0, 76.99999809, 82.00000048], "autoUv": false}, "west": {"texture": "#hair", "uv": [72.0, 75.0, 73.99999809, 82.00000048], "autoUv": false}, "up": {"texture": "#hair", "uv": [67.99999809, 43.99999809, 70.00000191, 46.00000191], "autoUv": false}, "down": {"texture": "#disable", "uv": [0, 0, 4, 4], "autoUv": false, "enabled": false}}, "children": []}, {"name": "Hairstrand.105", "from": [1.05886114, 5.61138678, 2.79049188], "to": [3.83351099, 10.99650002, 4.26481265], "rotationOrigin": [2.44618607, 10.99650002, 3.52765226], "rotationX": -83.92870199, "rotationY": -24.7247435, "rotationZ": 81.77756123, "group": "hair-soarin", "faces": {"north": {"texture": "#hair", "uv": [67.00000191, 75.0, 70.99999809, 82.00000048], "autoUv": false}, "east": {"texture": "#hair", "uv": [67.99999809, 78.0, 70.00000191, 82.99999952], "autoUv": false}, "south": {"texture": "#hair", "uv": [73.00000191, 75.0, 76.99999809, 82.00000048], "autoUv": false}, "west": {"texture": "#hair", "uv": [72.0, 75.0, 73.99999809, 82.00000048], "autoUv": false}, "up": {"texture": "#hair", "uv": [67.99999809, 43.99999809, 70.00000191, 46.00000191], "autoUv": false}, "down": {"texture": "#disable", "uv": [0, 0, 4, 4], "autoUv": false, "enabled": false}}, "children": []}, {"name": "Hairstrand.106", "from": [0.66203797, 0.26001835, 1.24392408], "to": [3.77780998, 9.44309616, 2.59570485], "rotationOrigin": [2.21992397, 9.44309616, 1.91981447], "rotationX": -92.82897124, "rotationY": -5.15778107, "rotationZ": 69.4853859, "group": "hair-soarin", "faces": {"north": {"texture": "#hair", "uv": [67.00000191, 75.0, 70.99999809, 82.00000048], "autoUv": false}, "east": {"texture": "#hair", "uv": [70.00000191, 75.0, 72.0, 82.00000048], "autoUv": false}, "south": {"texture": "#hair", "uv": [73.00000191, 75.0, 76.99999809, 82.00000048], "autoUv": false}, "west": {"texture": "#hair", "uv": [72.0, 75.0, 73.99999809, 82.00000048], "autoUv": false}, "up": {"texture": "#hair", "uv": [67.99999809, 43.99999809, 70.00000191, 46.00000191], "autoUv": false}, "down": {"texture": "#disable", "uv": [0, 0, 4, 4], "autoUv": false, "enabled": false}}, "children": []}, {"name": "Hairstrand.092", "from": [2.22051847, 4.49485302, 2.65021414], "to": [5.22163737, 10.08568954, 4.04792362], "rotationOrigin": [3.72107792, 10.08568954, 3.34906888], "rotationX": 86.24032488, "rotationY": 7.19466258, "rotationZ": -77.7550511, "group": "hair-soarin", "faces": {"north": {"texture": "#hair", "uv": [67.00000191, 75.0, 70.99999809, 82.00000048], "autoUv": false}, "east": {"texture": "#hair", "uv": [70.00000191, 75.0, 72.0, 82.00000048], "autoUv": false}, "south": {"texture": "#hair", "uv": [73.00000191, 75.0, 76.99999809, 82.00000048], "autoUv": false}, "west": {"texture": "#hair", "uv": [70.00000191, 76.00000048, 72.0, 82.99999952], "autoUv": false}, "up": {"texture": "#hair", "uv": [67.99999809, 43.99999809, 70.00000191, 46.00000191], "autoUv": false}, "down": {"texture": "#disable", "uv": [0, 0, 4, 4], "autoUv": false, "enabled": false}}, "children": []}, {"name": "Hairstrand.096", "from": [0.94533336, 3.25556946, 4.6494301], "to": [3.72320759, 8.4305191, 5.94316787], "rotationOrigin": [2.33427048, 8.4305191, 5.29629898], "rotationX": -9.60356699, "rotationY": 3.27351309, "rotationZ": 113.17999115, "group": "hair-soarin", "faces": {"north": {"texture": "#hair", "uv": [30.99999905, 4.99999809, 35.00000095, 12.0], "autoUv": false}, "east": {"texture": "#hair", "uv": [33.99999905, 4.99999809, 36.0, 12.0], "autoUv": false}, "south": {"texture": "#hair", "uv": [36.99999905, 4.99999809, 41.00000095, 12.0], "autoUv": false}, "west": {"texture": "#hair", "uv": [36.0, 4.99999809, 38.00000095, 12.0], "autoUv": false}, "up": {"texture": "#hair", "uv": [67.99999809, 43.99999809, 70.00000191, 46.00000191], "autoUv": false}, "down": {"texture": "#disable", "uv": [0, 0, 4, 4], "autoUv": false, "enabled": false}}, "children": []}, {"name": "Hairstrand.127", "from": [1.34177697, 3.87677383, 2.77170736], "to": [4.0566386, 10.64493561, 4.06898516], "rotationOrigin": [2.69920778, 10.64493561, 3.42034626], "rotationX": -75.63763098, "rotationY": -12.04784752, "rotationZ": 104.78204817, "group": "hair-soarin", "faces": {"north": {"texture": "#hair", "uv": [67.00000191, 75.0, 70.99999809, 82.00000048], "autoUv": false}, "east": {"texture": "#hair", "uv": [70.00000191, 75.0, 72.0, 82.00000048], "autoUv": false}, "south": {"texture": "#hair", "uv": [73.00000191, 75.0, 76.99999809, 82.00000048], "autoUv": false}, "west": {"texture": "#hair", "uv": [72.0, 75.0, 73.99999809, 82.00000048], "autoUv": false}, "up": {"texture": "#hair", "uv": [67.99999809, 43.99999809, 70.00000191, 46.00000191], "autoUv": false}, "down": {"texture": "#disable", "uv": [0, 0, 4, 4], "autoUv": false, "enabled": false}}, "children": []}]}], "groups": []}