{
    "editor": {
        "backDropShape": "entity/humanoid/seraph-hairless",
        "allAngles": true,
        "entityTextureMode": true
    },
    "textureWidth": 48,
    "textureHeight": 48,
    "textureSizes": {
        "hair": [
            48,
            48
        ],
        "birch": [
            16,
            16
        ]
    },
    "textures": {
        "hair": "game:entity/humanoid/seraphskinparts/hair/lightgray"
    },
    "elements": [
        {
            "name": "HairOver",
            "stepParentName": "Head",
            "from": [
                -0.44799999999999995,
                -4.327999999999999,
                -0.532
            ],
            "to": [
                7.092,
                5.532,
                5.732
            ],
            "autoUnwrap": false,
            "uv": [
                32.5,
                22.0
            ],
            "rotationOrigin": [
                3.032,
                2.632,
                2.6
            ],
            "faces": {}
        },
        {
            "name": "HairBase",
            "stepParentName": "Head",
            "from": [
                -0.564,
                -0.848,
                -0.416
            ],
            "to": [
                6.396,
                5.532,
                5.616
            ],
            "autoUnwrap": false,
            "uv": [
                1.5,
                10.5
            ],
            "rotationOrigin": [
                2.916,
                2.632,
                2.6
            ],
            "faces": {
                "north": {
                    "texture": "#hair",
                    "uv": [
                        7.5,
                        26.0,
                        13.5,
                        31.5
                    ]
                },
                "east": {
                    "texture": "#hair",
                    "uv": [
                        5.0,
                        26.0,
                        10.0,
                        31.5
                    ]
                },
                "south": {
                    "texture": "#hair",
                    "uv": [
                        1.0,
                        26.0,
                        7.0,
                        31.5
                    ]
                }
            }
        }
    ]
}