{"textureWidth": 96, "textureHeight": 96, "textures": {"hair": "kemono:entity/horse/hair/hair"}, "textureSizes": {"hair": [96, 96]}, "elements": [{"name": "Hair.003", "from": [-1.03206205, -5.24344969, -3.32292247], "to": [6.23571372, 4.41856933, 3.05707741], "rotationOrigin": [2.66833806, 0.6725502, -0.07492256], "stepParentName": "b_Head", "rotationX": -0.0, "rotationY": 0.0, "rotationZ": -90.00000933, "group": "hair-octavia", "faces": {"north": {"texture": "#hair", "uv": [26.00000095, 82.99999952, 33.0, 91.99999988], "autoUv": false}, "east": {"texture": "#hair", "uv": [73.00000191, 46.99999809, 82.99999809, 57.0], "autoUv": false}, "south": {"texture": "#hair", "uv": [84.0, 45.0, 78.0, 56.00000095], "autoUv": false}, "west": {"texture": "#hair", "uv": [2.00000006, 87.99999976, 4.99999988, 93.99999994], "autoUv": false}, "up": {"texture": "#hair", "uv": [33.99999905, 48.0, 42.99999905, 60.99999905], "autoUv": false, "rotation": 90}, "down": {"texture": "#hair", "uv": [27.0, 93.99999994, 33.99999905, 84.0], "autoUv": false, "rotation": 270}}, "children": [{"name": "hair-uncovered", "from": [2.4e-07, -4.8e-07, 0.0], "to": [1.16000021, 1.15999949, 1.15999997], "rotationOrigin": [2.4e-07, -4.8e-07, 0.0], "group": "hair-octavia", "faces": {"north": {"texture": "#hair", "uv": [2.00000006, 91.99999988, 4.00000012, 93.99999994], "autoUv": false}, "east": {"texture": "#hair", "uv": [4.00000012, 91.99999988, 6.0, 93.99999994], "autoUv": false}, "south": {"texture": "#hair", "uv": [6.0, 91.99999988, 8.00000024, 93.99999994], "autoUv": false}, "west": {"texture": "#hair", "uv": [8.00000024, 91.99999988, 9.99999976, 93.99999994], "autoUv": false}, "up": {"texture": "#hair", "uv": [2.00000006, 90.0, 4.00000012, 91.99999988], "autoUv": false}, "down": {"texture": "#hair", "uv": [6.0, 91.99999988, 4.00000012, 90.0], "autoUv": false}}, "children": [{"name": "Hairstrand.029", "from": [0.03223658, 7.53286171, 0.87819707], "to": [5.0302062, 10.95987892, 3.43419182], "rotationOrigin": [2.53122139, 10.95987892, 2.15619445], "rotationX": 58.11486263, "rotationY": 43.36611413, "rotationZ": -73.95335414, "group": "hair-octavia", "faces": {"north": {"texture": "#hair", "uv": [78.0, 24.0, 84.0, 31.00000191], "autoUv": false, "rotation": 270}, "east": {"texture": "#hair", "uv": [73.00000191, 25.99999809, 79.00000191, 28.99999809], "autoUv": false, "rotation": 270}, "south": {"texture": "#hair", "uv": [79.99999809, 24.0, 85.99999809, 31.00000191], "autoUv": false, "rotation": 270}, "west": {"texture": "#hair", "uv": [76.00000191, 25.99999809, 82.00000191, 28.99999809], "autoUv": false, "rotation": 270}, "up": {"texture": "#hair", "uv": [79.99999809, 24.0, 85.00000191, 31.00000191], "autoUv": false, "rotation": 270}, "down": {"texture": "#hair", "uv": [79.99999809, 31.00000191, 75.0, 24.0], "autoUv": false, "rotation": 270}}, "children": []}, {"name": "Hairstrand.032", "from": [1.90956616, 7.82710314, 3.44643188], "to": [6.04603601, 11.42351341, 5.54915261], "rotationOrigin": [3.97780108, 11.42351341, 4.49779224], "rotationX": -40.79141627, "rotationY": 177.52933434, "rotationZ": 7.74962569, "group": "hair-octavia", "faces": {"north": {"texture": "#hair", "uv": [76.00000191, 25.99999809, 82.99999809, 31.99999809], "autoUv": false}, "east": {"texture": "#hair", "uv": [79.00000191, 25.99999809, 82.00000191, 33.0], "autoUv": false}, "south": {"texture": "#hair", "uv": [73.99999809, 27.0, 81.0, 34.00000191], "autoUv": false}, "west": {"texture": "#hair", "uv": [79.00000191, 27.0, 82.99999809, 34.00000191], "autoUv": false}, "up": {"texture": "#hair", "uv": [76.99999809, 25.99999809, 82.99999809, 28.99999809], "autoUv": false}, "down": {"texture": "#hair", "uv": [84.0, 31.00000191, 76.00000191, 28.00000191], "autoUv": false}}, "children": []}, {"name": "Hairstrand.033", "from": [-0.51816618, 6.65838408, 0.33827007], "to": [2.37940466, 8.81484985, 1.96816075], "rotationOrigin": [0.93061924, 8.81484985, 1.15321541], "rotationX": 73.61807382, "rotationY": -32.42165465, "rotationZ": 64.82581036, "group": "hair-octavia", "faces": {"north": {"texture": "#hair", "uv": [32.00000095, 9.0, 39.0, 13.00000191], "autoUv": false}, "east": {"texture": "#hair", "uv": [39.99999905, 7.99999809, 36.99999905, 12.0], "autoUv": false}, "south": {"texture": "#hair", "uv": [27.99999905, 25.00000191, 21.0, 28.99999809], "autoUv": false}, "west": {"texture": "#hair", "uv": [36.99999905, 7.99999809, 39.99999905, 12.0], "autoUv": false}, "up": {"texture": "#hair", "uv": [76.99999809, 28.00000191, 84.0, 31.00000191], "autoUv": false}, "down": {"texture": "#hair", "uv": [9.0, 93.0, 2.00000006, 90.0], "autoUv": false}}, "children": []}, {"name": "Hairstrand.034", "from": [1.3471452, 7.28304243, 3.15517032], "to": [4.17386138, 11.1589756, 5.76180089], "rotationOrigin": [2.76050329, 11.1589756, 4.4584856], "rotationX": -54.98997254, "rotationY": 147.76801447, "rotationZ": 51.67278188, "group": "hair-octavia", "faces": {"north": {"texture": "#hair", "uv": [78.0, 24.0, 84.0, 31.00000191], "autoUv": false, "rotation": 270}, "east": {"texture": "#hair", "uv": [73.00000191, 25.99999809, 79.00000191, 28.99999809], "autoUv": false, "rotation": 270}, "south": {"texture": "#hair", "uv": [79.99999809, 24.0, 85.99999809, 31.00000191], "autoUv": false, "rotation": 270}, "west": {"texture": "#hair", "uv": [76.00000191, 25.99999809, 82.00000191, 28.99999809], "autoUv": false, "rotation": 270}, "up": {"texture": "#hair", "uv": [79.99999809, 24.0, 85.00000191, 31.00000191], "autoUv": false, "rotation": 270}, "down": {"texture": "#hair", "uv": [79.99999809, 31.00000191, 75.0, 24.0], "autoUv": false, "rotation": 270}}, "children": []}, {"name": "Hairstrand.035", "from": [-0.48315609, 6.6974225, 4.0436877], "to": [2.80433452, 9.09800339, 5.43586171], "rotationOrigin": [1.16058922, 9.09800339, 4.7397747], "rotationX": 55.67470925, "rotationY": -4.77622706, "rotationZ": -15.05820387, "group": "hair-octavia", "faces": {"north": {"texture": "#hair", "uv": [32.00000095, 7.99999809, 39.0, 12.0], "autoUv": false}, "east": {"texture": "#hair", "uv": [39.99999905, 7.99999809, 36.99999905, 12.0], "autoUv": false}, "south": {"texture": "#hair", "uv": [39.0, 48.99999905, 32.00000095, 53.00000095], "autoUv": false}, "west": {"texture": "#hair", "uv": [36.99999905, 7.99999809, 39.99999905, 12.0], "autoUv": false}, "up": {"texture": "#hair", "uv": [76.99999809, 28.00000191, 84.0, 31.00000191], "autoUv": false}, "down": {"texture": "#hair", "uv": [9.0, 93.0, 2.00000006, 90.0], "autoUv": false}}, "children": []}, {"name": "Hairstrand.036", "from": [2.48641956, 6.42391515, 0.24439621], "to": [5.38399041, 8.23666191, 1.47144842], "rotationOrigin": [3.93520498, 8.23666191, 0.85792232], "rotationX": 122.72654655, "rotationY": -10.91498978, "rotationZ": 92.04600616, "group": "hair-octavia", "faces": {"north": {"texture": "#hair", "uv": [32.00000095, 7.99999809, 39.0, 12.0], "autoUv": false}, "east": {"texture": "#hair", "uv": [39.99999905, 7.99999809, 36.99999905, 12.0], "autoUv": false}, "south": {"texture": "#hair", "uv": [49.99999809, 9.0, 42.99999905, 13.00000191], "autoUv": false}, "west": {"texture": "#hair", "uv": [36.99999905, 7.99999809, 39.99999905, 12.0], "autoUv": false}, "up": {"texture": "#hair", "uv": [76.99999809, 28.00000191, 84.0, 31.00000191], "autoUv": false}, "down": {"texture": "#hair", "uv": [9.0, 93.0, 2.00000006, 90.0], "autoUv": false}}, "children": []}, {"name": "Hairstrand.039", "from": [5.65969205, 2.36787438, 1.38174856], "to": [10.96889377, 5.66149902, 3.58371568], "rotationOrigin": [8.31429291, 5.66149902, 2.48273206], "rotationX": -67.95197428, "rotationY": -70.16314557, "rotationZ": -78.94095635, "group": "hair-octavia", "faces": {"north": {"texture": "#hair", "uv": [73.99999809, 22.99999809, 82.99999809, 30.0], "autoUv": false}, "east": {"texture": "#hair", "uv": [79.99999809, 24.0, 84.0, 31.00000191], "autoUv": false}, "south": {"texture": "#hair", "uv": [75.0, 19.99999809, 84.0, 27.0], "autoUv": false}, "west": {"texture": "#hair", "uv": [76.99999809, 22.99999809, 81.0, 30.0], "autoUv": false}, "up": {"texture": "#hair", "uv": [75.0, 27.0, 84.0, 31.00000191], "autoUv": false}, "down": {"texture": "#hair", "uv": [82.99999809, 33.0, 73.99999809, 28.99999809], "autoUv": false}}, "children": []}, {"name": "Hairstrand.040", "from": [5.10735631, 0.94114113, 0.91696155], "to": [10.21893072, 3.71032333, 2.6019429], "rotationOrigin": [7.69570494, 3.71032333, 1.75945222], "rotationX": -42.03830828, "rotationY": -60.88998898, "rotationZ": -59.76053524, "group": "hair-octavia", "faces": {"north": {"texture": "#hair", "uv": [75.0, 25.00000191, 82.00000191, 31.00000191], "autoUv": false}, "east": {"texture": "#hair", "uv": [76.99999809, 25.99999809, 79.99999809, 31.99999809], "autoUv": false}, "south": {"texture": "#hair", "uv": [75.0, 24.0, 82.00000191, 30.0], "autoUv": false}, "west": {"texture": "#hair", "uv": [78.0, 25.00000191, 81.0, 31.00000191], "autoUv": false}, "up": {"texture": "#hair", "uv": [76.99999809, 28.00000191, 84.0, 31.00000191], "autoUv": false}, "down": {"texture": "#hair", "uv": [82.00000191, 33.0, 75.0, 30.0], "autoUv": false}}, "children": []}, {"name": "Hairstrand.041", "from": [4.8299973, -0.76091313, 0.11686927], "to": [9.26694465, 2.24272998, 1.80630988], "rotationOrigin": [7.04847097, 2.22712135, 0.96158957], "rotationX": -39.05676337, "rotationY": -55.32658133, "rotationZ": -52.17373528, "group": "hair-octavia", "faces": {"north": {"texture": "#hair", "uv": [75.0, 25.00000191, 82.00000191, 31.99999809], "autoUv": false}, "east": {"texture": "#hair", "uv": [76.99999809, 25.99999809, 79.99999809, 33.0], "autoUv": false}, "south": {"texture": "#hair", "uv": [75.0, 24.0, 82.00000191, 31.00000191], "autoUv": false}, "west": {"texture": "#hair", "uv": [78.0, 25.00000191, 81.0, 31.99999809], "autoUv": false}, "up": {"texture": "#hair", "uv": [75.0, 19.99999809, 82.00000191, 22.99999809], "autoUv": false}, "down": {"texture": "#hair", "uv": [82.00000191, 33.0, 75.0, 30.0], "autoUv": false}}, "children": []}, {"name": "Hairstrand.042", "from": [4.93161798, 4.87506914, 1.93870485], "to": [10.34001231, 8.50048637, 4.54635036], "rotationOrigin": [7.63581514, 8.50048637, 3.12357402], "rotationX": 83.74799568, "rotationY": -82.12523835, "rotationZ": 76.79127042, "group": "hair-octavia", "faces": {"north": {"texture": "#hair", "uv": [73.99999809, 25.00000191, 82.99999809, 33.0], "autoUv": false}, "east": {"texture": "#hair", "uv": [79.99999809, 22.00000191, 84.0, 30.0], "autoUv": false}, "south": {"texture": "#hair", "uv": [75.0, 22.99999809, 84.0, 31.00000191], "autoUv": false}, "west": {"texture": "#hair", "uv": [76.99999809, 25.00000191, 81.0, 33.0], "autoUv": false}, "up": {"texture": "#hair", "uv": [76.99999809, 27.0, 85.99999809, 31.00000191], "autoUv": false}, "down": {"texture": "#hair", "uv": [82.99999809, 33.0, 73.99999809, 28.99999809], "autoUv": false}}, "children": []}, {"name": "Hairstrand.044", "from": [4.19092488, -1.53490543, -0.70883256], "to": [7.39936423, 0.27784157, 0.51821977], "rotationOrigin": [5.79514456, 0.27784157, -0.0953064], "rotationX": -23.55361365, "rotationY": -34.92464236, "rotationZ": -27.68913952, "group": "hair-octavia", "faces": {"north": {"texture": "#hair", "uv": [75.0, 25.00000191, 82.00000191, 28.99999809], "autoUv": false}, "east": {"texture": "#hair", "uv": [76.99999809, 25.99999809, 79.99999809, 30.0], "autoUv": false}, "south": {"texture": "#hair", "uv": [75.0, 24.0, 82.00000191, 28.00000191], "autoUv": false}, "west": {"texture": "#hair", "uv": [78.0, 25.00000191, 81.0, 28.99999809], "autoUv": false}, "up": {"texture": "#hair", "uv": [76.99999809, 28.00000191, 84.0, 31.00000191], "autoUv": false}, "down": {"texture": "#hair", "uv": [82.00000191, 33.0, 75.0, 30.0], "autoUv": false}}, "children": []}, {"name": "Hairstrand.045", "from": [3.57982194, -2.78486729, -0.63618666], "to": [6.47739184, -0.97212029, 0.59086567], "rotationOrigin": [5.02860689, -0.97212029, -0.02266049], "rotationX": -25.99329405, "rotationY": -33.98387601, "rotationZ": -23.34879848, "group": "hair-octavia", "faces": {"north": {"texture": "#hair", "uv": [32.00000095, 7.99999809, 39.0, 12.0], "autoUv": false}, "east": {"texture": "#hair", "uv": [39.99999905, 7.99999809, 36.99999905, 12.0], "autoUv": false}, "south": {"texture": "#hair", "uv": [35.00000095, 7.99999809, 42.0, 12.0], "autoUv": false}, "west": {"texture": "#hair", "uv": [36.99999905, 7.99999809, 39.99999905, 12.0], "autoUv": false}, "up": {"texture": "#hair", "uv": [76.99999809, 28.00000191, 84.0, 31.00000191], "autoUv": false}, "down": {"texture": "#hair", "uv": [9.0, 93.0, 2.00000006, 90.0], "autoUv": false}}, "children": []}, {"name": "Hairstrand.047", "from": [4.85091829, 4.29962873, 2.28307402], "to": [9.83136129, 10.28300476, 4.60705698], "rotationOrigin": [7.34113979, 10.28300476, 3.4450655], "rotationX": 84.02865498, "rotationY": -7.3046013, "rotationZ": -90.43072106, "group": "hair-octavia", "faces": {"north": {"texture": "#hair", "uv": [76.00000191, 25.99999809, 84.0, 34.99999809], "autoUv": false, "rotation": 270}, "east": {"texture": "#hair", "uv": [75.0, 30.0, 82.99999809, 34.00000191], "autoUv": false, "rotation": 270}, "south": {"texture": "#hair", "uv": [73.99999809, 24.0, 82.00000191, 33.0], "autoUv": false, "rotation": 270}, "west": {"texture": "#hair", "uv": [73.99999809, 30.0, 82.00000191, 34.99999809], "autoUv": false, "rotation": 270}, "up": {"texture": "#hair", "uv": [79.99999809, 28.00000191, 84.0, 34.99999809], "autoUv": false, "rotation": 270}, "down": {"texture": "#hair", "uv": [82.00000191, 34.99999809, 78.0, 25.99999809], "autoUv": false, "rotation": 270}}, "children": []}, {"name": "Hairstrand.048", "from": [3.6412425, 7.63400269, 2.31687391], "to": [8.98855639, 10.82449532, 4.5751332], "rotationOrigin": [6.31489944, 10.82449532, 3.34298801], "rotationX": 92.57994937, "rotationY": -58.19676343, "rotationZ": 87.64006969, "group": "hair-octavia", "faces": {"north": {"texture": "#hair", "uv": [73.99999809, 25.00000191, 82.99999809, 33.0], "autoUv": false}, "east": {"texture": "#hair", "uv": [79.99999809, 22.00000191, 84.0, 30.0], "autoUv": false}, "south": {"texture": "#hair", "uv": [75.0, 22.99999809, 84.0, 31.00000191], "autoUv": false}, "west": {"texture": "#hair", "uv": [76.99999809, 25.00000191, 81.0, 33.0], "autoUv": false}, "up": {"texture": "#hair", "uv": [76.99999809, 27.0, 85.99999809, 31.00000191], "autoUv": false}, "down": {"texture": "#hair", "uv": [82.99999809, 33.0, 73.99999809, 28.99999809], "autoUv": false}}, "children": []}, {"name": "Hairstrand.049", "from": [1.60288239, 7.39675593, 0.65062499], "to": [5.57168674, 10.58181381, 3.51939321], "rotationOrigin": [3.58728456, 10.58181381, 2.0850091], "rotationX": 34.80253907, "rotationY": -10.09911002, "rotationZ": -11.73482678, "group": "hair-octavia", "faces": {"north": {"texture": "#hair", "uv": [75.0, 24.0, 82.99999809, 28.99999809], "autoUv": false}, "east": {"texture": "#hair", "uv": [76.99999809, 28.00000191, 81.0, 31.99999809], "autoUv": false}, "south": {"texture": "#hair", "uv": [75.0, 22.99999809, 82.99999809, 27.0], "autoUv": false}, "west": {"texture": "#hair", "uv": [76.99999809, 25.00000191, 81.0, 30.0], "autoUv": false}, "up": {"texture": "#hair", "uv": [75.0, 24.0, 82.99999809, 27.0], "autoUv": false}, "down": {"texture": "#hair", "uv": [82.99999809, 31.00000191, 75.0, 27.0], "autoUv": false}}, "children": []}]}]}], "groups": []}