{
    "editor": {
        "backDropShape": "entity/humanoid/seraph-hairless",
        "allAngles": true,
        "entityTextureMode": true
    },
    "textureWidth": 48,
    "textureHeight": 48,
    "textureSizes": {
        "hair": [
            48,
            48
        ],
        "birch": [
            16,
            16
        ]
    },
    "textures": {},
    "elements": [
        {
            "name": "hair",
            "stepParentName": "Head",
            "from": [
                0.1,
                -0.1,
                -0.3
            ],
            "to": [
                1.2000000000000002,
                1.0,
                0.8
            ],
            "uv": [
                0.0,
                0.0
            ],
            "faces": {},
            "children": [
                {
                    "name": "Afro",
                    "from": [
                        0.099,
                        1.1,
                        -0.55
                    ],
                    "to": [
                        6.369000000000001,
                        6.050000000000001,
                        6.050000000000001
                    ],
                    "autoUnwrap": false,
                    "uv": [
                        1.0,
                        5.0
                    ],
                    "rotationOrigin": [
                        3.4100000000000006,
                        1.1,
                        3.4100000000000006
                    ],
                    "faces": {
                        "north": {
                            "texture": "#hair",
                            "uv": [
                                32.5,
                                31.5,
                                38.0,
                                36.0
                            ]
                        },
                        "east": {
                            "texture": "#hair",
                            "uv": [
                                33.5,
                                35.0,
                                39.5,
                                39.5
                            ]
                        },
                        "south": {
                            "texture": "#hair",
                            "uv": [
                                28.0,
                                31.0,
                                33.5,
                                35.5
                            ]
                        },
                        "west": {
                            "texture": "#hair",
                            "uv": [
                                28.0,
                                34.0,
                                34.0,
                                38.5
                            ]
                        },
                        "up": {
                            "texture": "#hair",
                            "uv": [
                                30.5,
                                32.0,
                                36.0,
                                38.0
                            ]
                        },
                        "down": {
                            "texture": "#hair",
                            "uv": [
                                33.0,
                                31.0,
                                38.5,
                                37.0
                            ]
                        }
                    },
                    "children": [
                        {
                            "name": "AfroFront",
                            "from": [
                                -0.55,
                                3.3000000000000003,
                                0.0
                            ],
                            "to": [
                                0.0,
                                4.95,
                                6.6000000000000005
                            ],
                            "autoUnwrap": false,
                            "uv": [
                                17.5,
                                16.5
                            ],
                            "rotationOrigin": [
                                -0.55,
                                3.3000000000000003,
                                0.0
                            ],
                            "faces": {
                                "north": {
                                    "texture": "#hair",
                                    "uv": [
                                        28.5,
                                        36.5,
                                        29.0,
                                        38.0
                                    ]
                                },
                                "south": {
                                    "texture": "#hair",
                                    "uv": [
                                        31.0,
                                        38.5,
                                        31.5,
                                        40.0
                                    ]
                                },
                                "west": {
                                    "texture": "#hair",
                                    "uv": [
                                        28.0,
                                        32.0,
                                        34.0,
                                        33.5
                                    ]
                                },
                                "up": {
                                    "texture": "#hair",
                                    "uv": [
                                        39.0,
                                        33.0,
                                        39.5,
                                        39.0
                                    ]
                                },
                                "down": {
                                    "texture": "#hair",
                                    "uv": [
                                        29.5,
                                        34.0,
                                        30.0,
                                        40.0
                                    ]
                                }
                            }
                        }
                    ]
                },
                {
                    "name": "ponytailhigh",
                    "from": [
                        -0.77,
                        0.0,
                        0.0
                    ],
                    "to": [
                        0.33,
                        1.1,
                        1.1
                    ],
                    "uv": [
                        0.0,
                        0.0
                    ],
                    "faces": {},
                    "children": [
                        {
                            "name": "AfroBack",
                            "from": [
                                7.26,
                                1.6500000000000001,
                                0.0
                            ],
                            "to": [
                                7.8100000000000005,
                                5.5,
                                5.5
                            ],
                            "autoUnwrap": false,
                            "uv": [
                                31.0,
                                27.0
                            ],
                            "rotationOrigin": [
                                7.26,
                                1.6500000000000001,
                                0.0
                            ],
                            "faces": {
                                "north": {
                                    "texture": "#hair",
                                    "uv": [
                                        31.0,
                                        32.0,
                                        31.5,
                                        35.5
                                    ]
                                },
                                "east": {
                                    "texture": "#hair",
                                    "uv": [
                                        31.5,
                                        32.0,
                                        36.5,
                                        35.5
                                    ]
                                },
                                "south": {
                                    "texture": "#hair",
                                    "uv": [
                                        36.5,
                                        32.0,
                                        37.0,
                                        35.5
                                    ]
                                },
                                "up": {
                                    "texture": "#hair",
                                    "uv": [
                                        33.0,
                                        31.5,
                                        33.5,
                                        36.5
                                    ]
                                },
                                "down": {
                                    "texture": "#hair",
                                    "uv": [
                                        35.0,
                                        31.5,
                                        35.5,
                                        36.5
                                    ]
                                }
                            }
                        },
                        {
                            "name": "v19",
                            "from": [
                                5.61,
                                1.1,
                                2.75
                            ],
                            "to": [
                                8.91,
                                6.6000000000000005,
                                2.75
                            ],
                            "autoUnwrap": false,
                            "uv": [
                                14.5,
                                0.5
                            ],
                            "rotationOrigin": [
                                5.61,
                                4.4,
                                2.75
                            ],
                            "rotationY": -36.0,
                            "faces": {
                                "north": {
                                    "texture": "#hair",
                                    "uv": [
                                        20.0,
                                        10.0,
                                        25.0,
                                        13.0
                                    ],
                                    "rotation": 90
                                }
                            }
                        },
                        {
                            "name": "v1",
                            "from": [
                                5.06,
                                1.1,
                                2.75
                            ],
                            "to": [
                                8.36,
                                6.6000000000000005,
                                2.75
                            ],
                            "autoUnwrap": false,
                            "uv": [
                                14.5,
                                0.5
                            ],
                            "rotationOrigin": [
                                5.61,
                                4.4,
                                2.75
                            ],
                            "faces": {
                                "north": {
                                    "texture": "#hair",
                                    "uv": [
                                        20.0,
                                        10.0,
                                        25.0,
                                        13.0
                                    ],
                                    "rotation": 90
                                }
                            }
                        },
                        {
                            "name": "v18",
                            "from": [
                                5.61,
                                1.1,
                                2.75
                            ],
                            "to": [
                                8.91,
                                6.6000000000000005,
                                2.75
                            ],
                            "autoUnwrap": false,
                            "uv": [
                                14.5,
                                0.5
                            ],
                            "rotationOrigin": [
                                5.61,
                                4.4,
                                2.75
                            ],
                            "rotationY": 36.0,
                            "faces": {
                                "north": {
                                    "texture": "#hair",
                                    "uv": [
                                        20.0,
                                        10.0,
                                        25.0,
                                        13.0
                                    ],
                                    "rotation": 90
                                }
                            }
                        }
                    ]
                },
                {
                    "name": "hair-uncovered",
                    "from": [
                        0.0,
                        0.0,
                        0.0
                    ],
                    "to": [
                        1.1,
                        1.1,
                        1.1
                    ],
                    "uv": [
                        0.0,
                        0.0
                    ],
                    "faces": {},
                    "children": [
                        {
                            "name": "AfroSide",
                            "from": [
                                0.66,
                                2.2,
                                -1.1
                            ],
                            "to": [
                                6.16,
                                5.5,
                                6.6000000000000005
                            ],
                            "autoUnwrap": false,
                            "uv": [
                                7.5,
                                9.0
                            ],
                            "rotationOrigin": [
                                3.4100000000000006,
                                4.4,
                                2.2
                            ],
                            "faces": {
                                "north": {
                                    "texture": "#hair",
                                    "uv": [
                                        31.0,
                                        31.5,
                                        36.0,
                                        34.5
                                    ]
                                },
                                "east": {
                                    "texture": "#hair",
                                    "uv": [
                                        28.5,
                                        31.5,
                                        35.5,
                                        34.5
                                    ]
                                },
                                "south": {
                                    "texture": "#hair",
                                    "uv": [
                                        34.5,
                                        31.5,
                                        39.5,
                                        34.5
                                    ]
                                },
                                "west": {
                                    "texture": "#hair",
                                    "uv": [
                                        29.5,
                                        31.5,
                                        36.5,
                                        34.5
                                    ]
                                },
                                "up": {
                                    "texture": "#hair",
                                    "uv": [
                                        31.5,
                                        32.0,
                                        36.5,
                                        39.0
                                    ]
                                },
                                "down": {
                                    "texture": "#hair",
                                    "uv": [
                                        34.5,
                                        32.0,
                                        39.5,
                                        39.0
                                    ]
                                }
                            }
                        },
                        {
                            "name": "v2",
                            "from": [
                                3.9611000000000005,
                                1.1,
                                2.7484600000000006
                            ],
                            "to": [
                                8.3611,
                                6.6000000000000005,
                                2.7484600000000006
                            ],
                            "autoUnwrap": false,
                            "uv": [
                                14.5,
                                0.5
                            ],
                            "rotationOrigin": [
                                3.4100000000000006,
                                4.4,
                                2.75
                            ],
                            "rotationY": 89.98,
                            "faces": {
                                "north": {
                                    "texture": "#hair",
                                    "uv": [
                                        20.5,
                                        9.0,
                                        25.5,
                                        13.0
                                    ],
                                    "rotation": 90
                                }
                            }
                        },
                        {
                            "name": "v3",
                            "from": [
                                3.9589000000000008,
                                1.1,
                                2.75154
                            ],
                            "to": [
                                8.3589,
                                6.6000000000000005,
                                2.75154
                            ],
                            "autoUnwrap": false,
                            "uv": [
                                14.5,
                                0.5
                            ],
                            "rotationOrigin": [
                                3.4100000000000006,
                                4.4,
                                2.75
                            ],
                            "rotationY": -89.98,
                            "faces": {
                                "north": {
                                    "texture": "#hair",
                                    "uv": [
                                        20.5,
                                        9.0,
                                        25.5,
                                        13.0
                                    ],
                                    "rotation": 90
                                }
                            }
                        },
                        {
                            "name": "v4",
                            "from": [
                                5.06,
                                1.1,
                                1.1
                            ],
                            "to": [
                                8.36,
                                6.6000000000000005,
                                1.1
                            ],
                            "autoUnwrap": false,
                            "uv": [
                                14.5,
                                0.5
                            ],
                            "rotationOrigin": [
                                4.51,
                                4.4,
                                1.1
                            ],
                            "rotationY": 45.0,
                            "faces": {
                                "north": {
                                    "texture": "#hair",
                                    "uv": [
                                        21.0,
                                        10.5,
                                        26.0,
                                        13.5
                                    ],
                                    "rotation": 90
                                }
                            }
                        },
                        {
                            "name": "v5",
                            "from": [
                                3.9600000000000004,
                                1.1,
                                4.4
                            ],
                            "to": [
                                8.36,
                                6.6000000000000005,
                                4.4
                            ],
                            "autoUnwrap": false,
                            "uv": [
                                14.5,
                                0.5
                            ],
                            "rotationOrigin": [
                                4.51,
                                4.4,
                                4.4
                            ],
                            "rotationY": -45.0,
                            "faces": {
                                "north": {
                                    "texture": "#hair",
                                    "uv": [
                                        20.5,
                                        9.5,
                                        25.5,
                                        13.5
                                    ],
                                    "rotation": 90
                                }
                            }
                        },
                        {
                            "name": "v6",
                            "from": [
                                2.8600000000000003,
                                1.1,
                                1.6500000000000001
                            ],
                            "to": [
                                6.16,
                                6.6000000000000005,
                                1.6500000000000001
                            ],
                            "autoUnwrap": false,
                            "uv": [
                                14.5,
                                0.5
                            ],
                            "rotationOrigin": [
                                2.3100000000000005,
                                4.4,
                                1.6500000000000001
                            ],
                            "rotationX": -180.0,
                            "rotationY": 45.0,
                            "rotationZ": -180.0,
                            "faces": {
                                "north": {
                                    "texture": "#hair",
                                    "uv": [
                                        20.5,
                                        10.0,
                                        25.5,
                                        13.0
                                    ],
                                    "rotation": 90
                                }
                            }
                        },
                        {
                            "name": "v7",
                            "from": [
                                3.9600000000000004,
                                1.1,
                                3.8500000000000005
                            ],
                            "to": [
                                6.16,
                                6.6000000000000005,
                                3.8500000000000005
                            ],
                            "autoUnwrap": false,
                            "uv": [
                                14.5,
                                0.5
                            ],
                            "rotationOrigin": [
                                2.3100000000000005,
                                4.4,
                                3.8500000000000005
                            ],
                            "rotationX": -180.0,
                            "rotationY": -45.0,
                            "rotationZ": -180.0,
                            "faces": {
                                "north": {
                                    "texture": "#hair",
                                    "uv": [
                                        20.0,
                                        11.0,
                                        25.0,
                                        13.0
                                    ],
                                    "rotation": 90
                                }
                            }
                        },
                        {
                            "name": "h1",
                            "from": [
                                0.11000000000000001,
                                6.050000000000001,
                                3.3000000000000003
                            ],
                            "to": [
                                6.71,
                                6.050000000000001,
                                5.5
                            ],
                            "uv": [
                                19.5,
                                11.0
                            ],
                            "rotationOrigin": [
                                3.9600000000000004,
                                6.050000000000001,
                                3.3000000000000003
                            ],
                            "rotationX": -36.0,
                            "faces": {
                                "up": {
                                    "texture": "#hair",
                                    "uv": [
                                        19.5,
                                        11.0,
                                        25.5,
                                        13.0
                                    ]
                                }
                            }
                        },
                        {
                            "name": "h2",
                            "from": [
                                0.11000000000000001,
                                6.050000000000001,
                                2.2
                            ],
                            "to": [
                                6.71,
                                6.050000000000001,
                                4.4
                            ],
                            "autoUnwrap": false,
                            "uv": [
                                33.5,
                                25.5
                            ],
                            "rotationOrigin": [
                                3.9600000000000004,
                                6.050000000000001,
                                2.2
                            ],
                            "rotationX": -135.0,
                            "faces": {
                                "down": {
                                    "texture": "#hair",
                                    "uv": [
                                        18.5,
                                        10.5,
                                        25.0,
                                        13.5
                                    ],
                                    "autoUv": false,
                                    "windMode": [
                                        -1,
                                        -1,
                                        -1,
                                        -1
                                    ]
                                }
                            }
                        },
                        {
                            "name": "h3",
                            "from": [
                                0.66,
                                6.050000000000001,
                                -0.44000000000000006
                            ],
                            "to": [
                                2.8600000000000003,
                                6.050000000000001,
                                6.16
                            ],
                            "autoUnwrap": false,
                            "uv": [
                                19.5,
                                10.5
                            ],
                            "rotationOrigin": [
                                2.8600000000000003,
                                6.050000000000001,
                                2.8600000000000003
                            ],
                            "rotationZ": -36.0,
                            "faces": {
                                "up": {
                                    "texture": "#hair",
                                    "uv": [
                                        20.0,
                                        11.0,
                                        26.0,
                                        13.0
                                    ],
                                    "rotation": 90
                                }
                            }
                        },
                        {
                            "name": "h4",
                            "from": [
                                2.3100000000000005,
                                6.050000000000001,
                                -0.44000000000000006
                            ],
                            "to": [
                                4.51,
                                6.050000000000001,
                                6.16
                            ],
                            "autoUnwrap": false,
                            "uv": [
                                19.5,
                                10.5
                            ],
                            "rotationOrigin": [
                                4.51,
                                6.050000000000001,
                                2.8600000000000003
                            ],
                            "rotationZ": -135.0,
                            "faces": {
                                "down": {
                                    "texture": "#hair",
                                    "uv": [
                                        19.0,
                                        11.0,
                                        25.0,
                                        13.0
                                    ],
                                    "rotation": 270,
                                    "windMode": [
                                        -1,
                                        -1,
                                        -1,
                                        -1
                                    ]
                                }
                            }
                        },
                        {
                            "name": "v17",
                            "from": [
                                5.06,
                                1.1,
                                1.1
                            ],
                            "to": [
                                8.36,
                                6.6000000000000005,
                                1.1
                            ],
                            "autoUnwrap": false,
                            "uv": [
                                14.5,
                                0.5
                            ],
                            "rotationOrigin": [
                                4.51,
                                4.4,
                                1.1
                            ],
                            "rotationY": 78.0,
                            "faces": {
                                "north": {
                                    "texture": "#hair",
                                    "uv": [
                                        21.0,
                                        10.5,
                                        26.0,
                                        13.5
                                    ],
                                    "rotation": 90
                                }
                            }
                        },
                        {
                            "name": "v20",
                            "from": [
                                3.9600000000000004,
                                1.1,
                                4.4
                            ],
                            "to": [
                                8.36,
                                6.6000000000000005,
                                4.4
                            ],
                            "autoUnwrap": false,
                            "uv": [
                                14.5,
                                0.5
                            ],
                            "rotationOrigin": [
                                4.51,
                                4.4,
                                4.4
                            ],
                            "rotationY": -66.0,
                            "faces": {
                                "north": {
                                    "texture": "#hair",
                                    "uv": [
                                        20.5,
                                        9.5,
                                        25.5,
                                        13.5
                                    ],
                                    "rotation": 90
                                }
                            }
                        },
                        {
                            "name": "v21",
                            "from": [
                                3.9600000000000004,
                                1.1,
                                2.75
                            ],
                            "to": [
                                8.36,
                                6.6000000000000005,
                                2.75
                            ],
                            "autoUnwrap": false,
                            "uv": [
                                14.5,
                                0.5
                            ],
                            "rotationOrigin": [
                                3.4100000000000006,
                                4.4,
                                2.75
                            ],
                            "rotationX": -180.0,
                            "rotationY": -72.0,
                            "rotationZ": -180.0,
                            "faces": {
                                "north": {
                                    "texture": "#hair",
                                    "uv": [
                                        20.5,
                                        9.0,
                                        25.5,
                                        13.0
                                    ],
                                    "rotation": 90
                                }
                            }
                        },
                        {
                            "name": "AfroTop",
                            "from": [
                                0.11000000000000001,
                                6.050000000000001,
                                -0.11000000000000001
                            ],
                            "to": [
                                6.71,
                                6.6000000000000005,
                                5.5
                            ],
                            "autoUnwrap": false,
                            "uv": [
                                19.0,
                                25.0
                            ],
                            "rotationOrigin": [
                                0.11000000000000001,
                                6.050000000000001,
                                -0.11000000000000001
                            ],
                            "faces": {
                                "north": {
                                    "texture": "#hair",
                                    "uv": [
                                        29.0,
                                        31.0,
                                        35.0,
                                        31.5
                                    ]
                                },
                                "east": {
                                    "texture": "#hair",
                                    "uv": [
                                        29.5,
                                        33.0,
                                        34.5,
                                        33.5
                                    ]
                                },
                                "south": {
                                    "texture": "#hair",
                                    "uv": [
                                        31.0,
                                        34.0,
                                        37.0,
                                        34.5
                                    ]
                                },
                                "west": {
                                    "texture": "#hair",
                                    "uv": [
                                        33.5,
                                        38.0,
                                        38.5,
                                        38.5
                                    ]
                                },
                                "up": {
                                    "texture": "#hair",
                                    "uv": [
                                        31.5,
                                        32.5,
                                        37.5,
                                        37.5
                                    ]
                                }
                            }
                        }
                    ]
                }
            ]
        }
    ]
}