{"textureWidth": 96, "textureHeight": 96, "textures": {"hair": "kemono:entity/horse/hair/hair"}, "textureSizes": {"hair": [96, 96]}, "elements": [{"name": "hair-uncovered", "from": [-3.62709188, 4.37295055, -3.32292247], "to": [-2.46709192, 5.53295052, -2.1629225], "rotationOrigin": [-3.62709188, 4.37295055, -3.32292247], "stepParentName": "b_Head", "rotationX": -0.0, "rotationY": 0.0, "rotationZ": -90.00000933, "group": "hair-chrysalis", "faces": {"north": {"texture": "#hair", "uv": [2.00000006, 91.99999988, 4.00000012, 93.99999994], "autoUv": false}, "east": {"texture": "#hair", "uv": [4.00000012, 91.99999988, 6.0, 93.99999994], "autoUv": false}, "south": {"texture": "#hair", "uv": [6.0, 91.99999988, 8.00000024, 93.99999994], "autoUv": false}, "west": {"texture": "#hair", "uv": [8.00000024, 91.99999988, 9.99999976, 93.99999994], "autoUv": false}, "up": {"texture": "#hair", "uv": [2.00000006, 90.0, 4.00000012, 91.99999988], "autoUv": false}, "down": {"texture": "#hair", "uv": [6.0, 91.99999988, 4.00000012, 90.0], "autoUv": false}}, "children": [{"name": "Hairstrand.093", "from": [0.02767313, 9.11878467, 2.13943815], "to": [2.56459773, 11.46813583, 4.08348179], "rotationOrigin": [1.29613543, 11.46813583, 3.11145997], "rotationX": -76.87113583, "rotationY": -1.16593517, "rotationZ": -7.03510338, "group": "hair-chrysalis", "faces": {"north": {"texture": "#hair", "uv": [76.00000191, 24.0, 82.00000191, 28.99999809], "autoUv": false}, "east": {"texture": "#hair", "uv": [76.99999809, 28.00000191, 81.0, 31.99999809], "autoUv": false}, "south": {"texture": "#hair", "uv": [78.0, 22.99999809, 82.00000191, 27.0], "autoUv": false}, "west": {"texture": "#hair", "uv": [75.0, 27.0, 79.00000191, 30.0], "autoUv": false}, "up": {"texture": "#hair", "uv": [75.0, 24.0, 82.99999809, 27.0], "autoUv": false}, "down": {"texture": "#hair", "uv": [82.99999809, 31.00000191, 75.0, 27.0], "autoUv": false}}, "children": []}, {"name": "Hairstrand.098", "from": [-0.1483779, 7.05186892, 3.74125826], "to": [4.37773561, 11.29338264, 5.84397829], "rotationOrigin": [2.11467886, 11.29338264, 4.79261827], "rotationX": -38.88892172, "rotationY": 176.66740545, "rotationZ": 1.26078441, "group": "hair-chrysalis", "faces": {"north": {"texture": "#hair", "uv": [76.99999809, 25.00000191, 85.00000191, 28.99999809], "autoUv": false}, "east": {"texture": "#hair", "uv": [78.0, 25.99999809, 82.00000191, 33.0], "autoUv": false}, "south": {"texture": "#hair", "uv": [73.99999809, 27.0, 81.0, 34.00000191], "autoUv": false}, "west": {"texture": "#hair", "uv": [79.00000191, 27.0, 82.99999809, 34.00000191], "autoUv": false}, "up": {"texture": "#hair", "uv": [76.99999809, 25.99999809, 82.99999809, 28.99999809], "autoUv": false}, "down": {"texture": "#hair", "uv": [84.0, 31.00000191, 76.00000191, 28.00000191], "autoUv": false}}, "children": []}, {"name": "Hairstrand.103", "from": [4.90315223, 2.55751634, 1.50125659], "to": [10.21235394, 5.85113907, 3.87359953], "rotationOrigin": [7.55775309, 5.85113907, 2.687428], "rotationX": -76.91078507, "rotationY": -77.63683418, "rotationZ": -88.66007648, "group": "hair-chrysalis", "faces": {"north": {"texture": "#hair", "uv": [73.99999809, 28.99999809, 85.99999809, 34.99999809], "autoUv": false}, "east": {"texture": "#hair", "uv": [79.00000191, 27.0, 84.0, 33.0], "autoUv": false}, "south": {"texture": "#hair", "uv": [73.00000191, 21.0, 85.99999809, 27.0], "autoUv": false}, "west": {"texture": "#hair", "uv": [76.99999809, 24.0, 82.00000191, 30.0], "autoUv": false}, "up": {"texture": "#hair", "uv": [73.00000191, 25.99999809, 85.99999809, 31.00000191], "autoUv": false}, "down": {"texture": "#hair", "uv": [82.99999809, 33.0, 73.99999809, 28.99999809], "autoUv": false}}, "children": []}, {"name": "Hairstrand.128", "from": [4.61756277, 0.38611054, 1.22421342], "to": [9.63775158, 3.15529251, 3.09957427], "rotationOrigin": [7.1596365, 3.15529251, 2.16189384], "rotationX": -15.47865154, "rotationY": -85.89945746, "rotationZ": -22.51493142, "group": "hair-chrysalis", "faces": {"north": {"texture": "#hair", "uv": [75.0, 25.00000191, 85.99999809, 31.00000191], "autoUv": false}, "east": {"texture": "#hair", "uv": [76.99999809, 25.99999809, 79.99999809, 31.99999809], "autoUv": false}, "south": {"texture": "#hair", "uv": [73.00000191, 30.0, 85.00000191, 36.0], "autoUv": false}, "west": {"texture": "#hair", "uv": [79.00000191, 19.00000191, 82.99999809, 25.00000191], "autoUv": false}, "up": {"texture": "#hair", "uv": [73.00000191, 27.0, 85.00000191, 31.00000191], "autoUv": false}, "down": {"texture": "#hair", "uv": [85.00000191, 33.0, 73.00000191, 28.99999809], "autoUv": false}}, "children": []}, {"name": "Hairstrand.129", "from": [6.08854651, -2.19495606, -0.18577951], "to": [8.58050179, 0.80868705, 1.5036611], "rotationOrigin": [7.33452415, 0.79307842, 0.65894079], "rotationX": -24.10247912, "rotationY": -74.33350881, "rotationZ": -40.14376407, "group": "hair-chrysalis", "faces": {"north": {"texture": "#hair", "uv": [75.0, 25.00000191, 82.00000191, 31.99999809], "autoUv": false}, "east": {"texture": "#hair", "uv": [76.99999809, 25.99999809, 79.99999809, 33.0], "autoUv": false}, "south": {"texture": "#hair", "uv": [75.0, 24.0, 82.00000191, 31.00000191], "autoUv": false}, "west": {"texture": "#hair", "uv": [78.0, 27.0, 82.00000191, 34.00000191], "autoUv": false}, "up": {"texture": "#hair", "uv": [75.0, 19.99999809, 82.00000191, 22.99999809], "autoUv": false}, "down": {"texture": "#hair", "uv": [82.00000191, 33.0, 75.0, 30.0], "autoUv": false}}, "children": []}, {"name": "Hairstrand.130", "from": [4.93958902, 5.23063922, 1.98811316], "to": [10.34798193, 9.0314579, 4.59575844], "rotationOrigin": [7.64378548, 9.0314579, 3.17298222], "rotationX": 93.3732895, "rotationY": -91.48926378, "rotationZ": 84.14515069, "group": "hair-chrysalis", "faces": {"north": {"texture": "#hair", "uv": [75.0, 22.00000191, 85.00000191, 27.0], "autoUv": false}, "east": {"texture": "#hair", "uv": [79.00000191, 19.99999809, 84.0, 25.00000191], "autoUv": false}, "south": {"texture": "#hair", "uv": [73.00000191, 22.99999809, 84.0, 31.00000191], "autoUv": false}, "west": {"texture": "#hair", "uv": [76.99999809, 25.00000191, 82.00000191, 30.0], "autoUv": false}, "up": {"texture": "#hair", "uv": [75.0, 25.99999809, 85.99999809, 31.00000191], "autoUv": false}, "down": {"texture": "#hair", "uv": [82.99999809, 33.0, 73.99999809, 28.00000191], "autoUv": false}}, "children": []}, {"name": "Hairstrand.132", "from": [5.44432485, -4.073282, -0.54033142], "to": [8.34189475, -1.74300957, 1.12677199], "rotationOrigin": [6.8931098, -1.74300957, 0.29322028], "rotationX": -23.85287327, "rotationY": -74.05840245, "rotationZ": -39.5469558, "group": "hair-chrysalis", "faces": {"north": {"texture": "#hair", "uv": [32.00000095, 7.00000191, 39.99999905, 12.0], "autoUv": false}, "east": {"texture": "#hair", "uv": [39.99999905, 7.99999809, 36.99999905, 12.0], "autoUv": false}, "south": {"texture": "#hair", "uv": [33.99999905, 7.99999809, 42.0, 12.0], "autoUv": false}, "west": {"texture": "#hair", "uv": [75.0, 37.99999809, 79.00000191, 42.0], "autoUv": false}, "up": {"texture": "#hair", "uv": [76.99999809, 28.00000191, 85.00000191, 31.00000191], "autoUv": false}, "down": {"texture": "#disable", "uv": [0, 0, 4, 4], "autoUv": false, "enabled": false}}, "children": []}, {"name": "Hairstrand.133", "from": [4.6365912, 4.39042282, 2.27717447], "to": [9.61703181, 10.309618, 4.60115719], "rotationOrigin": [7.1268115, 10.309618, 3.43916583], "rotationX": 88.13560675, "rotationY": -7.12492891, "rotationZ": -88.66573188, "group": "hair-chrysalis", "faces": {"north": {"texture": "#hair", "uv": [73.99999809, 16.99999809, 85.99999809, 27.0], "autoUv": false, "rotation": 270}, "east": {"texture": "#hair", "uv": [75.0, 30.0, 82.99999809, 34.00000191], "autoUv": false, "rotation": 270}, "south": {"texture": "#hair", "uv": [73.99999809, 24.0, 82.00000191, 33.0], "autoUv": false, "rotation": 270}, "west": {"texture": "#hair", "uv": [73.99999809, 30.0, 82.00000191, 34.99999809], "autoUv": false, "rotation": 270}, "up": {"texture": "#hair", "uv": [76.99999809, 24.0, 84.0, 34.99999809], "autoUv": false, "rotation": 270}, "down": {"texture": "#hair", "uv": [82.00000191, 34.99999809, 78.0, 25.99999809], "autoUv": false, "rotation": 270}}, "children": []}, {"name": "Hairstrand.134", "from": [3.64124298, 7.85976434, 2.31687403], "to": [8.98855591, 11.05025673, 4.57513309], "rotationOrigin": [6.31489944, 11.05025673, 3.34298801], "rotationX": 92.57994937, "rotationY": -58.19676343, "rotationZ": 87.64006969, "group": "hair-chrysalis", "faces": {"north": {"texture": "#hair", "uv": [76.00000191, 28.99999809, 85.99999809, 33.0], "autoUv": false}, "east": {"texture": "#hair", "uv": [78.0, 22.99999809, 84.0, 30.0], "autoUv": false}, "south": {"texture": "#hair", "uv": [73.00000191, 25.00000191, 84.0, 31.00000191], "autoUv": false}, "west": {"texture": "#hair", "uv": [76.99999809, 28.99999809, 82.99999809, 33.0], "autoUv": false}, "up": {"texture": "#hair", "uv": [75.0, 25.00000191, 85.99999809, 31.00000191], "autoUv": false}, "down": {"texture": "#hair", "uv": [85.00000191, 33.0, 73.99999809, 25.99999809], "autoUv": false}}, "children": []}, {"name": "Hairstrand.135", "from": [2.44418442, 7.06238794, 0.39895165], "to": [5.13910043, 10.90718079, 2.50167048], "rotationOrigin": [3.79164243, 10.90718079, 1.45031106], "rotationX": 37.46929764, "rotationY": 175.97490623, "rotationZ": -8.22643352, "group": "hair-chrysalis", "faces": {"north": {"texture": "#hair", "uv": [76.99999809, 25.00000191, 84.0, 28.99999809], "autoUv": false}, "east": {"texture": "#hair", "uv": [79.99999809, 27.0, 82.99999809, 31.00000191], "autoUv": false}, "south": {"texture": "#hair", "uv": [76.00000191, 27.0, 81.0, 34.00000191], "autoUv": false}, "west": {"texture": "#hair", "uv": [79.00000191, 27.0, 82.99999809, 34.00000191], "autoUv": false}, "up": {"texture": "#hair", "uv": [76.99999809, 25.99999809, 82.99999809, 28.99999809], "autoUv": false}, "down": {"texture": "#hair", "uv": [84.0, 31.00000191, 76.00000191, 28.00000191], "autoUv": false}}, "children": []}, {"name": "Hairstrand.137", "from": [0.06703925, -4.68968821, 6.00580573], "to": [4.56000638, 1.30817318, 7.73117471], "rotationOrigin": [2.31352282, 1.30817318, 6.86849022], "rotationX": -9.01468003, "rotationY": 175.83753746, "rotationZ": 3.24023022, "group": "hair-chrysalis", "faces": {"north": {"texture": "#hair", "uv": [69.0, 79.00000048, 76.99999809, 82.00000048], "autoUv": false}, "east": {"texture": "#hair", "uv": [70.99999809, 76.00000048, 73.99999809, 82.99999952], "autoUv": false}, "south": {"texture": "#hair", "uv": [69.0, 76.99999952, 76.00000191, 82.99999952], "autoUv": false}, "west": {"texture": "#hair", "uv": [72.0, 78.0, 76.00000191, 82.99999952], "autoUv": false}, "up": {"texture": "#hair", "uv": [70.99999809, 75.0, 76.99999809, 78.0], "autoUv": false}, "down": {"texture": "#disable", "uv": [0, 0, 4, 4], "autoUv": false, "enabled": false}}, "children": []}, {"name": "Hairstrand.140", "from": [0.1567708, 9.19333905, 1.26525581], "to": [5.01432467, 10.38319868, 2.13172948], "rotationOrigin": [0.15677404, 9.78826904, 1.69849265], "rotationX": -42.84373102, "rotationY": 94.38309882, "rotationZ": -62.04955702, "group": "hair-chrysalis", "faces": {"north": {"texture": "#hair", "uv": [79.99999809, 28.00000191, 82.00000191, 34.00000191], "autoUv": false, "rotation": 270}, "east": {"texture": "#hair", "uv": [73.00000191, 25.99999809, 79.00000191, 28.99999809], "autoUv": false, "rotation": 270}, "south": {"texture": "#hair", "uv": [79.99999809, 24.0, 84.0, 31.00000191], "autoUv": false, "rotation": 270}, "west": {"texture": "#hair", "uv": [76.00000191, 25.99999809, 82.00000191, 28.99999809], "autoUv": false, "rotation": 270}, "up": {"texture": "#hair", "uv": [79.99999809, 24.0, 82.99999809, 31.00000191], "autoUv": false, "rotation": 270}, "down": {"texture": "#hair", "uv": [79.99999809, 31.00000191, 76.99999809, 24.0], "autoUv": false, "rotation": 270}}, "children": []}, {"name": "Hairstrand.141", "from": [1.1856854, 8.5379889, 0.67777538], "to": [3.51837516, 11.37104988, 3.23315954], "rotationOrigin": [2.35203028, 11.37104988, 1.95546746], "rotationX": -14.38595446, "rotationY": -1.63693114, "rotationZ": -38.12794302, "group": "hair-chrysalis", "faces": {"north": {"texture": "#hair", "uv": [76.00000191, 24.0, 82.00000191, 28.99999809], "autoUv": false}, "east": {"texture": "#hair", "uv": [76.99999809, 28.00000191, 81.0, 31.99999809], "autoUv": false}, "south": {"texture": "#hair", "uv": [75.0, 22.99999809, 82.99999809, 27.0], "autoUv": false}, "west": {"texture": "#hair", "uv": [78.0, 30.0, 82.00000191, 31.99999809], "autoUv": false}, "up": {"texture": "#hair", "uv": [75.0, 24.0, 82.99999809, 27.0], "autoUv": false}, "down": {"texture": "#hair", "uv": [82.99999809, 31.00000191, 75.0, 27.0], "autoUv": false}}, "children": []}, {"name": "Hairstrand.143", "from": [-0.22318649, 0.98990297, 6.41477305], "to": [4.30473042, 8.75114441, 8.2313413], "rotationOrigin": [2.04077196, 8.75114441, 7.32305717], "rotationX": 3.53448736, "rotationY": 176.98537808, "rotationZ": -1.84862122, "group": "hair-chrysalis", "faces": {"north": {"texture": "#hair", "uv": [76.99999809, 27.0, 85.00000191, 31.99999809], "autoUv": false}, "east": {"texture": "#hair", "uv": [79.00000191, 25.99999809, 82.00000191, 33.0], "autoUv": false}, "south": {"texture": "#hair", "uv": [73.99999809, 30.0, 81.0, 36.0], "autoUv": false}, "west": {"texture": "#hair", "uv": [79.00000191, 27.0, 82.99999809, 34.00000191], "autoUv": false}, "up": {"texture": "#hair", "uv": [76.99999809, 25.99999809, 82.99999809, 28.99999809], "autoUv": false}, "down": {"texture": "#hair", "uv": [84.0, 31.00000191, 76.00000191, 28.00000191], "autoUv": false}}, "children": []}, {"name": "Hairstrand.144", "from": [-0.07043686, 5.06893408, 2.62965193], "to": [1.21190226, 6.35794163, 3.22962055], "rotationOrigin": [-0.070436, 5.71343803, 2.92963624], "rotationX": -87.62470177, "rotationY": 131.35088982, "rotationZ": 23.01598897, "group": "hair-chrysalis", "faces": {"north": {"texture": "#hair", "uv": [79.99999809, 31.99999809, 82.00000191, 34.00000191], "autoUv": false, "rotation": 270}, "east": {"texture": "#hair", "uv": [73.00000191, 25.99999809, 79.00000191, 28.99999809], "autoUv": false, "rotation": 270}, "south": {"texture": "#hair", "uv": [79.99999809, 24.0, 82.99999809, 27.0], "autoUv": false, "rotation": 270}, "west": {"texture": "#hair", "uv": [76.00000191, 27.0, 79.00000191, 28.99999809], "autoUv": false, "rotation": 270}, "up": {"texture": "#hair", "uv": [79.99999809, 28.99999809, 81.0, 31.00000191], "autoUv": false, "rotation": 270}, "down": {"texture": "#hair", "uv": [78.0, 31.00000191, 76.99999809, 28.00000191], "autoUv": false, "rotation": 270}}, "children": []}, {"name": "Hairstrand.145", "from": [-0.88850695, 4.60431606, 2.20878601], "to": [2.05244756, 5.72390777, 2.71187162], "rotationOrigin": [-0.88850498, 5.16411209, 2.46032882], "rotationX": -64.54460464, "rotationY": 75.48202561, "rotationZ": -30.00972702, "group": "hair-chrysalis", "faces": {"north": {"texture": "#hair", "uv": [79.99999809, 28.00000191, 82.00000191, 34.00000191], "autoUv": false, "rotation": 270}, "east": {"texture": "#hair", "uv": [73.00000191, 25.99999809, 79.00000191, 28.99999809], "autoUv": false, "rotation": 270}, "south": {"texture": "#hair", "uv": [79.99999809, 24.0, 82.00000191, 31.00000191], "autoUv": false, "rotation": 270}, "west": {"texture": "#hair", "uv": [76.00000191, 25.99999809, 82.00000191, 28.99999809], "autoUv": false, "rotation": 270}, "up": {"texture": "#hair", "uv": [79.99999809, 24.0, 81.0, 31.00000191], "autoUv": false, "rotation": 270}, "down": {"texture": "#hair", "uv": [78.0, 31.00000191, 76.99999809, 24.0], "autoUv": false, "rotation": 270}}, "children": []}, {"name": "Hairstrand.146", "from": [-0.24250527, 1.94539952, 2.4098548], "to": [3.62492681, 3.06499135, 2.91294011], "rotationOrigin": [-0.24250269, 2.50519562, 2.66139746], "rotationX": 44.96503751, "rotationY": 77.66927075, "rotationZ": -134.20418768, "group": "hair-chrysalis", "faces": {"north": {"texture": "#hair", "uv": [67.99999809, 76.00000048, 70.00000191, 82.00000048], "autoUv": false, "rotation": 90}, "east": {"texture": "#disable", "uv": [0, 0, 4, 4], "autoUv": false, "enabled": false}, "south": {"texture": "#hair", "uv": [75.0, 76.00000048, 73.00000191, 82.99999952], "autoUv": false, "rotation": 270}, "west": {"texture": "#hair", "uv": [69.0, 78.0, 75.0, 81.0], "autoUv": false, "rotation": 270}, "up": {"texture": "#hair", "uv": [73.00000191, 76.00000048, 73.99999809, 82.99999952], "autoUv": false, "rotation": 270}, "down": {"texture": "#hair", "uv": [70.00000191, 82.99999952, 69.0, 76.00000048], "autoUv": false, "rotation": 270}}, "children": []}, {"name": "Hairstrand.147", "from": [3.27498472, -2.80869627, -0.91381866], "to": [5.79562151, 3.83493233, 0.94062883], "rotationOrigin": [4.53530312, 3.83493233, 0.01340508], "rotationX": 2.20898905, "rotationY": 176.45710392, "rotationZ": -6.28725018, "group": "hair-chrysalis", "faces": {"north": {"texture": "#hair", "uv": [69.0, 79.00000048, 76.00000191, 82.00000048], "autoUv": false}, "east": {"texture": "#hair", "uv": [79.99999809, 34.99999809, 82.99999809, 40.99999809], "autoUv": false}, "south": {"texture": "#hair", "uv": [69.0, 76.00000048, 73.99999809, 82.00000048], "autoUv": false}, "west": {"texture": "#hair", "uv": [72.0, 76.00000048, 76.00000191, 82.00000048], "autoUv": false}, "up": {"texture": "#hair", "uv": [70.99999809, 75.0, 76.99999809, 78.0], "autoUv": false}, "down": {"texture": "#disable", "uv": [0, 0, 4, 4], "autoUv": false, "enabled": false}}, "children": []}, {"name": "Hairstrand.148", "from": [2.99356163, 2.674757, -1.66849744], "to": [5.64293587, 8.58940315, 0.13957393], "rotationOrigin": [4.31824875, 8.58940315, -0.76446176], "rotationX": -4.50542842, "rotationY": 171.62787331, "rotationZ": -3.12533811, "group": "hair-chrysalis", "faces": {"north": {"texture": "#hair", "uv": [76.99999809, 27.0, 84.0, 31.99999809], "autoUv": false}, "east": {"texture": "#hair", "uv": [79.99999809, 28.00000191, 82.99999809, 34.00000191], "autoUv": false}, "south": {"texture": "#hair", "uv": [76.00000191, 27.0, 81.0, 34.00000191], "autoUv": false}, "west": {"texture": "#hair", "uv": [78.0, 27.0, 81.0, 34.00000191], "autoUv": false}, "up": {"texture": "#hair", "uv": [76.99999809, 25.99999809, 82.99999809, 28.99999809], "autoUv": false}, "down": {"texture": "#hair", "uv": [84.0, 31.00000191, 76.00000191, 28.00000191], "autoUv": false}}, "children": []}]}], "groups": []}