{
    "editor": {
        "backDropShape": "entity/humanoid/seraph-hairless",
        "allAngles": true,
        "entityTextureMode": true
    },
    "textureWidth": 48,
    "textureHeight": 48,
    "textureSizes": {
        "hair": [
            48,
            48
        ],
        "birch": [
            16,
            16
        ]
    },
    "textures": {
        "hair": "game:entity/humanoid/seraphskinparts/hair/lightgray"
    },
    "elements": [
        {
            "name": "Hair",
            "stepParentName": "Head",
            "from": [
                -0.33199999999999996,
                -4.096,
                -0.6479999999999999
            ],
            "to": [
                6.628,
                5.764,
                5.732
            ],
            "autoUnwrap": false,
            "uv": [
                2.0,
                2.5
            ],
            "rotationOrigin": [
                3.3799999999999994,
                1.8199999999999998,
                2.6
            ],
            "faces": {
                "north": {
                    "texture": "#hair",
                    "uv": [
                        1.5,
                        0.0,
                        7.5,
                        8.5
                    ]
                },
                "east": {
                    "texture": "#hair",
                    "uv": [
                        36.5,
                        13.5,
                        42.0,
                        22.0
                    ]
                },
                "south": {
                    "texture": "#hair",
                    "uv": [
                        10.5,
                        0.0,
                        16.5,
                        8.5
                    ]
                },
                "west": {
                    "texture": "#hair",
                    "uv": [
                        6.5,
                        0.0,
                        12.0,
                        8.5
                    ]
                },
                "up": {
                    "texture": "#hair",
                    "uv": [
                        24.0,
                        0.0,
                        29.5,
                        6.0
                    ],
                    "rotation": 90
                }
            },
            "children": [
                {
                    "name": "Dread13",
                    "from": [
                        0.0,
                        6.38,
                        5.22
                    ],
                    "to": [
                        1.16,
                        8.7,
                        6.38
                    ],
                    "uv": [
                        35.0,
                        31.5
                    ],
                    "rotationOrigin": [
                        0.58,
                        8.7,
                        5.8
                    ],
                    "rotationX": -15.0,
                    "rotationZ": -11.0,
                    "faces": {
                        "north": {
                            "texture": "#hair",
                            "uv": [
                                35.0,
                                32.5,
                                36.0,
                                34.5
                            ]
                        },
                        "east": {
                            "texture": "#hair",
                            "uv": [
                                36.0,
                                32.5,
                                37.0,
                                34.5
                            ]
                        },
                        "south": {
                            "texture": "#hair",
                            "uv": [
                                37.0,
                                32.5,
                                38.0,
                                34.5
                            ]
                        },
                        "west": {
                            "texture": "#hair",
                            "uv": [
                                38.0,
                                32.5,
                                39.0,
                                34.5
                            ]
                        },
                        "down": {
                            "texture": "#hair",
                            "uv": [
                                35.0,
                                31.5,
                                36.0,
                                32.5
                            ]
                        }
                    },
                    "children": [
                        {
                            "name": "Cube1",
                            "from": [
                                0.23199999999999998,
                                -1.9719999999999998,
                                0.23199999999999998
                            ],
                            "to": [
                                0.9279999999999999,
                                0.348,
                                0.9279999999999999
                            ],
                            "uv": [
                                33.5,
                                35.0
                            ],
                            "rotationOrigin": [
                                0.58,
                                0.348,
                                0.58
                            ],
                            "rotationX": 19.0,
                            "rotationZ": 6.0,
                            "faces": {
                                "north": {
                                    "texture": "#hair",
                                    "uv": [
                                        33.5,
                                        35.5,
                                        34.0,
                                        37.5
                                    ]
                                },
                                "east": {
                                    "texture": "#hair",
                                    "uv": [
                                        34.0,
                                        35.5,
                                        34.5,
                                        37.5
                                    ]
                                },
                                "south": {
                                    "texture": "#hair",
                                    "uv": [
                                        34.5,
                                        35.5,
                                        35.0,
                                        37.5
                                    ]
                                },
                                "west": {
                                    "texture": "#hair",
                                    "uv": [
                                        35.0,
                                        35.5,
                                        35.5,
                                        37.5
                                    ]
                                },
                                "down": {
                                    "texture": "#hair",
                                    "uv": [
                                        33.5,
                                        35.0,
                                        34.0,
                                        35.5
                                    ]
                                }
                            }
                        }
                    ]
                },
                {
                    "name": "hair-uncovered",
                    "from": [
                        0.0,
                        0.0,
                        0.0
                    ],
                    "to": [
                        1.16,
                        1.16,
                        1.16
                    ],
                    "uv": [
                        0.0,
                        0.0
                    ],
                    "faces": {},
                    "children": [
                        {
                            "name": "Dread12",
                            "from": [
                                1.8559999999999999,
                                5.22,
                                5.452
                            ],
                            "to": [
                                3.016,
                                8.7,
                                6.612
                            ],
                            "uv": [
                                35.0,
                                31.5
                            ],
                            "rotationOrigin": [
                                2.436,
                                8.7,
                                6.032
                            ],
                            "rotationX": -15.0,
                            "rotationZ": -3.0,
                            "faces": {
                                "north": {
                                    "texture": "#hair",
                                    "uv": [
                                        35.0,
                                        32.5,
                                        36.0,
                                        35.5
                                    ]
                                },
                                "east": {
                                    "texture": "#hair",
                                    "uv": [
                                        36.0,
                                        32.5,
                                        37.0,
                                        35.5
                                    ]
                                },
                                "south": {
                                    "texture": "#hair",
                                    "uv": [
                                        37.0,
                                        32.5,
                                        38.0,
                                        35.5
                                    ]
                                },
                                "west": {
                                    "texture": "#hair",
                                    "uv": [
                                        38.0,
                                        32.5,
                                        39.0,
                                        35.5
                                    ]
                                },
                                "down": {
                                    "texture": "#hair",
                                    "uv": [
                                        35.0,
                                        31.5,
                                        36.0,
                                        32.5
                                    ]
                                }
                            },
                            "children": [
                                {
                                    "name": "Cube24",
                                    "from": [
                                        0.23199999999999998,
                                        -1.044,
                                        0.23199999999999998
                                    ],
                                    "to": [
                                        0.9279999999999999,
                                        0.11599999999999999,
                                        1.044
                                    ],
                                    "uv": [
                                        36.0,
                                        35.0
                                    ],
                                    "rotationOrigin": [
                                        0.58,
                                        0.11599999999999999,
                                        0.58
                                    ],
                                    "rotationZ": -14.0,
                                    "faces": {
                                        "north": {
                                            "texture": "#hair",
                                            "uv": [
                                                36.0,
                                                35.5,
                                                36.5,
                                                36.5
                                            ]
                                        },
                                        "east": {
                                            "texture": "#hair",
                                            "uv": [
                                                36.5,
                                                35.5,
                                                37.0,
                                                36.5
                                            ]
                                        },
                                        "south": {
                                            "texture": "#hair",
                                            "uv": [
                                                37.0,
                                                35.5,
                                                37.5,
                                                36.5
                                            ]
                                        },
                                        "west": {
                                            "texture": "#hair",
                                            "uv": [
                                                37.5,
                                                35.5,
                                                38.0,
                                                36.5
                                            ]
                                        },
                                        "down": {
                                            "texture": "#hair",
                                            "uv": [
                                                36.0,
                                                35.0,
                                                36.5,
                                                35.5
                                            ]
                                        }
                                    }
                                }
                            ]
                        },
                        {
                            "name": "Dread11",
                            "from": [
                                4.176,
                                2.9,
                                5.452
                            ],
                            "to": [
                                5.335999999999999,
                                6.38,
                                6.612
                            ],
                            "uv": [
                                35.0,
                                31.5
                            ],
                            "rotationOrigin": [
                                4.755999999999999,
                                6.38,
                                6.032
                            ],
                            "rotationX": -30.0,
                            "rotationZ": -17.0,
                            "faces": {
                                "north": {
                                    "texture": "#hair",
                                    "uv": [
                                        35.0,
                                        32.5,
                                        36.0,
                                        35.5
                                    ]
                                },
                                "east": {
                                    "texture": "#hair",
                                    "uv": [
                                        36.0,
                                        32.5,
                                        37.0,
                                        35.5
                                    ]
                                },
                                "south": {
                                    "texture": "#hair",
                                    "uv": [
                                        37.0,
                                        32.5,
                                        38.0,
                                        35.5
                                    ]
                                },
                                "west": {
                                    "texture": "#hair",
                                    "uv": [
                                        38.0,
                                        32.5,
                                        39.0,
                                        35.5
                                    ]
                                },
                                "down": {
                                    "texture": "#hair",
                                    "uv": [
                                        35.0,
                                        31.5,
                                        36.0,
                                        32.5
                                    ]
                                }
                            },
                            "children": [
                                {
                                    "name": "Cube23",
                                    "from": [
                                        0.23199999999999998,
                                        -2.32,
                                        0.23199999999999998
                                    ],
                                    "to": [
                                        0.9279999999999999,
                                        0.0,
                                        0.9279999999999999
                                    ],
                                    "uv": [
                                        34.0,
                                        34.0
                                    ],
                                    "rotationOrigin": [
                                        0.58,
                                        0.0,
                                        0.58
                                    ],
                                    "rotationX": -10.0,
                                    "rotationZ": -42.0,
                                    "faces": {
                                        "north": {
                                            "texture": "#hair",
                                            "uv": [
                                                34.0,
                                                34.5,
                                                34.5,
                                                36.5
                                            ]
                                        },
                                        "east": {
                                            "texture": "#hair",
                                            "uv": [
                                                34.5,
                                                34.5,
                                                35.0,
                                                36.5
                                            ]
                                        },
                                        "south": {
                                            "texture": "#hair",
                                            "uv": [
                                                35.0,
                                                34.5,
                                                35.5,
                                                36.5
                                            ]
                                        },
                                        "west": {
                                            "texture": "#hair",
                                            "uv": [
                                                35.5,
                                                34.5,
                                                36.0,
                                                36.5
                                            ]
                                        },
                                        "down": {
                                            "texture": "#hair",
                                            "uv": [
                                                34.0,
                                                34.0,
                                                34.5,
                                                34.5
                                            ]
                                        }
                                    }
                                }
                            ]
                        },
                        {
                            "name": "Dread10",
                            "from": [
                                5.9159999999999995,
                                5.22,
                                5.452
                            ],
                            "to": [
                                7.075999999999999,
                                8.7,
                                6.612
                            ],
                            "uv": [
                                28.5,
                                34.0
                            ],
                            "rotationOrigin": [
                                6.4959999999999996,
                                8.7,
                                6.032
                            ],
                            "rotationX": -30.0,
                            "rotationZ": 10.0,
                            "faces": {
                                "north": {
                                    "texture": "#hair",
                                    "uv": [
                                        28.5,
                                        35.0,
                                        29.5,
                                        38.0
                                    ]
                                },
                                "east": {
                                    "texture": "#hair",
                                    "uv": [
                                        29.5,
                                        35.0,
                                        30.5,
                                        38.0
                                    ]
                                },
                                "south": {
                                    "texture": "#hair",
                                    "uv": [
                                        30.5,
                                        35.0,
                                        31.5,
                                        38.0
                                    ]
                                },
                                "west": {
                                    "texture": "#hair",
                                    "uv": [
                                        31.5,
                                        35.0,
                                        32.5,
                                        38.0
                                    ]
                                },
                                "down": {
                                    "texture": "#hair",
                                    "uv": [
                                        28.5,
                                        34.0,
                                        29.5,
                                        35.0
                                    ]
                                }
                            },
                            "children": [
                                {
                                    "name": "Cube22",
                                    "from": [
                                        0.23199999999999998,
                                        -2.088,
                                        0.23199999999999998
                                    ],
                                    "to": [
                                        0.9279999999999999,
                                        0.23199999999999998,
                                        0.9279999999999999
                                    ],
                                    "uv": [
                                        33.5,
                                        34.0
                                    ],
                                    "rotationOrigin": [
                                        0.58,
                                        0.23199999999999998,
                                        0.58
                                    ],
                                    "rotationX": 22.0,
                                    "rotationZ": -28.0,
                                    "faces": {
                                        "north": {
                                            "texture": "#hair",
                                            "uv": [
                                                33.5,
                                                34.5,
                                                34.0,
                                                36.5
                                            ]
                                        },
                                        "east": {
                                            "texture": "#hair",
                                            "uv": [
                                                34.0,
                                                34.5,
                                                34.5,
                                                36.5
                                            ]
                                        },
                                        "south": {
                                            "texture": "#hair",
                                            "uv": [
                                                34.5,
                                                34.5,
                                                35.0,
                                                36.5
                                            ]
                                        },
                                        "west": {
                                            "texture": "#hair",
                                            "uv": [
                                                35.0,
                                                34.5,
                                                35.5,
                                                36.5
                                            ]
                                        },
                                        "down": {
                                            "texture": "#hair",
                                            "uv": [
                                                33.5,
                                                34.0,
                                                34.0,
                                                34.5
                                            ]
                                        }
                                    }
                                }
                            ]
                        },
                        {
                            "name": "Dread9",
                            "from": [
                                6.148,
                                2.9,
                                4.872
                            ],
                            "to": [
                                7.307999999999999,
                                6.38,
                                6.032
                            ],
                            "uv": [
                                31.0,
                                31.5
                            ],
                            "rotationOrigin": [
                                6.728,
                                6.38,
                                5.452
                            ],
                            "rotationX": -11.0,
                            "rotationZ": 8.0,
                            "faces": {
                                "north": {
                                    "texture": "#hair",
                                    "uv": [
                                        31.0,
                                        32.5,
                                        32.0,
                                        35.5
                                    ]
                                },
                                "east": {
                                    "texture": "#hair",
                                    "uv": [
                                        32.0,
                                        32.5,
                                        33.0,
                                        35.5
                                    ]
                                },
                                "south": {
                                    "texture": "#hair",
                                    "uv": [
                                        33.0,
                                        32.5,
                                        34.0,
                                        35.5
                                    ]
                                },
                                "west": {
                                    "texture": "#hair",
                                    "uv": [
                                        34.0,
                                        32.5,
                                        35.0,
                                        35.5
                                    ]
                                },
                                "down": {
                                    "texture": "#hair",
                                    "uv": [
                                        31.0,
                                        31.5,
                                        32.0,
                                        32.5
                                    ]
                                }
                            },
                            "children": [
                                {
                                    "name": "Cube21",
                                    "from": [
                                        0.23199999999999998,
                                        -1.9719999999999998,
                                        0.23199999999999998
                                    ],
                                    "to": [
                                        0.9279999999999999,
                                        0.348,
                                        0.9279999999999999
                                    ],
                                    "uv": [
                                        35.5,
                                        32.0
                                    ],
                                    "rotationOrigin": [
                                        0.58,
                                        0.348,
                                        0.58
                                    ],
                                    "rotationX": 33.0,
                                    "rotationZ": -6.0,
                                    "faces": {
                                        "north": {
                                            "texture": "#hair",
                                            "uv": [
                                                35.5,
                                                32.5,
                                                36.0,
                                                34.5
                                            ]
                                        },
                                        "east": {
                                            "texture": "#hair",
                                            "uv": [
                                                36.0,
                                                32.5,
                                                36.5,
                                                34.5
                                            ]
                                        },
                                        "south": {
                                            "texture": "#hair",
                                            "uv": [
                                                36.5,
                                                32.5,
                                                37.0,
                                                34.5
                                            ]
                                        },
                                        "west": {
                                            "texture": "#hair",
                                            "uv": [
                                                37.0,
                                                32.5,
                                                37.5,
                                                34.5
                                            ]
                                        },
                                        "down": {
                                            "texture": "#hair",
                                            "uv": [
                                                35.5,
                                                32.0,
                                                36.0,
                                                32.5
                                            ]
                                        }
                                    }
                                }
                            ]
                        },
                        {
                            "name": "Dread8",
                            "from": [
                                6.148,
                                1.508,
                                2.552
                            ],
                            "to": [
                                7.307999999999999,
                                4.9879999999999995,
                                3.7119999999999997
                            ],
                            "uv": [
                                36.0,
                                33.0
                            ],
                            "rotationOrigin": [
                                6.728,
                                4.9879999999999995,
                                3.132
                            ],
                            "rotationX": 4.0,
                            "rotationZ": 14.0,
                            "faces": {
                                "north": {
                                    "texture": "#hair",
                                    "uv": [
                                        36.0,
                                        34.0,
                                        37.0,
                                        37.0
                                    ]
                                },
                                "east": {
                                    "texture": "#hair",
                                    "uv": [
                                        37.0,
                                        34.0,
                                        38.0,
                                        37.0
                                    ]
                                },
                                "south": {
                                    "texture": "#hair",
                                    "uv": [
                                        38.0,
                                        34.0,
                                        39.0,
                                        37.0
                                    ]
                                },
                                "west": {
                                    "texture": "#hair",
                                    "uv": [
                                        39.0,
                                        34.0,
                                        40.0,
                                        37.0
                                    ]
                                },
                                "down": {
                                    "texture": "#hair",
                                    "uv": [
                                        36.0,
                                        33.0,
                                        37.0,
                                        34.0
                                    ]
                                }
                            },
                            "children": [
                                {
                                    "name": "Cube19",
                                    "from": [
                                        0.23199999999999998,
                                        -3.132,
                                        0.23199999999999998
                                    ],
                                    "to": [
                                        0.9279999999999999,
                                        0.348,
                                        0.9279999999999999
                                    ],
                                    "uv": [
                                        34.5,
                                        36.0
                                    ],
                                    "rotationOrigin": [
                                        0.58,
                                        0.348,
                                        0.58
                                    ],
                                    "rotationZ": -22.0,
                                    "faces": {
                                        "north": {
                                            "texture": "#hair",
                                            "uv": [
                                                34.5,
                                                36.5,
                                                35.0,
                                                39.5
                                            ]
                                        },
                                        "east": {
                                            "texture": "#hair",
                                            "uv": [
                                                35.0,
                                                36.5,
                                                35.5,
                                                39.5
                                            ]
                                        },
                                        "south": {
                                            "texture": "#hair",
                                            "uv": [
                                                35.5,
                                                36.5,
                                                36.0,
                                                39.5
                                            ]
                                        },
                                        "west": {
                                            "texture": "#hair",
                                            "uv": [
                                                36.0,
                                                36.5,
                                                36.5,
                                                39.5
                                            ]
                                        },
                                        "down": {
                                            "texture": "#hair",
                                            "uv": [
                                                34.5,
                                                36.0,
                                                35.0,
                                                36.5
                                            ]
                                        }
                                    }
                                }
                            ]
                        },
                        {
                            "name": "Dread7",
                            "from": [
                                6.148,
                                5.8,
                                3.2479999999999998
                            ],
                            "to": [
                                7.307999999999999,
                                9.28,
                                4.4079999999999995
                            ],
                            "uv": [
                                29.0,
                                34.0
                            ],
                            "rotationOrigin": [
                                6.728,
                                9.28,
                                3.8279999999999994
                            ],
                            "rotationZ": 14.0,
                            "faces": {
                                "north": {
                                    "texture": "#hair",
                                    "uv": [
                                        29.0,
                                        35.0,
                                        30.0,
                                        38.0
                                    ]
                                },
                                "east": {
                                    "texture": "#hair",
                                    "uv": [
                                        30.0,
                                        35.0,
                                        31.0,
                                        38.0
                                    ]
                                },
                                "south": {
                                    "texture": "#hair",
                                    "uv": [
                                        31.0,
                                        35.0,
                                        32.0,
                                        38.0
                                    ]
                                },
                                "west": {
                                    "texture": "#hair",
                                    "uv": [
                                        32.0,
                                        35.0,
                                        33.0,
                                        38.0
                                    ]
                                },
                                "down": {
                                    "texture": "#hair",
                                    "uv": [
                                        29.0,
                                        34.0,
                                        30.0,
                                        35.0
                                    ]
                                }
                            },
                            "children": [
                                {
                                    "name": "Cube20",
                                    "from": [
                                        0.23199999999999998,
                                        -1.9719999999999998,
                                        0.23199999999999998
                                    ],
                                    "to": [
                                        0.9279999999999999,
                                        0.348,
                                        0.9279999999999999
                                    ],
                                    "uv": [
                                        36.5,
                                        32.5
                                    ],
                                    "rotationOrigin": [
                                        0.58,
                                        0.348,
                                        0.58
                                    ],
                                    "rotationX": -15.0,
                                    "rotationY": 5.0,
                                    "rotationZ": -5.0,
                                    "faces": {
                                        "north": {
                                            "texture": "#hair",
                                            "uv": [
                                                36.5,
                                                33.0,
                                                37.0,
                                                35.0
                                            ]
                                        },
                                        "east": {
                                            "texture": "#hair",
                                            "uv": [
                                                37.0,
                                                33.0,
                                                37.5,
                                                35.0
                                            ]
                                        },
                                        "south": {
                                            "texture": "#hair",
                                            "uv": [
                                                37.5,
                                                33.0,
                                                38.0,
                                                35.0
                                            ]
                                        },
                                        "west": {
                                            "texture": "#hair",
                                            "uv": [
                                                38.0,
                                                33.0,
                                                38.5,
                                                35.0
                                            ]
                                        },
                                        "down": {
                                            "texture": "#hair",
                                            "uv": [
                                                36.5,
                                                32.5,
                                                37.0,
                                                33.0
                                            ]
                                        }
                                    }
                                }
                            ]
                        },
                        {
                            "name": "Dread6",
                            "from": [
                                6.148,
                                3.4799999999999995,
                                0.9279999999999999
                            ],
                            "to": [
                                7.307999999999999,
                                6.959999999999999,
                                2.088
                            ],
                            "uv": [
                                34.5,
                                34.5
                            ],
                            "rotationOrigin": [
                                6.728,
                                6.959999999999999,
                                1.508
                            ],
                            "rotationX": 14.0,
                            "rotationZ": 14.0,
                            "faces": {
                                "north": {
                                    "texture": "#hair",
                                    "uv": [
                                        34.5,
                                        35.5,
                                        35.5,
                                        38.5
                                    ]
                                },
                                "east": {
                                    "texture": "#hair",
                                    "uv": [
                                        35.5,
                                        35.5,
                                        36.5,
                                        38.5
                                    ]
                                },
                                "south": {
                                    "texture": "#hair",
                                    "uv": [
                                        36.5,
                                        35.5,
                                        37.5,
                                        38.5
                                    ]
                                },
                                "west": {
                                    "texture": "#hair",
                                    "uv": [
                                        37.5,
                                        35.5,
                                        38.5,
                                        38.5
                                    ]
                                },
                                "down": {
                                    "texture": "#hair",
                                    "uv": [
                                        34.5,
                                        34.5,
                                        35.5,
                                        35.5
                                    ]
                                }
                            },
                            "children": [
                                {
                                    "name": "Cube18",
                                    "from": [
                                        0.23199999999999998,
                                        -0.9279999999999999,
                                        0.23199999999999998
                                    ],
                                    "to": [
                                        0.9279999999999999,
                                        0.23199999999999998,
                                        0.9279999999999999
                                    ],
                                    "uv": [
                                        35.5,
                                        37.0
                                    ],
                                    "rotationOrigin": [
                                        0.58,
                                        0.23199999999999998,
                                        0.58
                                    ],
                                    "rotationZ": -22.0,
                                    "faces": {
                                        "north": {
                                            "texture": "#hair",
                                            "uv": [
                                                35.5,
                                                37.5,
                                                36.0,
                                                38.5
                                            ]
                                        },
                                        "east": {
                                            "texture": "#hair",
                                            "uv": [
                                                36.0,
                                                37.5,
                                                36.5,
                                                38.5
                                            ]
                                        },
                                        "south": {
                                            "texture": "#hair",
                                            "uv": [
                                                36.5,
                                                37.5,
                                                37.0,
                                                38.5
                                            ]
                                        },
                                        "west": {
                                            "texture": "#hair",
                                            "uv": [
                                                37.0,
                                                37.5,
                                                37.5,
                                                38.5
                                            ]
                                        },
                                        "down": {
                                            "texture": "#hair",
                                            "uv": [
                                                35.5,
                                                37.0,
                                                36.0,
                                                37.5
                                            ]
                                        }
                                    }
                                }
                            ]
                        },
                        {
                            "name": "Dread5",
                            "from": [
                                4.9879999999999995,
                                5.452,
                                -0.23199999999999998
                            ],
                            "to": [
                                6.148,
                                8.932,
                                0.9279999999999999
                            ],
                            "uv": [
                                28.5,
                                31.0
                            ],
                            "rotationOrigin": [
                                5.568,
                                8.932,
                                0.348
                            ],
                            "rotationX": 22.0,
                            "rotationZ": 28.0,
                            "faces": {
                                "north": {
                                    "texture": "#hair",
                                    "uv": [
                                        28.5,
                                        32.0,
                                        29.5,
                                        35.0
                                    ]
                                },
                                "east": {
                                    "texture": "#hair",
                                    "uv": [
                                        29.5,
                                        32.0,
                                        30.5,
                                        35.0
                                    ]
                                },
                                "south": {
                                    "texture": "#hair",
                                    "uv": [
                                        30.5,
                                        32.0,
                                        31.5,
                                        35.0
                                    ]
                                },
                                "west": {
                                    "texture": "#hair",
                                    "uv": [
                                        31.5,
                                        32.0,
                                        32.5,
                                        35.0
                                    ]
                                },
                                "down": {
                                    "texture": "#hair",
                                    "uv": [
                                        28.5,
                                        31.0,
                                        29.5,
                                        32.0
                                    ]
                                }
                            },
                            "children": [
                                {
                                    "name": "Cube17",
                                    "from": [
                                        0.23199999999999998,
                                        -1.9719999999999998,
                                        0.23199999999999998
                                    ],
                                    "to": [
                                        0.9279999999999999,
                                        0.348,
                                        0.9279999999999999
                                    ],
                                    "uv": [
                                        36.5,
                                        32.0
                                    ],
                                    "rotationOrigin": [
                                        0.58,
                                        0.348,
                                        0.58
                                    ],
                                    "rotationX": -25.0,
                                    "rotationZ": -33.0,
                                    "faces": {
                                        "north": {
                                            "texture": "#hair",
                                            "uv": [
                                                36.5,
                                                32.5,
                                                37.0,
                                                34.5
                                            ]
                                        },
                                        "east": {
                                            "texture": "#hair",
                                            "uv": [
                                                37.0,
                                                32.5,
                                                37.5,
                                                34.5
                                            ]
                                        },
                                        "south": {
                                            "texture": "#hair",
                                            "uv": [
                                                37.5,
                                                32.5,
                                                38.0,
                                                34.5
                                            ]
                                        },
                                        "west": {
                                            "texture": "#hair",
                                            "uv": [
                                                38.0,
                                                32.5,
                                                38.5,
                                                34.5
                                            ]
                                        },
                                        "down": {
                                            "texture": "#hair",
                                            "uv": [
                                                36.5,
                                                32.0,
                                                37.0,
                                                32.5
                                            ]
                                        }
                                    }
                                }
                            ]
                        },
                        {
                            "name": "Dread4",
                            "from": [
                                4.64,
                                3.4799999999999995,
                                -0.23199999999999998
                            ],
                            "to": [
                                5.8,
                                6.959999999999999,
                                0.9279999999999999
                            ],
                            "uv": [
                                28.0,
                                33.0
                            ],
                            "rotationOrigin": [
                                5.22,
                                6.959999999999999,
                                0.348
                            ],
                            "rotationX": 22.0,
                            "rotationZ": -33.0,
                            "faces": {
                                "north": {
                                    "texture": "#hair",
                                    "uv": [
                                        28.0,
                                        34.0,
                                        29.0,
                                        37.0
                                    ]
                                },
                                "east": {
                                    "texture": "#hair",
                                    "uv": [
                                        29.0,
                                        34.0,
                                        30.0,
                                        37.0
                                    ]
                                },
                                "south": {
                                    "texture": "#hair",
                                    "uv": [
                                        30.0,
                                        34.0,
                                        31.0,
                                        37.0
                                    ]
                                },
                                "west": {
                                    "texture": "#hair",
                                    "uv": [
                                        31.0,
                                        34.0,
                                        32.0,
                                        37.0
                                    ]
                                },
                                "down": {
                                    "texture": "#hair",
                                    "uv": [
                                        28.0,
                                        33.0,
                                        29.0,
                                        34.0
                                    ]
                                }
                            },
                            "children": [
                                {
                                    "name": "Cube16",
                                    "from": [
                                        0.23199999999999998,
                                        -2.2039999999999997,
                                        0.23199999999999998
                                    ],
                                    "to": [
                                        0.9279999999999999,
                                        0.11599999999999999,
                                        0.9279999999999999
                                    ],
                                    "uv": [
                                        31.0,
                                        35.0
                                    ],
                                    "rotationOrigin": [
                                        0.58,
                                        0.11599999999999999,
                                        0.58
                                    ],
                                    "rotationX": 22.0,
                                    "rotationZ": 17.0,
                                    "faces": {
                                        "north": {
                                            "texture": "#hair",
                                            "uv": [
                                                31.0,
                                                35.5,
                                                31.5,
                                                37.5
                                            ]
                                        },
                                        "east": {
                                            "texture": "#hair",
                                            "uv": [
                                                31.5,
                                                35.5,
                                                32.0,
                                                37.5
                                            ]
                                        },
                                        "south": {
                                            "texture": "#hair",
                                            "uv": [
                                                32.0,
                                                35.5,
                                                32.5,
                                                37.5
                                            ]
                                        },
                                        "west": {
                                            "texture": "#hair",
                                            "uv": [
                                                32.5,
                                                35.5,
                                                33.0,
                                                37.5
                                            ]
                                        },
                                        "down": {
                                            "texture": "#hair",
                                            "uv": [
                                                31.0,
                                                35.0,
                                                31.5,
                                                35.5
                                            ]
                                        }
                                    }
                                }
                            ]
                        },
                        {
                            "name": "Dread1",
                            "from": [
                                1.16,
                                5.8,
                                -0.23199999999999998
                            ],
                            "to": [
                                2.32,
                                9.28,
                                0.9279999999999999
                            ],
                            "uv": [
                                30.5,
                                31.0
                            ],
                            "rotationOrigin": [
                                1.7399999999999998,
                                9.28,
                                0.348
                            ],
                            "rotationX": 22.0,
                            "rotationZ": 14.0,
                            "faces": {
                                "north": {
                                    "texture": "#hair",
                                    "uv": [
                                        30.5,
                                        32.0,
                                        31.5,
                                        35.0
                                    ]
                                },
                                "east": {
                                    "texture": "#hair",
                                    "uv": [
                                        31.5,
                                        32.0,
                                        32.5,
                                        35.0
                                    ]
                                },
                                "south": {
                                    "texture": "#hair",
                                    "uv": [
                                        32.5,
                                        32.0,
                                        33.5,
                                        35.0
                                    ]
                                },
                                "west": {
                                    "texture": "#hair",
                                    "uv": [
                                        33.5,
                                        32.0,
                                        34.5,
                                        35.0
                                    ]
                                },
                                "down": {
                                    "texture": "#hair",
                                    "uv": [
                                        30.5,
                                        31.0,
                                        31.5,
                                        32.0
                                    ]
                                }
                            },
                            "children": [
                                {
                                    "name": "Cube15",
                                    "from": [
                                        0.23199999999999998,
                                        -1.9719999999999998,
                                        0.23199999999999998
                                    ],
                                    "to": [
                                        0.9279999999999999,
                                        0.348,
                                        0.9279999999999999
                                    ],
                                    "uv": [
                                        31.0,
                                        33.0
                                    ],
                                    "rotationOrigin": [
                                        0.58,
                                        0.348,
                                        0.58
                                    ],
                                    "rotationX": -22.0,
                                    "rotationZ": -33.0,
                                    "faces": {
                                        "north": {
                                            "texture": "#hair",
                                            "uv": [
                                                31.0,
                                                33.5,
                                                31.5,
                                                35.5
                                            ]
                                        },
                                        "east": {
                                            "texture": "#hair",
                                            "uv": [
                                                31.5,
                                                33.5,
                                                32.0,
                                                35.5
                                            ]
                                        },
                                        "south": {
                                            "texture": "#hair",
                                            "uv": [
                                                32.0,
                                                33.5,
                                                32.5,
                                                35.5
                                            ]
                                        },
                                        "west": {
                                            "texture": "#hair",
                                            "uv": [
                                                32.5,
                                                33.5,
                                                33.0,
                                                35.5
                                            ]
                                        },
                                        "down": {
                                            "texture": "#hair",
                                            "uv": [
                                                31.0,
                                                33.0,
                                                31.5,
                                                33.5
                                            ]
                                        }
                                    }
                                }
                            ]
                        }
                    ]
                },
                {
                    "name": "Dread25",
                    "from": [
                        -0.23199999999999998,
                        7.539999999999999,
                        0.58
                    ],
                    "to": [
                        0.9279999999999999,
                        8.7,
                        1.7399999999999998
                    ],
                    "uv": [
                        35.0,
                        31.5
                    ],
                    "rotationOrigin": [
                        0.348,
                        8.7,
                        1.16
                    ],
                    "rotationX": 30.0,
                    "rotationZ": -30.0,
                    "faces": {
                        "north": {
                            "texture": "#hair",
                            "uv": [
                                35.0,
                                32.5,
                                36.0,
                                33.5
                            ]
                        },
                        "east": {
                            "texture": "#hair",
                            "uv": [
                                36.0,
                                32.5,
                                37.0,
                                33.5
                            ]
                        },
                        "south": {
                            "texture": "#hair",
                            "uv": [
                                37.0,
                                32.5,
                                38.0,
                                33.5
                            ]
                        },
                        "west": {
                            "texture": "#hair",
                            "uv": [
                                38.0,
                                32.5,
                                39.0,
                                33.5
                            ]
                        },
                        "down": {
                            "texture": "#hair",
                            "uv": [
                                35.0,
                                31.5,
                                36.0,
                                32.5
                            ]
                        }
                    },
                    "children": [
                        {
                            "name": "Cube26",
                            "from": [
                                0.348,
                                -1.9719999999999998,
                                0.46399999999999997
                            ],
                            "to": [
                                1.044,
                                0.348,
                                1.16
                            ],
                            "uv": [
                                33.5,
                                35.0
                            ],
                            "rotationOrigin": [
                                0.696,
                                -0.8119999999999999,
                                0.8119999999999999
                            ],
                            "rotationX": -19.0,
                            "rotationZ": 8.0,
                            "faces": {
                                "north": {
                                    "texture": "#hair",
                                    "uv": [
                                        33.5,
                                        35.5,
                                        34.0,
                                        37.5
                                    ]
                                },
                                "east": {
                                    "texture": "#hair",
                                    "uv": [
                                        34.0,
                                        35.5,
                                        34.5,
                                        37.5
                                    ]
                                },
                                "south": {
                                    "texture": "#hair",
                                    "uv": [
                                        34.5,
                                        35.5,
                                        35.0,
                                        37.5
                                    ]
                                },
                                "west": {
                                    "texture": "#hair",
                                    "uv": [
                                        35.0,
                                        35.5,
                                        35.5,
                                        37.5
                                    ]
                                },
                                "down": {
                                    "texture": "#hair",
                                    "uv": [
                                        33.5,
                                        35.0,
                                        34.0,
                                        35.5
                                    ]
                                }
                            }
                        }
                    ]
                }
            ]
        },
        {
            "name": "Hair tile upper part",
            "stepParentName": "Head",
            "from": [
                -0.564,
                -2.82,
                -0.8799999999999999
            ],
            "to": [
                6.975999999999999,
                5.88,
                6.08
            ],
            "autoUnwrap": false,
            "uv": [
                3.0,
                9.0
            ],
            "rotationOrigin": [
                3.4959999999999996,
                5.88,
                2.6
            ],
            "faces": {
                "north": {
                    "texture": "#hair",
                    "uv": [
                        0.0,
                        10.5,
                        6.5,
                        18.0
                    ]
                },
                "east": {
                    "texture": "#hair",
                    "uv": [
                        33.5,
                        36.0,
                        39.5,
                        43.5
                    ]
                },
                "south": {
                    "texture": "#hair",
                    "uv": [
                        12.0,
                        10.5,
                        18.5,
                        18.0
                    ]
                },
                "west": {
                    "texture": "#hair",
                    "uv": [
                        6.5,
                        10.5,
                        12.5,
                        18.0
                    ]
                },
                "up": {
                    "texture": "#hair",
                    "uv": [
                        26.5,
                        10.5,
                        32.5,
                        17.0
                    ],
                    "rotation": 90
                }
            }
        }
    ]
}