{"textureWidth": 96, "textureHeight": 96, "textures": {"hair": "kemono:entity/horse/hair/hair"}, "textureSizes": {"hair": [96, 96]}, "elements": [{"name": "Hair.005", "from": [-0.54589605, -5.24344969, -3.32292247], "to": [6.34104085, 3.83287406, 3.05707741], "rotationOrigin": [3.15450406, 0.6725502, -0.07492256], "stepParentName": "b_Head", "rotationX": -0.0, "rotationY": 0.0, "rotationZ": -90.00000933, "group": "hair-braeburn", "faces": {"north": {"texture": "#hair", "uv": [66.0, 69.0, 79.00000191, 86.00000024], "autoUv": false}, "east": {"texture": "#hair", "uv": [67.00000191, 68.00000095, 78.0, 84.99999976], "autoUv": false}, "south": {"texture": "#hair", "uv": [81.0, 37.00000191, 69.0, 57.99999905], "autoUv": false}, "west": {"texture": "#hair", "uv": [11.00000024, 1.00000191, 22.00000048, 19.00000191], "autoUv": false}, "up": {"texture": "#hair", "uv": [66.0, 63.99999905, 76.99999809, 76.99999952], "autoUv": false, "rotation": 90}, "down": {"texture": "#hair", "uv": [27.0, 93.99999994, 33.99999905, 84.0], "autoUv": false, "rotation": 270}}, "children": [{"name": "hair-uncovered", "from": [2.4e-07, -4.8e-07, 0.0], "to": [1.16000021, 1.15999949, 1.15999997], "rotationOrigin": [2.4e-07, -4.8e-07, 0.0], "group": "hair-braeburn", "faces": {"north": {"texture": "#disable", "uv": [0, 0, 4, 4], "autoUv": false, "enabled": false}, "east": {"texture": "#disable", "uv": [0, 0, 4, 4], "autoUv": false, "enabled": false}, "south": {"texture": "#disable", "uv": [0, 0, 4, 4], "autoUv": false, "enabled": false}, "west": {"texture": "#disable", "uv": [0, 0, 4, 4], "autoUv": false, "enabled": false}, "up": {"texture": "#disable", "uv": [0, 0, 4, 4], "autoUv": false, "enabled": false}, "down": {"texture": "#disable", "uv": [0, 0, 4, 4], "autoUv": false, "enabled": false}}, "children": [{"name": "Hairstrand.066", "from": [-0.67827201, 5.22108092, 1.80090301], "to": [1.29857802, 9.34165955, 2.96090348], "rotationOrigin": [0.31015301, 9.34165955, 2.38090324], "rotationX": 68.1750346, "rotationY": 64.33112025, "rotationZ": -32.76751494, "group": "hair-braeburn", "faces": {"north": {"texture": "#hair", "uv": [67.00000191, 73.00000048, 70.00000191, 82.99999952], "autoUv": false}, "east": {"texture": "#hair", "uv": [70.00000191, 73.00000048, 72.0, 82.99999952], "autoUv": false}, "south": {"texture": "#hair", "uv": [69.0, 73.00000048, 72.0, 82.99999952], "autoUv": false}, "west": {"texture": "#hair", "uv": [72.0, 73.00000048, 73.99999809, 82.99999952], "autoUv": false}, "up": {"texture": "#hair", "uv": [67.99999809, 43.99999809, 70.00000191, 46.00000191], "autoUv": false}, "down": {"texture": "#disable", "uv": [0, 0, 4, 4], "autoUv": false, "enabled": false}}, "children": []}, {"name": "Hairstrand.067", "from": [0.15570592, 5.85095558, 3.49281578], "to": [1.31570579, 9.73112106, 5.15565224], "rotationOrigin": [0.73570585, 9.73112106, 4.32423401], "rotationX": 16.35085133, "rotationY": -9.38927237, "rotationZ": -31.46068119, "group": "hair-braeburn", "faces": {"north": {"texture": "#hair", "uv": [67.00000191, 72.0, 69.0, 84.0], "autoUv": false}, "east": {"texture": "#hair", "uv": [61.00000191, 79.00000048, 64.99999809, 91.00000012], "autoUv": false}, "south": {"texture": "#hair", "uv": [73.00000191, 71.00000095, 75.0, 82.99999952], "autoUv": false}, "west": {"texture": "#hair", "uv": [76.00000191, 31.99999809, 79.00000191, 43.99999809], "autoUv": false}, "up": {"texture": "#hair", "uv": [42.0, 3.0, 44.00000095, 7.00000191], "autoUv": false}, "down": {"texture": "#disable", "uv": [0, 0, 4, 4], "autoUv": false, "enabled": false}}, "children": []}, {"name": "Hairstrand.068", "from": [5.08885396, 0.68094492, 3.92045814], "to": [7.59750736, 7.90592194, 5.08345479], "rotationOrigin": [6.34318066, 7.90592194, 4.50195646], "rotationX": -32.62049853, "rotationY": 35.79934029, "rotationZ": 33.14181955, "group": "hair-braeburn", "faces": {"north": {"texture": "#hair", "uv": [66.0, 73.99999952, 69.0, 84.0], "autoUv": false}, "east": {"texture": "#hair", "uv": [69.0, 73.99999952, 72.0, 84.0], "autoUv": false}, "south": {"texture": "#hair", "uv": [72.0, 73.99999952, 75.0, 84.0], "autoUv": false}, "west": {"texture": "#hair", "uv": [75.0, 73.99999952, 78.0, 84.0], "autoUv": false}, "up": {"texture": "#hair", "uv": [67.99999809, 43.99999809, 70.00000191, 46.00000191], "autoUv": false}, "down": {"texture": "#disable", "uv": [0, 0, 4, 4], "autoUv": false, "enabled": false}}, "children": []}, {"name": "Hairstrand.069", "from": [7.16169357, -1.66597986, 2.36350846], "to": [8.43092632, 6.02215195, 5.90785384], "rotationOrigin": [7.79630995, 6.02215195, 4.13568115], "rotationX": 27.08890932, "rotationY": 13.99433617, "rotationZ": 12.90530178, "group": "hair-braeburn", "faces": {"north": {"texture": "#hair", "uv": [67.99999809, 72.0, 70.00000191, 82.99999952], "autoUv": false}, "east": {"texture": "#hair", "uv": [70.00000191, 72.0, 75.0, 82.99999952], "autoUv": false}, "south": {"texture": "#hair", "uv": [75.0, 72.0, 76.99999809, 82.99999952], "autoUv": false}, "west": {"texture": "#hair", "uv": [58.99999809, 76.00000048, 64.00000191, 87.0], "autoUv": false}, "up": {"texture": "#hair", "uv": [67.99999809, 43.99999809, 70.00000191, 46.00000191], "autoUv": false}, "down": {"texture": "#disable", "uv": [0, 0, 4, 4], "autoUv": false, "enabled": false}}, "children": []}, {"name": "Hairstrand.070", "from": [6.56888282, 2.67847157, -0.33896613], "to": [7.72888291, 8.59792328, 2.4229095], "rotationOrigin": [7.14888287, 8.59792328, 1.04197168], "rotationX": 12.51331893, "rotationY": 37.24171915, "rotationZ": 21.15914228, "group": "hair-braeburn", "faces": {"north": {"texture": "#hair", "uv": [66.0, 73.00000048, 67.99999809, 82.99999952], "autoUv": false}, "east": {"texture": "#hair", "uv": [67.99999809, 73.00000048, 72.0, 82.99999952], "autoUv": false}, "south": {"texture": "#hair", "uv": [72.0, 73.00000048, 73.99999809, 82.99999952], "autoUv": false}, "west": {"texture": "#hair", "uv": [73.99999809, 73.00000048, 78.0, 82.99999952], "autoUv": false}, "up": {"texture": "#hair", "uv": [67.99999809, 43.99999809, 70.00000191, 46.00000191], "autoUv": false}, "down": {"texture": "#disable", "uv": [0, 0, 4, 4], "autoUv": false, "enabled": false}}, "children": []}, {"name": "Hairstrand.071", "from": [3.04884422, -1.97759104, -1.15175241], "to": [6.55790055, 5.21795082, 0.00861925], "rotationOrigin": [4.80337238, 5.21795082, -0.57156658], "rotationX": -6.43279169, "rotationY": -3.15026659, "rotationZ": 2.91136109, "group": "hair-braeburn", "faces": {"north": {"texture": "#hair", "uv": [60.0, 78.0, 64.99999809, 87.0], "autoUv": false}, "east": {"texture": "#hair", "uv": [67.99999809, 75.0, 70.00000191, 82.99999952], "autoUv": false}, "south": {"texture": "#hair", "uv": [79.00000191, 34.00000191, 84.0, 43.00000191], "autoUv": false}, "west": {"texture": "#hair", "uv": [70.00000191, 75.0, 72.0, 82.99999952], "autoUv": false}, "up": {"texture": "#hair", "uv": [67.99999809, 43.99999809, 70.00000191, 46.00000191], "autoUv": false}, "down": {"texture": "#hair", "uv": [76.99999809, 50.00000095, 75.0, 48.0], "autoUv": false}}, "children": []}, {"name": "Hairstrand.072", "from": [4.62884748, 3.97798109, -0.38221627], "to": [7.11956465, 8.61798096, 0.77778369], "rotationOrigin": [5.87420607, 8.61798096, 0.19778371], "rotationX": 40.59393501, "rotationY": 0.78415961, "rotationZ": 11.24954098, "group": "hair-braeburn", "faces": {"north": {"texture": "#hair", "uv": [67.00000191, 75.0, 70.99999809, 82.00000048], "autoUv": false}, "east": {"texture": "#hair", "uv": [70.00000191, 75.0, 72.0, 82.00000048], "autoUv": false}, "south": {"texture": "#hair", "uv": [73.00000191, 75.0, 76.99999809, 82.00000048], "autoUv": false}, "west": {"texture": "#hair", "uv": [72.0, 75.0, 73.99999809, 82.00000048], "autoUv": false}, "up": {"texture": "#hair", "uv": [67.99999809, 43.99999809, 70.00000191, 46.00000191], "autoUv": false}, "down": {"texture": "#disable", "uv": [0, 0, 4, 4], "autoUv": false, "enabled": false}}, "children": []}, {"name": "Hairstrand.073", "from": [1.84157741, 4.41738653, 0.38141817], "to": [4.42322075, 9.50410652, 1.54141814], "rotationOrigin": [3.13239908, 9.50410652, 0.96141815], "rotationX": 31.57725202, "rotationY": 10.88144501, "rotationZ": -17.3209004, "group": "hair-braeburn", "faces": {"north": {"texture": "#hair", "uv": [70.00000191, 75.0, 73.99999809, 82.99999952], "autoUv": false}, "east": {"texture": "#hair", "uv": [70.99999809, 75.0, 75.0, 82.99999952], "autoUv": false}, "south": {"texture": "#hair", "uv": [75.0, 73.00000048, 79.00000191, 84.99999976], "autoUv": false}, "west": {"texture": "#hair", "uv": [75.0, 75.0, 79.00000191, 82.99999952], "autoUv": false}, "up": {"texture": "#hair", "uv": [67.99999809, 43.99999809, 70.00000191, 46.00000191], "autoUv": false}, "down": {"texture": "#disable", "uv": [0, 0, 4, 4], "autoUv": false, "enabled": false}}, "children": []}, {"name": "Hairstrand.074", "from": [4.26373422, -1.47930765, -0.47018385], "to": [7.49129832, 6.18114853, 0.689816], "rotationOrigin": [5.87751627, 6.18114853, 0.10981607], "rotationX": 16.99339283, "rotationY": -29.62706568, "rotationZ": 16.95554846, "group": "hair-braeburn", "faces": {"north": {"texture": "#hair", "uv": [58.00000191, 71.00000095, 52.99999809, 84.99999976], "autoUv": false}, "east": {"texture": "#hair", "uv": [69.0, 72.0, 72.0, 86.00000024], "autoUv": false}, "south": {"texture": "#hair", "uv": [75.0, 31.00000191, 79.99999809, 45.0], "autoUv": false}, "west": {"texture": "#hair", "uv": [73.99999809, 72.0, 76.99999809, 86.00000024], "autoUv": false}, "up": {"texture": "#hair", "uv": [69.0, 43.99999809, 70.99999809, 46.00000191], "autoUv": false}, "down": {"texture": "#disable", "uv": [0, 0, 4, 4], "autoUv": false, "enabled": false}}, "children": []}, {"name": "Hairstrand.075", "from": [5.46769297, 3.69891834, 3.62693393], "to": [8.13817632, 8.56870651, 5.82520688], "rotationOrigin": [6.80293465, 8.56870651, 4.7260704], "rotationX": -69.034409, "rotationY": 52.63140576, "rotationZ": 53.03056885, "group": "hair-braeburn", "faces": {"north": {"texture": "#hair", "uv": [70.99999809, 71.00000095, 75.0, 82.99999952], "autoUv": false}, "east": {"texture": "#hair", "uv": [67.00000191, 73.99999952, 70.99999809, 82.99999952], "autoUv": false}, "south": {"texture": "#hair", "uv": [70.99999809, 73.99999952, 75.0, 82.99999952], "autoUv": false}, "west": {"texture": "#hair", "uv": [75.0, 73.99999952, 79.00000191, 82.99999952], "autoUv": false}, "up": {"texture": "#hair", "uv": [70.99999809, 68.00000095, 75.0, 71.00000095], "autoUv": false}, "down": {"texture": "#disable", "uv": [0, 0, 4, 4], "autoUv": false, "enabled": false}}, "children": []}, {"name": "Hairstrand.076", "from": [5.84415638, 2.00692606, 5.52643538], "to": [8.55652034, 7.89537239, 6.68643522], "rotationOrigin": [7.20033836, 7.89537239, 6.1064353], "rotationX": -24.84612279, "rotationY": -16.22510584, "rotationZ": -23.46710419, "group": "hair-braeburn", "faces": {"north": {"texture": "#hair", "uv": [60.0, 76.99999952, 64.99999809, 87.0], "autoUv": false}, "east": {"texture": "#hair", "uv": [66.0, 76.00000048, 67.99999809, 84.0], "autoUv": false}, "south": {"texture": "#hair", "uv": [78.0, 34.00000191, 82.99999809, 43.99999809], "autoUv": false}, "west": {"texture": "#hair", "uv": [73.99999809, 73.00000048, 76.00000191, 81.0], "autoUv": false}, "up": {"texture": "#hair", "uv": [67.99999809, 73.00000048, 70.99999809, 75.0], "autoUv": false}, "down": {"texture": "#hair", "uv": [76.99999809, 50.00000095, 75.0, 48.0], "autoUv": false}}, "children": []}, {"name": "Hairstrand.077", "from": [6.2195636, 1.81754637, 5.54029596], "to": [8.64073169, 8.43061447, 6.70699751], "rotationOrigin": [7.43014765, 8.43061447, 6.12364674], "rotationX": -19.79057387, "rotationY": 42.33349199, "rotationZ": -2.2063146, "group": "hair-braeburn", "faces": {"north": {"texture": "#hair", "uv": [67.99999809, 73.00000048, 72.0, 84.0], "autoUv": false}, "east": {"texture": "#hair", "uv": [67.00000191, 72.0, 69.0, 82.99999952], "autoUv": false}, "south": {"texture": "#hair", "uv": [67.99999809, 73.00000048, 72.0, 84.0], "autoUv": false}, "west": {"texture": "#hair", "uv": [72.0, 73.00000048, 73.99999809, 84.0], "autoUv": false}, "up": {"texture": "#hair", "uv": [67.99999809, 69.99999905, 70.99999809, 73.00000048], "autoUv": false}, "down": {"texture": "#disable", "uv": [0, 0, 4, 4], "autoUv": false, "enabled": false}}, "children": []}, {"name": "Hairstrand.078", "from": [0.58348665, 6.54055153, 4.40375344], "to": [1.74348631, 9.22916412, 7.34198554], "rotationOrigin": [1.16348648, 9.22916412, 5.87286949], "rotationX": 4.2264805, "rotationY": 17.36475876, "rotationZ": -13.7011947, "group": "hair-braeburn", "faces": {"north": {"texture": "#hair", "uv": [67.00000191, 79.99999952, 69.0, 84.0], "autoUv": false}, "east": {"texture": "#hair", "uv": [61.00000191, 82.99999952, 64.99999809, 87.0], "autoUv": false}, "south": {"texture": "#hair", "uv": [73.00000191, 76.99999952, 75.0, 82.99999952], "autoUv": false}, "west": {"texture": "#hair", "uv": [76.99999809, 37.99999809, 81.0, 43.99999809], "autoUv": false}, "up": {"texture": "#hair", "uv": [42.0, 3.0, 44.00000095, 7.00000191], "autoUv": false}, "down": {"texture": "#disable", "uv": [0, 0, 4, 4], "autoUv": false, "enabled": false}}, "children": []}, {"name": "Hairstrand.079", "from": [7.3893556, 2.49182177, 2.62201262], "to": [8.54935557, 8.72237587, 5.88376474], "rotationOrigin": [7.96935558, 8.72237587, 4.25288868], "rotationX": 41.63218182, "rotationY": 13.12192721, "rotationZ": 15.0275995, "group": "hair-braeburn", "faces": {"north": {"texture": "#hair", "uv": [67.99999809, 75.0, 70.00000191, 84.0], "autoUv": false}, "east": {"texture": "#hair", "uv": [70.00000191, 75.0, 75.0, 84.0], "autoUv": false}, "south": {"texture": "#hair", "uv": [75.0, 75.0, 76.99999809, 84.0], "autoUv": false}, "west": {"texture": "#hair", "uv": [57.0, 76.99999952, 61.00000191, 87.0], "autoUv": false}, "up": {"texture": "#hair", "uv": [67.99999809, 43.99999809, 70.00000191, 46.00000191], "autoUv": false}, "down": {"texture": "#disable", "uv": [0, 0, 4, 4], "autoUv": false, "enabled": false}}, "children": []}, {"name": "Hairstrand.080", "from": [3.92518973, -2.65279007, -1.10643548], "to": [8.29457498, 6.38199425, 0.10500973], "rotationOrigin": [6.10988235, 6.38199425, -0.50071287], "rotationX": 4.38525807, "rotationY": 3.56367489, "rotationZ": -8.30139826, "group": "hair-braeburn", "faces": {"north": {"texture": "#hair", "uv": [75.0, 31.99999809, 81.0, 45.0], "autoUv": false}, "east": {"texture": "#hair", "uv": [69.0, 72.0, 70.99999809, 84.99999976], "autoUv": false}, "south": {"texture": "#hair", "uv": [88.00000191, 22.99999809, 94.00000191, 36.0], "autoUv": false}, "west": {"texture": "#hair", "uv": [73.00000191, 72.0, 75.0, 84.99999976], "autoUv": false}, "up": {"texture": "#hair", "uv": [67.99999809, 43.99999809, 70.00000191, 46.00000191], "autoUv": false}, "down": {"texture": "#disable", "uv": [0, 0, 4, 4], "autoUv": false, "enabled": false}}, "children": []}, {"name": "Hairstrand.081", "from": [5.96371531, -0.40778352, 4.88812242], "to": [8.38488317, 7.42203522, 6.19582762], "rotationOrigin": [7.17429924, 7.42203522, 5.54197502], "rotationX": -8.87450662, "rotationY": 13.33606132, "rotationZ": -2.11747582, "group": "hair-braeburn", "faces": {"north": {"texture": "#hair", "uv": [67.99999809, 73.00000048, 72.0, 84.0], "autoUv": false}, "east": {"texture": "#hair", "uv": [67.00000191, 72.0, 69.0, 82.99999952], "autoUv": false}, "south": {"texture": "#hair", "uv": [67.99999809, 73.00000048, 72.0, 84.0], "autoUv": false}, "west": {"texture": "#hair", "uv": [72.0, 73.00000048, 73.99999809, 84.0], "autoUv": false}, "up": {"texture": "#hair", "uv": [67.99999809, 69.99999905, 70.99999809, 73.00000048], "autoUv": false}, "down": {"texture": "#disable", "uv": [0, 0, 4, 4], "autoUv": false, "enabled": false}}, "children": []}, {"name": "Hairstrand.082", "from": [2.66511319, 5.36426327, 5.38356237], "to": [4.96310593, 9.55773926, 6.73200675], "rotationOrigin": [3.81410956, 9.55773926, 6.05778456], "rotationX": -23.73752674, "rotationY": -1.29270487, "rotationZ": -2.39731422, "group": "hair-braeburn", "faces": {"north": {"texture": "#hair", "uv": [67.99999809, 73.00000048, 70.99999809, 82.99999952], "autoUv": false}, "east": {"texture": "#hair", "uv": [70.99999809, 73.00000048, 73.00000191, 82.99999952], "autoUv": false}, "south": {"texture": "#hair", "uv": [70.00000191, 73.00000048, 73.00000191, 82.99999952], "autoUv": false}, "west": {"texture": "#hair", "uv": [73.00000191, 73.00000048, 75.0, 82.99999952], "autoUv": false}, "up": {"texture": "#hair", "uv": [67.99999809, 43.99999809, 70.00000191, 46.00000191], "autoUv": false}, "down": {"texture": "#disable", "uv": [0, 0, 4, 4], "autoUv": false, "enabled": false}}, "children": []}, {"name": "Hairstrand.083", "from": [2.63443959, 0.42739881, 0.4097759], "to": [5.21608293, 5.51411819, 1.85643895], "rotationOrigin": [3.92526126, 5.51411819, 1.13310742], "rotationX": 36.03451736, "rotationY": 15.35858876, "rotationZ": 6.79185431, "group": "hair-braeburn", "faces": {"north": {"texture": "#hair", "uv": [70.00000191, 75.0, 73.99999809, 82.99999952], "autoUv": false}, "east": {"texture": "#hair", "uv": [70.99999809, 75.0, 75.0, 82.99999952], "autoUv": false}, "south": {"texture": "#hair", "uv": [75.0, 73.00000048, 79.00000191, 84.99999976], "autoUv": false}, "west": {"texture": "#hair", "uv": [75.0, 75.0, 79.00000191, 82.99999952], "autoUv": false}, "up": {"texture": "#hair", "uv": [67.99999809, 43.99999809, 70.00000191, 46.00000191], "autoUv": false}, "down": {"texture": "#disable", "uv": [0, 0, 4, 4], "autoUv": false, "enabled": false}}, "children": []}, {"name": "Hairstrand.085", "from": [4.19959092, 0.79559588, 6.22544622], "to": [6.25868392, 4.12144852, 7.45435572], "rotationOrigin": [5.22913742, 4.12144852, 6.83990097], "rotationX": -41.82457801, "rotationY": 0.03029111, "rotationZ": -23.35102512, "group": "hair-braeburn", "faces": {"north": {"texture": "#hair", "uv": [67.99999809, 76.99999952, 72.0, 84.0], "autoUv": false}, "east": {"texture": "#hair", "uv": [67.00000191, 76.00000048, 69.0, 82.99999952], "autoUv": false}, "south": {"texture": "#hair", "uv": [67.99999809, 76.99999952, 72.0, 84.0], "autoUv": false}, "west": {"texture": "#hair", "uv": [72.0, 76.99999952, 73.99999809, 84.0], "autoUv": false}, "up": {"texture": "#hair", "uv": [67.99999809, 73.99999952, 70.99999809, 76.99999952], "autoUv": false}, "down": {"texture": "#disable", "uv": [0, 0, 4, 4], "autoUv": false, "enabled": false}}, "children": []}, {"name": "Hairstrand.089", "from": [4.71277714, 3.2461524, 2.92414004], "to": [6.92228794, 9.02773094, 4.35641521], "rotationOrigin": [5.81753254, 9.02773094, 3.64027762], "rotationX": 90.6657547, "rotationY": -15.33596205, "rotationZ": -109.00610353, "group": "hair-braeburn", "faces": {"north": {"texture": "#hair", "uv": [33.99999905, 0.0, 39.99999905, 13.00000191], "autoUv": false}, "east": {"texture": "#hair", "uv": [69.0, 72.0, 70.99999809, 84.99999976], "autoUv": false}, "south": {"texture": "#hair", "uv": [88.00000191, 22.99999809, 94.00000191, 36.0], "autoUv": false}, "west": {"texture": "#hair", "uv": [73.00000191, 72.0, 75.0, 84.99999976], "autoUv": false}, "up": {"texture": "#hair", "uv": [33.99999905, 4.00000191, 42.0, 6.0], "autoUv": false}, "down": {"texture": "#disable", "uv": [0, 0, 4, 4], "autoUv": false, "enabled": false}}, "children": []}, {"name": "Hairstrand.090", "from": [3.94634426, 3.12679863, 2.74161798], "to": [7.29773152, 8.90837669, 4.17389315], "rotationOrigin": [5.62203789, 8.90837669, 3.45775557], "rotationX": 102.21645153, "rotationY": -12.57408627, "rotationZ": -60.14437821, "group": "hair-braeburn", "faces": {"north": {"texture": "#hair", "uv": [36.0, 0.0, 42.0, 13.00000191], "autoUv": false}, "east": {"texture": "#hair", "uv": [69.0, 72.0, 70.99999809, 84.99999976], "autoUv": false}, "south": {"texture": "#hair", "uv": [88.00000191, 22.99999809, 94.00000191, 36.0], "autoUv": false}, "west": {"texture": "#hair", "uv": [73.00000191, 72.0, 75.0, 84.99999976], "autoUv": false}, "up": {"texture": "#hair", "uv": [33.99999905, 4.00000191, 42.0, 6.0], "autoUv": false}, "down": {"texture": "#disable", "uv": [0, 0, 4, 4], "autoUv": false, "enabled": false}}, "children": []}]}]}], "groups": []}