{
    "editor": {
        "backDropShape": "entity/humanoid/seraph-hairless",
        "allAngles": true,
        "entityTextureMode": true
    },
    "textureWidth": 48,
    "textureHeight": 48,
    "textureSizes": {
        "hair": [
            48,
            48
        ],
        "birch": [
            16,
            16
        ]
    },
    "textures": {
        "hair": "game:entity/humanoid/seraphskinparts/hair/lightgray"
    },
    "elements": [
        {
            "name": "HairBase",
            "stepParentName": "Head",
            "from": [
                -0.33199999999999996,
                -0.848,
                -0.416
            ],
            "to": [
                6.396,
                5.532,
                5.616
            ],
            "autoUnwrap": false,
            "uv": [
                1.5,
                10.5
            ],
            "rotationOrigin": [
                3.1479999999999997,
                2.632,
                2.6
            ],
            "faces": {
                "north": {
                    "texture": "#hair",
                    "uv": [
                        7.0,
                        36.0,
                        12.5,
                        41.5
                    ]
                },
                "east": {
                    "texture": "#hair",
                    "uv": [
                        0.5,
                        37.0,
                        5.5,
                        42.5
                    ]
                },
                "south": {
                    "texture": "#hair",
                    "uv": [
                        17.0,
                        36.0,
                        22.5,
                        41.5
                    ]
                },
                "west": {
                    "texture": "#hair",
                    "uv": [
                        12.0,
                        36.5,
                        17.0,
                        42.0
                    ]
                },
                "up": {
                    "texture": "#hair",
                    "uv": [
                        0.5,
                        36.0,
                        6.0,
                        41.0
                    ]
                }
            }
        },
        {
            "name": "HairOver",
            "stepParentName": "Head",
            "from": [
                -0.44799999999999995,
                -4.327999999999999,
                -0.532
            ],
            "to": [
                7.092,
                5.532,
                5.732
            ],
            "autoUnwrap": false,
            "uv": [
                32.5,
                22.0
            ],
            "rotationOrigin": [
                3.032,
                2.632,
                2.6
            ],
            "faces": {}
        }
    ]
}