{"textureWidth": 96, "textureHeight": 96, "textures": {"hair": "kemono:entity/horse/hair/hair"}, "textureSizes": {"hair": [96, 96]}, "elements": [{"name": "Hair.002", "from": [-1.03206205, -5.24344969, -3.32292247], "to": [6.11197543, 4.61655021, 3.05707741], "rotationOrigin": [2.66833806, 0.6725502, -0.07492256], "stepParentName": "b_Head", "rotationX": -0.0, "rotationY": 0.0, "rotationZ": -90.00000933, "group": "hair-trixie", "faces": {"north": {"texture": "#hair", "uv": [26.00000095, 82.99999952, 33.0, 91.99999988], "autoUv": false}, "east": {"texture": "#hair", "uv": [72.0, 37.00000191, 84.0, 51.0], "autoUv": false}, "south": {"texture": "#hair", "uv": [85.00000191, 39.0, 73.00000191, 60.0], "autoUv": false}, "west": {"texture": "#hair", "uv": [2.00000006, 87.99999976, 4.99999988, 93.99999994], "autoUv": false}, "up": {"texture": "#hair", "uv": [33.99999905, 48.0, 42.99999905, 60.99999905], "autoUv": false, "rotation": 90}, "down": {"texture": "#hair", "uv": [27.0, 93.99999994, 33.99999905, 84.0], "autoUv": false, "rotation": 270}}, "children": [{"name": "hair-uncovered", "from": [2.4e-07, -4.8e-07, 0.0], "to": [1.16000021, 1.15999949, 1.15999997], "rotationOrigin": [2.4e-07, -4.8e-07, 0.0], "group": "hair-trixie", "faces": {"north": {"texture": "#hair", "uv": [2.00000006, 91.99999988, 4.00000012, 93.99999994], "autoUv": false}, "east": {"texture": "#hair", "uv": [4.00000012, 91.99999988, 6.0, 93.99999994], "autoUv": false}, "south": {"texture": "#hair", "uv": [6.0, 91.99999988, 8.00000024, 93.99999994], "autoUv": false}, "west": {"texture": "#hair", "uv": [8.00000024, 91.99999988, 9.99999976, 93.99999994], "autoUv": false}, "up": {"texture": "#hair", "uv": [2.00000006, 90.0, 4.00000012, 91.99999988], "autoUv": false}, "down": {"texture": "#hair", "uv": [6.0, 91.99999988, 4.00000012, 90.0], "autoUv": false}}, "children": [{"name": "Hairstrand.014", "from": [5.75686932, 3.39093566, 0.48108751], "to": [10.38782406, 6.68456078, 2.25217271], "rotationOrigin": [8.07234669, 6.68456078, 1.36663008], "rotationX": -24.89499451, "rotationY": -56.09385746, "rotationZ": -50.20990221, "group": "hair-trixie", "faces": {"north": {"texture": "#hair", "uv": [73.99999809, 22.99999809, 82.99999809, 30.0], "autoUv": false}, "east": {"texture": "#hair", "uv": [79.99999809, 24.0, 84.0, 31.00000191], "autoUv": false}, "south": {"texture": "#hair", "uv": [75.0, 19.99999809, 84.0, 27.0], "autoUv": false}, "west": {"texture": "#hair", "uv": [76.99999809, 22.99999809, 81.0, 30.0], "autoUv": false}, "up": {"texture": "#hair", "uv": [75.0, 27.0, 84.0, 31.00000191], "autoUv": false}, "down": {"texture": "#hair", "uv": [82.99999809, 33.0, 73.99999809, 28.99999809], "autoUv": false}}, "children": []}, {"name": "Hairstrand.016", "from": [0.38310552, 7.04701543, 2.77735162], "to": [5.96584582, 11.02186394, 5.10133433], "rotationOrigin": [3.17447567, 11.02186394, 3.93934298], "rotationX": -71.7025336, "rotationY": 10.05042785, "rotationZ": -8.81753516, "group": "hair-trixie", "faces": {"north": {"texture": "#hair", "uv": [75.0, 25.00000191, 84.0, 33.0], "autoUv": false}, "east": {"texture": "#hair", "uv": [79.00000191, 25.99999809, 82.99999809, 34.00000191], "autoUv": false}, "south": {"texture": "#hair", "uv": [73.00000191, 27.0, 82.00000191, 34.99999809], "autoUv": false}, "west": {"texture": "#hair", "uv": [79.00000191, 27.0, 84.0, 34.99999809], "autoUv": false}, "up": {"texture": "#hair", "uv": [76.99999809, 25.00000191, 84.0, 28.99999809], "autoUv": false}, "down": {"texture": "#hair", "uv": [84.0, 31.00000191, 75.0, 27.0], "autoUv": false}}, "children": []}, {"name": "Hairstrand.017", "from": [-0.23049498, 6.10412645, 7.13353133], "to": [3.65203047, 8.21856117, 8.50906777], "rotationOrigin": [1.71076775, 8.21856117, 7.82129955], "rotationX": 21.88791664, "rotationY": -5.17914931, "rotationZ": -5.62853051, "group": "hair-trixie", "faces": {"north": {"texture": "#hair", "uv": [78.0, 24.0, 85.00000191, 28.00000191], "autoUv": false}, "east": {"texture": "#hair", "uv": [76.99999809, 25.99999809, 81.0, 33.0], "autoUv": false}, "south": {"texture": "#hair", "uv": [75.0, 30.0, 82.00000191, 34.00000191], "autoUv": false}, "west": {"texture": "#hair", "uv": [75.0, 22.00000191, 78.0, 25.99999809], "autoUv": false}, "up": {"texture": "#hair", "uv": [75.0, 21.0, 82.00000191, 24.0], "autoUv": false}, "down": {"texture": "#hair", "uv": [82.00000191, 31.00000191, 75.0, 28.00000191], "autoUv": false}}, "children": []}, {"name": "Hairstrand.018", "from": [5.06954134, 1.45317078, -0.31073511], "to": [8.92190385, 4.22235298, 1.14381111], "rotationOrigin": [7.02026272, 4.22235298, 0.416538], "rotationX": -49.45136189, "rotationY": -33.60989925, "rotationZ": -64.0175326, "group": "hair-trixie", "faces": {"north": {"texture": "#hair", "uv": [75.0, 25.00000191, 82.00000191, 31.00000191], "autoUv": false}, "east": {"texture": "#hair", "uv": [76.99999809, 25.99999809, 79.99999809, 31.99999809], "autoUv": false}, "south": {"texture": "#hair", "uv": [75.0, 24.0, 82.00000191, 30.0], "autoUv": false}, "west": {"texture": "#hair", "uv": [78.0, 25.00000191, 81.0, 31.00000191], "autoUv": false}, "up": {"texture": "#hair", "uv": [76.99999809, 28.00000191, 84.0, 31.00000191], "autoUv": false}, "down": {"texture": "#hair", "uv": [82.00000191, 33.0, 75.0, 30.0], "autoUv": false}}, "children": []}, {"name": "Hairstrand.019", "from": [4.05126083, 0.05327964, -0.50425184], "to": [7.25970185, 3.22919612, 0.72280014], "rotationOrigin": [5.65548134, 3.21269226, 0.10927415], "rotationX": -11.69073022, "rotationY": -40.2788618, "rotationZ": -12.08239205, "group": "hair-trixie", "faces": {"north": {"texture": "#hair", "uv": [75.0, 25.00000191, 82.00000191, 31.99999809], "autoUv": false}, "east": {"texture": "#hair", "uv": [76.99999809, 25.99999809, 79.99999809, 33.0], "autoUv": false}, "south": {"texture": "#hair", "uv": [75.0, 24.0, 82.00000191, 31.00000191], "autoUv": false}, "west": {"texture": "#hair", "uv": [78.0, 25.00000191, 81.0, 31.99999809], "autoUv": false}, "up": {"texture": "#hair", "uv": [75.0, 19.99999809, 82.00000191, 22.99999809], "autoUv": false}, "down": {"texture": "#hair", "uv": [82.00000191, 33.0, 75.0, 30.0], "autoUv": false}}, "children": []}, {"name": "Hairstrand.020", "from": [5.50762844, 5.24985647, 2.66093612], "to": [10.47179794, 9.39622307, 4.6098274], "rotationOrigin": [7.98971319, 9.39622307, 3.54647875], "rotationX": 38.37468361, "rotationY": -68.5087713, "rotationZ": 0.89878641, "group": "hair-trixie", "faces": {"north": {"texture": "#hair", "uv": [73.99999809, 25.00000191, 82.99999809, 33.0], "autoUv": false}, "east": {"texture": "#hair", "uv": [79.99999809, 22.00000191, 84.0, 30.0], "autoUv": false}, "south": {"texture": "#hair", "uv": [75.0, 22.99999809, 84.0, 31.00000191], "autoUv": false}, "west": {"texture": "#hair", "uv": [76.99999809, 25.00000191, 81.0, 33.0], "autoUv": false}, "up": {"texture": "#hair", "uv": [76.99999809, 27.0, 85.99999809, 31.00000191], "autoUv": false}, "down": {"texture": "#hair", "uv": [82.99999809, 33.0, 73.99999809, 28.99999809], "autoUv": false}}, "children": []}, {"name": "Hairstrand.021", "from": [3.94826591, -0.95279145, -0.06649816], "to": [7.15670693, 3.05900317, 1.16055429], "rotationOrigin": [5.55248642, 2.19563484, 0.54702806], "rotationX": 6.4254249, "rotationY": -37.28408681, "rotationZ": -9.00515448, "group": "hair-trixie", "faces": {"north": {"texture": "#hair", "uv": [75.0, 25.00000191, 82.00000191, 31.99999809], "autoUv": false}, "east": {"texture": "#hair", "uv": [76.99999809, 25.99999809, 79.99999809, 33.0], "autoUv": false}, "south": {"texture": "#hair", "uv": [75.0, 24.0, 82.00000191, 31.00000191], "autoUv": false}, "west": {"texture": "#hair", "uv": [78.0, 25.00000191, 81.0, 31.99999809], "autoUv": false}, "up": {"texture": "#hair", "uv": [75.0, 19.99999809, 82.00000191, 22.99999809], "autoUv": false}, "down": {"texture": "#hair", "uv": [82.00000191, 33.0, 75.0, 30.0], "autoUv": false}}, "children": []}, {"name": "Hairstrand.022", "from": [3.57208741, -2.14061356, -0.56320053], "to": [6.78052795, -0.32786655, 0.6638518], "rotationOrigin": [5.17630768, -0.32786655, 0.05032563], "rotationX": 75.94205251, "rotationY": -22.26890288, "rotationZ": 16.87940039, "group": "hair-trixie", "faces": {"north": {"texture": "#hair", "uv": [75.0, 25.00000191, 82.00000191, 28.99999809], "autoUv": false}, "east": {"texture": "#hair", "uv": [76.99999809, 25.99999809, 79.99999809, 30.0], "autoUv": false}, "south": {"texture": "#hair", "uv": [75.0, 24.0, 82.00000191, 28.00000191], "autoUv": false}, "west": {"texture": "#hair", "uv": [78.0, 25.00000191, 81.0, 28.99999809], "autoUv": false}, "up": {"texture": "#hair", "uv": [76.99999809, 28.00000191, 84.0, 31.00000191], "autoUv": false}, "down": {"texture": "#hair", "uv": [82.00000191, 33.0, 75.0, 30.0], "autoUv": false}}, "children": []}, {"name": "Hairstrand.023", "from": [3.99118567, -2.68842983, -1.64433342], "to": [6.88875723, -0.87568283, -0.41728109], "rotationOrigin": [5.43997145, -0.87568283, -1.03080726], "rotationX": 118.70527268, "rotationY": -2.44892399, "rotationZ": 30.54269352, "group": "hair-trixie", "faces": {"north": {"texture": "#hair", "uv": [32.00000095, 7.99999809, 39.0, 12.0], "autoUv": false}, "east": {"texture": "#hair", "uv": [39.99999905, 7.99999809, 36.99999905, 12.0], "autoUv": false}, "south": {"texture": "#hair", "uv": [35.00000095, 7.99999809, 42.0, 12.0], "autoUv": false}, "west": {"texture": "#hair", "uv": [36.99999905, 7.99999809, 39.99999905, 12.0], "autoUv": false}, "up": {"texture": "#hair", "uv": [76.99999809, 28.00000191, 84.0, 31.00000191], "autoUv": false}, "down": {"texture": "#hair", "uv": [9.0, 93.0, 2.00000006, 90.0], "autoUv": false}}, "children": []}, {"name": "Hairstrand.024", "from": [-0.29430723, 4.41487503, 6.68000636], "to": [2.82643461, 7.09446526, 7.51396623], "rotationOrigin": [1.26606369, 7.09446526, 7.09698629], "rotationX": 5.97135094, "rotationY": -2.95377123, "rotationZ": 6.67078237, "group": "hair-trixie", "faces": {"north": {"texture": "#hair", "uv": [75.0, 25.99999809, 81.0, 31.99999809], "autoUv": false}, "east": {"texture": "#hair", "uv": [76.99999809, 27.0, 79.00000191, 33.0], "autoUv": false}, "south": {"texture": "#hair", "uv": [75.0, 28.00000191, 81.0, 34.00000191], "autoUv": false}, "west": {"texture": "#hair", "uv": [79.99999809, 28.00000191, 82.00000191, 34.00000191], "autoUv": false}, "up": {"texture": "#hair", "uv": [76.00000191, 25.00000191, 82.00000191, 27.0], "autoUv": false}, "down": {"texture": "#hair", "uv": [82.00000191, 28.99999809, 76.00000191, 27.0], "autoUv": false}}, "children": []}, {"name": "Hairstrand.025", "from": [0.19918776, 3.28920925, 6.18026242], "to": [2.6202054, 4.65516472, 6.83617416], "rotationOrigin": [1.40969658, 4.65516472, 6.50821829], "rotationX": -78.13998007, "rotationY": -7.09532943, "rotationZ": -2.13542898, "group": "hair-trixie", "faces": {"north": {"texture": "#hair", "uv": [75.0, 27.0, 81.0, 31.00000191], "autoUv": false}, "east": {"texture": "#hair", "uv": [79.00000191, 25.99999809, 81.0, 30.0], "autoUv": false}, "south": {"texture": "#hair", "uv": [75.0, 30.0, 81.0, 34.00000191], "autoUv": false}, "west": {"texture": "#hair", "uv": [79.99999809, 24.0, 82.00000191, 28.00000191], "autoUv": false}, "up": {"texture": "#hair", "uv": [75.0, 25.00000191, 81.0, 27.0], "autoUv": false}, "down": {"texture": "#hair", "uv": [81.0, 31.00000191, 75.0, 28.99999809], "autoUv": false}}, "children": []}, {"name": "Hairstrand.026", "from": [0.06091833, 7.38917613, 5.96113372], "to": [4.69187212, 10.71178627, 7.98650289], "rotationOrigin": [2.37639523, 10.71178627, 6.9738183], "rotationX": -16.23148352, "rotationY": -2.25098724, "rotationZ": -11.22577192, "group": "hair-trixie", "faces": {"north": {"texture": "#hair", "uv": [75.0, 25.00000191, 82.99999809, 31.99999809], "autoUv": false}, "east": {"texture": "#hair", "uv": [76.99999809, 25.99999809, 81.0, 33.0], "autoUv": false}, "south": {"texture": "#hair", "uv": [75.0, 24.0, 82.99999809, 31.00000191], "autoUv": false}, "west": {"texture": "#hair", "uv": [73.00000191, 28.00000191, 76.99999809, 34.99999809], "autoUv": false}, "up": {"texture": "#hair", "uv": [76.99999809, 27.0, 84.0, 31.00000191], "autoUv": false}, "down": {"texture": "#hair", "uv": [82.99999809, 33.0, 75.0, 28.99999809], "autoUv": false}}, "children": []}, {"name": "Hairstrand.027", "from": [3.64693177, 6.57531548, 5.50645518], "to": [6.47229278, 10.19999123, 7.27754045], "rotationOrigin": [5.05961227, 10.19999123, 6.39199781], "rotationX": -16.19585043, "rotationY": 26.99461515, "rotationZ": -9.17398822, "group": "hair-trixie", "faces": {"north": {"texture": "#hair", "uv": [76.00000191, 25.00000191, 81.0, 31.99999809], "autoUv": false}, "east": {"texture": "#hair", "uv": [76.99999809, 25.00000191, 81.0, 31.99999809], "autoUv": false}, "south": {"texture": "#hair", "uv": [75.0, 25.99999809, 81.0, 33.0], "autoUv": false}, "west": {"texture": "#hair", "uv": [81.0, 25.99999809, 85.00000191, 33.0], "autoUv": false}, "up": {"texture": "#hair", "uv": [76.99999809, 25.00000191, 82.00000191, 28.99999809], "autoUv": false}, "down": {"texture": "#hair", "uv": [82.00000191, 30.0, 75.0, 25.99999809], "autoUv": false}}, "children": []}, {"name": "Hairstrand.028", "from": [3.9197917, 4.11921811, 7.22031313], "to": [5.68078089, 7.64322892, 8.04390043], "rotationOrigin": [4.80028629, 7.26992989, 7.63210678], "rotationX": 15.19789661, "rotationY": -3.12283463, "rotationZ": -49.942432, "group": "hair-trixie", "faces": {"north": {"texture": "#hair", "uv": [76.99999809, 25.99999809, 81.0, 34.00000191], "autoUv": false}, "east": {"texture": "#hair", "uv": [79.00000191, 24.0, 81.0, 31.99999809], "autoUv": false}, "south": {"texture": "#hair", "uv": [78.0, 27.0, 82.00000191, 34.99999809], "autoUv": false}, "west": {"texture": "#hair", "uv": [81.0, 25.00000191, 82.99999809, 33.0], "autoUv": false}, "up": {"texture": "#hair", "uv": [78.0, 27.0, 82.00000191, 28.99999809], "autoUv": false}, "down": {"texture": "#hair", "uv": [81.0, 28.00000191, 76.99999809, 25.99999809], "autoUv": false}}, "children": []}, {"name": "Hairstrand.030", "from": [0.40714192, 2.30322504, 7.32875434], "to": [2.34050727, 4.23406601, 7.93382272], "rotationOrigin": [1.3738246, 4.23406601, 7.63128853], "rotationX": -147.97337093, "rotationY": -0.43783794, "rotationZ": -7.39531646, "group": "hair-trixie", "faces": {"north": {"texture": "#hair", "uv": [1.00000003, 25.00000191, 4.99999988, 30.0], "autoUv": false}, "east": {"texture": "#hair", "uv": [42.0, 6.0, 44.00000095, 10.99999809], "autoUv": false}, "south": {"texture": "#hair", "uv": [1.00000003, 25.00000191, 4.99999988, 30.0], "autoUv": false}, "west": {"texture": "#hair", "uv": [44.00000095, 6.0, 42.0, 10.99999809], "autoUv": false}, "up": {"texture": "#hair", "uv": [30.99999905, 7.00000191, 36.0, 9.0], "autoUv": false}, "down": {"texture": "#hair", "uv": [9.0, 91.99999988, 2.00000006, 87.99999976], "autoUv": false}}, "children": []}, {"name": "Hairstrand.031", "from": [-0.38484907, 4.79028916, 0.79146326], "to": [7.07637739, 8.48469543, 3.34745848], "rotationOrigin": [3.34576416, 8.48469543, 2.06946087], "rotationX": -138.40661183, "rotationY": -1.26497174, "rotationZ": 14.64261589, "group": "hair-trixie", "faces": {"north": {"texture": "#hair", "uv": [73.00000191, 22.99999809, 85.00000191, 28.99999809], "autoUv": false}, "east": {"texture": "#hair", "uv": [76.99999809, 28.00000191, 82.00000191, 34.00000191], "autoUv": false}, "south": {"texture": "#hair", "uv": [73.00000191, 21.0, 85.00000191, 27.0], "autoUv": false}, "west": {"texture": "#hair", "uv": [76.99999809, 25.00000191, 82.00000191, 31.00000191], "autoUv": false}, "up": {"texture": "#hair", "uv": [73.00000191, 22.00000191, 85.00000191, 27.0], "autoUv": false}, "down": {"texture": "#hair", "uv": [85.00000191, 31.99999809, 73.00000191, 27.0], "autoUv": false}}, "children": []}]}]}], "groups": []}