{
    "editor": {
        "backDropShape": "entity/humanoid/seraph-hairless",
        "allAngles": true,
        "entityTextureMode": true
    },
    "textureWidth": 48,
    "textureHeight": 48,
    "textureSizes": {
        "hair": [
            48,
            48
        ],
        "birch": [
            16,
            16
        ]
    },
    "textures": {
        "hair": "game:entity/humanoid/seraphskinparts/hair/lightgray"
    },
    "elements": [
        {
            "name": "Hair",
            "stepParentName": "Head",
            "from": [
                -0.33199999999999996,
                -4.096,
                -0.6479999999999999
            ],
            "to": [
                6.628,
                5.764,
                5.732
            ],
            "autoUnwrap": false,
            "uv": [
                2.0,
                2.5
            ],
            "rotationOrigin": [
                3.3799999999999994,
                1.8199999999999998,
                2.6
            ],
            "rotationZ": -1.0,
            "faces": {
                "north": {
                    "texture": "#hair",
                    "uv": [
                        41.5,
                        0.0,
                        47.5,
                        8.5
                    ]
                },
                "east": {
                    "texture": "#hair",
                    "uv": [
                        37.0,
                        13.0,
                        42.5,
                        21.5
                    ]
                },
                "south": {
                    "texture": "#hair",
                    "uv": [
                        31.5,
                        0.0,
                        37.5,
                        8.5
                    ]
                },
                "west": {
                    "texture": "#hair",
                    "uv": [
                        32.0,
                        39.0,
                        37.5,
                        47.5
                    ]
                },
                "up": {
                    "texture": "#hair",
                    "uv": [
                        24.0,
                        0.0,
                        29.5,
                        6.0
                    ],
                    "rotation": 90
                }
            },
            "children": [
                {
                    "name": "hair-uncovered",
                    "from": [
                        0.0,
                        0.0,
                        0.0
                    ],
                    "to": [
                        1.16,
                        1.16,
                        1.16
                    ],
                    "uv": [
                        0.0,
                        0.0
                    ],
                    "faces": {},
                    "children": [
                        {
                            "name": "StrandBack",
                            "from": [
                                6.4959999999999996,
                                3.2479999999999998,
                                2.436
                            ],
                            "to": [
                                7.655999999999999,
                                6.728,
                                4.176
                            ],
                            "uv": [
                                21.0,
                                24.5
                            ],
                            "rotationOrigin": [
                                6.728,
                                6.728,
                                2.6679999999999997
                            ],
                            "rotationZ": 19.0,
                            "faces": {
                                "north": {
                                    "texture": "#hair",
                                    "uv": [
                                        21.0,
                                        26.0,
                                        22.0,
                                        29.0
                                    ]
                                },
                                "east": {
                                    "texture": "#hair",
                                    "uv": [
                                        22.0,
                                        26.0,
                                        23.5,
                                        29.0
                                    ]
                                },
                                "south": {
                                    "texture": "#hair",
                                    "uv": [
                                        23.5,
                                        26.0,
                                        24.5,
                                        29.0
                                    ]
                                },
                                "up": {
                                    "texture": "#hair",
                                    "uv": [
                                        21.0,
                                        24.5,
                                        22.0,
                                        26.0
                                    ]
                                }
                            }
                        },
                        {
                            "name": "StrandBackR",
                            "from": [
                                6.959999999999999,
                                6.4959999999999996,
                                -0.11599999999999999
                            ],
                            "to": [
                                7.539999999999999,
                                7.655999999999999,
                                3.364
                            ],
                            "autoUnwrap": false,
                            "uv": [
                                16.0,
                                27.5
                            ],
                            "rotationOrigin": [
                                7.307999999999999,
                                6.844,
                                -0.11599999999999999
                            ],
                            "rotationX": 15.0,
                            "faces": {
                                "north": {
                                    "texture": "#hair",
                                    "uv": [
                                        16.0,
                                        33.5,
                                        16.5,
                                        34.5
                                    ]
                                },
                                "east": {
                                    "texture": "#hair",
                                    "uv": [
                                        16.5,
                                        33.5,
                                        19.5,
                                        34.5
                                    ]
                                },
                                "south": {
                                    "texture": "#hair",
                                    "uv": [
                                        22.5,
                                        33.5,
                                        23.0,
                                        34.5
                                    ]
                                },
                                "up": {
                                    "texture": "#hair",
                                    "uv": [
                                        19.0,
                                        31.5,
                                        22.0,
                                        32.0
                                    ],
                                    "rotation": 90
                                },
                                "down": {
                                    "texture": "#hair",
                                    "uv": [
                                        19.5,
                                        34.0,
                                        22.5,
                                        34.5
                                    ],
                                    "rotation": 90
                                }
                            }
                        },
                        {
                            "name": "StrandBackL",
                            "from": [
                                7.075999999999999,
                                6.4959999999999996,
                                3.132
                            ],
                            "to": [
                                7.655999999999999,
                                7.655999999999999,
                                6.612
                            ],
                            "autoUnwrap": false,
                            "uv": [
                                16.0,
                                27.5
                            ],
                            "rotationOrigin": [
                                7.4239999999999995,
                                6.844,
                                6.612
                            ],
                            "rotationX": -15.0,
                            "faces": {
                                "north": {
                                    "texture": "#hair",
                                    "uv": [
                                        16.0,
                                        33.5,
                                        16.5,
                                        34.5
                                    ]
                                },
                                "east": {
                                    "texture": "#hair",
                                    "uv": [
                                        16.5,
                                        33.5,
                                        19.5,
                                        34.5
                                    ]
                                },
                                "south": {
                                    "texture": "#hair",
                                    "uv": [
                                        22.5,
                                        33.5,
                                        23.0,
                                        34.5
                                    ]
                                },
                                "up": {
                                    "texture": "#hair",
                                    "uv": [
                                        19.0,
                                        31.5,
                                        22.0,
                                        32.0
                                    ],
                                    "rotation": 90
                                },
                                "down": {
                                    "texture": "#hair",
                                    "uv": [
                                        19.5,
                                        34.0,
                                        22.5,
                                        34.5
                                    ],
                                    "rotation": 90
                                }
                            }
                        },
                        {
                            "name": "StrandLeft2",
                            "from": [
                                3.5959999999999996,
                                6.612,
                                6.612
                            ],
                            "to": [
                                7.655999999999999,
                                7.771999999999999,
                                7.191999999999999
                            ],
                            "uv": [
                                20.5,
                                32.5
                            ],
                            "rotationOrigin": [
                                3.5959999999999996,
                                6.902,
                                6.902
                            ],
                            "rotationY": 5.0,
                            "rotationZ": -2.0,
                            "faces": {
                                "east": {
                                    "texture": "#hair",
                                    "uv": [
                                        20.5,
                                        33.0,
                                        21.0,
                                        34.0
                                    ]
                                },
                                "south": {
                                    "texture": "#hair",
                                    "uv": [
                                        21.0,
                                        33.0,
                                        24.5,
                                        34.0
                                    ]
                                },
                                "west": {
                                    "texture": "#hair",
                                    "uv": [
                                        24.5,
                                        33.0,
                                        25.0,
                                        34.0
                                    ]
                                },
                                "up": {
                                    "texture": "#hair",
                                    "uv": [
                                        20.5,
                                        32.5,
                                        24.0,
                                        33.0
                                    ]
                                },
                                "down": {
                                    "texture": "#hair",
                                    "uv": [
                                        24.0,
                                        32.5,
                                        27.5,
                                        33.0
                                    ]
                                }
                            }
                        },
                        {
                            "name": "StrandRight2",
                            "from": [
                                3.7119999999999997,
                                6.612,
                                -0.696
                            ],
                            "to": [
                                7.771999999999999,
                                7.771999999999999,
                                -0.11599999999999999
                            ],
                            "uv": [
                                18.0,
                                33.5
                            ],
                            "rotationOrigin": [
                                3.7119999999999997,
                                6.902,
                                -0.40599999999999997
                            ],
                            "rotationY": -5.0,
                            "rotationZ": -2.0,
                            "faces": {
                                "north": {
                                    "texture": "#hair",
                                    "uv": [
                                        18.0,
                                        34.0,
                                        21.5,
                                        35.0
                                    ]
                                },
                                "east": {
                                    "texture": "#hair",
                                    "uv": [
                                        21.5,
                                        34.0,
                                        22.0,
                                        35.0
                                    ]
                                },
                                "west": {
                                    "texture": "#hair",
                                    "uv": [
                                        22.0,
                                        34.0,
                                        22.5,
                                        35.0
                                    ]
                                },
                                "up": {
                                    "texture": "#hair",
                                    "uv": [
                                        18.0,
                                        33.5,
                                        21.5,
                                        34.0
                                    ]
                                },
                                "down": {
                                    "texture": "#hair",
                                    "uv": [
                                        21.5,
                                        33.5,
                                        25.0,
                                        34.0
                                    ]
                                }
                            }
                        },
                        {
                            "name": "StrandRight",
                            "from": [
                                0.11599999999999999,
                                7.771999999999999,
                                -0.23199999999999998
                            ],
                            "to": [
                                4.176,
                                9.511999999999999,
                                0.348
                            ],
                            "uv": [
                                19.0,
                                32.5
                            ],
                            "rotationOrigin": [
                                0.11599999999999999,
                                8.004,
                                0.11599999999999999
                            ],
                            "rotationY": 7.0,
                            "rotationZ": -19.0,
                            "faces": {
                                "north": {
                                    "texture": "#hair",
                                    "uv": [
                                        19.0,
                                        33.0,
                                        22.5,
                                        34.5
                                    ]
                                },
                                "east": {
                                    "texture": "#hair",
                                    "uv": [
                                        22.5,
                                        33.0,
                                        23.0,
                                        34.5
                                    ],
                                    "windMode": [
                                        -1,
                                        -1,
                                        -1,
                                        -1
                                    ]
                                },
                                "west": {
                                    "texture": "#hair",
                                    "uv": [
                                        23.0,
                                        33.0,
                                        23.5,
                                        34.5
                                    ]
                                },
                                "up": {
                                    "texture": "#hair",
                                    "uv": [
                                        19.0,
                                        32.5,
                                        22.5,
                                        33.0
                                    ]
                                },
                                "down": {
                                    "texture": "#hair",
                                    "uv": [
                                        22.5,
                                        32.5,
                                        26.0,
                                        33.0
                                    ]
                                }
                            }
                        },
                        {
                            "name": "StrandLeft",
                            "from": [
                                0.11599999999999999,
                                7.771999999999999,
                                6.148
                            ],
                            "to": [
                                4.292,
                                9.511999999999999,
                                6.728
                            ],
                            "uv": [
                                17.0,
                                33.0
                            ],
                            "rotationOrigin": [
                                0.11599999999999999,
                                8.062,
                                6.438
                            ],
                            "rotationY": -7.0,
                            "rotationZ": -19.0,
                            "faces": {
                                "east": {
                                    "texture": "#hair",
                                    "uv": [
                                        17.0,
                                        33.5,
                                        17.5,
                                        35.0
                                    ],
                                    "windMode": [
                                        -1,
                                        -1,
                                        -1,
                                        -1
                                    ]
                                },
                                "south": {
                                    "texture": "#hair",
                                    "uv": [
                                        17.5,
                                        33.5,
                                        21.0,
                                        35.0
                                    ]
                                },
                                "west": {
                                    "texture": "#hair",
                                    "uv": [
                                        21.0,
                                        33.5,
                                        21.5,
                                        35.0
                                    ]
                                },
                                "up": {
                                    "texture": "#hair",
                                    "uv": [
                                        17.0,
                                        33.0,
                                        20.5,
                                        33.5
                                    ]
                                },
                                "down": {
                                    "texture": "#hair",
                                    "uv": [
                                        20.5,
                                        33.0,
                                        24.0,
                                        33.5
                                    ]
                                }
                            }
                        },
                        {
                            "name": "StrandFace2",
                            "from": [
                                -0.11599999999999999,
                                5.8,
                                3.4799999999999995
                            ],
                            "to": [
                                -0.11599999999999999,
                                9.28,
                                5.8
                            ],
                            "uv": [
                                45.0,
                                41.0
                            ],
                            "rotationOrigin": [
                                -0.11599999999999999,
                                9.28,
                                4.64
                            ],
                            "rotationX": -28.0,
                            "rotationZ": -1.0,
                            "faces": {
                                "west": {
                                    "texture": "#hair",
                                    "uv": [
                                        45.0,
                                        41.0,
                                        47.0,
                                        44.0
                                    ]
                                }
                            }
                        },
                        {
                            "name": "StrandFace1",
                            "from": [
                                0.0,
                                5.8,
                                1.16
                            ],
                            "to": [
                                0.0,
                                9.28,
                                3.4799999999999995
                            ],
                            "uv": [
                                45.5,
                                40.5
                            ],
                            "rotationOrigin": [
                                0.0,
                                9.28,
                                2.32
                            ],
                            "rotationX": 28.0,
                            "rotationZ": -1.0,
                            "faces": {
                                "west": {
                                    "texture": "#hair",
                                    "uv": [
                                        45.5,
                                        40.5,
                                        47.5,
                                        43.5
                                    ]
                                }
                            }
                        },
                        {
                            "name": "StrandBack13",
                            "from": [
                                6.264,
                                1.16,
                                0.348
                            ],
                            "to": [
                                7.4239999999999995,
                                6.959999999999999,
                                6.148
                            ],
                            "unwrapRotation": 1,
                            "autoUnwrap": false,
                            "uv": [
                                36.0,
                                13.0
                            ],
                            "rotationOrigin": [
                                6.4959999999999996,
                                6.959999999999999,
                                0.58
                            ],
                            "rotationZ": 10.0,
                            "faces": {
                                "north": {
                                    "texture": "#hair",
                                    "uv": [
                                        38.5,
                                        18.0,
                                        39.5,
                                        23.0
                                    ]
                                },
                                "east": {
                                    "texture": "#hair",
                                    "uv": [
                                        37.0,
                                        18.0,
                                        42.0,
                                        23.0
                                    ]
                                },
                                "south": {
                                    "texture": "#hair",
                                    "uv": [
                                        42.5,
                                        18.0,
                                        43.5,
                                        23.0
                                    ]
                                },
                                "up": {
                                    "texture": "#hair",
                                    "uv": [
                                        36.0,
                                        13.0,
                                        37.0,
                                        18.0
                                    ]
                                }
                            }
                        }
                    ]
                }
            ]
        },
        {
            "name": "Hair tile upper part",
            "stepParentName": "Head",
            "from": [
                -0.564,
                -2.82,
                -0.8799999999999999
            ],
            "to": [
                6.975999999999999,
                5.88,
                6.08
            ],
            "autoUnwrap": false,
            "uv": [
                3.0,
                9.0
            ],
            "rotationOrigin": [
                3.4959999999999996,
                5.88,
                2.6
            ],
            "faces": {
                "north": {
                    "texture": "#hair",
                    "uv": [
                        0.0,
                        10.5,
                        6.5,
                        18.0
                    ]
                },
                "east": {
                    "texture": "#hair",
                    "uv": [
                        13.0,
                        10.5,
                        19.0,
                        18.0
                    ]
                },
                "south": {
                    "texture": "#hair",
                    "uv": [
                        12.5,
                        10.5,
                        19.0,
                        18.0
                    ]
                },
                "west": {
                    "texture": "#hair",
                    "uv": [
                        6.5,
                        11.0,
                        12.5,
                        18.5
                    ]
                },
                "up": {
                    "texture": "#hair",
                    "uv": [
                        26.5,
                        10.5,
                        32.5,
                        17.0
                    ],
                    "rotation": 90
                }
            }
        }
    ]
}