{
    "editor": {
        "backDropShape": "entity/humanoid/seraph-hairless",
        "allAngles": true,
        "entityTextureMode": true
    },
    "textureWidth": 48,
    "textureHeight": 48,
    "textureSizes": {
        "hair": [
            48,
            48
        ],
        "birch": [
            16,
            16
        ]
    },
    "textures": {
        "hair": "game:entity/humanoid/seraphskinparts/hair/lightgray"
    },
    "elements": [
        {
            "name": "HairBase",
            "stepParentName": "Head",
            "from": [
                -0.39,
                -0.9059999999999999,
                -0.416
            ],
            "to": [
                6.338,
                5.358,
                5.616
            ],
            "autoUnwrap": false,
            "uv": [
                1.5,
                10.5
            ],
            "rotationOrigin": [
                3.1479999999999997,
                2.632,
                2.6
            ],
            "faces": {
                "east": {
                    "texture": "#hair",
                    "uv": [
                        8.0,
                        25.5,
                        13.0,
                        30.5
                    ],
                    "rotation": 90
                },
                "up": {
                    "texture": "#hair",
                    "uv": [
                        2.0,
                        25.5,
                        7.5,
                        30.5
                    ]
                }
            },
            "children": [
                {
                    "name": "hair-uncovered",
                    "from": [
                        0.0,
                        0.0,
                        0.0
                    ],
                    "to": [
                        1.16,
                        1.16,
                        1.16
                    ],
                    "uv": [
                        0.0,
                        0.0
                    ],
                    "faces": {},
                    "children": [
                        {
                            "name": "BackR",
                            "from": [
                                6.148,
                                0.0,
                                3.016
                            ],
                            "to": [
                                8.468,
                                6.959999999999999,
                                3.016
                            ],
                            "autoUnwrap": false,
                            "uv": [
                                13.0,
                                15.5
                            ],
                            "rotationOrigin": [
                                6.148,
                                3.4799999999999995,
                                3.016
                            ],
                            "rotationY": 11.0,
                            "faces": {
                                "north": {
                                    "texture": "#hair",
                                    "uv": [
                                        0.5,
                                        13.0,
                                        6.5,
                                        15.0
                                    ],
                                    "rotation": 90
                                }
                            }
                        },
                        {
                            "name": "BackL",
                            "from": [
                                6.148,
                                0.0,
                                3.016
                            ],
                            "to": [
                                8.468,
                                6.959999999999999,
                                3.016
                            ],
                            "autoUnwrap": false,
                            "uv": [
                                13.0,
                                15.5
                            ],
                            "rotationOrigin": [
                                6.148,
                                3.4799999999999995,
                                3.016
                            ],
                            "rotationY": -22.0,
                            "faces": {
                                "north": {
                                    "texture": "#hair",
                                    "uv": [
                                        0.5,
                                        13.0,
                                        6.5,
                                        15.0
                                    ],
                                    "rotation": 90
                                }
                            }
                        },
                        {
                            "name": "SpikyBack",
                            "from": [
                                6.032,
                                0.0,
                                3.016
                            ],
                            "to": [
                                8.352,
                                6.959999999999999,
                                3.016
                            ],
                            "autoUnwrap": false,
                            "uv": [
                                13.0,
                                15.5
                            ],
                            "rotationOrigin": [
                                6.032,
                                0.0,
                                3.016
                            ],
                            "faces": {
                                "north": {
                                    "texture": "#hair",
                                    "uv": [
                                        16.0,
                                        4.0,
                                        22.0,
                                        6.0
                                    ],
                                    "rotation": 90
                                }
                            }
                        },
                        {
                            "name": "SpikyTop",
                            "from": [
                                0.0,
                                5.8,
                                2.9
                            ],
                            "to": [
                                6.844,
                                8.12,
                                2.9
                            ],
                            "autoUnwrap": false,
                            "uv": [
                                20.0,
                                11.5
                            ],
                            "rotationOrigin": [
                                0.0,
                                5.8,
                                2.9
                            ],
                            "faces": {
                                "north": {
                                    "texture": "#hair",
                                    "uv": [
                                        20.0,
                                        11.0,
                                        25.5,
                                        13.0
                                    ],
                                    "rotation": 180
                                }
                            }
                        },
                        {
                            "name": "TopL",
                            "from": [
                                0.0,
                                4.9879999999999995,
                                3.016
                            ],
                            "to": [
                                7.4239999999999995,
                                7.307999999999999,
                                3.016
                            ],
                            "autoUnwrap": false,
                            "uv": [
                                20.0,
                                11.5
                            ],
                            "rotationOrigin": [
                                3.4799999999999995,
                                4.9879999999999995,
                                3.016
                            ],
                            "rotationX": 22.0,
                            "faces": {
                                "north": {
                                    "texture": "#hair",
                                    "uv": [
                                        13.0,
                                        12.5,
                                        19.0,
                                        14.5
                                    ],
                                    "rotation": 180
                                }
                            }
                        },
                        {
                            "name": "TopR",
                            "from": [
                                0.0,
                                4.9879999999999995,
                                3.016
                            ],
                            "to": [
                                7.4239999999999995,
                                7.307999999999999,
                                3.016
                            ],
                            "autoUnwrap": false,
                            "uv": [
                                20.0,
                                11.5
                            ],
                            "rotationOrigin": [
                                3.4799999999999995,
                                4.9879999999999995,
                                3.016
                            ],
                            "rotationX": -22.0,
                            "faces": {
                                "north": {
                                    "texture": "#hair",
                                    "uv": [
                                        7.0,
                                        11.0,
                                        13.0,
                                        13.0
                                    ],
                                    "rotation": 180
                                }
                            }
                        },
                        {
                            "name": "Front",
                            "from": [
                                0.23199999999999998,
                                3.8279999999999994,
                                2.32
                            ],
                            "to": [
                                0.23199999999999998,
                                6.148,
                                3.4799999999999995
                            ],
                            "uv": [
                                17.0,
                                12.5
                            ],
                            "rotationOrigin": [
                                0.23199999999999998,
                                6.148,
                                2.9
                            ],
                            "rotationZ": -14.0,
                            "faces": {
                                "west": {
                                    "texture": "#hair",
                                    "uv": [
                                        17.0,
                                        12.5,
                                        18.0,
                                        14.5
                                    ]
                                }
                            }
                        }
                    ]
                }
            ]
        }
    ]
}