{
    "editor": {
        "backDropShape": "entity/humanoid/seraph-hairless",
        "allAngles": true,
        "entityTextureMode": true
    },
    "textureWidth": 48,
    "textureHeight": 48,
    "textureSizes": {
        "hair": [
            48,
            48
        ]
    },
    "textures": {
        "hair": "game:entity/humanoid/seraphskinparts/hair/lightgray"
    },
    "elements": [
        {
            "name": "Hair",
            "stepParentName": "Head",
            "from": [
                -0.2972,
                -4.096,
                -0.6479999999999999
            ],
            "to": [
                7.2428,
                5.764,
                5.732
            ],
            "autoUnwrap": false,
            "uv": [
                2.0,
                2.5
            ],
            "rotationOrigin": [
                4.25,
                1.8965599999999996,
                1.788
            ],
            "rotationZ": 2.0,
            "faces": {}
        },
        {
            "name": "Hair tile upper part",
            "stepParentName": "Head",
            "from": [
                -0.5755999999999999,
                -2.936,
                -0.996
            ],
            "to": [
                7.5443999999999996,
                5.764,
                5.964
            ],
            "autoUnwrap": false,
            "uv": [
                3.0,
                9.0
            ],
            "rotationOrigin": [
                3.2932319999999993,
                6.002728,
                2.136
            ],
            "rotationZ": 2.0,
            "faces": {}
        }
    ]
}