{
    "editor": {
        "backDropShape": "entity/humanoid/seraph-hairless",
        "allAngles": true,
        "entityTextureMode": true
    },
    "textureWidth": 48,
    "textureHeight": 48,
    "textureSizes": {
        "hair": [
            48,
            48
        ],
        "birch": [
            16,
            16
        ]
    },
    "textures": {
        "hair": "game:entity/humanoid/seraphskinparts/hair/lightgray"
    },
    "elements": [
        {
            "name": "Hair",
            "stepParentName": "Head",
            "from": [
                -0.33199999999999996,
                -4.096,
                -0.6479999999999999
            ],
            "to": [
                6.628,
                5.764,
                5.732
            ],
            "autoUnwrap": false,
            "uv": [
                2.0,
                2.5
            ],
            "rotationOrigin": [
                3.3799999999999994,
                1.8199999999999998,
                2.6
            ],
            "faces": {
                "north": {
                    "texture": "#hair",
                    "uv": [
                        0.5,
                        0.0,
                        6.5,
                        8.5
                    ]
                },
                "east": {
                    "texture": "#hair",
                    "uv": [
                        37.0,
                        8.5,
                        42.5,
                        17.0
                    ]
                },
                "south": {
                    "texture": "#hair",
                    "uv": [
                        10.5,
                        0.0,
                        16.5,
                        8.5
                    ]
                },
                "west": {
                    "texture": "#hair",
                    "uv": [
                        6.0,
                        0.0,
                        11.5,
                        8.5
                    ]
                },
                "up": {
                    "texture": "#hair",
                    "uv": [
                        24.0,
                        0.0,
                        29.5,
                        6.0
                    ],
                    "rotation": 90
                }
            },
            "children": [
                {
                    "name": "HairExLeft",
                    "from": [
                        3.4799999999999995,
                        0.0,
                        6.264
                    ],
                    "to": [
                        6.959999999999999,
                        6.959999999999999,
                        6.264
                    ],
                    "uv": [
                        32.0,
                        1.5
                    ],
                    "rotationOrigin": [
                        4.06,
                        0.0,
                        6.264
                    ],
                    "faces": {
                        "south": {
                            "texture": "#hair",
                            "uv": [
                                32.0,
                                1.5,
                                35.0,
                                7.5
                            ]
                        }
                    }
                },
                {
                    "name": "HairExRight",
                    "from": [
                        3.4799999999999995,
                        0.0,
                        0.23199999999999998
                    ],
                    "to": [
                        6.959999999999999,
                        6.959999999999999,
                        0.23199999999999998
                    ],
                    "uv": [
                        44.0,
                        1.5
                    ],
                    "rotationOrigin": [
                        4.06,
                        0.0,
                        0.23199999999999998
                    ],
                    "faces": {
                        "north": {
                            "texture": "#hair",
                            "uv": [
                                44.0,
                                1.5,
                                47.0,
                                7.5
                            ]
                        }
                    }
                },
                {
                    "name": "hair-uncovered",
                    "from": [
                        0.0,
                        0.0,
                        0.0
                    ],
                    "to": [
                        1.16,
                        1.16,
                        1.16
                    ],
                    "uv": [
                        0.0,
                        0.0
                    ],
                    "faces": {},
                    "children": [
                        {
                            "name": "extension back",
                            "from": [
                                6.959999999999999,
                                -8.12,
                                0.0
                            ],
                            "to": [
                                6.959999999999999,
                                0.0,
                                6.38
                            ],
                            "uv": [
                                36.5,
                                17.5
                            ],
                            "rotationOrigin": [
                                6.959999999999999,
                                0.0,
                                3.132
                            ],
                            "rotationZ": -5.0,
                            "faces": {
                                "east": {
                                    "texture": "#hair",
                                    "uv": [
                                        36.5,
                                        17.5,
                                        42.0,
                                        24.5
                                    ]
                                }
                            }
                        },
                        {
                            "name": "hair upper N",
                            "from": [
                                -0.23199999999999998,
                                4.176,
                                -0.23199999999999998
                            ],
                            "to": [
                                7.307999999999999,
                                9.975999999999999,
                                -0.23199999999999998
                            ],
                            "uv": [
                                19.5,
                                24.0
                            ],
                            "rotationOrigin": [
                                3.8279999999999994,
                                9.975999999999999,
                                -0.23199999999999998
                            ],
                            "rotationX": 8.0,
                            "faces": {
                                "north": {
                                    "texture": "#hair",
                                    "uv": [
                                        19.5,
                                        24.0,
                                        26.0,
                                        29.0
                                    ]
                                }
                            }
                        },
                        {
                            "name": "hair upper S",
                            "from": [
                                -0.23199999999999998,
                                4.176,
                                6.728
                            ],
                            "to": [
                                7.307999999999999,
                                9.975999999999999,
                                6.728
                            ],
                            "uv": [
                                20.0,
                                24.5
                            ],
                            "rotationOrigin": [
                                3.8279999999999994,
                                9.975999999999999,
                                6.728
                            ],
                            "rotationX": -8.0,
                            "faces": {
                                "south": {
                                    "texture": "#hair",
                                    "uv": [
                                        20.0,
                                        24.5,
                                        26.5,
                                        29.5
                                    ]
                                }
                            }
                        },
                        {
                            "name": "hair lower N",
                            "from": [
                                0.348,
                                0.696,
                                0.0
                            ],
                            "to": [
                                6.728,
                                5.335999999999999,
                                0.0
                            ],
                            "uv": [
                                41.5,
                                4.0
                            ],
                            "rotationOrigin": [
                                4.4079999999999995,
                                5.335999999999999,
                                0.0
                            ],
                            "rotationX": 16.0,
                            "faces": {
                                "north": {
                                    "texture": "#hair",
                                    "uv": [
                                        41.5,
                                        4.0,
                                        47.0,
                                        8.0
                                    ]
                                }
                            }
                        },
                        {
                            "name": "front short",
                            "from": [
                                -0.23199999999999998,
                                5.335999999999999,
                                -0.23199999999999998
                            ],
                            "to": [
                                -0.23199999999999998,
                                9.975999999999999,
                                6.728
                            ],
                            "uv": [
                                34.5,
                                18.5
                            ],
                            "rotationOrigin": [
                                -0.23199999999999998,
                                9.975999999999999,
                                3.2479999999999998
                            ],
                            "rotationZ": -8.0,
                            "faces": {
                                "west": {
                                    "texture": "#hair",
                                    "uv": [
                                        34.5,
                                        18.5,
                                        40.5,
                                        22.5
                                    ],
                                    "windMode": [
                                        -1,
                                        -1,
                                        -1,
                                        -1
                                    ]
                                }
                            }
                        },
                        {
                            "name": "hair lower S",
                            "from": [
                                0.348,
                                -0.46399999999999997,
                                6.38
                            ],
                            "to": [
                                6.728,
                                5.335999999999999,
                                6.38
                            ],
                            "uv": [
                                31.5,
                                3.0
                            ],
                            "rotationOrigin": [
                                4.4079999999999995,
                                5.335999999999999,
                                6.38
                            ],
                            "rotationX": -16.0,
                            "faces": {
                                "south": {
                                    "texture": "#hair",
                                    "uv": [
                                        31.5,
                                        3.0,
                                        37.0,
                                        8.0
                                    ]
                                }
                            }
                        },
                        {
                            "name": "head R",
                            "from": [
                                -0.23199999999999998,
                                9.86,
                                0.29
                            ],
                            "to": [
                                7.307999999999999,
                                10.44,
                                3.306
                            ],
                            "autoUnwrap": false,
                            "uv": [
                                16.0,
                                31.0
                            ],
                            "rotationOrigin": [
                                -0.23199999999999998,
                                9.86,
                                3.364
                            ],
                            "rotationX": -9.0,
                            "rotationY": -0.1,
                            "faces": {
                                "north": {
                                    "texture": "#hair",
                                    "uv": [
                                        29.5,
                                        36.0,
                                        36.0,
                                        36.5
                                    ]
                                },
                                "east": {
                                    "texture": "#hair",
                                    "uv": [
                                        29.5,
                                        35.0,
                                        32.0,
                                        35.5
                                    ]
                                },
                                "south": {
                                    "texture": "#hair",
                                    "uv": [
                                        32.0,
                                        35.5,
                                        38.5,
                                        36.0
                                    ]
                                },
                                "west": {
                                    "texture": "#hair",
                                    "uv": [
                                        32.5,
                                        33.5,
                                        35.0,
                                        34.0
                                    ]
                                },
                                "up": {
                                    "texture": "#hair",
                                    "uv": [
                                        32.0,
                                        31.0,
                                        38.5,
                                        33.5
                                    ]
                                }
                            }
                        },
                        {
                            "name": "head L",
                            "from": [
                                -0.23199999999999998,
                                9.86,
                                3.132
                            ],
                            "to": [
                                7.191999999999999,
                                10.44,
                                6.148
                            ],
                            "autoUnwrap": false,
                            "uv": [
                                24.5,
                                32.5
                            ],
                            "rotationOrigin": [
                                -0.23199999999999998,
                                9.86,
                                3.132
                            ],
                            "rotationX": 9.0,
                            "rotationY": -0.1,
                            "faces": {
                                "north": {
                                    "texture": "#hair",
                                    "uv": [
                                        30.0,
                                        33.5,
                                        36.0,
                                        34.0
                                    ]
                                },
                                "east": {
                                    "texture": "#hair",
                                    "uv": [
                                        30.0,
                                        34.0,
                                        32.5,
                                        34.5
                                    ]
                                },
                                "south": {
                                    "texture": "#hair",
                                    "uv": [
                                        32.5,
                                        34.0,
                                        38.5,
                                        34.5
                                    ]
                                },
                                "west": {
                                    "texture": "#hair",
                                    "uv": [
                                        33.5,
                                        34.5,
                                        36.0,
                                        35.0
                                    ]
                                },
                                "up": {
                                    "texture": "#hair",
                                    "uv": [
                                        30.0,
                                        31.0,
                                        36.0,
                                        33.5
                                    ]
                                }
                            }
                        },
                        {
                            "name": "long strand front",
                            "from": [
                                -0.11599999999999999,
                                0.696,
                                0.0
                            ],
                            "to": [
                                -0.11599999999999999,
                                9.975999999999999,
                                1.7399999999999998
                            ],
                            "uv": [
                                42.5,
                                14.5
                            ],
                            "rotationOrigin": [
                                -0.11599999999999999,
                                9.975999999999999,
                                1.16
                            ],
                            "rotationZ": 1.0,
                            "faces": {
                                "west": {
                                    "texture": "#hair",
                                    "uv": [
                                        42.5,
                                        14.5,
                                        44.0,
                                        22.5
                                    ]
                                }
                            }
                        },
                        {
                            "name": "back loose",
                            "from": [
                                7.307999999999999,
                                1.8559999999999999,
                                -0.23199999999999998
                            ],
                            "to": [
                                7.307999999999999,
                                9.975999999999999,
                                6.728
                            ],
                            "uv": [
                                36.5,
                                15.5
                            ],
                            "rotationOrigin": [
                                7.307999999999999,
                                9.975999999999999,
                                3.2479999999999998
                            ],
                            "rotationZ": 5.0,
                            "faces": {
                                "east": {
                                    "texture": "#hair",
                                    "uv": [
                                        36.5,
                                        15.5,
                                        42.5,
                                        22.5
                                    ],
                                    "windMode": [
                                        -1,
                                        -1,
                                        -1,
                                        -1
                                    ]
                                }
                            }
                        }
                    ]
                }
            ]
        },
        {
            "name": "Hair tile upper part",
            "stepParentName": "Head",
            "from": [
                -0.564,
                -2.82,
                -0.8799999999999999
            ],
            "to": [
                6.975999999999999,
                5.88,
                6.08
            ],
            "autoUnwrap": false,
            "uv": [
                3.0,
                9.0
            ],
            "rotationOrigin": [
                3.4959999999999996,
                5.88,
                2.6
            ],
            "faces": {
                "north": {
                    "texture": "#hair",
                    "uv": [
                        0.0,
                        10.5,
                        6.5,
                        18.0
                    ]
                },
                "east": {
                    "texture": "#hair",
                    "uv": [
                        28.0,
                        38.0,
                        34.0,
                        45.5
                    ]
                },
                "south": {
                    "texture": "#hair",
                    "uv": [
                        12.0,
                        10.5,
                        18.5,
                        18.0
                    ]
                },
                "west": {
                    "texture": "#hair",
                    "uv": [
                        34.0,
                        39.0,
                        40.0,
                        46.5
                    ]
                },
                "up": {
                    "texture": "#hair",
                    "uv": [
                        26.5,
                        10.5,
                        32.5,
                        17.0
                    ],
                    "rotation": 90
                }
            }
        }
    ]
}