{
    "editor": {
        "backDropShape": "entity/humanoid/seraph-hairless",
        "allAngles": true,
        "entityTextureMode": true
    },
    "textureWidth": 48,
    "textureHeight": 48,
    "textureSizes": {
        "hair": [
            48,
            48
        ],
        "birch": [
            16,
            16
        ]
    },
    "textures": {
        "hair": "game:entity/humanoid/seraphskinparts/hair/lightgray"
    },
    "elements": [
        {
            "name": "Hair",
            "stepParentName": "Head",
            "from": [
                -0.33199999999999996,
                -4.096,
                -0.6479999999999999
            ],
            "to": [
                6.628,
                5.764,
                5.732
            ],
            "autoUnwrap": false,
            "uv": [
                2.0,
                2.5
            ],
            "rotationOrigin": [
                3.3799999999999994,
                1.8199999999999998,
                2.6
            ],
            "faces": {
                "north": {
                    "texture": "#hair",
                    "uv": [
                        0.5,
                        0.5,
                        6.5,
                        9.0
                    ]
                },
                "east": {
                    "texture": "#hair",
                    "uv": [
                        18.0,
                        0.0,
                        23.5,
                        8.5
                    ]
                },
                "south": {
                    "texture": "#hair",
                    "uv": [
                        10.5,
                        0.5,
                        16.5,
                        9.0
                    ]
                },
                "west": {
                    "texture": "#hair",
                    "uv": [
                        27.5,
                        21.0,
                        33.0,
                        29.5
                    ]
                },
                "up": {
                    "texture": "#hair",
                    "uv": [
                        24.0,
                        0.0,
                        29.5,
                        6.0
                    ],
                    "rotation": 90
                }
            },
            "children": [
                {
                    "name": "hair-uncovered",
                    "from": [
                        0.0,
                        0.0,
                        0.0
                    ],
                    "to": [
                        1.16,
                        1.16,
                        1.16
                    ],
                    "uv": [
                        0.0,
                        0.0
                    ],
                    "faces": {},
                    "children": [
                        {
                            "name": "Cube8",
                            "from": [
                                1.16,
                                3.8279999999999994,
                                6.728
                            ],
                            "to": [
                                7.539999999999999,
                                7.307999999999999,
                                6.728
                            ],
                            "uv": [
                                33.0,
                                38.5
                            ],
                            "rotationOrigin": [
                                4.06,
                                7.307999999999999,
                                6.728
                            ],
                            "rotationX": -33.0,
                            "rotationZ": 11.0,
                            "faces": {
                                "south": {
                                    "texture": "#hair",
                                    "uv": [
                                        33.0,
                                        38.5,
                                        38.5,
                                        41.5
                                    ]
                                }
                            }
                        },
                        {
                            "name": "Cube12",
                            "from": [
                                5.104,
                                3.132,
                                5.8
                            ],
                            "to": [
                                8.584,
                                6.612,
                                5.8
                            ],
                            "uv": [
                                38.5,
                                19.5
                            ],
                            "rotationOrigin": [
                                6.844,
                                6.612,
                                5.8
                            ],
                            "rotationX": -17.0,
                            "rotationY": 58.0,
                            "rotationZ": 3.0,
                            "faces": {
                                "south": {
                                    "texture": "#hair",
                                    "uv": [
                                        38.5,
                                        19.5,
                                        41.5,
                                        22.5
                                    ]
                                }
                            }
                        },
                        {
                            "name": "Cube11",
                            "from": [
                                4.9879999999999995,
                                3.016,
                                0.696
                            ],
                            "to": [
                                8.468,
                                6.4959999999999996,
                                0.696
                            ],
                            "uv": [
                                33.5,
                                38.5
                            ],
                            "rotationOrigin": [
                                6.728,
                                6.4959999999999996,
                                0.696
                            ],
                            "rotationX": 17.0,
                            "rotationY": -58.0,
                            "rotationZ": 3.0,
                            "faces": {
                                "north": {
                                    "texture": "#hair",
                                    "uv": [
                                        33.5,
                                        38.5,
                                        36.5,
                                        41.5
                                    ]
                                }
                            }
                        },
                        {
                            "name": "Cube6",
                            "from": [
                                0.0,
                                5.22,
                                -0.348
                            ],
                            "to": [
                                6.959999999999999,
                                7.539999999999999,
                                -0.348
                            ],
                            "uv": [
                                19.5,
                                11.5
                            ],
                            "rotationOrigin": [
                                3.4799999999999995,
                                7.539999999999999,
                                -0.348
                            ],
                            "rotationX": 25.0,
                            "rotationY": -10.0,
                            "rotationZ": -25.0,
                            "faces": {
                                "north": {
                                    "texture": "#hair",
                                    "uv": [
                                        19.5,
                                        11.5,
                                        25.5,
                                        13.5
                                    ]
                                }
                            }
                        },
                        {
                            "name": "Cube5",
                            "from": [
                                1.16,
                                3.8279999999999994,
                                -0.11599999999999999
                            ],
                            "to": [
                                7.539999999999999,
                                7.307999999999999,
                                -0.11599999999999999
                            ],
                            "uv": [
                                33.5,
                                38.5
                            ],
                            "rotationOrigin": [
                                4.06,
                                7.307999999999999,
                                -0.11599999999999999
                            ],
                            "rotationX": 33.0,
                            "rotationZ": 11.0,
                            "faces": {
                                "north": {
                                    "texture": "#hair",
                                    "uv": [
                                        33.5,
                                        38.5,
                                        39.0,
                                        41.5
                                    ]
                                }
                            }
                        },
                        {
                            "name": "Cube1",
                            "from": [
                                7.191999999999999,
                                4.755999999999999,
                                -0.348
                            ],
                            "to": [
                                7.191999999999999,
                                8.235999999999999,
                                6.612
                            ],
                            "uv": [
                                19.5,
                                26.0
                            ],
                            "rotationOrigin": [
                                7.191999999999999,
                                8.235999999999999,
                                3.132
                            ],
                            "rotationZ": 19.0,
                            "faces": {
                                "east": {
                                    "texture": "#hair",
                                    "uv": [
                                        19.5,
                                        26.0,
                                        25.5,
                                        29.0
                                    ]
                                }
                            }
                        },
                        {
                            "name": "Cube7",
                            "from": [
                                0.0,
                                5.22,
                                6.4959999999999996
                            ],
                            "to": [
                                6.959999999999999,
                                7.539999999999999,
                                6.4959999999999996
                            ],
                            "uv": [
                                19.0,
                                11.5
                            ],
                            "rotationOrigin": [
                                3.4799999999999995,
                                7.539999999999999,
                                6.4959999999999996
                            ],
                            "rotationX": -25.0,
                            "rotationY": 10.0,
                            "rotationZ": -25.0,
                            "faces": {
                                "south": {
                                    "texture": "#hair",
                                    "uv": [
                                        19.0,
                                        11.5,
                                        25.0,
                                        13.5
                                    ]
                                }
                            }
                        },
                        {
                            "name": "Cube10",
                            "from": [
                                0.696,
                                4.755999999999999,
                                4.524
                            ],
                            "to": [
                                0.696,
                                9.395999999999999,
                                6.844
                            ],
                            "uv": [
                                30.5,
                                39.5
                            ],
                            "rotationOrigin": [
                                0.696,
                                9.395999999999999,
                                5.684
                            ],
                            "rotationX": -5.0,
                            "rotationY": 36.0,
                            "rotationZ": -8.0,
                            "faces": {
                                "west": {
                                    "texture": "#hair",
                                    "uv": [
                                        30.5,
                                        39.5,
                                        32.5,
                                        43.5
                                    ]
                                }
                            }
                        },
                        {
                            "name": "Cube9",
                            "from": [
                                0.696,
                                4.755999999999999,
                                -0.58
                            ],
                            "to": [
                                0.696,
                                9.395999999999999,
                                1.7399999999999998
                            ],
                            "uv": [
                                30.5,
                                39.5
                            ],
                            "rotationOrigin": [
                                0.696,
                                9.395999999999999,
                                0.58
                            ],
                            "rotationX": 5.0,
                            "rotationY": -36.0,
                            "rotationZ": -8.0,
                            "faces": {
                                "west": {
                                    "texture": "#hair",
                                    "uv": [
                                        30.5,
                                        39.5,
                                        32.5,
                                        43.5
                                    ]
                                }
                            }
                        }
                    ]
                }
            ]
        },
        {
            "name": "Hair tile upper part",
            "stepParentName": "Head",
            "from": [
                -0.564,
                -2.82,
                -0.8799999999999999
            ],
            "to": [
                6.975999999999999,
                5.88,
                6.08
            ],
            "autoUnwrap": false,
            "uv": [
                3.0,
                9.0
            ],
            "rotationOrigin": [
                3.4959999999999996,
                5.88,
                2.6
            ],
            "faces": {
                "north": {
                    "texture": "#hair",
                    "uv": [
                        0.0,
                        10.5,
                        6.5,
                        18.0
                    ]
                },
                "east": {
                    "texture": "#hair",
                    "uv": [
                        19.5,
                        10.5,
                        25.5,
                        18.0
                    ]
                },
                "south": {
                    "texture": "#hair",
                    "uv": [
                        12.0,
                        10.5,
                        18.5,
                        18.0
                    ]
                },
                "west": {
                    "texture": "#hair",
                    "uv": [
                        7.0,
                        11.0,
                        13.0,
                        18.5
                    ]
                },
                "up": {
                    "texture": "#hair",
                    "uv": [
                        26.5,
                        10.5,
                        32.5,
                        17.0
                    ],
                    "rotation": 90
                }
            }
        }
    ]
}