{"textureWidth": 96, "textureHeight": 96, "textures": {"hair": "kemono:entity/horse/hair/hair"}, "textureSizes": {"hair": [96, 96]}, "elements": [{"name": "Hair.001", "from": [-0.54589605, -5.24344969, -3.32292247], "to": [6.57339358, 3.94836402, 3.05707741], "rotationOrigin": [3.15450406, 0.6725502, -0.07492256], "stepParentName": "b_Head", "rotationX": -0.0, "rotationY": 0.0, "rotationZ": -90.00000933, "group": "hair-vinylscratch", "faces": {"north": {"texture": "#hair", "uv": [66.0, 69.0, 79.00000191, 86.00000024], "autoUv": false}, "east": {"texture": "#hair", "uv": [67.00000191, 68.00000095, 78.0, 84.99999976], "autoUv": false}, "south": {"texture": "#hair", "uv": [81.0, 37.00000191, 69.0, 57.99999905], "autoUv": false}, "west": {"texture": "#hair", "uv": [11.00000024, 1.00000191, 22.00000048, 19.00000191], "autoUv": false}, "up": {"texture": "#hair", "uv": [66.0, 63.99999905, 76.99999809, 76.99999952], "autoUv": false, "rotation": 90}, "down": {"texture": "#hair", "uv": [27.0, 93.99999994, 33.99999905, 84.0], "autoUv": false, "rotation": 270}}, "children": [{"name": "hair-uncovered", "from": [2.4e-07, -4.8e-07, 0.0], "to": [1.16000021, 1.15999949, 1.15999997], "rotationOrigin": [2.4e-07, -4.8e-07, 0.0], "group": "hair-vinylscratch", "faces": {"north": {"texture": "#disable", "uv": [0, 0, 4, 4], "autoUv": false, "enabled": false}, "east": {"texture": "#disable", "uv": [0, 0, 4, 4], "autoUv": false, "enabled": false}, "south": {"texture": "#disable", "uv": [0, 0, 4, 4], "autoUv": false, "enabled": false}, "west": {"texture": "#disable", "uv": [0, 0, 4, 4], "autoUv": false, "enabled": false}, "up": {"texture": "#disable", "uv": [0, 0, 4, 4], "autoUv": false, "enabled": false}, "down": {"texture": "#disable", "uv": [0, 0, 4, 4], "autoUv": false, "enabled": false}}, "children": [{"name": "Hairstrand", "from": [1.1948269, 3.10704231, -0.28324795], "to": [3.17167682, 8.90704346, 0.87675238], "rotationOrigin": [2.18325186, 8.90704346, 0.29675221], "rotationX": 8.00000421, "rotationY": 1.17e-06, "rotationZ": -48.26008469, "group": "hair-vinylscratch", "faces": {"north": {"texture": "#hair", "uv": [67.00000191, 73.00000048, 70.00000191, 82.99999952], "autoUv": false}, "east": {"texture": "#hair", "uv": [70.00000191, 73.00000048, 72.0, 82.99999952], "autoUv": false}, "south": {"texture": "#hair", "uv": [69.0, 73.00000048, 72.0, 82.99999952], "autoUv": false}, "west": {"texture": "#hair", "uv": [72.0, 73.00000048, 73.99999809, 82.99999952], "autoUv": false}, "up": {"texture": "#hair", "uv": [67.99999809, 43.99999809, 70.00000191, 46.00000191], "autoUv": false}, "down": {"texture": "#hair", "uv": [76.99999809, 50.00000095, 75.0, 48.0], "autoUv": false}}, "children": []}, {"name": "Hairstrand.001", "from": [0.77641398, 2.31588598, 4.44581854], "to": [1.93641371, 9.56483841, 6.34129655], "rotationOrigin": [1.35641384, 9.56483841, 5.39355755], "rotationX": 65.93026561, "rotationY": -29.20061257, "rotationZ": -31.84871448, "group": "hair-vinylscratch", "faces": {"north": {"texture": "#hair", "uv": [67.00000191, 72.0, 69.0, 84.0], "autoUv": false}, "east": {"texture": "#hair", "uv": [61.00000191, 75.0, 64.99999809, 87.0], "autoUv": false}, "south": {"texture": "#hair", "uv": [73.00000191, 71.00000095, 75.0, 82.99999952], "autoUv": false}, "west": {"texture": "#hair", "uv": [75.0, 33.0, 78.0, 45.0], "autoUv": false}, "up": {"texture": "#hair", "uv": [42.0, 3.0, 44.00000095, 7.00000191], "autoUv": false}, "down": {"texture": "#hair", "uv": [76.99999809, 50.00000095, 75.0, 48.0], "autoUv": false}}, "children": []}, {"name": "Hairstrand.002", "from": [5.08885396, 0.68094492, 3.92045814], "to": [7.59750736, 7.90592194, 5.08345479], "rotationOrigin": [6.34318066, 7.90592194, 4.50195646], "rotationX": -32.62050195, "rotationY": 35.79934029, "rotationZ": 33.14181955, "group": "hair-vinylscratch", "faces": {"north": {"texture": "#hair", "uv": [66.0, 73.99999952, 69.0, 84.0], "autoUv": false}, "east": {"texture": "#hair", "uv": [69.0, 73.99999952, 72.0, 84.0], "autoUv": false}, "south": {"texture": "#hair", "uv": [72.0, 73.99999952, 75.0, 84.0], "autoUv": false}, "west": {"texture": "#hair", "uv": [75.0, 73.99999952, 78.0, 84.0], "autoUv": false}, "up": {"texture": "#hair", "uv": [67.99999809, 43.99999809, 70.00000191, 46.00000191], "autoUv": false}, "down": {"texture": "#hair", "uv": [76.99999809, 50.00000095, 75.0, 48.0], "autoUv": false}}, "children": []}, {"name": "Hairstrand.003", "from": [7.16169357, -1.66597986, 2.36350846], "to": [8.43092632, 6.02215195, 5.90785384], "rotationOrigin": [7.79630995, 6.02215195, 4.13568115], "rotationX": 36.5885345, "rotationY": 11.37061975, "rotationZ": 12.67600977, "group": "hair-vinylscratch", "faces": {"north": {"texture": "#hair", "uv": [67.99999809, 72.0, 70.00000191, 82.99999952], "autoUv": false}, "east": {"texture": "#hair", "uv": [70.00000191, 72.0, 75.0, 82.99999952], "autoUv": false}, "south": {"texture": "#hair", "uv": [75.0, 72.0, 76.99999809, 82.99999952], "autoUv": false}, "west": {"texture": "#hair", "uv": [58.99999809, 76.00000048, 64.00000191, 87.0], "autoUv": false}, "up": {"texture": "#hair", "uv": [67.99999809, 43.99999809, 70.00000191, 46.00000191], "autoUv": false}, "down": {"texture": "#hair", "uv": [76.99999809, 50.00000095, 75.0, 48.0], "autoUv": false}}, "children": []}, {"name": "Hairstrand.004", "from": [6.56888282, 2.67847157, -0.33896625], "to": [7.72888291, 8.59792328, 2.42290962], "rotationOrigin": [7.14888287, 8.59792328, 1.04197168], "rotationX": 12.51332149, "rotationY": 37.24171915, "rotationZ": 21.15914058, "group": "hair-vinylscratch", "faces": {"north": {"texture": "#hair", "uv": [66.0, 73.00000048, 67.99999809, 82.99999952], "autoUv": false}, "east": {"texture": "#hair", "uv": [67.99999809, 73.00000048, 72.0, 82.99999952], "autoUv": false}, "south": {"texture": "#hair", "uv": [72.0, 73.00000048, 73.99999809, 82.99999952], "autoUv": false}, "west": {"texture": "#hair", "uv": [73.99999809, 73.00000048, 78.0, 82.99999952], "autoUv": false}, "up": {"texture": "#hair", "uv": [67.99999809, 43.99999809, 70.00000191, 46.00000191], "autoUv": false}, "down": {"texture": "#hair", "uv": [76.99999809, 50.00000095, 75.0, 48.0], "autoUv": false}}, "children": []}, {"name": "Hairstrand.005", "from": [3.07377982, -2.04060411, -1.52907199], "to": [6.58283639, 5.15493774, -0.36870033], "rotationOrigin": [4.82830811, 5.15493774, -0.94888616], "rotationX": 10.64725917, "rotationY": -2.60932009, "rotationZ": 7.38537427, "group": "hair-vinylscratch", "faces": {"north": {"texture": "#hair", "uv": [60.0, 78.0, 64.99999809, 87.0], "autoUv": false}, "east": {"texture": "#hair", "uv": [67.99999809, 75.0, 70.00000191, 82.99999952], "autoUv": false}, "south": {"texture": "#hair", "uv": [79.00000191, 34.00000191, 84.0, 43.00000191], "autoUv": false}, "west": {"texture": "#hair", "uv": [70.00000191, 75.0, 72.0, 82.99999952], "autoUv": false}, "up": {"texture": "#hair", "uv": [67.99999809, 43.99999809, 70.00000191, 46.00000191], "autoUv": false}, "down": {"texture": "#hair", "uv": [76.99999809, 50.00000095, 75.0, 48.0], "autoUv": false}}, "children": []}, {"name": "Hairstrand.006", "from": [4.62884736, 3.97798109, -0.38221627], "to": [7.11956477, 8.61798096, 0.77778369], "rotationOrigin": [5.87420607, 8.61798096, 0.19778371], "rotationX": 30.00000425, "rotationY": -4.5e-07, "rotationZ": 10.00000312, "group": "hair-vinylscratch", "faces": {"north": {"texture": "#hair", "uv": [67.00000191, 75.0, 70.99999809, 82.00000048], "autoUv": false}, "east": {"texture": "#hair", "uv": [70.00000191, 75.0, 72.0, 82.00000048], "autoUv": false}, "south": {"texture": "#hair", "uv": [73.00000191, 75.0, 76.99999809, 82.00000048], "autoUv": false}, "west": {"texture": "#hair", "uv": [72.0, 75.0, 73.99999809, 82.00000048], "autoUv": false}, "up": {"texture": "#hair", "uv": [67.99999809, 43.99999809, 70.00000191, 46.00000191], "autoUv": false}, "down": {"texture": "#hair", "uv": [76.99999809, 50.00000095, 75.0, 48.0], "autoUv": false}}, "children": []}, {"name": "Hairstrand.007", "from": [1.16362894, 4.49345303, -0.01693231], "to": [3.74527228, 9.58017349, 1.14306766], "rotationOrigin": [2.45445061, 9.58017349, 0.56306767], "rotationX": 31.57725202, "rotationY": 10.88144501, "rotationZ": -17.3209004, "group": "hair-vinylscratch", "faces": {"north": {"texture": "#hair", "uv": [70.00000191, 75.0, 73.99999809, 82.99999952], "autoUv": false}, "east": {"texture": "#hair", "uv": [70.99999809, 75.0, 75.0, 82.99999952], "autoUv": false}, "south": {"texture": "#hair", "uv": [75.0, 73.00000048, 79.00000191, 84.99999976], "autoUv": false}, "west": {"texture": "#hair", "uv": [75.0, 75.0, 79.00000191, 82.99999952], "autoUv": false}, "up": {"texture": "#hair", "uv": [67.99999809, 43.99999809, 70.00000191, 46.00000191], "autoUv": false}, "down": {"texture": "#hair", "uv": [76.99999809, 50.00000095, 75.0, 48.0], "autoUv": false}}, "children": []}, {"name": "Hairstrand.008", "from": [4.2637341, -1.47930813, -0.47018385], "to": [7.49129844, 6.18114853, 0.689816], "rotationOrigin": [5.87751627, 6.18114853, 0.10981607], "rotationX": 16.99339283, "rotationY": -29.62706568, "rotationZ": 16.95554846, "group": "hair-vinylscratch", "faces": {"north": {"texture": "#hair", "uv": [58.00000191, 71.00000095, 52.99999809, 84.99999976], "autoUv": false}, "east": {"texture": "#hair", "uv": [69.0, 72.0, 72.0, 86.00000024], "autoUv": false}, "south": {"texture": "#hair", "uv": [75.0, 31.00000191, 79.99999809, 45.0], "autoUv": false}, "west": {"texture": "#hair", "uv": [73.99999809, 72.0, 76.99999809, 86.00000024], "autoUv": false}, "up": {"texture": "#hair", "uv": [69.0, 43.99999809, 70.99999809, 46.00000191], "autoUv": false}, "down": {"texture": "#hair", "uv": [78.0, 50.00000095, 76.00000191, 48.0], "autoUv": false}}, "children": []}, {"name": "Hairstrand.009", "from": [5.41545355, 3.90195942, 3.71933925], "to": [8.0859369, 8.77174759, 5.9176122], "rotationOrigin": [6.75069523, 8.77174759, 4.81847572], "rotationX": -69.034409, "rotationY": 52.63140576, "rotationZ": 53.03056885, "group": "hair-vinylscratch", "faces": {"north": {"texture": "#hair", "uv": [70.99999809, 71.00000095, 75.0, 82.99999952], "autoUv": false}, "east": {"texture": "#hair", "uv": [67.00000191, 73.99999952, 70.99999809, 82.99999952], "autoUv": false}, "south": {"texture": "#hair", "uv": [70.99999809, 73.99999952, 75.0, 82.99999952], "autoUv": false}, "west": {"texture": "#hair", "uv": [75.0, 73.99999952, 79.00000191, 82.99999952], "autoUv": false}, "up": {"texture": "#hair", "uv": [70.99999809, 68.00000095, 75.0, 71.00000095], "autoUv": false}, "down": {"texture": "#hair", "uv": [76.99999809, 50.00000095, 75.0, 48.0], "autoUv": false}}, "children": []}, {"name": "Hairstrand.010", "from": [5.00518858, 0.37682724, 5.43388653], "to": [7.71755254, 6.26527405, 6.59388638], "rotationOrigin": [6.36137056, 6.26527405, 6.01388645], "rotationX": -24.91357433, "rotationY": -13.76255626, "rotationZ": -32.18966728, "group": "hair-vinylscratch", "faces": {"north": {"texture": "#hair", "uv": [60.0, 76.99999952, 64.99999809, 87.0], "autoUv": false}, "east": {"texture": "#hair", "uv": [66.0, 76.00000048, 67.99999809, 84.0], "autoUv": false}, "south": {"texture": "#hair", "uv": [78.0, 34.00000191, 82.99999809, 43.99999809], "autoUv": false}, "west": {"texture": "#hair", "uv": [73.99999809, 73.00000048, 76.00000191, 81.0], "autoUv": false}, "up": {"texture": "#hair", "uv": [67.99999809, 73.00000048, 70.99999809, 75.0], "autoUv": false}, "down": {"texture": "#hair", "uv": [76.99999809, 50.00000095, 75.0, 48.0], "autoUv": false}}, "children": []}, {"name": "Hairstrand.011", "from": [6.62353432, 0.73554945, 5.93697965], "to": [9.04470241, 7.34861755, 7.10368121], "rotationOrigin": [7.83411837, 7.34861755, 6.52033043], "rotationX": -14.5517129, "rotationY": 35.63452441, "rotationZ": -10.4112454, "group": "hair-vinylscratch", "faces": {"north": {"texture": "#hair", "uv": [67.99999809, 73.00000048, 72.0, 84.0], "autoUv": false}, "east": {"texture": "#hair", "uv": [67.00000191, 72.0, 69.0, 82.99999952], "autoUv": false}, "south": {"texture": "#hair", "uv": [67.99999809, 73.00000048, 72.0, 84.0], "autoUv": false}, "west": {"texture": "#hair", "uv": [72.0, 73.00000048, 73.99999809, 84.0], "autoUv": false}, "up": {"texture": "#hair", "uv": [67.99999809, 69.99999905, 70.99999809, 73.00000048], "autoUv": false}, "down": {"texture": "#hair", "uv": [76.99999809, 50.00000095, 75.0, 48.0], "autoUv": false}}, "children": []}, {"name": "Hairstrand.012", "from": [6.98814654, 1.37225199, 5.16786712], "to": [9.25430226, 8.46170425, 6.32786709], "rotationOrigin": [8.1212244, 8.46170425, 5.74786711], "rotationX": 93.8018907, "rotationY": -47.09325616, "rotationZ": -20.75485826, "group": "hair-vinylscratch", "faces": {"north": {"texture": "#hair", "uv": [67.00000191, 71.00000095, 70.99999809, 82.99999952], "autoUv": false}, "east": {"texture": "#hair", "uv": [69.0, 71.00000095, 72.0, 82.99999952], "autoUv": false}, "south": {"texture": "#hair", "uv": [73.00000191, 69.99999905, 76.00000191, 82.00000048], "autoUv": false}, "west": {"texture": "#hair", "uv": [76.00000191, 69.99999905, 79.00000191, 82.00000048], "autoUv": false}, "up": {"texture": "#hair", "uv": [67.99999809, 43.99999809, 70.00000191, 46.00000191], "autoUv": false}, "down": {"texture": "#hair", "uv": [76.99999809, 50.00000095, 75.0, 48.0], "autoUv": false}}, "children": []}, {"name": "Hairstrand.013", "from": [7.4319486, 2.74550104, 2.70683289], "to": [8.59194857, 8.97605515, 5.96858501], "rotationOrigin": [8.01194859, 8.97605515, 4.33770895], "rotationX": 42.35392108, "rotationY": 12.48703978, "rotationZ": 13.89597803, "group": "hair-vinylscratch", "faces": {"north": {"texture": "#hair", "uv": [67.99999809, 75.0, 70.00000191, 84.0], "autoUv": false}, "east": {"texture": "#hair", "uv": [70.00000191, 75.0, 75.0, 84.0], "autoUv": false}, "south": {"texture": "#hair", "uv": [75.0, 75.0, 76.99999809, 84.0], "autoUv": false}, "west": {"texture": "#hair", "uv": [57.0, 76.99999952, 61.00000191, 87.0], "autoUv": false}, "up": {"texture": "#hair", "uv": [67.99999809, 43.99999809, 70.00000191, 46.00000191], "autoUv": false}, "down": {"texture": "#hair", "uv": [76.99999809, 50.00000095, 75.0, 48.0], "autoUv": false}}, "children": []}, {"name": "Hairstrand.015", "from": [0.87474895, -3.97488022, -1.68424124], "to": [5.24413419, 5.0599041, -0.47279602], "rotationOrigin": [3.05944157, 5.0599041, -1.07851863], "rotationX": 5.58982169, "rotationY": 6.58149942, "rotationZ": -8.83334193, "group": "hair-vinylscratch", "faces": {"north": {"texture": "#hair", "uv": [73.00000191, 31.99999809, 79.00000191, 45.0], "autoUv": false}, "east": {"texture": "#hair", "uv": [69.0, 72.0, 70.99999809, 84.99999976], "autoUv": false}, "south": {"texture": "#hair", "uv": [88.00000191, 22.99999809, 94.00000191, 36.0], "autoUv": false}, "west": {"texture": "#hair", "uv": [73.00000191, 72.0, 75.0, 84.99999976], "autoUv": false}, "up": {"texture": "#hair", "uv": [67.99999809, 43.99999809, 70.00000191, 46.00000191], "autoUv": false}, "down": {"texture": "#hair", "uv": [76.99999809, 50.00000095, 75.0, 48.0], "autoUv": false}}, "children": []}]}]}], "groups": []}