{"textureWidth": 96, "textureHeight": 96, "textures": {"hair": "kemono:entity/horse/hair/hair"}, "textureSizes": {"hair": [96, 96]}, "elements": [{"name": "hair-uncovered", "from": [-2.76149511, 4.37295055, -3.32292247], "to": [-1.60149515, 5.53295052, -2.1629225], "rotationOrigin": [-2.76149511, 4.37295055, -3.32292247], "stepParentName": "b_Head", "rotationX": -0.0, "rotationY": 0.0, "rotationZ": -90.00000933, "group": "hair-bigmac", "faces": {"north": {"texture": "#disable", "uv": [0, 0, 4, 4], "autoUv": false, "enabled": false}, "east": {"texture": "#disable", "uv": [0, 0, 4, 4], "autoUv": false, "enabled": false}, "south": {"texture": "#disable", "uv": [0, 0, 4, 4], "autoUv": false, "enabled": false}, "west": {"texture": "#disable", "uv": [0, 0, 4, 4], "autoUv": false, "enabled": false}, "up": {"texture": "#disable", "uv": [0, 0, 4, 4], "autoUv": false, "enabled": false}, "down": {"texture": "#disable", "uv": [0, 0, 4, 4], "autoUv": false, "enabled": false}}, "children": [{"name": "Hairstrand.107", "from": [-0.04516292, 6.42318153, 1.41530317], "to": [1.93168712, 10.5437603, 2.57530361], "rotationOrigin": [0.9432621, 10.5437603, 1.99530339], "rotationX": 86.97638021, "rotationY": 66.00437316, "rotationZ": -84.93444735, "group": "hair-bigmac", "faces": {"north": {"texture": "#hair", "uv": [67.00000191, 73.00000048, 70.00000191, 82.99999952], "autoUv": false}, "east": {"texture": "#hair", "uv": [70.00000191, 73.00000048, 72.0, 82.99999952], "autoUv": false}, "south": {"texture": "#hair", "uv": [69.0, 73.00000048, 72.0, 82.99999952], "autoUv": false}, "west": {"texture": "#hair", "uv": [72.0, 73.00000048, 73.99999809, 82.99999952], "autoUv": false}, "up": {"texture": "#hair", "uv": [67.99999809, 43.99999809, 70.00000191, 46.00000191], "autoUv": false}, "down": {"texture": "#disable", "uv": [0, 0, 4, 4], "autoUv": false, "enabled": false}}, "children": []}, {"name": "Hairstrand.108", "from": [-0.0608412, 4.966959, 2.97783875], "to": [1.40862525, 9.88228035, 5.08428931], "rotationOrigin": [0.67389202, 9.88228035, 4.03106403], "rotationX": -1.0960268, "rotationY": -6.21613766, "rotationZ": -27.37643809, "group": "hair-bigmac", "faces": {"north": {"texture": "#hair", "uv": [67.00000191, 72.0, 69.0, 84.0], "autoUv": false}, "east": {"texture": "#hair", "uv": [61.00000191, 79.00000048, 64.99999809, 91.00000012], "autoUv": false}, "south": {"texture": "#hair", "uv": [73.00000191, 71.00000095, 75.0, 82.99999952], "autoUv": false}, "west": {"texture": "#hair", "uv": [82.00000191, 30.0, 85.00000191, 42.0], "autoUv": false}, "up": {"texture": "#hair", "uv": [42.0, 3.0, 44.00000095, 7.00000191], "autoUv": false}, "down": {"texture": "#disable", "uv": [0, 0, 4, 4], "autoUv": false, "enabled": false}}, "children": []}, {"name": "Hairstrand.113", "from": [4.65905392, 5.41936207, 3.35411441], "to": [7.32953727, 10.28915024, 5.55238736], "rotationOrigin": [5.9942956, 10.28915024, 4.45325089], "rotationX": -69.034409, "rotationY": 52.63140576, "rotationZ": 53.03056885, "group": "hair-bigmac", "faces": {"north": {"texture": "#hair", "uv": [70.99999809, 71.00000095, 75.0, 82.99999952], "autoUv": false}, "east": {"texture": "#hair", "uv": [67.00000191, 73.99999952, 70.99999809, 82.99999952], "autoUv": false}, "south": {"texture": "#hair", "uv": [70.99999809, 73.99999952, 75.0, 82.99999952], "autoUv": false}, "west": {"texture": "#hair", "uv": [75.0, 73.99999952, 79.00000191, 82.99999952], "autoUv": false}, "up": {"texture": "#hair", "uv": [70.99999809, 68.00000095, 75.0, 71.00000095], "autoUv": false}, "down": {"texture": "#disable", "uv": [0, 0, 4, 4], "autoUv": false, "enabled": false}}, "children": []}, {"name": "Hairstrand.115", "from": [6.73150057, 2.78778887, 2.49414921], "to": [7.89150053, 9.01834297, 5.75590134], "rotationOrigin": [7.31150055, 9.01834297, 4.12502527], "rotationX": 42.35392108, "rotationY": 12.48703978, "rotationZ": 13.89597803, "group": "hair-bigmac", "faces": {"north": {"texture": "#hair", "uv": [67.99999809, 75.0, 70.00000191, 84.0], "autoUv": false}, "east": {"texture": "#hair", "uv": [70.00000191, 75.0, 75.0, 84.0], "autoUv": false}, "south": {"texture": "#hair", "uv": [75.0, 75.0, 76.99999809, 84.0], "autoUv": false}, "west": {"texture": "#hair", "uv": [57.0, 76.99999952, 61.00000191, 87.0], "autoUv": false}, "up": {"texture": "#hair", "uv": [67.99999809, 43.99999809, 70.00000191, 46.00000191], "autoUv": false}, "down": {"texture": "#disable", "uv": [0, 0, 4, 4], "autoUv": false, "enabled": false}}, "children": []}, {"name": "Hairstrand.118", "from": [1.66594303, 5.4342363, 5.36401242], "to": [5.82471668, 9.62771225, 6.712457], "rotationOrigin": [3.74532986, 9.62771225, 6.03823471], "rotationX": -23.73752674, "rotationY": -1.29270465, "rotationZ": -2.3973138, "group": "hair-bigmac", "faces": {"north": {"texture": "#hair", "uv": [66.0, 73.00000048, 70.99999809, 82.99999952], "autoUv": false}, "east": {"texture": "#hair", "uv": [70.99999809, 73.00000048, 73.99999809, 82.99999952], "autoUv": false}, "south": {"texture": "#hair", "uv": [69.0, 73.00000048, 73.99999809, 82.99999952], "autoUv": false}, "west": {"texture": "#hair", "uv": [73.99999809, 73.00000048, 76.99999809, 82.99999952], "autoUv": false}, "up": {"texture": "#hair", "uv": [67.99999809, 43.99999809, 70.00000191, 46.00000191], "autoUv": false}, "down": {"texture": "#disable", "uv": [0, 0, 4, 4], "autoUv": false, "enabled": false}}, "children": []}, {"name": "Hairstrand.119", "from": [0.85227448, 6.49901386, 4.35762808], "to": [2.01227421, 9.85554123, 7.29586008], "rotationOrigin": [1.43227434, 9.85554123, 5.82674408], "rotationX": 11.85660563, "rotationY": 43.37608621, "rotationZ": -38.48700265, "group": "hair-bigmac", "faces": {"north": {"texture": "#hair", "uv": [64.00000191, 81.0, 66.0, 87.0], "autoUv": false}, "east": {"texture": "#hair", "uv": [61.00000191, 81.0, 64.99999809, 87.0], "autoUv": false}, "south": {"texture": "#hair", "uv": [73.00000191, 76.99999952, 75.0, 82.99999952], "autoUv": false}, "west": {"texture": "#hair", "uv": [76.99999809, 37.99999809, 81.0, 43.99999809], "autoUv": false}, "up": {"texture": "#hair", "uv": [42.0, 3.0, 44.00000095, 7.00000191], "autoUv": false}, "down": {"texture": "#disable", "uv": [0, 0, 4, 4], "autoUv": false, "enabled": false}}, "children": []}, {"name": "Hairstrand.122", "from": [5.4920857, 4.80452633, 1.80408764], "to": [7.65843844, 9.66009903, 3.26394749], "rotationOrigin": [6.57526207, 9.66009903, 2.53401756], "rotationX": 89.87363034, "rotationY": -23.88696274, "rotationZ": -80.31120158, "group": "hair-bigmac", "faces": {"north": {"texture": "#hair", "uv": [67.00000191, 75.0, 70.99999809, 82.00000048], "autoUv": false}, "east": {"texture": "#hair", "uv": [70.00000191, 75.0, 72.0, 82.00000048], "autoUv": false}, "south": {"texture": "#hair", "uv": [73.00000191, 75.0, 76.99999809, 82.00000048], "autoUv": false}, "west": {"texture": "#hair", "uv": [72.0, 75.0, 73.99999809, 82.00000048], "autoUv": false}, "up": {"texture": "#hair", "uv": [67.99999809, 43.99999809, 70.00000191, 46.00000191], "autoUv": false}, "down": {"texture": "#disable", "uv": [0, 0, 4, 4], "autoUv": false, "enabled": false}}, "children": []}, {"name": "Hairstrand.123", "from": [2.79242241, 4.76297712, 2.02873546], "to": [5.57029617, 9.93792725, 3.32247323], "rotationOrigin": [4.18135929, 9.93792725, 2.67560434], "rotationX": 84.31724413, "rotationY": -7.57501959, "rotationZ": -128.93742881, "group": "hair-bigmac", "faces": {"north": {"texture": "#hair", "uv": [67.00000191, 75.0, 70.99999809, 82.00000048], "autoUv": false}, "east": {"texture": "#hair", "uv": [70.00000191, 75.0, 72.0, 82.00000048], "autoUv": false}, "south": {"texture": "#hair", "uv": [73.00000191, 75.0, 76.99999809, 82.00000048], "autoUv": false}, "west": {"texture": "#hair", "uv": [72.0, 75.0, 73.99999809, 82.00000048], "autoUv": false}, "up": {"texture": "#hair", "uv": [67.99999809, 43.99999809, 70.00000191, 46.00000191], "autoUv": false}, "down": {"texture": "#disable", "uv": [0, 0, 4, 4], "autoUv": false, "enabled": false}}, "children": []}, {"name": "Hairstrand.124", "from": [3.02030551, 5.40742397, 1.8309558], "to": [5.79817975, 10.58237457, 3.12469357], "rotationOrigin": [4.40924263, 10.58237457, 2.47782469], "rotationX": 89.51937575, "rotationY": -9.44759365, "rotationZ": -94.81523123, "group": "hair-bigmac", "faces": {"north": {"texture": "#hair", "uv": [67.00000191, 75.0, 70.99999809, 82.00000048], "autoUv": false}, "east": {"texture": "#hair", "uv": [70.00000191, 75.0, 72.0, 82.00000048], "autoUv": false}, "south": {"texture": "#hair", "uv": [73.00000191, 75.0, 76.99999809, 82.00000048], "autoUv": false}, "west": {"texture": "#hair", "uv": [72.0, 75.0, 73.99999809, 82.00000048], "autoUv": false}, "up": {"texture": "#hair", "uv": [67.99999809, 43.99999809, 70.00000191, 46.00000191], "autoUv": false}, "down": {"texture": "#disable", "uv": [0, 0, 4, 4], "autoUv": false, "enabled": false}}, "children": []}, {"name": "Hairstrand.125", "from": [3.23718584, 3.79785824, 1.80956811], "to": [6.23830473, 9.38869476, 3.2072776], "rotationOrigin": [4.73774529, 9.38869476, 2.50842285], "rotationX": 88.21409928, "rotationY": -3.25264238, "rotationZ": -75.22497827, "group": "hair-bigmac", "faces": {"north": {"texture": "#hair", "uv": [67.00000191, 75.0, 70.99999809, 82.00000048], "autoUv": false}, "east": {"texture": "#hair", "uv": [70.00000191, 75.0, 72.0, 82.00000048], "autoUv": false}, "south": {"texture": "#hair", "uv": [73.00000191, 75.0, 76.99999809, 82.00000048], "autoUv": false}, "west": {"texture": "#hair", "uv": [72.0, 75.0, 73.99999809, 82.00000048], "autoUv": false}, "up": {"texture": "#hair", "uv": [67.99999809, 43.99999809, 70.00000191, 46.00000191], "autoUv": false}, "down": {"texture": "#disable", "uv": [0, 0, 4, 4], "autoUv": false, "enabled": false}}, "children": []}, {"name": "Hairstrand.126", "from": [4.41075456, 4.85566902, 2.95913988], "to": [7.18862879, 10.03061867, 4.25287765], "rotationOrigin": [5.79969168, 10.03061867, 3.60600877], "rotationX": 85.28250013, "rotationY": -6.54587315, "rotationZ": -143.59509673, "group": "hair-bigmac", "faces": {"north": {"texture": "#hair", "uv": [30.99999905, 4.99999809, 35.00000095, 12.0], "autoUv": false}, "east": {"texture": "#hair", "uv": [33.99999905, 4.99999809, 36.0, 12.0], "autoUv": false}, "south": {"texture": "#hair", "uv": [36.99999905, 4.99999809, 41.00000095, 12.0], "autoUv": false}, "west": {"texture": "#hair", "uv": [36.0, 4.99999809, 38.00000095, 12.0], "autoUv": false}, "up": {"texture": "#hair", "uv": [67.99999809, 43.99999809, 70.00000191, 46.00000191], "autoUv": false}, "down": {"texture": "#disable", "uv": [0, 0, 4, 4], "autoUv": false, "enabled": false}}, "children": []}]}, {"name": "Hairstrand.109", "from": [2.6126889, -9.382617, 0.76656729], "to": [5.1213423, -2.15763998, 1.92956394], "rotationOrigin": [3.8670156, -2.15763998, 1.34806561], "stepParentName": "b_Head", "rotationX": 40.5725975, "rotationY": 25.92699852, "rotationZ": -77.38334537, "group": "hair-bigmac", "faces": {"north": {"texture": "#hair", "uv": [66.0, 73.99999952, 69.0, 84.0], "autoUv": false}, "east": {"texture": "#hair", "uv": [69.0, 73.99999952, 72.0, 84.0], "autoUv": false}, "south": {"texture": "#hair", "uv": [72.0, 73.99999952, 75.0, 84.0], "autoUv": false}, "west": {"texture": "#hair", "uv": [75.0, 73.99999952, 78.0, 84.0], "autoUv": false}, "up": {"texture": "#hair", "uv": [67.99999809, 43.99999809, 70.00000191, 46.00000191], "autoUv": false}, "down": {"texture": "#disable", "uv": [0, 0, 4, 4], "autoUv": false, "enabled": false}}, "children": []}, {"name": "Hairstrand.110", "from": [2.62603998, -11.11149216, -0.95941401], "to": [3.89527273, -3.42336035, 2.58493137], "rotationOrigin": [3.26065636, -3.42336035, 0.81275868], "stepParentName": "b_Head", "rotationX": 15.63860091, "rotationY": -26.2224247, "rotationZ": -70.04361726, "group": "hair-bigmac", "faces": {"north": {"texture": "#hair", "uv": [67.99999809, 72.0, 70.00000191, 82.99999952], "autoUv": false}, "east": {"texture": "#hair", "uv": [70.00000191, 72.0, 75.0, 82.99999952], "autoUv": false}, "south": {"texture": "#hair", "uv": [75.0, 72.0, 76.99999809, 82.99999952], "autoUv": false}, "west": {"texture": "#hair", "uv": [58.99999809, 76.00000048, 64.00000191, 87.0], "autoUv": false}, "up": {"texture": "#hair", "uv": [67.99999809, 43.99999809, 70.00000191, 46.00000191], "autoUv": false}, "down": {"texture": "#disable", "uv": [0, 0, 4, 4], "autoUv": false, "enabled": false}}, "children": []}, {"name": "Hairstrand.111", "from": [2.42399108, -8.07516789, -3.8831377], "to": [4.91470826, -3.43516803, -2.72313786], "rotationOrigin": [3.66934967, -3.43516803, -3.30313778], "stepParentName": "b_Head", "rotationX": -16.59730675, "rotationY": -10.78985047, "rotationZ": -124.08339095, "group": "hair-bigmac", "faces": {"north": {"texture": "#hair", "uv": [67.00000191, 75.0, 70.99999809, 82.00000048], "autoUv": false}, "east": {"texture": "#hair", "uv": [70.00000191, 75.0, 72.0, 82.00000048], "autoUv": false}, "south": {"texture": "#hair", "uv": [73.00000191, 75.0, 76.99999809, 82.00000048], "autoUv": false}, "west": {"texture": "#hair", "uv": [72.0, 75.0, 73.99999809, 82.00000048], "autoUv": false}, "up": {"texture": "#hair", "uv": [67.99999809, 43.99999809, 70.00000191, 46.00000191], "autoUv": false}, "down": {"texture": "#disable", "uv": [0, 0, 4, 4], "autoUv": false, "enabled": false}}, "children": []}, {"name": "Hairstrand.112", "from": [1.96099756, -10.5508945, -3.53334808], "to": [5.18856146, -2.89043832, -2.37334824], "rotationOrigin": [3.57477951, -2.89043832, -2.95334816], "stepParentName": "b_Head", "rotationX": -32.44685463, "rotationY": -11.5038016, "rotationZ": -90.16443931, "group": "hair-bigmac", "faces": {"north": {"texture": "#hair", "uv": [58.00000191, 71.00000095, 52.99999809, 84.99999976], "autoUv": false}, "east": {"texture": "#hair", "uv": [69.0, 72.0, 72.0, 86.00000024], "autoUv": false}, "south": {"texture": "#hair", "uv": [75.0, 31.00000191, 79.99999809, 45.0], "autoUv": false}, "west": {"texture": "#hair", "uv": [73.99999809, 72.0, 76.99999809, 86.00000024], "autoUv": false}, "up": {"texture": "#hair", "uv": [69.0, 43.99999809, 70.99999809, 46.00000191], "autoUv": false}, "down": {"texture": "#disable", "uv": [0, 0, 4, 4], "autoUv": false, "enabled": false}}, "children": []}, {"name": "Hairstrand.114", "from": [3.77769101, -9.28127241, 2.01451445], "to": [6.49005497, -3.39282608, 3.17451429], "rotationOrigin": [5.13387299, -3.39282608, 2.59451437], "stepParentName": "b_Head", "rotationX": -21.61255073, "rotationY": 12.9960656, "rotationZ": -91.71947531, "group": "hair-bigmac", "faces": {"north": {"texture": "#hair", "uv": [60.0, 76.99999952, 64.99999809, 87.0], "autoUv": false}, "east": {"texture": "#hair", "uv": [66.0, 76.00000048, 67.99999809, 84.0], "autoUv": false}, "south": {"texture": "#hair", "uv": [78.0, 34.00000191, 82.99999809, 43.99999809], "autoUv": false}, "west": {"texture": "#hair", "uv": [73.99999809, 73.00000048, 76.00000191, 81.0], "autoUv": false}, "up": {"texture": "#hair", "uv": [67.99999809, 73.00000048, 70.99999809, 75.0], "autoUv": false}, "down": {"texture": "#disable", "uv": [0, 0, 4, 4], "autoUv": false, "enabled": false}}, "children": []}, {"name": "Hairstrand.116", "from": [2.3237741, -10.39863638, -3.98687381], "to": [5.4130919, -3.04593658, -3.08761293], "rotationOrigin": [3.868433, -3.04593658, -3.53724337], "stepParentName": "b_Head", "rotationX": 5.78937378, "rotationY": -3.38820306, "rotationZ": -116.33709583, "group": "hair-bigmac", "faces": {"north": {"texture": "#hair", "uv": [75.0, 31.99999809, 81.0, 45.0], "autoUv": false}, "east": {"texture": "#hair", "uv": [69.0, 72.0, 70.99999809, 84.99999976], "autoUv": false}, "south": {"texture": "#hair", "uv": [88.00000191, 22.99999809, 94.00000191, 36.0], "autoUv": false}, "west": {"texture": "#hair", "uv": [73.00000191, 72.0, 75.0, 84.99999976], "autoUv": false}, "up": {"texture": "#hair", "uv": [67.99999809, 43.99999809, 70.00000191, 46.00000191], "autoUv": false}, "down": {"texture": "#hair", "uv": [76.99999809, 50.00000095, 75.0, 48.0], "autoUv": false}}, "children": []}, {"name": "Hairstrand.117", "from": [3.44995589, -10.63116813, 1.56520021], "to": [5.87112336, -2.8013494, 2.87290537], "rotationOrigin": [4.66053963, -2.8013494, 2.21905279], "stepParentName": "b_Head", "rotationX": 13.49176914, "rotationY": 8.63334204, "rotationZ": -94.18012609, "group": "hair-bigmac", "faces": {"north": {"texture": "#hair", "uv": [67.99999809, 73.00000048, 72.0, 84.0], "autoUv": false}, "east": {"texture": "#hair", "uv": [67.00000191, 72.0, 69.0, 82.99999952], "autoUv": false}, "south": {"texture": "#hair", "uv": [67.99999809, 73.00000048, 72.0, 84.0], "autoUv": false}, "west": {"texture": "#hair", "uv": [72.0, 73.00000048, 73.99999809, 84.0], "autoUv": false}, "up": {"texture": "#hair", "uv": [67.99999809, 69.99999905, 70.99999809, 73.00000048], "autoUv": false}, "down": {"texture": "#disable", "uv": [0, 0, 4, 4], "autoUv": false, "enabled": false}}, "children": []}, {"name": "Hairstrand.120", "from": [-0.41383153, -5.72810221, 2.68657637], "to": [1.64526135, -2.40224957, 3.91548586], "rotationOrigin": [0.61571491, -2.40224957, 3.30103111], "stepParentName": "b_Head", "rotationX": 0.09958476, "rotationY": 35.31017239, "rotationZ": -113.8450535, "group": "hair-bigmac", "faces": {"north": {"texture": "#hair", "uv": [67.99999809, 76.99999952, 72.0, 84.0], "autoUv": false}, "east": {"texture": "#hair", "uv": [67.00000191, 76.00000048, 69.0, 82.99999952], "autoUv": false}, "south": {"texture": "#hair", "uv": [67.99999809, 76.99999952, 72.0, 84.0], "autoUv": false}, "west": {"texture": "#hair", "uv": [72.0, 76.99999952, 73.99999809, 84.0], "autoUv": false}, "up": {"texture": "#hair", "uv": [67.99999809, 73.99999952, 70.99999809, 76.99999952], "autoUv": false}, "down": {"texture": "#disable", "uv": [0, 0, 4, 4], "autoUv": false, "enabled": false}}, "children": []}, {"name": "Hairstrand.121", "from": [-0.14047325, -8.0483011, -3.80994111], "to": [2.4411701, -1.90232742, -2.36327809], "rotationOrigin": [1.15034842, -1.90232742, -3.0866096], "stepParentName": "b_Head", "rotationX": 4.43221904, "rotationY": -15.1055627, "rotationZ": -104.45311992, "group": "hair-bigmac", "faces": {"north": {"texture": "#hair", "uv": [70.00000191, 75.0, 73.99999809, 82.99999952], "autoUv": false}, "east": {"texture": "#hair", "uv": [70.99999809, 75.0, 75.0, 82.99999952], "autoUv": false}, "south": {"texture": "#hair", "uv": [75.0, 73.00000048, 79.00000191, 84.99999976], "autoUv": false}, "west": {"texture": "#hair", "uv": [75.0, 75.0, 79.00000191, 82.99999952], "autoUv": false}, "up": {"texture": "#hair", "uv": [67.99999809, 43.99999809, 70.00000191, 46.00000191], "autoUv": false}, "down": {"texture": "#disable", "uv": [0, 0, 4, 4], "autoUv": false, "enabled": false}}, "children": []}], "groups": []}