{"textureWidth": 96, "textureHeight": 96, "textures": {"hair": "kemono:entity/horse/hair/hair"}, "textureSizes": {"hair": [96, 96]}, "elements": [{"name": "Hair.006", "from": [0.00405264, -5.24344969, -3.39113402], "to": [6.34104085, 3.75114107, 2.09010792], "rotationOrigin": [3.15450406, 0.6725502, -0.07492256], "stepParentName": "b_Head", "rotationX": -0.0, "rotationY": 0.0, "rotationZ": -90.00000933, "group": "hair-anonfilly", "faces": {"north": {"texture": "#hair", "uv": [45.0, 45.0, 57.0, 62.00000095], "autoUv": false}, "east": {"texture": "#hair", "uv": [67.00000191, 68.00000095, 78.0, 84.99999976], "autoUv": false}, "south": {"texture": "#disable", "uv": [0, 0, 4, 4], "autoUv": false, "enabled": false}, "west": {"texture": "#disable", "uv": [0, 0, 4, 4], "autoUv": false, "enabled": false}, "up": {"texture": "#hair", "uv": [66.0, 63.99999905, 76.99999809, 76.00000048], "autoUv": false, "rotation": 90}, "down": {"texture": "#disable", "uv": [0, 0, 4, 4], "autoUv": false, "enabled": false}}, "children": []}, {"name": "hair-uncovered", "from": [-2.76149511, 4.37295055, -3.32292247], "to": [-1.60149515, 5.53295052, -2.1629225], "rotationOrigin": [-2.76149511, 4.37295055, -3.32292247], "stepParentName": "b_Head", "rotationX": -0.0, "rotationY": 0.0, "rotationZ": -90.00000933, "group": "hair-anonfilly", "faces": {"north": {"texture": "#disable", "uv": [0, 0, 4, 4], "autoUv": false, "enabled": false}, "east": {"texture": "#disable", "uv": [0, 0, 4, 4], "autoUv": false, "enabled": false}, "south": {"texture": "#disable", "uv": [0, 0, 4, 4], "autoUv": false, "enabled": false}, "west": {"texture": "#disable", "uv": [0, 0, 4, 4], "autoUv": false, "enabled": false}, "up": {"texture": "#disable", "uv": [0, 0, 4, 4], "autoUv": false, "enabled": false}, "down": {"texture": "#disable", "uv": [0, 0, 4, 4], "autoUv": false, "enabled": false}}, "children": [{"name": "Hairstrand.131", "from": [4.17665446, 2.2020874, -1.29859537], "to": [7.2644819, 7.16851807, 0.06235117], "rotationOrigin": [5.72056818, 7.16851807, -0.6181221], "rotationX": -8.58801263, "rotationY": -18.09390023, "rotationZ": -10.67613806, "group": "hair-anonfilly", "faces": {"north": {"texture": "#hair", "uv": [32.00000095, 3.0, 36.99999905, 12.0], "autoUv": false}, "east": {"texture": "#hair", "uv": [36.0, 3.0, 38.00000095, 12.0], "autoUv": false}, "south": {"texture": "#hair", "uv": [39.0, 3.0, 44.00000095, 12.0], "autoUv": false}, "west": {"texture": "#hair", "uv": [38.00000095, 3.0, 39.99999905, 12.0], "autoUv": false}, "up": {"texture": "#hair", "uv": [42.0, 4.00000191, 48.0, 6.0], "autoUv": false}, "down": {"texture": "#disable", "uv": [0, 0, 4, 4], "autoUv": false, "enabled": false}}, "children": []}, {"name": "Hairstrand.136", "from": [-0.14246535, 6.11371899, 3.44679379], "to": [0.93068385, 10.29927254, 5.60320449], "rotationOrigin": [0.39410925, 10.29927254, 4.52499914], "rotationX": 34.69702289, "rotationY": 1.27170823, "rotationZ": -12.68654192, "group": "hair-anonfilly", "faces": {"north": {"texture": "#hair", "uv": [41.00000095, 4.00000191, 42.99999905, 10.99999809], "autoUv": false}, "east": {"texture": "#hair", "uv": [41.00000095, 4.00000191, 45.0, 10.99999809], "autoUv": false}, "south": {"texture": "#hair", "uv": [41.00000095, 4.00000191, 42.99999905, 10.99999809], "autoUv": false}, "west": {"texture": "#hair", "uv": [42.0, 4.99999809, 45.99999905, 12.0], "autoUv": false}, "up": {"texture": "#hair", "uv": [42.0, 3.0, 44.00000095, 6.0], "autoUv": false}, "down": {"texture": "#disable", "uv": [0, 0, 4, 4], "autoUv": false, "enabled": false}}, "children": []}, {"name": "Hairstrand.139", "from": [7.52346855, -0.55341721, 1.81830013], "to": [8.79270118, 7.13471413, 5.36264527], "rotationOrigin": [8.15808487, 7.13471413, 3.5904727], "rotationX": 19.57270791, "rotationY": -10.19686967, "rotationZ": -9.64210121, "group": "hair-anonfilly", "faces": {"north": {"texture": "#hair", "uv": [67.99999809, 69.99999905, 70.00000191, 82.00000048], "autoUv": false}, "east": {"texture": "#hair", "uv": [60.0, 75.0, 66.0, 87.0], "autoUv": false}, "south": {"texture": "#hair", "uv": [75.0, 71.00000095, 76.99999809, 82.99999952], "autoUv": false}, "west": {"texture": "#hair", "uv": [60.0, 75.0, 66.0, 87.0], "autoUv": false}, "up": {"texture": "#hair", "uv": [39.0, 4.99999809, 45.0, 7.00000191], "autoUv": false, "rotation": 270}, "down": {"texture": "#disable", "uv": [0, 0, 4, 4], "autoUv": false, "enabled": false}}, "children": []}, {"name": "Hairstrand.142", "from": [6.35563737, 3.56314659, -0.36437786], "to": [7.4355337, 8.48064423, 2.05367362], "rotationOrigin": [6.89558554, 8.48064423, 0.84464788], "rotationX": -2.79959059, "rotationY": 35.52319916, "rotationZ": 21.1592806, "group": "hair-anonfilly", "faces": {"north": {"texture": "#hair", "uv": [32.00000095, 1.00000191, 33.99999905, 12.0], "autoUv": false}, "east": {"texture": "#hair", "uv": [33.99999905, 1.00000191, 39.0, 12.0], "autoUv": false}, "south": {"texture": "#hair", "uv": [39.0, 1.00000191, 41.00000095, 12.0], "autoUv": false}, "west": {"texture": "#hair", "uv": [41.00000095, 1.00000191, 45.99999905, 12.0], "autoUv": false}, "up": {"texture": "#hair", "uv": [39.0, 4.00000191, 44.00000095, 6.0], "autoUv": false, "rotation": 90}, "down": {"texture": "#disable", "uv": [0, 0, 4, 4], "autoUv": false, "enabled": false}}, "children": []}, {"name": "Hairstrand.149", "from": [3.04884446, -1.39240742, -1.15175235], "to": [6.55790031, 5.21795082, 0.00861919], "rotationOrigin": [4.80337238, 5.21795082, -0.57156658], "rotationX": -6.4327934, "rotationY": -3.15026681, "rotationZ": 2.91136194, "group": "hair-anonfilly", "faces": {"north": {"texture": "#hair", "uv": [27.0, 1.00000191, 33.0, 12.0], "autoUv": false}, "east": {"texture": "#hair", "uv": [35.00000095, 1.00000191, 36.99999905, 12.0], "autoUv": false}, "south": {"texture": "#hair", "uv": [33.99999905, 1.00000191, 39.99999905, 12.0], "autoUv": false}, "west": {"texture": "#hair", "uv": [36.99999905, 1.00000191, 39.0, 12.0], "autoUv": false}, "up": {"texture": "#hair", "uv": [36.0, 1.99999809, 42.0, 4.00000191], "autoUv": false}, "down": {"texture": "#disable", "uv": [0, 0, 4, 4], "autoUv": false, "enabled": false}}, "children": []}, {"name": "Hairstrand.150", "from": [2.81890023, 5.22395182, 0.42975783], "to": [5.90672767, 10.61437798, 1.79070449], "rotationOrigin": [4.36281395, 10.61437798, 1.11023116], "rotationX": 35.68764621, "rotationY": -26.35100642, "rotationZ": 23.16744842, "group": "hair-anonfilly", "faces": {"north": {"texture": "#hair", "uv": [30.99999905, 1.99999809, 36.0, 10.99999809], "autoUv": false}, "east": {"texture": "#hair", "uv": [35.00000095, 1.99999809, 36.99999905, 10.99999809], "autoUv": false}, "south": {"texture": "#hair", "uv": [38.00000095, 1.99999809, 42.99999905, 10.99999809], "autoUv": false}, "west": {"texture": "#hair", "uv": [36.99999905, 1.99999809, 39.0, 10.99999809], "autoUv": false}, "up": {"texture": "#hair", "uv": [42.0, 4.00000191, 48.0, 6.0], "autoUv": false}, "down": {"texture": "#disable", "uv": [0, 0, 4, 4], "autoUv": false, "enabled": false}}, "children": []}, {"name": "Hairstrand.151", "from": [-1.19127798, 5.63919401, 1.58674026], "to": [3.97122145, 11.11999306, 3.04330468], "rotationOrigin": [1.38997221, 11.11999512, 2.31502247], "rotationX": 50.8171231, "rotationY": 7.88741451, "rotationZ": 3.27112295, "group": "hair-anonfilly", "faces": {"north": {"texture": "#hair", "uv": [36.0, 1.00000191, 45.0, 12.0], "autoUv": false}, "east": {"texture": "#hair", "uv": [36.99999905, 0.0, 39.99999905, 10.99999809], "autoUv": false}, "south": {"texture": "#hair", "uv": [36.99999905, 1.00000191, 45.99999905, 12.0], "autoUv": false}, "west": {"texture": "#hair", "uv": [32.00000095, 0.0, 35.00000095, 10.99999809], "autoUv": false}, "up": {"texture": "#hair", "uv": [33.99999905, 1.99999809, 42.99999905, 4.99999809], "autoUv": false}, "down": {"texture": "#disable", "uv": [0, 0, 4, 4], "autoUv": false, "enabled": false}}, "children": []}, {"name": "Hairstrand.152", "from": [3.3418256, -0.93644428, -0.59275901], "to": [6.56938922, 6.1561203, 0.5672406], "rotationOrigin": [4.95560741, 6.1561203, -0.01275921], "rotationX": 16.99339454, "rotationY": -29.62706568, "rotationZ": 16.95554846, "group": "hair-anonfilly", "faces": {"north": {"texture": "#hair", "uv": [79.00000191, 28.99999809, 73.00000191, 42.0], "autoUv": false}, "east": {"texture": "#hair", "uv": [69.0, 69.99999905, 70.99999809, 82.99999952], "autoUv": false}, "south": {"texture": "#hair", "uv": [76.00000191, 31.00000191, 82.00000191, 43.99999809], "autoUv": false}, "west": {"texture": "#hair", "uv": [69.0, 69.99999905, 70.99999809, 82.99999952], "autoUv": false}, "up": {"texture": "#hair", "uv": [39.99999905, 3.0, 45.99999905, 4.99999809], "autoUv": false}, "down": {"texture": "#disable", "uv": [0, 0, 4, 4], "autoUv": false, "enabled": false}}, "children": []}, {"name": "Hairstrand.153", "from": [5.56572604, 4.09345484, 3.92178088], "to": [8.23620915, 8.6772747, 5.58730382], "rotationOrigin": [6.9009676, 8.6772747, 4.75454235], "rotationX": -76.31236488, "rotationY": 45.60238979, "rotationZ": 45.88449709, "group": "hair-anonfilly", "faces": {"north": {"texture": "#hair", "uv": [38.00000095, 3.0, 42.99999905, 12.0], "autoUv": false}, "east": {"texture": "#hair", "uv": [35.00000095, 4.00000191, 38.00000095, 13.00000191], "autoUv": false}, "south": {"texture": "#hair", "uv": [39.99999905, 3.0, 45.0, 12.0], "autoUv": false}, "west": {"texture": "#hair", "uv": [39.99999905, 1.99999809, 42.99999905, 10.99999809], "autoUv": false}, "up": {"texture": "#hair", "uv": [36.0, 1.00000191, 41.00000095, 4.00000191], "autoUv": false}, "down": {"texture": "#disable", "uv": [0, 0, 4, 4], "autoUv": false, "enabled": false}}, "children": []}, {"name": "Hairstrand.154", "from": [6.47955763, 0.45404673, 5.28558451], "to": [9.19192159, 6.34249306, 6.44558424], "rotationOrigin": [7.83573961, 6.34249306, 5.86558437], "rotationX": -10.82748652, "rotationY": 10.40943881, "rotationZ": -16.5699877, "group": "hair-anonfilly", "faces": {"north": {"texture": "#hair", "uv": [60.0, 76.99999952, 64.99999809, 87.0], "autoUv": false}, "east": {"texture": "#hair", "uv": [67.00000191, 72.0, 69.0, 82.00000048], "autoUv": false}, "south": {"texture": "#hair", "uv": [78.0, 33.0, 82.99999809, 43.00000191], "autoUv": false}, "west": {"texture": "#hair", "uv": [73.00000191, 72.0, 75.0, 82.00000048], "autoUv": false}, "up": {"texture": "#hair", "uv": [67.99999809, 73.00000048, 70.99999809, 75.0], "autoUv": false}, "down": {"texture": "#disable", "uv": [0, 0, 4, 4], "autoUv": false, "enabled": false}}, "children": []}, {"name": "Hairstrand.156", "from": [6.93164766, 0.47334385, 1.94465423], "to": [8.55088198, 8.61919975, 5.20640683], "rotationOrigin": [7.74126482, 8.61919975, 3.57553053], "rotationX": -13.572677, "rotationY": -19.84212643, "rotationZ": -12.35334139, "group": "hair-anonfilly", "faces": {"north": {"texture": "#hair", "uv": [67.99999809, 73.00000048, 70.99999809, 84.0], "autoUv": false}, "east": {"texture": "#hair", "uv": [32.00000095, 1.00000191, 36.99999905, 12.0], "autoUv": false}, "south": {"texture": "#hair", "uv": [73.99999809, 73.00000048, 76.99999809, 84.0], "autoUv": false}, "west": {"texture": "#hair", "uv": [60.0, 76.00000048, 64.00000191, 87.0], "autoUv": false}, "up": {"texture": "#hair", "uv": [36.99999905, 3.0, 42.0, 6.0], "autoUv": false, "rotation": 270}, "down": {"texture": "#disable", "uv": [0, 0, 4, 4], "autoUv": false, "enabled": false}}, "children": []}, {"name": "Hairstrand.158", "from": [6.29815412, -0.94530869, 4.97924793], "to": [8.71932197, 7.23021317, 6.28695309], "rotationOrigin": [7.50873804, 7.23021317, 5.63310051], "rotationX": -5.90467762, "rotationY": 12.59644404, "rotationZ": -15.00359651, "group": "hair-anonfilly", "faces": {"north": {"texture": "#hair", "uv": [67.99999809, 72.0, 72.0, 84.0], "autoUv": false}, "east": {"texture": "#hair", "uv": [67.00000191, 71.00000095, 69.0, 82.99999952], "autoUv": false}, "south": {"texture": "#hair", "uv": [67.99999809, 72.0, 72.0, 84.0], "autoUv": false}, "west": {"texture": "#hair", "uv": [72.0, 72.0, 73.99999809, 84.0], "autoUv": false}, "up": {"texture": "#hair", "uv": [67.99999809, 71.00000095, 73.00000191, 73.00000048], "autoUv": false}, "down": {"texture": "#disable", "uv": [0, 0, 4, 4], "autoUv": false, "enabled": false}}, "children": []}, {"name": "Hairstrand.159", "from": [4.00570178, 5.56006527, 4.10553211], "to": [6.5934422, 10.48690605, 5.37681347], "rotationOrigin": [5.29957199, 10.48690605, 4.74117279], "rotationX": -42.27481383, "rotationY": -0.20319182, "rotationZ": -62.39622328, "group": "hair-anonfilly", "faces": {"north": {"texture": "#hair", "uv": [67.99999809, 75.0, 70.99999809, 82.99999952], "autoUv": false}, "east": {"texture": "#hair", "uv": [42.0, 1.99999809, 44.00000095, 10.00000191], "autoUv": false}, "south": {"texture": "#hair", "uv": [33.0, 1.00000191, 36.99999905, 9.0], "autoUv": false}, "west": {"texture": "#hair", "uv": [73.00000191, 75.0, 75.0, 82.99999952], "autoUv": false}, "up": {"texture": "#hair", "uv": [69.0, 71.00000095, 73.00000191, 73.99999952], "autoUv": false}, "down": {"texture": "#hair", "uv": [38.00000095, 6.0, 36.0, 4.00000191], "autoUv": false}}, "children": []}, {"name": "Hairstrand.160", "from": [1.00649023, 5.95466805, 4.64630556], "to": [1.86524439, 9.24769974, 7.81353045], "rotationOrigin": [1.43586731, 9.24769974, 6.229918], "rotationX": 47.28067655, "rotationY": 4.93395619, "rotationZ": -43.44442908, "group": "hair-anonfilly", "faces": {"north": {"texture": "#hair", "uv": [44.00000095, 6.0, 45.99999905, 12.0], "autoUv": false}, "east": {"texture": "#disable", "uv": [0, 0, 4, 4], "autoUv": false, "enabled": false}, "south": {"texture": "#hair", "uv": [73.00000191, 76.00000048, 75.0, 82.00000048], "autoUv": false}, "west": {"texture": "#hair", "uv": [41.00000095, 4.99999809, 45.99999905, 10.99999809], "autoUv": false}, "up": {"texture": "#hair", "uv": [42.0, 1.99999809, 44.00000095, 7.00000191], "autoUv": false}, "down": {"texture": "#disable", "uv": [0, 0, 4, 4], "autoUv": false, "enabled": false}}, "children": []}, {"name": "Hairstrand.161", "from": [5.68221855, -1.38323259, 6.05993944], "to": [7.81636429, 3.48575401, 7.28884882], "rotationOrigin": [6.74929142, 3.48575401, 6.67439413], "rotationX": -19.59951811, "rotationY": -10.10255329, "rotationZ": -48.50259056, "group": "hair-anonfilly", "faces": {"north": {"texture": "#hair", "uv": [33.99999905, 3.0, 38.00000095, 12.0], "autoUv": false}, "east": {"texture": "#hair", "uv": [33.0, 3.0, 35.00000095, 12.0], "autoUv": false}, "south": {"texture": "#hair", "uv": [35.00000095, 3.0, 39.0, 12.0], "autoUv": false}, "west": {"texture": "#hair", "uv": [35.00000095, 3.0, 36.99999905, 12.0], "autoUv": false}, "up": {"texture": "#hair", "uv": [36.0, 4.99999809, 39.99999905, 7.00000191], "autoUv": false}, "down": {"texture": "#disable", "uv": [0, 0, 4, 4], "autoUv": false, "enabled": false}}, "children": []}, {"name": "Hairstrand.162", "from": [2.59008729, -0.24452353, -0.40261561], "to": [5.78830779, 4.11195564, 1.04404742], "rotationOrigin": [4.18919754, 4.11195564, 0.3207159], "rotationX": 38.70954046, "rotationY": 14.67491927, "rotationZ": 6.03235862, "group": "hair-anonfilly", "faces": {"north": {"texture": "#hair", "uv": [36.99999905, 3.0, 42.99999905, 12.0], "autoUv": false}, "east": {"texture": "#hair", "uv": [39.0, 3.0, 42.0, 12.0], "autoUv": false}, "south": {"texture": "#hair", "uv": [36.0, 3.0, 42.0, 12.0], "autoUv": false}, "west": {"texture": "#hair", "uv": [39.99999905, 1.99999809, 42.99999905, 10.99999809], "autoUv": false}, "up": {"texture": "#hair", "uv": [36.99999905, 4.00000191, 42.99999905, 7.00000191], "autoUv": false}, "down": {"texture": "#disable", "uv": [0, 0, 4, 4], "autoUv": false, "enabled": false}}, "children": []}, {"name": "Hairstrand.163", "from": [6.39610994, 2.57974052, 2.83746874], "to": [8.58280337, 8.36131859, 4.2697438], "rotationOrigin": [7.48945665, 8.36131859, 3.55360627], "rotationX": 103.12458666, "rotationY": -40.27658393, "rotationZ": -91.13732462, "group": "hair-anonfilly", "faces": {"north": {"texture": "#hair", "uv": [35.00000095, 0.0, 39.0, 13.00000191], "autoUv": false}, "east": {"texture": "#hair", "uv": [67.99999809, 72.0, 70.99999809, 84.99999976], "autoUv": false}, "south": {"texture": "#hair", "uv": [30.0, 0.0, 33.99999905, 13.00000191], "autoUv": false}, "west": {"texture": "#hair", "uv": [73.00000191, 72.0, 76.00000191, 84.99999976], "autoUv": false}, "up": {"texture": "#hair", "uv": [35.00000095, 3.0, 39.0, 6.0], "autoUv": false}, "down": {"texture": "#disable", "uv": [0, 0, 4, 4], "autoUv": false, "enabled": false}}, "children": []}, {"name": "Hairstrand.164", "from": [5.93684745, 2.07394648, 2.25708038], "to": [8.87081552, 7.85552406, 3.68935555], "rotationOrigin": [7.40383148, 7.85552406, 2.97321796], "rotationX": 79.39353835, "rotationY": -52.3285381, "rotationZ": -81.200581, "group": "hair-anonfilly", "faces": {"north": {"texture": "#hair", "uv": [33.99999905, 1.99999809, 39.0, 13.00000191], "autoUv": false}, "east": {"texture": "#hair", "uv": [39.99999905, 1.00000191, 42.0, 12.0], "autoUv": false}, "south": {"texture": "#hair", "uv": [33.99999905, 3.0, 39.0, 13.99999809], "autoUv": false}, "west": {"texture": "#hair", "uv": [41.00000095, 0.0, 42.99999905, 10.99999809], "autoUv": false}, "up": {"texture": "#hair", "uv": [33.99999905, 4.00000191, 39.0, 6.0], "autoUv": false}, "down": {"texture": "#disable", "uv": [0, 0, 4, 4], "autoUv": false, "enabled": false}}, "children": []}, {"name": "Hairstrand.165", "from": [-0.20126486, 4.89642, 2.80154121], "to": [1.33571386, 10.03756905, 5.00476944], "rotationOrigin": [0.5672245, 10.03756905, 3.90315533], "rotationX": 61.980456, "rotationY": -59.68818304, "rotationZ": -0.75259811, "group": "hair-anonfilly", "faces": {"north": {"texture": "#hair", "uv": [38.00000095, 1.00000191, 39.99999905, 9.0], "autoUv": false}, "east": {"texture": "#hair", "uv": [36.99999905, 1.00000191, 39.99999905, 9.0], "autoUv": false}, "south": {"texture": "#hair", "uv": [36.99999905, 1.00000191, 39.0, 9.0], "autoUv": false}, "west": {"texture": "#hair", "uv": [33.99999905, 1.00000191, 36.99999905, 9.0], "autoUv": false}, "up": {"texture": "#hair", "uv": [42.0, 3.0, 44.00000095, 6.0], "autoUv": false}, "down": {"texture": "#disable", "uv": [0, 0, 4, 4], "autoUv": false, "enabled": false}}, "children": []}, {"name": "Hairstrand.166", "from": [-0.86205626, 2.44827318, -1.71767288], "to": [3.90979624, 8.3963925, -0.03235048], "rotationOrigin": [1.52387047, 8.39639473, -0.87501168], "rotationX": -5.46659142, "rotationY": -0.05966328, "rotationZ": 4.01686541, "group": "hair-anonfilly", "faces": {"north": {"texture": "#hair", "uv": [27.99999905, 1.00000191, 36.99999905, 12.0], "autoUv": false}, "east": {"texture": "#hair", "uv": [32.00000095, 0.0, 35.00000095, 10.99999809], "autoUv": false}, "south": {"texture": "#hair", "uv": [30.99999905, 1.00000191, 39.99999905, 12.0], "autoUv": false}, "west": {"texture": "#hair", "uv": [73.00000191, 28.99999809, 76.00000191, 40.00000191], "autoUv": false}, "up": {"texture": "#hair", "uv": [33.99999905, 1.99999809, 42.99999905, 4.99999809], "autoUv": false}, "down": {"texture": "#disable", "uv": [0, 0, 4, 4], "autoUv": false, "enabled": false}}, "children": []}, {"name": "Hairstrand.167", "from": [0.90525103, 4.24301624, 4.74333924], "to": [5.07387042, 9.38137815, 6.19990379], "rotationOrigin": [2.98956108, 9.38138008, 5.47162151], "rotationX": 112.76659395, "rotationY": -6.50351659, "rotationZ": 5.91826799, "group": "hair-anonfilly", "faces": {"north": {"texture": "#hair", "uv": [39.99999905, 1.00000191, 47.00000095, 10.99999809], "autoUv": false}, "east": {"texture": "#hair", "uv": [42.99999905, 1.00000191, 45.99999905, 10.99999809], "autoUv": false}, "south": {"texture": "#hair", "uv": [29.00000095, 1.00000191, 36.0, 10.99999809], "autoUv": false}, "west": {"texture": "#hair", "uv": [39.99999905, 1.00000191, 42.99999905, 10.99999809], "autoUv": false}, "up": {"texture": "#hair", "uv": [33.99999905, 1.99999809, 41.00000095, 4.99999809], "autoUv": false}, "down": {"texture": "#disable", "uv": [0, 0, 4, 4], "autoUv": false, "enabled": false}}, "children": []}, {"name": "Hairstrand.169", "from": [5.33216226, -1.44859219, 5.22320211], "to": [7.87061846, 3.28061485, 6.66986525], "rotationOrigin": [6.60139036, 3.28061485, 5.94653368], "rotationX": -24.30033433, "rotationY": 12.31564045, "rotationZ": 4.82633077, "group": "hair-anonfilly", "faces": {"north": {"texture": "#hair", "uv": [35.00000095, 4.00000191, 39.99999905, 12.0], "autoUv": false}, "east": {"texture": "#hair", "uv": [36.99999905, 4.00000191, 39.99999905, 12.0], "autoUv": false}, "south": {"texture": "#hair", "uv": [36.0, 4.00000191, 41.00000095, 12.0], "autoUv": false}, "west": {"texture": "#hair", "uv": [41.00000095, 4.00000191, 44.00000095, 12.0], "autoUv": false}, "up": {"texture": "#hair", "uv": [39.99999905, 3.0, 45.0, 6.0], "autoUv": false}, "down": {"texture": "#disable", "uv": [0, 0, 4, 4], "autoUv": false, "enabled": false}}, "children": []}, {"name": "Hairstrand.170", "from": [0.44098377, -1.10010386, -0.42659014], "to": [4.52947426, 4.05755615, 1.03295964], "rotationOrigin": [2.48522902, 4.05755615, 0.30318475], "rotationX": 12.47826555, "rotationY": -19.20787847, "rotationZ": -2.67542971, "group": "hair-anonfilly", "faces": {"north": {"texture": "#hair", "uv": [32.00000095, 1.99999809, 39.0, 12.0], "autoUv": false}, "east": {"texture": "#hair", "uv": [67.99999809, 72.0, 70.99999809, 82.00000048], "autoUv": false}, "south": {"texture": "#hair", "uv": [35.00000095, 1.99999809, 45.0, 12.0], "autoUv": false}, "west": {"texture": "#hair", "uv": [41.00000095, 1.00000191, 44.00000095, 10.99999809], "autoUv": false}, "up": {"texture": "#hair", "uv": [35.00000095, 1.99999809, 45.0, 4.99999809], "autoUv": false}, "down": {"texture": "#disable", "uv": [0, 0, 4, 4], "autoUv": false, "enabled": false}}, "children": []}]}], "groups": []}