{"textureWidth": 96, "textureHeight": 96, "textures": {"hair": "kemono:entity/horse/hair/hair"}, "textureSizes": {"hair": [96, 96]}, "elements": [{"name": "Hair.004", "from": [-0.54589605, -5.24344969, -3.32292247], "to": [6.60804033, 4.05230308, 3.05707741], "rotationOrigin": [3.15450406, 0.6725502, -0.07492256], "stepParentName": "b_Head", "rotationX": -0.0, "rotationY": 0.0, "rotationZ": -90.00000933, "group": "hair-emoshy", "faces": {"north": {"texture": "#hair", "uv": [66.0, 69.0, 79.00000191, 86.00000024], "autoUv": false}, "east": {"texture": "#hair", "uv": [67.00000191, 68.00000095, 78.0, 84.99999976], "autoUv": false}, "south": {"texture": "#hair", "uv": [81.0, 37.00000191, 69.0, 57.99999905], "autoUv": false}, "west": {"texture": "#hair", "uv": [11.00000024, 1.00000191, 22.00000048, 19.00000191], "autoUv": false}, "up": {"texture": "#hair", "uv": [66.0, 63.99999905, 76.99999809, 76.99999952], "autoUv": false, "rotation": 90}, "down": {"texture": "#hair", "uv": [27.0, 93.99999994, 33.99999905, 84.0], "autoUv": false, "rotation": 270}}, "children": [{"name": "hair-uncovered", "from": [2.4e-07, -4.8e-07, 0.0], "to": [1.16000021, 1.15999949, 1.15999997], "rotationOrigin": [2.4e-07, -4.8e-07, 0.0], "group": "hair-emoshy", "faces": {"north": {"texture": "#disable", "uv": [0, 0, 4, 4], "autoUv": false, "enabled": false}, "east": {"texture": "#disable", "uv": [0, 0, 4, 4], "autoUv": false, "enabled": false}, "south": {"texture": "#disable", "uv": [0, 0, 4, 4], "autoUv": false, "enabled": false}, "west": {"texture": "#disable", "uv": [0, 0, 4, 4], "autoUv": false, "enabled": false}, "up": {"texture": "#disable", "uv": [0, 0, 4, 4], "autoUv": false, "enabled": false}, "down": {"texture": "#disable", "uv": [0, 0, 4, 4], "autoUv": false, "enabled": false}}, "children": [{"name": "Hairstrand.037", "from": [-1.56665015, 2.8228054, -0.10909104], "to": [0.41019988, 8.62280655, 1.05090928], "rotationOrigin": [-0.57822514, 8.62280655, 0.47090912], "rotationX": 17.21462608, "rotationY": 1.21681624, "rotationZ": -3.81274009, "group": "hair-emoshy", "faces": {"north": {"texture": "#hair", "uv": [67.00000191, 73.00000048, 70.00000191, 82.99999952], "autoUv": false}, "east": {"texture": "#hair", "uv": [70.00000191, 73.00000048, 72.0, 82.99999952], "autoUv": false}, "south": {"texture": "#hair", "uv": [69.0, 73.00000048, 72.0, 82.99999952], "autoUv": false}, "west": {"texture": "#hair", "uv": [72.0, 73.00000048, 73.99999809, 82.99999952], "autoUv": false}, "up": {"texture": "#hair", "uv": [67.99999809, 43.99999809, 70.00000191, 46.00000191], "autoUv": false}, "down": {"texture": "#hair", "uv": [76.99999809, 50.00000095, 75.0, 48.0], "autoUv": false}}, "children": []}, {"name": "Hairstrand.038", "from": [0.77641398, 2.31588502, 4.11877584], "to": [1.93641371, 9.56483841, 6.66833925], "rotationOrigin": [1.35641384, 9.56483841, 5.39355755], "rotationX": 65.93026561, "rotationY": -29.20061257, "rotationZ": -31.84871448, "group": "hair-emoshy", "faces": {"north": {"texture": "#hair", "uv": [67.00000191, 72.0, 69.0, 84.0], "autoUv": false}, "east": {"texture": "#hair", "uv": [61.00000191, 75.0, 64.99999809, 87.0], "autoUv": false}, "south": {"texture": "#hair", "uv": [73.00000191, 71.00000095, 75.0, 82.99999952], "autoUv": false}, "west": {"texture": "#hair", "uv": [75.0, 33.0, 78.0, 45.0], "autoUv": false}, "up": {"texture": "#hair", "uv": [42.0, 3.0, 44.00000095, 7.00000191], "autoUv": false}, "down": {"texture": "#hair", "uv": [76.99999809, 50.00000095, 75.0, 48.0], "autoUv": false}}, "children": []}, {"name": "Hairstrand.043", "from": [5.08885396, 0.68094492, 3.92045814], "to": [7.59750736, 7.90592194, 5.08345479], "rotationOrigin": [6.34318066, 7.90592194, 4.50195646], "rotationX": -32.62049853, "rotationY": 35.79934029, "rotationZ": 33.14181955, "group": "hair-emoshy", "faces": {"north": {"texture": "#hair", "uv": [66.0, 73.99999952, 69.0, 84.0], "autoUv": false}, "east": {"texture": "#hair", "uv": [69.0, 73.99999952, 72.0, 84.0], "autoUv": false}, "south": {"texture": "#hair", "uv": [72.0, 73.99999952, 75.0, 84.0], "autoUv": false}, "west": {"texture": "#hair", "uv": [75.0, 73.99999952, 78.0, 84.0], "autoUv": false}, "up": {"texture": "#hair", "uv": [67.99999809, 43.99999809, 70.00000191, 46.00000191], "autoUv": false}, "down": {"texture": "#hair", "uv": [76.99999809, 50.00000095, 75.0, 48.0], "autoUv": false}}, "children": []}, {"name": "Hairstrand.046", "from": [7.16169357, -1.66597986, 2.36350846], "to": [8.43092632, 6.02215195, 5.90785384], "rotationOrigin": [7.79630995, 6.02215195, 4.13568115], "rotationX": 36.58853108, "rotationY": 11.3706206, "rotationZ": 12.67601148, "group": "hair-emoshy", "faces": {"north": {"texture": "#hair", "uv": [67.99999809, 72.0, 70.00000191, 82.99999952], "autoUv": false}, "east": {"texture": "#hair", "uv": [70.00000191, 72.0, 75.0, 82.99999952], "autoUv": false}, "south": {"texture": "#hair", "uv": [75.0, 72.0, 76.99999809, 82.99999952], "autoUv": false}, "west": {"texture": "#hair", "uv": [58.99999809, 76.00000048, 64.00000191, 87.0], "autoUv": false}, "up": {"texture": "#hair", "uv": [67.99999809, 43.99999809, 70.00000191, 46.00000191], "autoUv": false}, "down": {"texture": "#hair", "uv": [76.99999809, 50.00000095, 75.0, 48.0], "autoUv": false}}, "children": []}, {"name": "Hairstrand.050", "from": [6.56888282, 2.67847157, -0.33896613], "to": [7.72888291, 8.59792328, 2.4229095], "rotationOrigin": [7.14888287, 8.59792328, 1.04197168], "rotationX": 12.51331893, "rotationY": 37.24171915, "rotationZ": 21.15914228, "group": "hair-emoshy", "faces": {"north": {"texture": "#hair", "uv": [66.0, 73.00000048, 67.99999809, 82.99999952], "autoUv": false}, "east": {"texture": "#hair", "uv": [67.99999809, 73.00000048, 72.0, 82.99999952], "autoUv": false}, "south": {"texture": "#hair", "uv": [72.0, 73.00000048, 73.99999809, 82.99999952], "autoUv": false}, "west": {"texture": "#hair", "uv": [73.99999809, 73.00000048, 78.0, 82.99999952], "autoUv": false}, "up": {"texture": "#hair", "uv": [67.99999809, 43.99999809, 70.00000191, 46.00000191], "autoUv": false}, "down": {"texture": "#hair", "uv": [76.99999809, 50.00000095, 75.0, 48.0], "autoUv": false}}, "children": []}, {"name": "Hairstrand.051", "from": [3.07377994, -2.04060411, -1.52907199], "to": [6.58283627, 5.15493774, -0.36870033], "rotationOrigin": [4.82830811, 5.15493774, -0.94888616], "rotationX": -6.43279169, "rotationY": -3.15026659, "rotationZ": 2.91136109, "group": "hair-emoshy", "faces": {"north": {"texture": "#hair", "uv": [60.0, 78.0, 64.99999809, 87.0], "autoUv": false}, "east": {"texture": "#hair", "uv": [67.99999809, 75.0, 70.00000191, 82.99999952], "autoUv": false}, "south": {"texture": "#hair", "uv": [79.00000191, 34.00000191, 84.0, 43.00000191], "autoUv": false}, "west": {"texture": "#hair", "uv": [70.00000191, 75.0, 72.0, 82.99999952], "autoUv": false}, "up": {"texture": "#hair", "uv": [67.99999809, 43.99999809, 70.00000191, 46.00000191], "autoUv": false}, "down": {"texture": "#hair", "uv": [76.99999809, 50.00000095, 75.0, 48.0], "autoUv": false}}, "children": []}, {"name": "Hairstrand.052", "from": [4.62884748, 3.97798109, -0.38221627], "to": [7.11956465, 8.61798096, 0.77778369], "rotationOrigin": [5.87420607, 8.61798096, 0.19778371], "rotationX": 30.00000767, "rotationY": -3.6e-07, "rotationZ": 10.00000398, "group": "hair-emoshy", "faces": {"north": {"texture": "#hair", "uv": [67.00000191, 75.0, 70.99999809, 82.00000048], "autoUv": false}, "east": {"texture": "#hair", "uv": [70.00000191, 75.0, 72.0, 82.00000048], "autoUv": false}, "south": {"texture": "#hair", "uv": [73.00000191, 75.0, 76.99999809, 82.00000048], "autoUv": false}, "west": {"texture": "#hair", "uv": [72.0, 75.0, 73.99999809, 82.00000048], "autoUv": false}, "up": {"texture": "#hair", "uv": [67.99999809, 43.99999809, 70.00000191, 46.00000191], "autoUv": false}, "down": {"texture": "#hair", "uv": [76.99999809, 50.00000095, 75.0, 48.0], "autoUv": false}}, "children": []}, {"name": "Hairstrand.053", "from": [1.8824724, 4.41738844, -0.11376411], "to": [4.46411574, 9.50410843, 1.04623586], "rotationOrigin": [3.17329407, 9.50410843, 0.46623588], "rotationX": 31.57725202, "rotationY": 10.88144501, "rotationZ": -17.3209004, "group": "hair-emoshy", "faces": {"north": {"texture": "#hair", "uv": [70.00000191, 75.0, 73.99999809, 82.99999952], "autoUv": false}, "east": {"texture": "#hair", "uv": [70.99999809, 75.0, 75.0, 82.99999952], "autoUv": false}, "south": {"texture": "#hair", "uv": [75.0, 73.00000048, 79.00000191, 84.99999976], "autoUv": false}, "west": {"texture": "#hair", "uv": [75.0, 75.0, 79.00000191, 82.99999952], "autoUv": false}, "up": {"texture": "#hair", "uv": [67.99999809, 43.99999809, 70.00000191, 46.00000191], "autoUv": false}, "down": {"texture": "#hair", "uv": [76.99999809, 50.00000095, 75.0, 48.0], "autoUv": false}}, "children": []}, {"name": "Hairstrand.054", "from": [4.26373422, -1.47930765, -0.47018385], "to": [7.49129832, 6.18114853, 0.689816], "rotationOrigin": [5.87751627, 6.18114853, 0.10981607], "rotationX": 16.99339283, "rotationY": -29.62706568, "rotationZ": 16.95554846, "group": "hair-emoshy", "faces": {"north": {"texture": "#hair", "uv": [58.00000191, 71.00000095, 52.99999809, 84.99999976], "autoUv": false}, "east": {"texture": "#hair", "uv": [69.0, 72.0, 72.0, 86.00000024], "autoUv": false}, "south": {"texture": "#hair", "uv": [75.0, 31.00000191, 79.99999809, 45.0], "autoUv": false}, "west": {"texture": "#hair", "uv": [73.99999809, 72.0, 76.99999809, 86.00000024], "autoUv": false}, "up": {"texture": "#hair", "uv": [69.0, 43.99999809, 70.99999809, 46.00000191], "autoUv": false}, "down": {"texture": "#hair", "uv": [78.0, 50.00000095, 76.00000191, 48.0], "autoUv": false}}, "children": []}, {"name": "Hairstrand.055", "from": [5.41545355, 3.90195942, 3.71933925], "to": [8.0859369, 8.77174759, 5.9176122], "rotationOrigin": [6.75069523, 8.77174759, 4.81847572], "rotationX": -69.034409, "rotationY": 52.63140576, "rotationZ": 53.03056885, "group": "hair-emoshy", "faces": {"north": {"texture": "#hair", "uv": [70.99999809, 71.00000095, 75.0, 82.99999952], "autoUv": false}, "east": {"texture": "#hair", "uv": [67.00000191, 73.99999952, 70.99999809, 82.99999952], "autoUv": false}, "south": {"texture": "#hair", "uv": [70.99999809, 73.99999952, 75.0, 82.99999952], "autoUv": false}, "west": {"texture": "#hair", "uv": [75.0, 73.99999952, 79.00000191, 82.99999952], "autoUv": false}, "up": {"texture": "#hair", "uv": [70.99999809, 68.00000095, 75.0, 71.00000095], "autoUv": false}, "down": {"texture": "#hair", "uv": [76.99999809, 50.00000095, 75.0, 48.0], "autoUv": false}}, "children": []}, {"name": "Hairstrand.056", "from": [5.84415638, 1.16268015, 5.52643538], "to": [8.55652034, 7.05112648, 6.68643522], "rotationOrigin": [7.20033836, 7.05112648, 6.1064353], "rotationX": -24.84612279, "rotationY": -16.22510584, "rotationZ": -23.46710419, "group": "hair-emoshy", "faces": {"north": {"texture": "#hair", "uv": [60.0, 76.99999952, 64.99999809, 87.0], "autoUv": false}, "east": {"texture": "#hair", "uv": [66.0, 76.00000048, 67.99999809, 84.0], "autoUv": false}, "south": {"texture": "#hair", "uv": [78.0, 34.00000191, 82.99999809, 43.99999809], "autoUv": false}, "west": {"texture": "#hair", "uv": [73.99999809, 73.00000048, 76.00000191, 81.0], "autoUv": false}, "up": {"texture": "#hair", "uv": [67.99999809, 73.00000048, 70.99999809, 75.0], "autoUv": false}, "down": {"texture": "#hair", "uv": [76.99999809, 50.00000095, 75.0, 48.0], "autoUv": false}}, "children": []}, {"name": "Hairstrand.057", "from": [6.62353432, 0.73554945, 5.93697965], "to": [9.04470241, 7.34861755, 7.10368121], "rotationOrigin": [7.83411837, 7.34861755, 6.52033043], "rotationX": -14.5517129, "rotationY": 35.63452441, "rotationZ": -10.4112454, "group": "hair-emoshy", "faces": {"north": {"texture": "#hair", "uv": [67.99999809, 73.00000048, 72.0, 84.0], "autoUv": false}, "east": {"texture": "#hair", "uv": [67.00000191, 72.0, 69.0, 82.99999952], "autoUv": false}, "south": {"texture": "#hair", "uv": [67.99999809, 73.00000048, 72.0, 84.0], "autoUv": false}, "west": {"texture": "#hair", "uv": [72.0, 73.00000048, 73.99999809, 84.0], "autoUv": false}, "up": {"texture": "#hair", "uv": [67.99999809, 69.99999905, 70.99999809, 73.00000048], "autoUv": false}, "down": {"texture": "#hair", "uv": [76.99999809, 50.00000095, 75.0, 48.0], "autoUv": false}}, "children": []}, {"name": "Hairstrand.058", "from": [6.98814654, 1.37225199, 5.16786712], "to": [9.25430226, 8.46170425, 6.32786709], "rotationOrigin": [8.1212244, 8.46170425, 5.74786711], "rotationX": 93.8018907, "rotationY": -47.09325616, "rotationZ": -20.75485826, "group": "hair-emoshy", "faces": {"north": {"texture": "#hair", "uv": [67.00000191, 71.00000095, 70.99999809, 82.99999952], "autoUv": false}, "east": {"texture": "#hair", "uv": [69.0, 71.00000095, 72.0, 82.99999952], "autoUv": false}, "south": {"texture": "#hair", "uv": [73.00000191, 69.99999905, 76.00000191, 82.00000048], "autoUv": false}, "west": {"texture": "#hair", "uv": [76.00000191, 69.99999905, 79.00000191, 82.00000048], "autoUv": false}, "up": {"texture": "#hair", "uv": [67.99999809, 43.99999809, 70.00000191, 46.00000191], "autoUv": false}, "down": {"texture": "#hair", "uv": [76.99999809, 50.00000095, 75.0, 48.0], "autoUv": false}}, "children": []}, {"name": "Hairstrand.059", "from": [7.4319486, 2.74550104, 2.70683289], "to": [8.59194857, 8.97605515, 5.96858501], "rotationOrigin": [8.01194859, 8.97605515, 4.33770895], "rotationX": 42.35392108, "rotationY": 12.48703978, "rotationZ": 13.89597803, "group": "hair-emoshy", "faces": {"north": {"texture": "#hair", "uv": [67.99999809, 75.0, 70.00000191, 84.0], "autoUv": false}, "east": {"texture": "#hair", "uv": [70.00000191, 75.0, 75.0, 84.0], "autoUv": false}, "south": {"texture": "#hair", "uv": [75.0, 75.0, 76.99999809, 84.0], "autoUv": false}, "west": {"texture": "#hair", "uv": [57.0, 76.99999952, 61.00000191, 87.0], "autoUv": false}, "up": {"texture": "#hair", "uv": [67.99999809, 43.99999809, 70.00000191, 46.00000191], "autoUv": false}, "down": {"texture": "#hair", "uv": [76.99999809, 50.00000095, 75.0, 48.0], "autoUv": false}}, "children": []}, {"name": "Hairstrand.060", "from": [0.86577868, -3.95695305, -1.50685924], "to": [5.23516393, 5.07783127, -0.29541403], "rotationOrigin": [3.05047131, 5.07783127, -0.90113664], "rotationX": -7.18841466, "rotationY": 4.96098752, "rotationZ": -9.34142604, "group": "hair-emoshy", "faces": {"north": {"texture": "#hair", "uv": [75.0, 31.99999809, 81.0, 45.0], "autoUv": false}, "east": {"texture": "#hair", "uv": [69.0, 72.0, 70.99999809, 84.99999976], "autoUv": false}, "south": {"texture": "#hair", "uv": [88.00000191, 22.99999809, 94.00000191, 36.0], "autoUv": false}, "west": {"texture": "#hair", "uv": [73.00000191, 72.0, 75.0, 84.99999976], "autoUv": false}, "up": {"texture": "#hair", "uv": [67.99999809, 43.99999809, 70.00000191, 46.00000191], "autoUv": false}, "down": {"texture": "#hair", "uv": [76.99999809, 50.00000095, 75.0, 48.0], "autoUv": false}}, "children": []}, {"name": "Hairstrand.061", "from": [6.1028769, -2.70000887, 5.69374916], "to": [8.52404475, 5.12981033, 6.55287102], "rotationOrigin": [7.31346083, 5.12981033, 6.12331009], "rotationX": -8.8233818, "rotationY": 15.30169158, "rotationZ": -14.78301043, "group": "hair-emoshy", "faces": {"north": {"texture": "#hair", "uv": [67.99999809, 73.00000048, 72.0, 84.0], "autoUv": false}, "east": {"texture": "#hair", "uv": [67.00000191, 72.0, 69.0, 82.99999952], "autoUv": false}, "south": {"texture": "#hair", "uv": [67.99999809, 73.00000048, 72.0, 84.0], "autoUv": false}, "west": {"texture": "#hair", "uv": [72.0, 73.00000048, 73.99999809, 84.0], "autoUv": false}, "up": {"texture": "#hair", "uv": [67.99999809, 69.99999905, 70.99999809, 73.00000048], "autoUv": false}, "down": {"texture": "#hair", "uv": [76.99999809, 50.00000095, 75.0, 48.0], "autoUv": false}}, "children": []}, {"name": "Hairstrand.062", "from": [0.69587195, -0.42641544, -2.08195913], "to": [2.99386442, 6.31580544, -0.7335149], "rotationOrigin": [1.84486818, 6.31580544, -1.40773702], "rotationX": -8.13943996, "rotationY": -3.07843307, "rotationZ": -9.98713078, "group": "hair-emoshy", "faces": {"north": {"texture": "#hair", "uv": [67.99999809, 73.00000048, 70.99999809, 82.99999952], "autoUv": false}, "east": {"texture": "#hair", "uv": [70.99999809, 73.00000048, 73.00000191, 82.99999952], "autoUv": false}, "south": {"texture": "#hair", "uv": [70.00000191, 73.00000048, 73.00000191, 82.99999952], "autoUv": false}, "west": {"texture": "#hair", "uv": [73.00000191, 73.00000048, 75.0, 82.99999952], "autoUv": false}, "up": {"texture": "#hair", "uv": [67.99999809, 43.99999809, 70.00000191, 46.00000191], "autoUv": false}, "down": {"texture": "#hair", "uv": [76.99999809, 50.00000095, 75.0, 48.0], "autoUv": false}}, "children": []}, {"name": "Hairstrand.063", "from": [5.69505894, -2.16615295, 6.12259811], "to": [7.75415218, 5.34527016, 7.35150772], "rotationOrigin": [6.72460556, 5.34527016, 6.73705292], "rotationX": -10.68853998, "rotationY": -16.23719356, "rotationZ": -18.21324242, "group": "hair-emoshy", "faces": {"north": {"texture": "#hair", "uv": [67.99999809, 72.0, 72.0, 84.0], "autoUv": false}, "east": {"texture": "#hair", "uv": [67.00000191, 71.00000095, 69.0, 82.99999952], "autoUv": false}, "south": {"texture": "#hair", "uv": [67.99999809, 72.0, 72.0, 84.0], "autoUv": false}, "west": {"texture": "#hair", "uv": [72.0, 72.0, 73.99999809, 84.0], "autoUv": false}, "up": {"texture": "#hair", "uv": [67.99999809, 69.0, 70.99999809, 72.0], "autoUv": false}, "down": {"texture": "#hair", "uv": [76.99999809, 50.00000095, 75.0, 48.0], "autoUv": false}}, "children": []}, {"name": "Hairstrand.064", "from": [4.29214263, -2.70190454, 6.43616056], "to": [6.35123563, 0.6239481, 7.66507006], "rotationOrigin": [5.32168913, 0.6239481, 7.05061531], "rotationX": -35.62539586, "rotationY": -3.99774345, "rotationZ": -28.15023876, "group": "hair-emoshy", "faces": {"north": {"texture": "#hair", "uv": [67.99999809, 76.99999952, 72.0, 84.0], "autoUv": false}, "east": {"texture": "#hair", "uv": [67.00000191, 76.00000048, 69.0, 82.99999952], "autoUv": false}, "south": {"texture": "#hair", "uv": [67.99999809, 76.99999952, 72.0, 84.0], "autoUv": false}, "west": {"texture": "#hair", "uv": [72.0, 76.99999952, 73.99999809, 84.0], "autoUv": false}, "up": {"texture": "#hair", "uv": [67.99999809, 73.99999952, 70.99999809, 76.99999952], "autoUv": false}, "down": {"texture": "#hair", "uv": [76.99999809, 50.00000095, 75.0, 48.0], "autoUv": false}}, "children": []}, {"name": "Hairstrand.065", "from": [1.21331978, -4.3527832, -0.59009802], "to": [5.58270645, 0.34116745, 0.77554047], "rotationOrigin": [3.39801311, 0.34116745, 0.09272122], "rotationX": 26.01029951, "rotationY": -3.37593028, "rotationZ": 2.6873501, "group": "hair-emoshy", "faces": {"north": {"texture": "#hair", "uv": [73.00000191, 34.99999809, 79.00000191, 43.99999809], "autoUv": false}, "east": {"texture": "#hair", "uv": [67.99999809, 76.00000048, 70.99999809, 84.99999976], "autoUv": false}, "south": {"texture": "#hair", "uv": [88.00000191, 25.99999809, 94.00000191, 34.99999809], "autoUv": false}, "west": {"texture": "#hair", "uv": [72.0, 76.00000048, 75.0, 84.99999976], "autoUv": false}, "up": {"texture": "#hair", "uv": [67.99999809, 43.99999809, 70.00000191, 46.00000191], "autoUv": false}, "down": {"texture": "#hair", "uv": [76.99999809, 50.00000095, 75.0, 48.0], "autoUv": false}}, "children": []}]}]}], "groups": []}