{"textureWidth": 128, "textureHeight": 128, "textures": {}, "textureSizes": {}, "elements": [{"name": "EyeBlackOuterL.001", "from": [2.1476282477378845, 2.123820424079895, 0.6778420209884644], "to": [3.2460766434669495, 4.2359760999679565, 2.8611022233963013], "rotationOrigin": [2.696852445602417, 3.179898262023926, 1.7694721221923828], "stepParentName": "b_Head", "rotationX": -2.578231604161568e-20, "rotationY": 2.1322367850523506e-20, "rotationZ": -90.00000933466734, "group": "EyeDerpyL", "faces": {"north": {"texture": "#main", "uv": [124.0, 1.0, 127.0, 7.0], "autoUv": false}, "east": {"texture": "#main", "uv": [119.0, 1.0, 127.0, 7.0], "autoUv": false}, "south": {"texture": "#main", "uv": [123.0, 1.0, 126.0, 7.0], "autoUv": false}, "west": {"texture": "#main", "uv": [119.0, 1.0, 127.0, 7.0], "autoUv": false}, "up": {"texture": "#main", "uv": [119.0, 1.0, 127.0, 4.0], "autoUv": false, "rotation": 90}, "down": {"texture": "#main", "uv": [119.0, 4.0, 127.0, 1.0], "autoUv": false, "rotation": 270}}, "children": []}, {"name": "EyeWhiteL.001", "from": [2.195618063211441, 2.501602590084076, 0.7497251033782959], "to": [2.887974828481674, 4.310525476932526, 2.8777832984924316], "rotationOrigin": [2.5417964458465576, 3.406064033508301, 1.8137542009353638], "stepParentName": "b_Head", "rotationX": -2.578231604161568e-20, "rotationY": 2.1322367850523506e-20, "rotationZ": -90.00000933466734, "group": "EyeDerpyL", "faces": {"north": {"texture": "#main", "uv": [124.0, 69.0, 127.0, 75.0], "autoUv": false}, "east": {"texture": "#main", "uv": [119.0, 69.0, 127.0, 75.0], "autoUv": false}, "south": {"texture": "#main", "uv": [123.0, 69.0, 126.0, 75.0], "autoUv": false}, "west": {"texture": "#main", "uv": [119.0, 69.0, 127.0, 75.0], "autoUv": false}, "up": {"texture": "#main", "uv": [119.0, 69.0, 127.0, 72.0], "autoUv": false, "rotation": 90}, "down": {"texture": "#main", "uv": [119.0, 72.0, 127.0, 69.0], "autoUv": false, "rotation": 270}}, "children": []}, {"name": "EyeColorL.001", "from": [2.0970424711704254, 2.640899956226349, 0.7295795679092407], "to": [2.7893992364406586, 4.182998359203339, 2.6420902013778687], "rotationOrigin": [2.443220853805542, 3.4119491577148438, 1.6858348846435547], "stepParentName": "b_Head", "rotationX": -2.578231604161568e-20, "rotationY": 2.1322367850523506e-20, "rotationZ": -90.00000933466734, "group": "EyeDerpyL", "faces": {"north": {"texture": "#main", "uv": [108.0, 1.0, 110.0, 7.0], "autoUv": false}, "east": {"texture": "#main", "uv": [109.0, 1.0, 116.0, 7.0], "autoUv": false}, "south": {"texture": "#main", "uv": [115.0, 1.0, 117.0, 7.0], "autoUv": false}, "west": {"texture": "#main", "uv": [109.0, 1.0, 116.0, 7.0], "autoUv": false}, "up": {"texture": "#main", "uv": [109.0, 0.0, 117.0, 1.0], "autoUv": false, "rotation": 90}, "down": {"texture": "#main", "uv": [109.0, 7.0, 116.0, 5.0], "autoUv": false, "rotation": 270}}, "children": []}, {"name": "EyeBlackL.001", "from": [2.082477957010269, 2.6807620525360107, 0.9733899831771851], "to": [2.7748347222805023, 4.1740944385528564, 2.174590229988098], "rotationOrigin": [2.4286563396453857, 3.4274282455444336, 1.5739901065826416], "stepParentName": "b_Head", "rotationX": -2.578231604161568e-20, "rotationY": 2.1322367850523506e-20, "rotationZ": -90.00000933466734, "group": "EyeDerpyL", "faces": {"north": {"texture": "#main", "uv": [124.0, 1.0, 127.0, 7.0], "autoUv": false}, "east": {"texture": "#main", "uv": [122.0, 1.0, 127.0, 7.0], "autoUv": false}, "south": {"texture": "#main", "uv": [123.0, 1.0, 126.0, 7.0], "autoUv": false}, "west": {"texture": "#main", "uv": [122.0, 1.0, 127.0, 7.0], "autoUv": false}, "up": {"texture": "#main", "uv": [122.0, 1.0, 127.0, 4.0], "autoUv": false, "rotation": 90}, "down": {"texture": "#main", "uv": [122.0, 4.0, 127.0, 1.0], "autoUv": false, "rotation": 270}}, "children": []}, {"name": "EyeHighlight0L.001", "from": [2.8793106228113174, 3.410826086997986, 1.0729163587093353], "to": [3.1478972285985947, 3.8892799615859985, 1.5872747004032135], "rotationOrigin": [3.013603925704956, 3.650053024291992, 1.3300955295562744], "stepParentName": "b_Head", "rotationX": -2.578231604161568e-20, "rotationY": 2.1322367850523506e-20, "rotationZ": -90.00000933466734, "group": "EyeDerpyL", "faces": {"north": {"texture": "#main", "uv": [124.0, 70.0, 126.0, 74.0], "autoUv": false}, "east": {"texture": "#main", "uv": [121.0, 70.0, 126.0, 74.0], "autoUv": false}, "south": {"texture": "#main", "uv": [123.0, 70.0, 125.0, 74.0], "autoUv": false}, "west": {"texture": "#main", "uv": [121.0, 70.0, 126.0, 74.0], "autoUv": false}, "up": {"texture": "#main", "uv": [121.0, 70.0, 126.0, 72.0], "autoUv": false, "rotation": 90}, "down": {"texture": "#main", "uv": [121.0, 72.0, 126.0, 70.0], "autoUv": false, "rotation": 270}}, "children": []}, {"name": "EyeHighlight1L.001", "from": [2.582349792122841, 3.5360786095261574, 1.9965162947773933], "to": [2.850936397910118, 3.764027439057827, 2.2068366333842278], "rotationOrigin": [2.7166430950164795, 3.650053024291992, 2.1016764640808105], "stepParentName": "b_Head", "rotationX": -2.578231604161568e-20, "rotationY": 2.1322367850523506e-20, "rotationZ": -90.00000933466734, "group": "EyeDerpyL", "faces": {"north": {"texture": "#main", "uv": [124.0, 70.0, 126.0, 74.0], "autoUv": false}, "east": {"texture": "#main", "uv": [121.0, 70.0, 126.0, 74.0], "autoUv": false}, "south": {"texture": "#main", "uv": [123.0, 70.0, 125.0, 74.0], "autoUv": false}, "west": {"texture": "#main", "uv": [121.0, 70.0, 126.0, 74.0], "autoUv": false}, "up": {"texture": "#main", "uv": [121.0, 70.0, 126.0, 72.0], "autoUv": false, "rotation": 90}, "down": {"texture": "#main", "uv": [121.0, 72.0, 126.0, 70.0], "autoUv": false, "rotation": 270}}, "children": []}, {"name": "EyeBrowL.001", "from": [3.6152188181877136, 3.099287800490856, 0.8678069114685059], "to": [4.713667213916779, 3.2605087235569954, 2.6711373329162598], "rotationOrigin": [4.164443016052246, 3.179898262023926, 1.7694721221923828], "stepParentName": "b_Head", "rotationX": -2.578231604161568e-20, "rotationY": 2.1322367850523506e-20, "rotationZ": -90.00000933466734, "group": "EyeDerpyL", "faces": {"north": {"texture": "#main", "uv": [124.0, 5.0, 127.0, 7.0], "autoUv": false}, "east": {"texture": "#main", "uv": [119.0, 5.0, 127.0, 7.0], "autoUv": false}, "south": {"texture": "#main", "uv": [123.0, 5.0, 126.0, 7.0], "autoUv": false}, "west": {"texture": "#main", "uv": [119.0, 5.0, 127.0, 7.0], "autoUv": false}, "up": {"texture": "#main", "uv": [119.0, 5.0, 127.0, 6.0], "autoUv": false, "rotation": 90}, "down": {"texture": "#main", "uv": [119.0, 6.0, 127.0, 5.0], "autoUv": false, "rotation": 270}}, "children": []}, {"name": "EyeBlackOuterR.001", "from": [2.1476282477378845, 2.123820424079895, -2.8611022233963013], "to": [3.2460766434669495, 4.2359760999679565, -0.6778420209884644], "rotationOrigin": [2.696852445602417, 3.179898262023926, -1.7694721221923828], "stepParentName": "b_Head", "rotationX": -2.578231604161568e-20, "rotationY": 2.1322367850523506e-20, "rotationZ": -90.00000933466734, "group": "EyeDerpyR", "faces": {"north": {"texture": "#main", "uv": [124.0, 1.0, 127.0, 7.0], "autoUv": false}, "east": {"texture": "#main", "uv": [119.0, 1.0, 127.0, 7.0], "autoUv": false}, "south": {"texture": "#main", "uv": [123.0, 1.0, 126.0, 7.0], "autoUv": false}, "west": {"texture": "#main", "uv": [119.0, 1.0, 127.0, 7.0], "autoUv": false}, "up": {"texture": "#main", "uv": [127.0, 1.0, 119.0, 4.0], "autoUv": false, "rotation": 270}, "down": {"texture": "#main", "uv": [127.0, 4.0, 119.0, 1.0], "autoUv": false, "rotation": 90}}, "children": []}, {"name": "EyeWhiteR.001", "from": [2.195618063211441, 2.501602590084076, -2.8777832984924316], "to": [2.887974828481674, 4.310525476932526, -0.7497251033782959], "rotationOrigin": [2.5417964458465576, 3.406064033508301, -1.8137542009353638], "stepParentName": "b_Head", "rotationX": -2.578231604161568e-20, "rotationY": 2.1322367850523506e-20, "rotationZ": -90.00000933466734, "group": "EyeDerpyR", "faces": {"north": {"texture": "#main", "uv": [124.0, 69.0, 127.0, 75.0], "autoUv": false}, "east": {"texture": "#main", "uv": [119.0, 69.0, 127.0, 75.0], "autoUv": false}, "south": {"texture": "#main", "uv": [123.0, 69.0, 126.0, 75.0], "autoUv": false}, "west": {"texture": "#main", "uv": [119.0, 69.0, 127.0, 75.0], "autoUv": false}, "up": {"texture": "#main", "uv": [127.0, 69.0, 119.0, 72.0], "autoUv": false, "rotation": 270}, "down": {"texture": "#main", "uv": [127.0, 72.0, 119.0, 69.0], "autoUv": false, "rotation": 90}}, "children": []}, {"name": "EyeColorR.001", "from": [2.3826145231723785, 2.6545552015304565, -2.6420902013778687], "to": [3.0749712884426117, 4.169343113899231, -0.7295795679092407], "rotationOrigin": [2.728792905807495, 3.4119491577148438, -1.6858348846435547], "stepParentName": "b_Head", "rotationX": -2.578231604161568e-20, "rotationY": 2.1322367850523506e-20, "rotationZ": -90.00000933466734, "group": "EyeDerpyR", "faces": {"north": {"texture": "#main", "uv": [108.0, 1.0, 110.0, 7.0], "autoUv": false}, "east": {"texture": "#main", "uv": [109.0, 1.0, 116.0, 7.0], "autoUv": false}, "south": {"texture": "#main", "uv": [115.0, 1.0, 117.0, 7.0], "autoUv": false}, "west": {"texture": "#main", "uv": [109.0, 1.0, 116.0, 7.0], "autoUv": false}, "up": {"texture": "#main", "uv": [116.0, 5.0, 109.0, 7.0], "autoUv": false, "rotation": 270}, "down": {"texture": "#main", "uv": [117.0, 1.0, 109.0, 0.0], "autoUv": false, "rotation": 90}}, "children": []}, {"name": "EyeBlackR.001", "from": [2.4301933348178864, 2.6807620525360107, -2.174590229988098], "to": [3.1225501000881195, 4.1740944385528564, -0.9733899831771851], "rotationOrigin": [2.776371717453003, 3.4274282455444336, -1.5739901065826416], "stepParentName": "b_Head", "rotationX": -2.578231604161568e-20, "rotationY": 2.1322367850523506e-20, "rotationZ": -90.00000933466734, "group": "EyeDerpyR", "faces": {"north": {"texture": "#main", "uv": [124.0, 1.0, 127.0, 7.0], "autoUv": false}, "east": {"texture": "#main", "uv": [122.0, 1.0, 127.0, 7.0], "autoUv": false}, "south": {"texture": "#main", "uv": [123.0, 1.0, 126.0, 7.0], "autoUv": false}, "west": {"texture": "#main", "uv": [122.0, 1.0, 127.0, 7.0], "autoUv": false}, "up": {"texture": "#main", "uv": [127.0, 1.0, 122.0, 4.0], "autoUv": false, "rotation": 270}, "down": {"texture": "#main", "uv": [127.0, 4.0, 122.0, 1.0], "autoUv": false, "rotation": 90}}, "children": []}, {"name": "EyeHighlight0R.001", "from": [2.9685650020837784, 3.410826086997986, -2.0943503677845], "to": [3.2371516078710556, 3.8892799615859985, -1.579992026090622], "rotationOrigin": [3.102858304977417, 3.650053024291992, -1.837171196937561], "stepParentName": "b_Head", "rotationX": -2.578231604161568e-20, "rotationY": 2.1322367850523506e-20, "rotationZ": -90.00000933466734, "group": "EyeDerpyR", "faces": {"north": {"texture": "#main", "uv": [124.0, 70.0, 126.0, 74.0], "autoUv": false}, "east": {"texture": "#main", "uv": [121.0, 70.0, 126.0, 74.0], "autoUv": false}, "south": {"texture": "#main", "uv": [123.0, 70.0, 125.0, 74.0], "autoUv": false}, "west": {"texture": "#main", "uv": [121.0, 70.0, 126.0, 74.0], "autoUv": false}, "up": {"texture": "#main", "uv": [126.0, 70.0, 121.0, 72.0], "autoUv": false, "rotation": 270}, "down": {"texture": "#main", "uv": [126.0, 72.0, 121.0, 70.0], "autoUv": false, "rotation": 90}}, "children": []}, {"name": "EyeHighlight1R.001", "from": [2.671604171395302, 3.5360786095261574, -1.147000603377819], "to": [2.940190777182579, 3.764027439057827, -0.9366802647709846], "rotationOrigin": [2.8058974742889404, 3.650053024291992, -1.0418404340744019], "stepParentName": "b_Head", "rotationX": -2.578231604161568e-20, "rotationY": 2.1322367850523506e-20, "rotationZ": -90.00000933466734, "group": "EyeDerpyR", "faces": {"north": {"texture": "#main", "uv": [124.0, 70.0, 126.0, 74.0], "autoUv": false}, "east": {"texture": "#main", "uv": [121.0, 70.0, 126.0, 74.0], "autoUv": false}, "south": {"texture": "#main", "uv": [123.0, 70.0, 125.0, 74.0], "autoUv": false}, "west": {"texture": "#main", "uv": [121.0, 70.0, 126.0, 74.0], "autoUv": false}, "up": {"texture": "#main", "uv": [126.0, 70.0, 121.0, 72.0], "autoUv": false, "rotation": 270}, "down": {"texture": "#main", "uv": [126.0, 72.0, 121.0, 70.0], "autoUv": false, "rotation": 90}}, "children": []}, {"name": "EyeBrowR.001", "from": [3.6152188181877136, 3.099287800490856, -2.671135187149048], "to": [4.713667213916779, 3.2605087235569954, -0.867804765701294], "rotationOrigin": [4.164443016052246, 3.179898262023926, -1.769469976425171], "stepParentName": "b_Head", "rotationX": -2.578231604161568e-20, "rotationY": 2.1322367850523506e-20, "rotationZ": -90.00000933466734, "group": "EyeDerpyR", "faces": {"north": {"texture": "#main", "uv": [124.0, 5.0, 127.0, 7.0], "autoUv": false}, "east": {"texture": "#main", "uv": [119.0, 5.0, 127.0, 7.0], "autoUv": false}, "south": {"texture": "#main", "uv": [123.0, 5.0, 126.0, 7.0], "autoUv": false}, "west": {"texture": "#main", "uv": [119.0, 5.0, 127.0, 7.0], "autoUv": false}, "up": {"texture": "#main", "uv": [119.0, 5.0, 127.0, 6.0], "autoUv": false, "rotation": 90}, "down": {"texture": "#main", "uv": [119.0, 6.0, 127.0, 5.0], "autoUv": false, "rotation": 270}}, "children": []}], "groups": []}