{"textureWidth": 128, "textureHeight": 128, "textures": {}, "textureSizes": {}, "elements": [{"name": "EyeBlackOuterL.005", "from": [2.1476282477378845, 2.123820424079895, 0.6778420209884644], "to": [3.2460766434669495, 4.2359760999679565, 2.8611022233963013], "rotationOrigin": [2.696852445602417, 3.179898262023926, 1.7694721221923828], "stepParentName": "b_Head", "rotationX": -2.578231604161568e-20, "rotationY": 2.1322367850523506e-20, "rotationZ": -90.00000933466734, "group": "EyeBoomerL", "faces": {"north": {"texture": "#main", "uv": [124.0, 1.0, 127.0, 7.0], "autoUv": false}, "east": {"texture": "#main", "uv": [119.0, 1.0, 127.0, 7.0], "autoUv": false}, "south": {"texture": "#main", "uv": [123.0, 1.0, 126.0, 7.0], "autoUv": false}, "west": {"texture": "#main", "uv": [119.0, 1.0, 127.0, 7.0], "autoUv": false}, "up": {"texture": "#main", "uv": [119.0, 1.0, 127.0, 4.0], "autoUv": false, "rotation": 90}, "down": {"texture": "#main", "uv": [119.0, 4.0, 127.0, 1.0], "autoUv": false, "rotation": 270}}, "children": []}, {"name": "EyeWhiteL.004", "from": [2.214050680398941, 2.6688185930252075, 0.7497249841690063], "to": [2.906407445669174, 4.143309473991394, 2.877783179283142], "rotationOrigin": [2.5602290630340576, 3.406064033508301, 1.8137540817260742], "stepParentName": "b_Head", "rotationX": -2.578231604161568e-20, "rotationY": 2.1322367850523506e-20, "rotationZ": -90.00000933466734, "group": "EyeBoomerL", "faces": {"north": {"texture": "#main", "uv": [124.0, 69.0, 127.0, 75.0], "autoUv": false}, "east": {"texture": "#main", "uv": [119.0, 69.0, 127.0, 75.0], "autoUv": false}, "south": {"texture": "#main", "uv": [123.0, 69.0, 126.0, 75.0], "autoUv": false}, "west": {"texture": "#main", "uv": [119.0, 69.0, 127.0, 75.0], "autoUv": false}, "up": {"texture": "#main", "uv": [119.0, 69.0, 127.0, 72.0], "autoUv": false, "rotation": 90}, "down": {"texture": "#main", "uv": [119.0, 72.0, 127.0, 69.0], "autoUv": false, "rotation": 270}}, "children": []}, {"name": "EyeColorL.005", "from": [2.2505668699741364, 2.632632553577423, 0.7295795679092407], "to": [2.9429236352443695, 4.191265761852264, 2.6420902013778687], "rotationOrigin": [2.596745252609253, 3.4119491577148438, 1.6858348846435547], "stepParentName": "b_Head", "rotationX": -2.578231604161568e-20, "rotationY": 2.1322367850523506e-20, "rotationZ": -90.00000933466734, "group": "EyeBoomerL", "faces": {"north": {"texture": "#main", "uv": [108.0, 1.0, 110.0, 7.0], "autoUv": false}, "east": {"texture": "#main", "uv": [109.0, 1.0, 116.0, 7.0], "autoUv": false}, "south": {"texture": "#main", "uv": [115.0, 1.0, 117.0, 7.0], "autoUv": false}, "west": {"texture": "#main", "uv": [109.0, 1.0, 116.0, 7.0], "autoUv": false}, "up": {"texture": "#main", "uv": [109.0, 0.0, 117.0, 1.0], "autoUv": false, "rotation": 90}, "down": {"texture": "#main", "uv": [109.0, 7.0, 116.0, 5.0], "autoUv": false, "rotation": 270}}, "children": []}, {"name": "EyeBlackL.004", "from": [2.449373632669449, 2.7796733379364014, 0.9733899831771851], "to": [3.141730397939682, 4.075183153152466, 2.174590229988098], "rotationOrigin": [2.7955520153045654, 3.4274282455444336, 1.5739901065826416], "stepParentName": "b_Head", "rotationX": -2.578231604161568e-20, "rotationY": 2.1322367850523506e-20, "rotationZ": -90.00000933466734, "group": "EyeBoomerL", "faces": {"north": {"texture": "#main", "uv": [124.0, 1.0, 127.0, 7.0], "autoUv": false}, "east": {"texture": "#main", "uv": [122.0, 1.0, 127.0, 7.0], "autoUv": false}, "south": {"texture": "#main", "uv": [123.0, 1.0, 126.0, 7.0], "autoUv": false}, "west": {"texture": "#main", "uv": [122.0, 1.0, 127.0, 7.0], "autoUv": false}, "up": {"texture": "#main", "uv": [122.0, 1.0, 127.0, 4.0], "autoUv": false, "rotation": 90}, "down": {"texture": "#main", "uv": [122.0, 4.0, 127.0, 1.0], "autoUv": false, "rotation": 270}}, "children": []}, {"name": "EyeHighlight0L.005", "from": [2.9857139736413956, 3.410826086997986, 1.0729163587093353], "to": [3.254300579428673, 3.8892799615859985, 1.5872747004032135], "rotationOrigin": [3.120007276535034, 3.650053024291992, 1.3300955295562744], "stepParentName": "b_Head", "rotationX": -2.578231604161568e-20, "rotationY": 2.1322367850523506e-20, "rotationZ": -90.00000933466734, "group": "EyeBoomerL", "faces": {"north": {"texture": "#main", "uv": [124.0, 70.0, 126.0, 74.0], "autoUv": false}, "east": {"texture": "#main", "uv": [121.0, 70.0, 126.0, 74.0], "autoUv": false}, "south": {"texture": "#main", "uv": [123.0, 70.0, 125.0, 74.0], "autoUv": false}, "west": {"texture": "#main", "uv": [121.0, 70.0, 126.0, 74.0], "autoUv": false}, "up": {"texture": "#main", "uv": [121.0, 70.0, 126.0, 72.0], "autoUv": false, "rotation": 90}, "down": {"texture": "#main", "uv": [121.0, 72.0, 126.0, 70.0], "autoUv": false, "rotation": 270}}, "children": []}, {"name": "EyeHighlight1L.005", "from": [2.830488219857216, 3.5360786095261574, 1.9965162947773933], "to": [3.099074825644493, 3.764027439057827, 2.2068366333842278], "rotationOrigin": [2.9647815227508545, 3.650053024291992, 2.1016764640808105], "stepParentName": "b_Head", "rotationX": -2.578231604161568e-20, "rotationY": 2.1322367850523506e-20, "rotationZ": -90.00000933466734, "group": "EyeBoomerL", "faces": {"north": {"texture": "#main", "uv": [124.0, 70.0, 126.0, 74.0], "autoUv": false}, "east": {"texture": "#main", "uv": [121.0, 70.0, 126.0, 74.0], "autoUv": false}, "south": {"texture": "#main", "uv": [123.0, 70.0, 125.0, 74.0], "autoUv": false}, "west": {"texture": "#main", "uv": [121.0, 70.0, 126.0, 74.0], "autoUv": false}, "up": {"texture": "#main", "uv": [121.0, 70.0, 126.0, 72.0], "autoUv": false, "rotation": 90}, "down": {"texture": "#main", "uv": [121.0, 72.0, 126.0, 70.0], "autoUv": false, "rotation": 270}}, "children": []}, {"name": "EyeBrowL.006", "from": [3.6152188181877136, 3.099287800490856, 0.8678069114685059], "to": [4.713667213916779, 3.2605087235569954, 2.6711373329162598], "rotationOrigin": [4.164443016052246, 3.179898262023926, 1.7694721221923828], "stepParentName": "b_Head", "rotationX": -2.578231604161568e-20, "rotationY": 2.1322367850523506e-20, "rotationZ": -90.00000933466734, "group": "EyeBoomerL", "faces": {"north": {"texture": "#main", "uv": [124.0, 5.0, 127.0, 7.0], "autoUv": false}, "east": {"texture": "#main", "uv": [119.0, 5.0, 127.0, 7.0], "autoUv": false}, "south": {"texture": "#main", "uv": [123.0, 5.0, 126.0, 7.0], "autoUv": false}, "west": {"texture": "#main", "uv": [119.0, 5.0, 127.0, 7.0], "autoUv": false}, "up": {"texture": "#main", "uv": [119.0, 5.0, 127.0, 6.0], "autoUv": false, "rotation": 90}, "down": {"texture": "#main", "uv": [119.0, 6.0, 127.0, 5.0], "autoUv": false, "rotation": 270}}, "children": []}, {"name": "EyeBrowL.007", "from": [0.9815306067466736, 3.1367450170218945, 1.0647683143615723], "to": [1.6628717482089996, 3.2230523377656937, 2.8680989742279053], "rotationOrigin": [1.530754804611206, 3.179898738861084, 1.9664336442947388], "stepParentName": "b_Head", "rotationX": -2.3906190932232624e-06, "rotationY": -5.00000113520693, "rotationZ": -90.00000933466734, "group": "EyeBoomerL", "faces": {"north": {"texture": "#main", "uv": [124.0, 5.0, 127.0, 7.0], "autoUv": false}, "east": {"texture": "#main", "uv": [119.0, 5.0, 127.0, 7.0], "autoUv": false}, "south": {"texture": "#main", "uv": [123.0, 5.0, 126.0, 7.0], "autoUv": false}, "west": {"texture": "#main", "uv": [119.0, 5.0, 127.0, 7.0], "autoUv": false}, "up": {"texture": "#main", "uv": [119.0, 5.0, 127.0, 6.0], "autoUv": false, "rotation": 90}, "down": {"texture": "#main", "uv": [119.0, 6.0, 127.0, 5.0], "autoUv": false, "rotation": 270}}, "children": []}, {"name": "EyeBlackOuterR.005", "from": [2.1476282477378845, 2.123820424079895, -2.8611022233963013], "to": [3.2460766434669495, 4.2359760999679565, -0.6778420209884644], "rotationOrigin": [2.696852445602417, 3.179898262023926, -1.7694721221923828], "stepParentName": "b_Head", "rotationX": -2.578231604161568e-20, "rotationY": 2.1322367850523506e-20, "rotationZ": -90.00000933466734, "group": "EyeBoomerR", "faces": {"north": {"texture": "#main", "uv": [124.0, 1.0, 127.0, 7.0], "autoUv": false}, "east": {"texture": "#main", "uv": [119.0, 1.0, 127.0, 7.0], "autoUv": false}, "south": {"texture": "#main", "uv": [123.0, 1.0, 126.0, 7.0], "autoUv": false}, "west": {"texture": "#main", "uv": [119.0, 1.0, 127.0, 7.0], "autoUv": false}, "up": {"texture": "#main", "uv": [127.0, 1.0, 119.0, 4.0], "autoUv": false, "rotation": 270}, "down": {"texture": "#main", "uv": [127.0, 4.0, 119.0, 1.0], "autoUv": false, "rotation": 90}}, "children": []}, {"name": "EyeWhiteR.004", "from": [2.214050680398941, 2.6688185930252075, -2.877783417701721], "to": [2.906407445669174, 4.143309473991394, -0.7497252225875854], "rotationOrigin": [2.5602290630340576, 3.406064033508301, -1.8137543201446533], "stepParentName": "b_Head", "rotationX": -2.578231604161568e-20, "rotationY": 2.1322367850523506e-20, "rotationZ": -90.00000933466734, "group": "EyeBoomerR", "faces": {"north": {"texture": "#main", "uv": [124.0, 69.0, 127.0, 75.0], "autoUv": false}, "east": {"texture": "#main", "uv": [119.0, 69.0, 127.0, 75.0], "autoUv": false}, "south": {"texture": "#main", "uv": [123.0, 69.0, 126.0, 75.0], "autoUv": false}, "west": {"texture": "#main", "uv": [119.0, 69.0, 127.0, 75.0], "autoUv": false}, "up": {"texture": "#main", "uv": [127.0, 69.0, 119.0, 72.0], "autoUv": false, "rotation": 270}, "down": {"texture": "#main", "uv": [127.0, 72.0, 119.0, 69.0], "autoUv": false, "rotation": 90}}, "children": []}, {"name": "EyeColorR.005", "from": [2.2537674009799957, 2.7358691096305847, -2.6420902013778687], "to": [2.946124166250229, 4.088029205799103, -0.7295795679092407], "rotationOrigin": [2.5999457836151123, 3.4119491577148438, -1.6858348846435547], "stepParentName": "b_Head", "rotationX": -2.578231604161568e-20, "rotationY": 2.1322367850523506e-20, "rotationZ": -90.00000933466734, "group": "EyeBoomerR", "faces": {"north": {"texture": "#main", "uv": [108.0, 1.0, 110.0, 7.0], "autoUv": false}, "east": {"texture": "#main", "uv": [109.0, 1.0, 116.0, 7.0], "autoUv": false}, "south": {"texture": "#main", "uv": [115.0, 1.0, 117.0, 7.0], "autoUv": false}, "west": {"texture": "#main", "uv": [109.0, 1.0, 116.0, 7.0], "autoUv": false}, "up": {"texture": "#main", "uv": [116.0, 5.0, 109.0, 7.0], "autoUv": false, "rotation": 270}, "down": {"texture": "#main", "uv": [117.0, 1.0, 109.0, 0.0], "autoUv": false, "rotation": 90}}, "children": []}, {"name": "EyeBlackR.004", "from": [2.449373632669449, 2.7796733379364014, -2.174590229988098], "to": [3.141730397939682, 4.075183153152466, -0.9733899831771851], "rotationOrigin": [2.7955520153045654, 3.4274282455444336, -1.5739901065826416], "stepParentName": "b_Head", "rotationX": -2.578231604161568e-20, "rotationY": 2.1322367850523506e-20, "rotationZ": -90.00000933466734, "group": "EyeBoomerR", "faces": {"north": {"texture": "#main", "uv": [124.0, 1.0, 127.0, 7.0], "autoUv": false}, "east": {"texture": "#main", "uv": [122.0, 1.0, 127.0, 7.0], "autoUv": false}, "south": {"texture": "#main", "uv": [123.0, 1.0, 126.0, 7.0], "autoUv": false}, "west": {"texture": "#main", "uv": [122.0, 1.0, 127.0, 7.0], "autoUv": false}, "up": {"texture": "#main", "uv": [127.0, 1.0, 122.0, 4.0], "autoUv": false, "rotation": 270}, "down": {"texture": "#main", "uv": [127.0, 4.0, 122.0, 1.0], "autoUv": false, "rotation": 90}}, "children": []}, {"name": "EyeHighlight0R.005", "from": [2.9857139736413956, 3.410826086997986, -2.0943503677845], "to": [3.254300579428673, 3.8892799615859985, -1.579992026090622], "rotationOrigin": [3.120007276535034, 3.650053024291992, -1.837171196937561], "stepParentName": "b_Head", "rotationX": -2.578231604161568e-20, "rotationY": 2.1322367850523506e-20, "rotationZ": -90.00000933466734, "group": "EyeBoomerR", "faces": {"north": {"texture": "#main", "uv": [124.0, 70.0, 126.0, 74.0], "autoUv": false}, "east": {"texture": "#main", "uv": [121.0, 70.0, 126.0, 74.0], "autoUv": false}, "south": {"texture": "#main", "uv": [123.0, 70.0, 125.0, 74.0], "autoUv": false}, "west": {"texture": "#main", "uv": [121.0, 70.0, 126.0, 74.0], "autoUv": false}, "up": {"texture": "#main", "uv": [126.0, 70.0, 121.0, 72.0], "autoUv": false, "rotation": 270}, "down": {"texture": "#main", "uv": [126.0, 72.0, 121.0, 70.0], "autoUv": false, "rotation": 90}}, "children": []}, {"name": "EyeHighlight1R.005", "from": [2.830488219857216, 3.5360786095261574, -1.147000603377819], "to": [3.099074825644493, 3.764027439057827, -0.9366802647709846], "rotationOrigin": [2.9647815227508545, 3.650053024291992, -1.0418404340744019], "stepParentName": "b_Head", "rotationX": -2.578231604161568e-20, "rotationY": 2.1322367850523506e-20, "rotationZ": -90.00000933466734, "group": "EyeBoomerR", "faces": {"north": {"texture": "#main", "uv": [124.0, 70.0, 126.0, 74.0], "autoUv": false}, "east": {"texture": "#main", "uv": [121.0, 70.0, 126.0, 74.0], "autoUv": false}, "south": {"texture": "#main", "uv": [123.0, 70.0, 125.0, 74.0], "autoUv": false}, "west": {"texture": "#main", "uv": [121.0, 70.0, 126.0, 74.0], "autoUv": false}, "up": {"texture": "#main", "uv": [126.0, 70.0, 121.0, 72.0], "autoUv": false, "rotation": 270}, "down": {"texture": "#main", "uv": [126.0, 72.0, 121.0, 70.0], "autoUv": false, "rotation": 90}}, "children": []}, {"name": "EyeBrowR.006", "from": [3.6152188181877136, 3.099287800490856, -2.671135187149048], "to": [4.713667213916779, 3.2605087235569954, -0.867804765701294], "rotationOrigin": [4.164443016052246, 3.179898262023926, -1.769469976425171], "stepParentName": "b_Head", "rotationX": -2.578231604161568e-20, "rotationY": 2.1322367850523506e-20, "rotationZ": -90.00000933466734, "group": "EyeBoomerR", "faces": {"north": {"texture": "#main", "uv": [124.0, 5.0, 127.0, 7.0], "autoUv": false}, "east": {"texture": "#main", "uv": [119.0, 5.0, 127.0, 7.0], "autoUv": false}, "south": {"texture": "#main", "uv": [123.0, 5.0, 126.0, 7.0], "autoUv": false}, "west": {"texture": "#main", "uv": [119.0, 5.0, 127.0, 7.0], "autoUv": false}, "up": {"texture": "#main", "uv": [119.0, 5.0, 127.0, 6.0], "autoUv": false, "rotation": 90}, "down": {"texture": "#main", "uv": [119.0, 6.0, 127.0, 5.0], "autoUv": false, "rotation": 270}}, "children": []}, {"name": "EyeBrowR.007", "from": [0.9815306067466736, 3.1367450170218945, -2.8680968284606934], "to": [1.6628717482089996, 3.2230523377656937, -1.0647661685943604], "rotationOrigin": [1.530754804611206, 3.179898738861084, -1.9664314985275269], "stepParentName": "b_Head", "rotationX": 2.3906190932232624e-06, "rotationY": 5.00000113520693, "rotationZ": -90.00000933466734, "group": "EyeBoomerR", "faces": {"north": {"texture": "#main", "uv": [124.0, 5.0, 127.0, 7.0], "autoUv": false}, "east": {"texture": "#main", "uv": [119.0, 5.0, 127.0, 7.0], "autoUv": false}, "south": {"texture": "#main", "uv": [123.0, 5.0, 126.0, 7.0], "autoUv": false}, "west": {"texture": "#main", "uv": [119.0, 5.0, 127.0, 7.0], "autoUv": false}, "up": {"texture": "#main", "uv": [119.0, 5.0, 127.0, 6.0], "autoUv": false, "rotation": 90}, "down": {"texture": "#main", "uv": [119.0, 6.0, 127.0, 5.0], "autoUv": false, "rotation": 270}}, "children": []}], "groups": []}