{"textureWidth": 128, "textureHeight": 128, "textures": {}, "textureSizes": {}, "elements": [{"name": "EyeBlackOuterL.003", "from": [2.608539044857025, 2.288153290748596, 0.6778420209884644], "to": [3.70698744058609, 4.071643233299255, 2.8611022233963013], "rotationOrigin": [3.1577632427215576, 3.179898262023926, 1.7694721221923828], "stepParentName": "b_Head", "rotationX": -2.578231604161568e-20, "rotationY": 2.1322367850523506e-20, "rotationZ": -90.00000933466734, "group": "EyeStallionL", "faces": {"north": {"texture": "#main", "uv": [124.0, 1.0, 127.0, 7.0], "autoUv": false}, "east": {"texture": "#main", "uv": [119.0, 1.0, 127.0, 7.0], "autoUv": false}, "south": {"texture": "#main", "uv": [123.0, 1.0, 126.0, 7.0], "autoUv": false}, "west": {"texture": "#main", "uv": [119.0, 1.0, 127.0, 7.0], "autoUv": false}, "up": {"texture": "#main", "uv": [119.0, 1.0, 127.0, 4.0], "autoUv": false, "rotation": 90}, "down": {"texture": "#main", "uv": [119.0, 4.0, 127.0, 1.0], "autoUv": false, "rotation": 270}}, "children": []}, {"name": "EyeWhiteL.002", "from": [2.68065682053566, 2.6423429250717163, 0.7497251033782959], "to": [3.373013585805893, 4.169785141944885, 2.8777832984924316], "rotationOrigin": [3.0268352031707764, 3.406064033508301, 1.8137542009353638], "stepParentName": "b_Head", "rotationX": -2.578231604161568e-20, "rotationY": 2.1322367850523506e-20, "rotationZ": -90.00000933466734, "group": "EyeStallionL", "faces": {"north": {"texture": "#main", "uv": [124.0, 69.0, 127.0, 75.0], "autoUv": false}, "east": {"texture": "#main", "uv": [119.0, 69.0, 127.0, 75.0], "autoUv": false}, "south": {"texture": "#main", "uv": [123.0, 69.0, 126.0, 75.0], "autoUv": false}, "west": {"texture": "#main", "uv": [119.0, 69.0, 127.0, 75.0], "autoUv": false}, "up": {"texture": "#main", "uv": [119.0, 69.0, 127.0, 72.0], "autoUv": false, "rotation": 90}, "down": {"texture": "#main", "uv": [119.0, 72.0, 127.0, 69.0], "autoUv": false, "rotation": 270}}, "children": []}, {"name": "EyeColorL.003", "from": [2.7686332762241364, 2.711589992046356, 0.7295795679092407], "to": [3.4609900414943695, 4.112308323383331, 2.6420902013778687], "rotationOrigin": [3.114811658859253, 3.4119491577148438, 1.6858348846435547], "stepParentName": "b_Head", "rotationX": -2.578231604161568e-20, "rotationY": 2.1322367850523506e-20, "rotationZ": -90.00000933466734, "group": "EyeStallionL", "faces": {"north": {"texture": "#main", "uv": [108.0, 1.0, 110.0, 7.0], "autoUv": false}, "east": {"texture": "#main", "uv": [109.0, 1.0, 116.0, 7.0], "autoUv": false}, "south": {"texture": "#main", "uv": [115.0, 1.0, 117.0, 7.0], "autoUv": false}, "west": {"texture": "#main", "uv": [109.0, 1.0, 116.0, 7.0], "autoUv": false}, "up": {"texture": "#main", "uv": [109.0, 0.0, 117.0, 1.0], "autoUv": false, "rotation": 90}, "down": {"texture": "#main", "uv": [109.0, 7.0, 116.0, 5.0], "autoUv": false, "rotation": 270}}, "children": []}, {"name": "EyeBlackL.002", "from": [2.827045828104019, 2.738349437713623, 0.9733899831771851], "to": [3.5194025933742523, 4.116507053375244, 2.174590229988098], "rotationOrigin": [3.1732242107391357, 3.4274282455444336, 1.5739901065826416], "stepParentName": "b_Head", "rotationX": -2.578231604161568e-20, "rotationY": 2.1322367850523506e-20, "rotationZ": -90.00000933466734, "group": "EyeStallionL", "faces": {"north": {"texture": "#main", "uv": [124.0, 1.0, 127.0, 7.0], "autoUv": false}, "east": {"texture": "#main", "uv": [122.0, 1.0, 127.0, 7.0], "autoUv": false}, "south": {"texture": "#main", "uv": [123.0, 1.0, 126.0, 7.0], "autoUv": false}, "west": {"texture": "#main", "uv": [122.0, 1.0, 127.0, 7.0], "autoUv": false}, "up": {"texture": "#main", "uv": [122.0, 1.0, 127.0, 4.0], "autoUv": false, "rotation": 90}, "down": {"texture": "#main", "uv": [122.0, 4.0, 127.0, 1.0], "autoUv": false, "rotation": 270}}, "children": []}, {"name": "EyeHighlight0L.003", "from": [3.4639568477869034, 3.429276719689369, 1.0729163587093353], "to": [3.7325434535741806, 3.870829328894615, 1.5872747004032135], "rotationOrigin": [3.598250150680542, 3.650053024291992, 1.3300955295562744], "stepParentName": "b_Head", "rotationX": -2.578231604161568e-20, "rotationY": 2.1322367850523506e-20, "rotationZ": -90.00000933466734, "group": "EyeStallionL", "faces": {"north": {"texture": "#main", "uv": [124.0, 70.0, 126.0, 74.0], "autoUv": false}, "east": {"texture": "#main", "uv": [121.0, 70.0, 126.0, 74.0], "autoUv": false}, "south": {"texture": "#main", "uv": [123.0, 70.0, 125.0, 74.0], "autoUv": false}, "west": {"texture": "#main", "uv": [121.0, 70.0, 126.0, 74.0], "autoUv": false}, "up": {"texture": "#main", "uv": [121.0, 70.0, 126.0, 72.0], "autoUv": false, "rotation": 90}, "down": {"texture": "#main", "uv": [121.0, 72.0, 126.0, 70.0], "autoUv": false, "rotation": 270}}, "children": []}, {"name": "EyeHighlight1L.003", "from": [3.2132053524255753, 3.5448689982295036, 1.9965162947773933], "to": [3.4817919582128525, 3.7552370503544807, 2.2068366333842278], "rotationOrigin": [3.347498655319214, 3.650053024291992, 2.1016764640808105], "stepParentName": "b_Head", "rotationX": -2.578231604161568e-20, "rotationY": 2.1322367850523506e-20, "rotationZ": -90.00000933466734, "group": "EyeStallionL", "faces": {"north": {"texture": "#main", "uv": [124.0, 70.0, 126.0, 74.0], "autoUv": false}, "east": {"texture": "#main", "uv": [121.0, 70.0, 126.0, 74.0], "autoUv": false}, "south": {"texture": "#main", "uv": [123.0, 70.0, 125.0, 74.0], "autoUv": false}, "west": {"texture": "#main", "uv": [121.0, 70.0, 126.0, 74.0], "autoUv": false}, "up": {"texture": "#main", "uv": [121.0, 70.0, 126.0, 72.0], "autoUv": false, "rotation": 90}, "down": {"texture": "#main", "uv": [121.0, 72.0, 126.0, 70.0], "autoUv": false, "rotation": 270}}, "children": []}, {"name": "EyeBrowL.003", "from": [4.118732154369354, 3.099287800490856, 0.8678069114685059], "to": [5.217180550098419, 3.2605087235569954, 2.6711373329162598], "rotationOrigin": [4.667956352233887, 3.179898262023926, 1.7694721221923828], "stepParentName": "b_Head", "rotationX": -2.578231604161568e-20, "rotationY": 2.1322367850523506e-20, "rotationZ": -90.00000933466734, "group": "EyeStallionL", "faces": {"north": {"texture": "#main", "uv": [124.0, 5.0, 127.0, 7.0], "autoUv": false}, "east": {"texture": "#main", "uv": [119.0, 5.0, 127.0, 7.0], "autoUv": false}, "south": {"texture": "#main", "uv": [123.0, 5.0, 126.0, 7.0], "autoUv": false}, "west": {"texture": "#main", "uv": [119.0, 5.0, 127.0, 7.0], "autoUv": false}, "up": {"texture": "#main", "uv": [119.0, 5.0, 127.0, 6.0], "autoUv": false, "rotation": 90}, "down": {"texture": "#main", "uv": [119.0, 6.0, 127.0, 5.0], "autoUv": false, "rotation": 270}}, "children": []}, {"name": "EyeBlackOuterR.003", "from": [2.608539044857025, 2.288153290748596, -2.8611022233963013], "to": [3.70698744058609, 4.071643233299255, -0.6778420209884644], "rotationOrigin": [3.1577632427215576, 3.179898262023926, -1.7694721221923828], "stepParentName": "b_Head", "rotationX": -2.578231604161568e-20, "rotationY": 2.1322367850523506e-20, "rotationZ": -90.00000933466734, "group": "EyeStallionR", "faces": {"north": {"texture": "#main", "uv": [124.0, 1.0, 127.0, 7.0], "autoUv": false}, "east": {"texture": "#main", "uv": [119.0, 1.0, 127.0, 7.0], "autoUv": false}, "south": {"texture": "#main", "uv": [123.0, 1.0, 126.0, 7.0], "autoUv": false}, "west": {"texture": "#main", "uv": [119.0, 1.0, 127.0, 7.0], "autoUv": false}, "up": {"texture": "#main", "uv": [127.0, 1.0, 119.0, 4.0], "autoUv": false, "rotation": 270}, "down": {"texture": "#main", "uv": [127.0, 4.0, 119.0, 1.0], "autoUv": false, "rotation": 90}}, "children": []}, {"name": "EyeWhiteR.002", "from": [2.68065682053566, 2.6423429250717163, -2.8777832984924316], "to": [3.373013585805893, 4.169785141944885, -0.7497251033782959], "rotationOrigin": [3.0268352031707764, 3.406064033508301, -1.8137542009353638], "stepParentName": "b_Head", "rotationX": -2.578231604161568e-20, "rotationY": 2.1322367850523506e-20, "rotationZ": -90.00000933466734, "group": "EyeStallionR", "faces": {"north": {"texture": "#main", "uv": [124.0, 69.0, 127.0, 75.0], "autoUv": false}, "east": {"texture": "#main", "uv": [119.0, 69.0, 127.0, 75.0], "autoUv": false}, "south": {"texture": "#main", "uv": [123.0, 69.0, 126.0, 75.0], "autoUv": false}, "west": {"texture": "#main", "uv": [119.0, 69.0, 127.0, 75.0], "autoUv": false}, "up": {"texture": "#main", "uv": [127.0, 69.0, 119.0, 72.0], "autoUv": false, "rotation": 270}, "down": {"texture": "#main", "uv": [127.0, 72.0, 119.0, 69.0], "autoUv": false, "rotation": 90}}, "children": []}, {"name": "EyeColorR.003", "from": [2.7686332762241364, 2.711589992046356, -2.6420902013778687], "to": [3.4609900414943695, 4.112308323383331, -0.7295795679092407], "rotationOrigin": [3.114811658859253, 3.4119491577148438, -1.6858348846435547], "stepParentName": "b_Head", "rotationX": -2.578231604161568e-20, "rotationY": 2.1322367850523506e-20, "rotationZ": -90.00000933466734, "group": "EyeStallionR", "faces": {"north": {"texture": "#main", "uv": [108.0, 1.0, 110.0, 7.0], "autoUv": false}, "east": {"texture": "#main", "uv": [109.0, 1.0, 116.0, 7.0], "autoUv": false}, "south": {"texture": "#main", "uv": [115.0, 1.0, 117.0, 7.0], "autoUv": false}, "west": {"texture": "#main", "uv": [109.0, 1.0, 116.0, 7.0], "autoUv": false}, "up": {"texture": "#main", "uv": [116.0, 5.0, 109.0, 7.0], "autoUv": false, "rotation": 270}, "down": {"texture": "#main", "uv": [117.0, 1.0, 109.0, 0.0], "autoUv": false, "rotation": 90}}, "children": []}, {"name": "EyeBlackR.002", "from": [2.827045828104019, 2.738349437713623, -2.174590229988098], "to": [3.5194025933742523, 4.116507053375244, -0.9733899831771851], "rotationOrigin": [3.1732242107391357, 3.4274282455444336, -1.5739901065826416], "stepParentName": "b_Head", "rotationX": -2.578231604161568e-20, "rotationY": 2.1322367850523506e-20, "rotationZ": -90.00000933466734, "group": "EyeStallionR", "faces": {"north": {"texture": "#main", "uv": [124.0, 1.0, 127.0, 7.0], "autoUv": false}, "east": {"texture": "#main", "uv": [122.0, 1.0, 127.0, 7.0], "autoUv": false}, "south": {"texture": "#main", "uv": [123.0, 1.0, 126.0, 7.0], "autoUv": false}, "west": {"texture": "#main", "uv": [122.0, 1.0, 127.0, 7.0], "autoUv": false}, "up": {"texture": "#main", "uv": [127.0, 1.0, 122.0, 4.0], "autoUv": false, "rotation": 270}, "down": {"texture": "#main", "uv": [127.0, 4.0, 122.0, 1.0], "autoUv": false, "rotation": 90}}, "children": []}, {"name": "EyeHighlight0R.003", "from": [3.4639568477869034, 3.429276719689369, -2.0943503677845], "to": [3.7325434535741806, 3.870829328894615, -1.579992026090622], "rotationOrigin": [3.598250150680542, 3.650053024291992, -1.837171196937561], "stepParentName": "b_Head", "rotationX": -2.578231604161568e-20, "rotationY": 2.1322367850523506e-20, "rotationZ": -90.00000933466734, "group": "EyeStallionR", "faces": {"north": {"texture": "#main", "uv": [124.0, 70.0, 126.0, 74.0], "autoUv": false}, "east": {"texture": "#main", "uv": [121.0, 70.0, 126.0, 74.0], "autoUv": false}, "south": {"texture": "#main", "uv": [123.0, 70.0, 125.0, 74.0], "autoUv": false}, "west": {"texture": "#main", "uv": [121.0, 70.0, 126.0, 74.0], "autoUv": false}, "up": {"texture": "#main", "uv": [126.0, 70.0, 121.0, 72.0], "autoUv": false, "rotation": 270}, "down": {"texture": "#main", "uv": [126.0, 72.0, 121.0, 70.0], "autoUv": false, "rotation": 90}}, "children": []}, {"name": "EyeHighlight1R.003", "from": [3.2132053524255753, 3.5448689982295036, -1.147000603377819], "to": [3.4817919582128525, 3.7552370503544807, -0.9366802647709846], "rotationOrigin": [3.347498655319214, 3.650053024291992, -1.0418404340744019], "stepParentName": "b_Head", "rotationX": -2.578231604161568e-20, "rotationY": 2.1322367850523506e-20, "rotationZ": -90.00000933466734, "group": "EyeStallionR", "faces": {"north": {"texture": "#main", "uv": [124.0, 70.0, 126.0, 74.0], "autoUv": false}, "east": {"texture": "#main", "uv": [121.0, 70.0, 126.0, 74.0], "autoUv": false}, "south": {"texture": "#main", "uv": [123.0, 70.0, 125.0, 74.0], "autoUv": false}, "west": {"texture": "#main", "uv": [121.0, 70.0, 126.0, 74.0], "autoUv": false}, "up": {"texture": "#main", "uv": [126.0, 70.0, 121.0, 72.0], "autoUv": false, "rotation": 270}, "down": {"texture": "#main", "uv": [126.0, 72.0, 121.0, 70.0], "autoUv": false, "rotation": 90}}, "children": []}, {"name": "EyeBrowR.003", "from": [4.118732154369354, 3.099287800490856, -2.671135187149048], "to": [5.217180550098419, 3.2605087235569954, -0.867804765701294], "rotationOrigin": [4.667956352233887, 3.179898262023926, -1.769469976425171], "stepParentName": "b_Head", "rotationX": -2.578231604161568e-20, "rotationY": 2.1322367850523506e-20, "rotationZ": -90.00000933466734, "group": "EyeStallionR", "faces": {"north": {"texture": "#main", "uv": [124.0, 5.0, 127.0, 7.0], "autoUv": false}, "east": {"texture": "#main", "uv": [119.0, 5.0, 127.0, 7.0], "autoUv": false}, "south": {"texture": "#main", "uv": [123.0, 5.0, 126.0, 7.0], "autoUv": false}, "west": {"texture": "#main", "uv": [119.0, 5.0, 127.0, 7.0], "autoUv": false}, "up": {"texture": "#main", "uv": [119.0, 5.0, 127.0, 6.0], "autoUv": false, "rotation": 90}, "down": {"texture": "#main", "uv": [119.0, 6.0, 127.0, 5.0], "autoUv": false, "rotation": 270}}, "children": []}], "groups": []}