{"textureWidth": 128, "textureHeight": 128, "textures": {}, "textureSizes": {}, "elements": [{"name": "EyeBlackOuterL.009", "from": [2.1476282477378845, 2.1119784116744995, 0.6778420209884644], "to": [3.2460766434669495, 4.2359760999679565, 2.8611022233963013], "rotationOrigin": [2.696852445602417, 3.179898262023926, 1.7694721221923828], "stepParentName": "b_Head", "rotationX": -2.578231604161568e-20, "rotationY": 2.1322367850523506e-20, "rotationZ": -90.00000933466734, "group": "EyeL.003", "faces": {"north": {"texture": "#main", "uv": [124.0, 1.0, 127.0, 7.0], "autoUv": false}, "east": {"texture": "#main", "uv": [119.0, 1.0, 127.0, 7.0], "autoUv": false}, "south": {"texture": "#main", "uv": [123.0, 1.0, 126.0, 7.0], "autoUv": false}, "west": {"texture": "#main", "uv": [119.0, 1.0, 127.0, 7.0], "autoUv": false}, "up": {"texture": "#main", "uv": [119.0, 1.0, 127.0, 4.0], "autoUv": false, "rotation": 90}, "down": {"texture": "#main", "uv": [119.0, 4.0, 127.0, 1.0], "autoUv": false, "rotation": 270}}, "children": []}, {"name": "EyeWhiteL.007", "from": [2.141088843345642, 2.6678574681282043, 0.7497251033782959], "to": [2.8334456384181976, 3.947854697704315, 2.8777832984924316], "rotationOrigin": [2.487267255783081, 3.406064033508301, 1.8137542009353638], "stepParentName": "b_Head", "rotationX": -2.578231604161568e-20, "rotationY": 2.1322367850523506e-20, "rotationZ": -90.00000933466734, "group": "EyeL.003", "faces": {"north": {"texture": "#main", "uv": [124.0, 69.0, 127.0, 75.0], "autoUv": false}, "east": {"texture": "#main", "uv": [119.0, 69.0, 127.0, 75.0], "autoUv": false}, "south": {"texture": "#main", "uv": [123.0, 69.0, 126.0, 75.0], "autoUv": false}, "west": {"texture": "#main", "uv": [119.0, 69.0, 127.0, 75.0], "autoUv": false}, "up": {"texture": "#main", "uv": [119.0, 69.0, 127.0, 72.0], "autoUv": false, "rotation": 90}, "down": {"texture": "#main", "uv": [119.0, 72.0, 127.0, 69.0], "autoUv": false, "rotation": 270}}, "children": []}, {"name": "EyeColorL.008", "from": [2.217548757791519, 2.589509129524231, 0.7295795679092407], "to": [2.9099055230617523, 3.8872246146202087, 2.6420902013778687], "rotationOrigin": [2.5637271404266357, 3.4119491577148438, 1.6858348846435547], "stepParentName": "b_Head", "rotationX": -2.578231604161568e-20, "rotationY": 2.1322367850523506e-20, "rotationZ": -90.00000933466734, "group": "EyeL.003", "faces": {"north": {"texture": "#main", "uv": [108.0, 1.0, 110.0, 7.0], "autoUv": false}, "east": {"texture": "#main", "uv": [109.0, 1.0, 116.0, 7.0], "autoUv": false}, "south": {"texture": "#main", "uv": [115.0, 1.0, 117.0, 7.0], "autoUv": false}, "west": {"texture": "#main", "uv": [109.0, 1.0, 116.0, 6.0], "autoUv": false}, "up": {"texture": "#main", "uv": [109.0, 0.0, 117.0, 1.0], "autoUv": false, "rotation": 90}, "down": {"texture": "#main", "uv": [109.0, 7.0, 116.0, 5.0], "autoUv": false, "rotation": 270}}, "children": []}, {"name": "EyeBlackL.007", "from": [2.245533376932144, 2.813309967517853, 0.9733899831771851], "to": [2.9378901422023773, 3.9398813247680664, 2.174590229988098], "rotationOrigin": [2.5917117595672607, 3.4274282455444336, 1.5739901065826416], "stepParentName": "b_Head", "rotationX": -2.578231604161568e-20, "rotationY": 2.1322367850523506e-20, "rotationZ": -90.00000933466734, "group": "EyeL.003", "faces": {"north": {"texture": "#main", "uv": [113.0, 1.0, 115.0, 5.0], "autoUv": false}, "east": {"texture": "#main", "uv": [112.0, 1.0, 115.0, 5.0], "autoUv": false}, "south": {"texture": "#main", "uv": [113.0, 1.0, 114.0, 5.0], "autoUv": false}, "west": {"texture": "#main", "uv": [114.0, 0.0, 116.0, 2.0], "autoUv": false}, "up": {"texture": "#main", "uv": [112.0, 1.0, 115.0, 3.0], "autoUv": false, "rotation": 90}, "down": {"texture": "#main", "uv": [112.0, 3.0, 115.0, 1.0], "autoUv": false, "rotation": 270}}, "children": []}, {"name": "EyeHighlight0L.008", "from": [2.64055635035038, 3.437589779496193, 0.950931042432785], "to": [2.909142956137657, 3.8625162690877914, 1.4652893841266632], "rotationOrigin": [2.7748496532440186, 3.650053024291992, 1.2081102132797241], "stepParentName": "b_Head", "rotationX": -2.578231604161568e-20, "rotationY": 2.1322367850523506e-20, "rotationZ": -90.00000933466734, "group": "EyeL.003", "faces": {"north": {"texture": "#main", "uv": [124.0, 70.0, 126.0, 74.0], "autoUv": false}, "east": {"texture": "#main", "uv": [121.0, 70.0, 126.0, 74.0], "autoUv": false}, "south": {"texture": "#main", "uv": [123.0, 70.0, 125.0, 74.0], "autoUv": false}, "west": {"texture": "#main", "uv": [121.0, 70.0, 126.0, 74.0], "autoUv": false}, "up": {"texture": "#main", "uv": [121.0, 70.0, 126.0, 72.0], "autoUv": false, "rotation": 90}, "down": {"texture": "#main", "uv": [121.0, 72.0, 126.0, 70.0], "autoUv": false, "rotation": 270}}, "children": []}, {"name": "EyeBrowL.009", "from": [3.6152188181877136, 3.099287800490856, 0.8678069114685059], "to": [4.713667213916779, 3.2605087235569954, 2.6711373329162598], "rotationOrigin": [4.164443016052246, 3.179898262023926, 1.7694721221923828], "stepParentName": "b_Head", "rotationX": -2.578231604161568e-20, "rotationY": 2.1322367850523506e-20, "rotationZ": -90.00000933466734, "group": "EyeL.003", "faces": {"north": {"texture": "#main", "uv": [124.0, 5.0, 127.0, 7.0], "autoUv": false}, "east": {"texture": "#main", "uv": [119.0, 5.0, 127.0, 7.0], "autoUv": false}, "south": {"texture": "#main", "uv": [123.0, 5.0, 126.0, 7.0], "autoUv": false}, "west": {"texture": "#main", "uv": [119.0, 5.0, 127.0, 7.0], "autoUv": false}, "up": {"texture": "#main", "uv": [119.0, 5.0, 127.0, 6.0], "autoUv": false, "rotation": 90}, "down": {"texture": "#main", "uv": [119.0, 6.0, 127.0, 5.0], "autoUv": false, "rotation": 270}}, "children": []}, {"name": "EyeBlackOuterR.013", "from": [2.406917095184326, 2.545735538005829, 2.329705059528351], "to": [3.3514652252197266, 3.813943922519684, 2.871691882610321], "rotationOrigin": [2.8791911602020264, 2.905829906463623, 1.933006763458252], "stepParentName": "b_Head", "rotationX": -10.55872625867289, "rotationY": -11.455394346685809, "rotationZ": -107.21989977950996, "group": "EyeL.003", "faces": {"north": {"texture": "#main", "uv": [126.0, 1.0, 123.0, 7.0], "autoUv": false}, "east": {"texture": "#main", "uv": [127.0, 1.0, 119.0, 7.0], "autoUv": false}, "south": {"texture": "#main", "uv": [127.0, 1.0, 124.0, 7.0], "autoUv": false}, "west": {"texture": "#main", "uv": [127.0, 1.0, 119.0, 7.0], "autoUv": false}, "up": {"texture": "#main", "uv": [119.0, 1.0, 127.0, 4.0], "autoUv": false, "rotation": 270}, "down": {"texture": "#main", "uv": [119.0, 4.0, 127.0, 1.0], "autoUv": false, "rotation": 90}}, "children": []}, {"name": "EyeBlackOuterR.014", "from": [2.1476282477378845, 2.1119784116744995, -2.8611022233963013], "to": [3.2460766434669495, 4.2359760999679565, -0.6778420209884644], "rotationOrigin": [2.696852445602417, 3.179898262023926, -1.7694721221923828], "stepParentName": "b_Head", "rotationX": -2.578231604161568e-20, "rotationY": 2.1322367850523506e-20, "rotationZ": -90.00000933466734, "group": "EyeR.003", "faces": {"north": {"texture": "#main", "uv": [126.0, 1.0, 123.0, 7.0], "autoUv": false}, "east": {"texture": "#main", "uv": [127.0, 1.0, 119.0, 7.0], "autoUv": false}, "south": {"texture": "#main", "uv": [127.0, 1.0, 124.0, 7.0], "autoUv": false}, "west": {"texture": "#main", "uv": [127.0, 1.0, 119.0, 7.0], "autoUv": false}, "up": {"texture": "#main", "uv": [127.0, 1.0, 119.0, 4.0], "autoUv": false, "rotation": 90}, "down": {"texture": "#main", "uv": [127.0, 4.0, 119.0, 1.0], "autoUv": false, "rotation": 270}}, "children": []}, {"name": "EyeWhiteR.007", "from": [2.141088843345642, 2.6678574681282043, -2.8777832984924316], "to": [2.8334456384181976, 3.947854697704315, -0.7497251033782959], "rotationOrigin": [2.487267255783081, 3.406064033508301, -1.8137542009353638], "stepParentName": "b_Head", "rotationX": -2.578231604161568e-20, "rotationY": 2.1322367850523506e-20, "rotationZ": -90.00000933466734, "group": "EyeR.003", "faces": {"north": {"texture": "#main", "uv": [126.0, 69.0, 123.0, 75.0], "autoUv": false}, "east": {"texture": "#main", "uv": [127.0, 69.0, 119.0, 75.0], "autoUv": false}, "south": {"texture": "#main", "uv": [127.0, 69.0, 124.0, 75.0], "autoUv": false}, "west": {"texture": "#main", "uv": [127.0, 69.0, 119.0, 75.0], "autoUv": false}, "up": {"texture": "#main", "uv": [127.0, 69.0, 119.0, 72.0], "autoUv": false, "rotation": 90}, "down": {"texture": "#main", "uv": [127.0, 72.0, 119.0, 69.0], "autoUv": false, "rotation": 270}}, "children": []}, {"name": "EyeColorR.008", "from": [2.217548757791519, 2.589509129524231, -2.6420902013778687], "to": [2.9099055230617523, 3.8872246146202087, -0.7295795679092407], "rotationOrigin": [2.5637271404266357, 3.4119491577148438, -1.6858348846435547], "stepParentName": "b_Head", "rotationX": -2.578231604161568e-20, "rotationY": 2.1322367850523506e-20, "rotationZ": -90.00000933466734, "group": "EyeR.003", "faces": {"north": {"texture": "#main", "uv": [117.0, 1.0, 115.0, 7.0], "autoUv": false}, "east": {"texture": "#main", "uv": [116.0, 1.0, 109.0, 7.0], "autoUv": false}, "south": {"texture": "#main", "uv": [110.0, 1.0, 108.0, 7.0], "autoUv": false}, "west": {"texture": "#main", "uv": [116.0, 1.0, 109.0, 6.0], "autoUv": false}, "up": {"texture": "#main", "uv": [117.0, 0.0, 109.0, 1.0], "autoUv": false, "rotation": 90}, "down": {"texture": "#main", "uv": [116.0, 7.0, 109.0, 5.0], "autoUv": false, "rotation": 270}}, "children": []}, {"name": "EyeBlackR.007", "from": [2.245533376932144, 2.813309967517853, -2.174590229988098], "to": [2.9378901422023773, 3.9398813247680664, -0.9733899831771851], "rotationOrigin": [2.5917117595672607, 3.4274282455444336, -1.5739901065826416], "stepParentName": "b_Head", "rotationX": -2.578231604161568e-20, "rotationY": 2.1322367850523506e-20, "rotationZ": -90.00000933466734, "group": "EyeR.003", "faces": {"north": {"texture": "#main", "uv": [114.0, 1.0, 113.0, 5.0], "autoUv": false}, "east": {"texture": "#main", "uv": [115.0, 1.0, 112.0, 5.0], "autoUv": false}, "south": {"texture": "#main", "uv": [115.0, 1.0, 113.0, 5.0], "autoUv": false}, "west": {"texture": "#main", "uv": [116.0, 0.0, 114.0, 2.0], "autoUv": false}, "up": {"texture": "#main", "uv": [115.0, 1.0, 112.0, 3.0], "autoUv": false, "rotation": 90}, "down": {"texture": "#main", "uv": [115.0, 3.0, 112.0, 1.0], "autoUv": false, "rotation": 270}}, "children": []}, {"name": "EyeHighlight0R.008", "from": [2.64055635035038, 3.437589779496193, -2.21633580327034], "to": [2.909142956137657, 3.8625162690877914, -1.7019774615764618], "rotationOrigin": [2.7748496532440186, 3.650053024291992, -1.9591566324234009], "stepParentName": "b_Head", "rotationX": -2.578231604161568e-20, "rotationY": 2.1322367850523506e-20, "rotationZ": -90.00000933466734, "group": "EyeR.003", "faces": {"north": {"texture": "#main", "uv": [125.0, 70.0, 123.0, 74.0], "autoUv": false}, "east": {"texture": "#main", "uv": [126.0, 70.0, 121.0, 74.0], "autoUv": false}, "south": {"texture": "#main", "uv": [126.0, 70.0, 124.0, 74.0], "autoUv": false}, "west": {"texture": "#main", "uv": [126.0, 70.0, 121.0, 74.0], "autoUv": false}, "up": {"texture": "#main", "uv": [126.0, 70.0, 121.0, 72.0], "autoUv": false, "rotation": 90}, "down": {"texture": "#main", "uv": [126.0, 72.0, 121.0, 70.0], "autoUv": false, "rotation": 270}}, "children": []}, {"name": "EyeBrowR.009", "from": [3.6152188181877136, 3.099287800490856, -2.671135187149048], "to": [4.713667213916779, 3.2605087235569954, -0.867804765701294], "rotationOrigin": [4.164443016052246, 3.179898262023926, -1.769469976425171], "stepParentName": "b_Head", "rotationX": -2.578231604161568e-20, "rotationY": 2.1322367850523506e-20, "rotationZ": -90.00000933466734, "group": "EyeR.003", "faces": {"north": {"texture": "#main", "uv": [124.0, 5.0, 127.0, 7.0], "autoUv": false}, "east": {"texture": "#main", "uv": [119.0, 5.0, 127.0, 7.0], "autoUv": false}, "south": {"texture": "#main", "uv": [123.0, 5.0, 126.0, 7.0], "autoUv": false}, "west": {"texture": "#main", "uv": [119.0, 5.0, 127.0, 7.0], "autoUv": false}, "up": {"texture": "#main", "uv": [119.0, 5.0, 127.0, 6.0], "autoUv": false, "rotation": 90}, "down": {"texture": "#main", "uv": [119.0, 6.0, 127.0, 5.0], "autoUv": false, "rotation": 270}}, "children": []}, {"name": "EyeBlackOuterR.015", "from": [2.4069171249866486, 2.5457355678081512, -2.8716917634010315], "to": [3.351465195417404, 3.813943862915039, -2.3297050297260284], "rotationOrigin": [2.8791911602020264, 2.905829906463623, -1.933006763458252], "stepParentName": "b_Head", "rotationX": 10.558727112446535, "rotationY": 11.455395200459456, "rotationZ": -107.2199134398883, "group": "EyeR.003", "faces": {"north": {"texture": "#main", "uv": [126.0, 1.0, 123.0, 7.0], "autoUv": false}, "east": {"texture": "#main", "uv": [127.0, 1.0, 119.0, 7.0], "autoUv": false}, "south": {"texture": "#main", "uv": [127.0, 1.0, 124.0, 7.0], "autoUv": false}, "west": {"texture": "#main", "uv": [127.0, 1.0, 119.0, 7.0], "autoUv": false}, "up": {"texture": "#main", "uv": [127.0, 1.0, 119.0, 4.0], "autoUv": false, "rotation": 90}, "down": {"texture": "#main", "uv": [127.0, 4.0, 119.0, 1.0], "autoUv": false, "rotation": 270}}, "children": []}], "groups": []}