{"textureWidth": 128, "textureHeight": 128, "textures": {}, "textureSizes": {}, "elements": [{"name": "EyeBlackOuterL.004", "from": [2.1476282477378845, 2.1238204040250253, 0.6778420209884644], "to": [3.2460766434669495, 4.235976120022826, 2.8611022233963013], "rotationOrigin": [2.696852445602417, 3.179898262023926, 1.7694721221923828], "stepParentName": "b_Head", "rotationX": -2.5782318934313312e-20, "rotationY": 2.132236640417469e-20, "rotationZ": -90.00000933466734, "group": "EyeL", "faces": {"north": {"texture": "#main", "uv": [124.0, 1.0, 127.0, 7.0], "autoUv": false}, "east": {"texture": "#main", "uv": [119.0, 1.0, 127.0, 7.0], "autoUv": false}, "south": {"texture": "#main", "uv": [123.0, 1.0, 126.0, 7.0], "autoUv": false}, "west": {"texture": "#main", "uv": [119.0, 1.0, 127.0, 7.0], "autoUv": false}, "up": {"texture": "#main", "uv": [119.0, 1.0, 127.0, 4.0], "autoUv": false, "rotation": 90}, "down": {"texture": "#main", "uv": [119.0, 4.0, 127.0, 1.0], "autoUv": false, "rotation": 270}}, "children": []}, {"name": "EyeWhiteL.003", "from": [2.195618063211441, 2.501602564646788, 0.7497251033782959], "to": [2.887974828481674, 4.3105255023698135, 2.8777832984924316], "rotationOrigin": [2.5417964458465576, 3.406064033508301, 1.8137542009353638], "stepParentName": "b_Head", "rotationX": -2.5782318934313312e-20, "rotationY": 2.132236640417469e-20, "rotationZ": -90.00000933466734, "group": "EyeL", "faces": {"north": {"texture": "#main", "uv": [124.0, 69.0, 127.0, 75.0], "autoUv": false}, "east": {"texture": "#main", "uv": [119.0, 69.0, 127.0, 75.0], "autoUv": false}, "south": {"texture": "#main", "uv": [123.0, 69.0, 126.0, 75.0], "autoUv": false}, "west": {"texture": "#main", "uv": [119.0, 69.0, 127.0, 75.0], "autoUv": false}, "up": {"texture": "#main", "uv": [119.0, 69.0, 127.0, 72.0], "autoUv": false, "rotation": 90}, "down": {"texture": "#main", "uv": [119.0, 72.0, 127.0, 69.0], "autoUv": false, "rotation": 270}}, "children": []}, {"name": "EyeColorL.004", "from": [2.299806982278824, 2.582526089159451, 0.7295795679092407], "to": [2.992163747549057, 4.2413722262702365, 2.6420902013778687], "rotationOrigin": [2.6459853649139404, 3.4119491577148438, 1.6858348846435547], "stepParentName": "b_Head", "rotationX": -2.5782318934313312e-20, "rotationY": 2.132236640417469e-20, "rotationZ": -90.00000933466734, "group": "EyeL", "faces": {"north": {"texture": "#main", "uv": [108.0, 1.0, 110.0, 7.0], "autoUv": false}, "east": {"texture": "#main", "uv": [109.0, 1.0, 116.0, 7.0], "autoUv": false}, "south": {"texture": "#main", "uv": [115.0, 1.0, 117.0, 7.0], "autoUv": false}, "west": {"texture": "#main", "uv": [109.0, 1.0, 116.0, 7.0], "autoUv": false}, "up": {"texture": "#main", "uv": [109.0, 0.0, 117.0, 1.0], "autoUv": false, "rotation": 90}, "down": {"texture": "#main", "uv": [109.0, 7.0, 116.0, 5.0], "autoUv": false, "rotation": 270}}, "children": []}, {"name": "EyeBlackL.003", "from": [2.468284994363785, 2.680762023926036, 0.9733899831771851], "to": [3.160641759634018, 4.174094467162831, 2.174590229988098], "rotationOrigin": [2.8144633769989014, 3.4274282455444336, 1.5739901065826416], "stepParentName": "b_Head", "rotationX": -2.5782318934313312e-20, "rotationY": 2.132236640417469e-20, "rotationZ": -90.00000933466734, "group": "EyeL", "faces": {"north": {"texture": "#main", "uv": [124.0, 1.0, 127.0, 7.0], "autoUv": false}, "east": {"texture": "#main", "uv": [122.0, 1.0, 127.0, 7.0], "autoUv": false}, "south": {"texture": "#main", "uv": [123.0, 1.0, 126.0, 7.0], "autoUv": false}, "west": {"texture": "#main", "uv": [122.0, 1.0, 127.0, 7.0], "autoUv": false}, "up": {"texture": "#main", "uv": [122.0, 1.0, 127.0, 4.0], "autoUv": false, "rotation": 90}, "down": {"texture": "#main", "uv": [122.0, 4.0, 127.0, 1.0], "autoUv": false, "rotation": 270}}, "children": []}, {"name": "EyeHighlight0L.004", "from": [3.1835212856531143, 3.4108260908507653, 1.0729163587093353], "to": [3.4521078914403915, 3.889279957733219, 1.5872747004032135], "rotationOrigin": [3.317814588546753, 3.650053024291992, 1.3300955295562744], "stepParentName": "b_Head", "rotationX": -2.5782318934313312e-20, "rotationY": 2.132236640417469e-20, "rotationZ": -90.00000933466734, "group": "EyeL", "faces": {"north": {"texture": "#main", "uv": [124.0, 70.0, 126.0, 74.0], "autoUv": false}, "east": {"texture": "#main", "uv": [121.0, 70.0, 126.0, 74.0], "autoUv": false}, "south": {"texture": "#main", "uv": [123.0, 70.0, 125.0, 74.0], "autoUv": false}, "west": {"texture": "#main", "uv": [121.0, 70.0, 126.0, 74.0], "autoUv": false}, "up": {"texture": "#main", "uv": [121.0, 70.0, 126.0, 72.0], "autoUv": false, "rotation": 90}, "down": {"texture": "#main", "uv": [121.0, 72.0, 126.0, 70.0], "autoUv": false, "rotation": 270}}, "children": []}, {"name": "EyeHighlight1L.004", "from": [2.8865604549646378, 3.5360786060186467, 1.9965162947773933], "to": [3.155147060751915, 3.7640274425653377, 2.2068366333842278], "rotationOrigin": [3.0208537578582764, 3.650053024291992, 2.1016764640808105], "stepParentName": "b_Head", "rotationX": -2.5782318934313312e-20, "rotationY": 2.132236640417469e-20, "rotationZ": -90.00000933466734, "group": "EyeL", "faces": {"north": {"texture": "#main", "uv": [124.0, 70.0, 126.0, 74.0], "autoUv": false}, "east": {"texture": "#main", "uv": [121.0, 70.0, 126.0, 74.0], "autoUv": false}, "south": {"texture": "#main", "uv": [123.0, 70.0, 125.0, 74.0], "autoUv": false}, "west": {"texture": "#main", "uv": [121.0, 70.0, 126.0, 74.0], "autoUv": false}, "up": {"texture": "#main", "uv": [121.0, 70.0, 126.0, 72.0], "autoUv": false, "rotation": 90}, "down": {"texture": "#main", "uv": [121.0, 72.0, 126.0, 70.0], "autoUv": false, "rotation": 270}}, "children": []}, {"name": "EyeBrowL.004", "from": [3.6152188181877136, 3.0992878014646417, 0.8678069114685059], "to": [4.713667213916779, 3.26050872258321, 2.6711373329162598], "rotationOrigin": [4.164443016052246, 3.179898262023926, 1.7694721221923828], "stepParentName": "b_Head", "rotationX": -2.5782318934313312e-20, "rotationY": 2.132236640417469e-20, "rotationZ": -90.00000933466734, "group": "EyeL", "faces": {"north": {"texture": "#main", "uv": [124.0, 5.0, 127.0, 7.0], "autoUv": false}, "east": {"texture": "#main", "uv": [119.0, 5.0, 127.0, 7.0], "autoUv": false}, "south": {"texture": "#main", "uv": [123.0, 5.0, 126.0, 7.0], "autoUv": false}, "west": {"texture": "#main", "uv": [119.0, 5.0, 127.0, 7.0], "autoUv": false}, "up": {"texture": "#main", "uv": [119.0, 5.0, 127.0, 6.0], "autoUv": false, "rotation": 90}, "down": {"texture": "#main", "uv": [119.0, 6.0, 127.0, 5.0], "autoUv": false, "rotation": 270}}, "children": []}, {"name": "EyeBlackOuterR.004", "from": [2.1476282477378845, 2.1238204040250253, -2.8611022233963013], "to": [3.2460766434669495, 4.235976120022826, -0.6778420209884644], "rotationOrigin": [2.696852445602417, 3.179898262023926, -1.7694721221923828], "stepParentName": "b_Head", "rotationX": -2.5782318934313312e-20, "rotationY": 2.132236640417469e-20, "rotationZ": -90.00000933466734, "group": "EyeR", "faces": {"north": {"texture": "#main", "uv": [124.0, 1.0, 127.0, 7.0], "autoUv": false}, "east": {"texture": "#main", "uv": [119.0, 1.0, 127.0, 7.0], "autoUv": false}, "south": {"texture": "#main", "uv": [123.0, 1.0, 126.0, 7.0], "autoUv": false}, "west": {"texture": "#main", "uv": [119.0, 1.0, 127.0, 7.0], "autoUv": false}, "up": {"texture": "#main", "uv": [127.0, 1.0, 119.0, 4.0], "autoUv": false, "rotation": 270}, "down": {"texture": "#main", "uv": [127.0, 4.0, 119.0, 1.0], "autoUv": false, "rotation": 90}}, "children": []}, {"name": "EyeWhiteR.003", "from": [2.195618063211441, 2.501602564646788, -2.8777832984924316], "to": [2.887974828481674, 4.3105255023698135, -0.7497251033782959], "rotationOrigin": [2.5417964458465576, 3.406064033508301, -1.8137542009353638], "stepParentName": "b_Head", "rotationX": -2.5782318934313312e-20, "rotationY": 2.132236640417469e-20, "rotationZ": -90.00000933466734, "group": "EyeR", "faces": {"north": {"texture": "#main", "uv": [124.0, 69.0, 127.0, 75.0], "autoUv": false}, "east": {"texture": "#main", "uv": [119.0, 69.0, 127.0, 75.0], "autoUv": false}, "south": {"texture": "#main", "uv": [123.0, 69.0, 126.0, 75.0], "autoUv": false}, "west": {"texture": "#main", "uv": [119.0, 69.0, 127.0, 75.0], "autoUv": false}, "up": {"texture": "#main", "uv": [127.0, 69.0, 119.0, 72.0], "autoUv": false, "rotation": 270}, "down": {"texture": "#main", "uv": [127.0, 72.0, 119.0, 69.0], "autoUv": false, "rotation": 90}}, "children": []}, {"name": "EyeColorR.004", "from": [2.299806982278824, 2.582526089159451, -2.6420902013778687], "to": [2.992163747549057, 4.2413722262702365, -0.7295795679092407], "rotationOrigin": [2.6459853649139404, 3.4119491577148438, -1.6858348846435547], "stepParentName": "b_Head", "rotationX": -2.5782318934313312e-20, "rotationY": 2.132236640417469e-20, "rotationZ": -90.00000933466734, "group": "EyeR", "faces": {"north": {"texture": "#main", "uv": [108.0, 1.0, 110.0, 7.0], "autoUv": false}, "east": {"texture": "#main", "uv": [109.0, 1.0, 116.0, 7.0], "autoUv": false}, "south": {"texture": "#main", "uv": [115.0, 1.0, 117.0, 7.0], "autoUv": false}, "west": {"texture": "#main", "uv": [109.0, 1.0, 116.0, 7.0], "autoUv": false}, "up": {"texture": "#main", "uv": [116.0, 5.0, 109.0, 7.0], "autoUv": false, "rotation": 270}, "down": {"texture": "#main", "uv": [117.0, 1.0, 109.0, 0.0], "autoUv": false, "rotation": 90}}, "children": []}, {"name": "EyeBlackR.003", "from": [2.468284994363785, 2.680762023926036, -2.174590229988098], "to": [3.160641759634018, 4.174094467162831, -0.9733899831771851], "rotationOrigin": [2.8144633769989014, 3.4274282455444336, -1.5739901065826416], "stepParentName": "b_Head", "rotationX": -2.5782318934313312e-20, "rotationY": 2.132236640417469e-20, "rotationZ": -90.00000933466734, "group": "EyeR", "faces": {"north": {"texture": "#main", "uv": [124.0, 1.0, 127.0, 7.0], "autoUv": false}, "east": {"texture": "#main", "uv": [122.0, 1.0, 127.0, 7.0], "autoUv": false}, "south": {"texture": "#main", "uv": [123.0, 1.0, 126.0, 7.0], "autoUv": false}, "west": {"texture": "#main", "uv": [122.0, 1.0, 127.0, 7.0], "autoUv": false}, "up": {"texture": "#main", "uv": [127.0, 1.0, 122.0, 4.0], "autoUv": false, "rotation": 270}, "down": {"texture": "#main", "uv": [127.0, 4.0, 122.0, 1.0], "autoUv": false, "rotation": 90}}, "children": []}, {"name": "EyeHighlight0R.004", "from": [3.1835212856531143, 3.4108260908507653, -2.0943503677845], "to": [3.4521078914403915, 3.889279957733219, -1.579992026090622], "rotationOrigin": [3.317814588546753, 3.650053024291992, -1.837171196937561], "stepParentName": "b_Head", "rotationX": -2.5782318934313312e-20, "rotationY": 2.132236640417469e-20, "rotationZ": -90.00000933466734, "group": "EyeR", "faces": {"north": {"texture": "#main", "uv": [124.0, 70.0, 126.0, 74.0], "autoUv": false}, "east": {"texture": "#main", "uv": [121.0, 70.0, 126.0, 74.0], "autoUv": false}, "south": {"texture": "#main", "uv": [123.0, 70.0, 125.0, 74.0], "autoUv": false}, "west": {"texture": "#main", "uv": [121.0, 70.0, 126.0, 74.0], "autoUv": false}, "up": {"texture": "#main", "uv": [126.0, 70.0, 121.0, 72.0], "autoUv": false, "rotation": 270}, "down": {"texture": "#main", "uv": [126.0, 72.0, 121.0, 70.0], "autoUv": false, "rotation": 90}}, "children": []}, {"name": "EyeHighlight1R.004", "from": [2.8865604549646378, 3.5360786060186467, -1.147000603377819], "to": [3.155147060751915, 3.7640274425653377, -0.9366802647709846], "rotationOrigin": [3.0208537578582764, 3.650053024291992, -1.0418404340744019], "stepParentName": "b_Head", "rotationX": -2.5782318934313312e-20, "rotationY": 2.132236640417469e-20, "rotationZ": -90.00000933466734, "group": "EyeR", "faces": {"north": {"texture": "#main", "uv": [124.0, 70.0, 126.0, 74.0], "autoUv": false}, "east": {"texture": "#main", "uv": [121.0, 70.0, 126.0, 74.0], "autoUv": false}, "south": {"texture": "#main", "uv": [123.0, 70.0, 125.0, 74.0], "autoUv": false}, "west": {"texture": "#main", "uv": [121.0, 70.0, 126.0, 74.0], "autoUv": false}, "up": {"texture": "#main", "uv": [126.0, 70.0, 121.0, 72.0], "autoUv": false, "rotation": 270}, "down": {"texture": "#main", "uv": [126.0, 72.0, 121.0, 70.0], "autoUv": false, "rotation": 90}}, "children": []}, {"name": "EyeBrowR.004", "from": [3.6152188181877136, 3.0992878014646417, -2.671135187149048], "to": [4.713667213916779, 3.26050872258321, -0.867804765701294], "rotationOrigin": [4.164443016052246, 3.179898262023926, -1.769469976425171], "stepParentName": "b_Head", "rotationX": -2.5782318934313312e-20, "rotationY": 2.132236640417469e-20, "rotationZ": -90.00000933466734, "group": "EyeR", "faces": {"north": {"texture": "#main", "uv": [124.0, 5.0, 127.0, 7.0], "autoUv": false}, "east": {"texture": "#main", "uv": [119.0, 5.0, 127.0, 7.0], "autoUv": false}, "south": {"texture": "#main", "uv": [123.0, 5.0, 126.0, 7.0], "autoUv": false}, "west": {"texture": "#main", "uv": [119.0, 5.0, 127.0, 7.0], "autoUv": false}, "up": {"texture": "#main", "uv": [119.0, 5.0, 127.0, 6.0], "autoUv": false, "rotation": 90}, "down": {"texture": "#main", "uv": [119.0, 6.0, 127.0, 5.0], "autoUv": false, "rotation": 270}}, "children": []}], "groups": []}