{"textureWidth": 128, "textureHeight": 128, "textures": {}, "textureSizes": {}, "elements": [{"name": "EyeBlackOuterL.007", "from": [2.1476282477378845, 2.1119784116744995, 0.6778420209884644], "to": [3.2460766434669495, 4.2359760999679565, 2.8611022233963013], "rotationOrigin": [2.696852445602417, 3.179898262023926, 1.7694721221923828], "stepParentName": "b_Head", "rotationX": -2.578231604161568e-20, "rotationY": 2.1322367850523506e-20, "rotationZ": -90.00000933466734, "group": "EyeL.002", "faces": {"north": {"texture": "#main", "uv": [124.0, 1.0, 127.0, 7.0], "autoUv": false}, "east": {"texture": "#main", "uv": [119.0, 1.0, 127.0, 7.0], "autoUv": false}, "south": {"texture": "#main", "uv": [123.0, 1.0, 126.0, 7.0], "autoUv": false}, "west": {"texture": "#main", "uv": [119.0, 1.0, 127.0, 7.0], "autoUv": false}, "up": {"texture": "#main", "uv": [119.0, 1.0, 127.0, 4.0], "autoUv": false, "rotation": 90}, "down": {"texture": "#main", "uv": [119.0, 4.0, 127.0, 1.0], "autoUv": false, "rotation": 270}}, "children": []}, {"name": "EyeWhiteL.006", "from": [2.141088843345642, 2.753651976585388, 0.7497251033782959], "to": [2.8334456384181976, 4.182067811489105, 2.8777832984924316], "rotationOrigin": [2.487267255783081, 3.406064033508301, 1.8137542009353638], "stepParentName": "b_Head", "rotationX": -2.578231604161568e-20, "rotationY": 2.1322367850523506e-20, "rotationZ": -90.00000933466734, "group": "EyeL.002", "faces": {"north": {"texture": "#main", "uv": [124.0, 69.0, 127.0, 75.0], "autoUv": false}, "east": {"texture": "#main", "uv": [119.0, 69.0, 127.0, 75.0], "autoUv": false}, "south": {"texture": "#main", "uv": [123.0, 69.0, 126.0, 75.0], "autoUv": false}, "west": {"texture": "#main", "uv": [119.0, 69.0, 127.0, 75.0], "autoUv": false}, "up": {"texture": "#main", "uv": [119.0, 69.0, 127.0, 72.0], "autoUv": false, "rotation": 90}, "down": {"texture": "#main", "uv": [119.0, 72.0, 127.0, 69.0], "autoUv": false, "rotation": 270}}, "children": []}, {"name": "EyeColorL.007", "from": [2.217548757791519, 2.7024605870246887, 0.7295795679092407], "to": [2.9099055230617523, 4.121437728404999, 2.6420902013778687], "rotationOrigin": [2.5637271404266357, 3.4119491577148438, 1.6858348846435547], "stepParentName": "b_Head", "rotationX": -2.578231604161568e-20, "rotationY": 2.1322367850523506e-20, "rotationZ": -90.00000933466734, "group": "EyeL.002", "faces": {"north": {"texture": "#main", "uv": [108.0, 1.0, 110.0, 7.0], "autoUv": false}, "east": {"texture": "#main", "uv": [109.0, 1.0, 116.0, 7.0], "autoUv": false}, "south": {"texture": "#main", "uv": [115.0, 1.0, 117.0, 7.0], "autoUv": false}, "west": {"texture": "#main", "uv": [109.0, 1.0, 116.0, 7.0], "autoUv": false}, "up": {"texture": "#main", "uv": [109.0, 0.0, 117.0, 1.0], "autoUv": false, "rotation": 90}, "down": {"texture": "#main", "uv": [109.0, 7.0, 116.0, 5.0], "autoUv": false, "rotation": 270}}, "children": []}, {"name": "EyeBlackL.006", "from": [2.3753227293491364, 2.6807620525360107, 0.9733899831771851], "to": [3.0676794946193695, 4.1740944385528564, 2.174590229988098], "rotationOrigin": [2.721501111984253, 3.4274282455444336, 1.5739901065826416], "stepParentName": "b_Head", "rotationX": -2.578231604161568e-20, "rotationY": 2.1322367850523506e-20, "rotationZ": -90.00000933466734, "group": "EyeL.002", "faces": {"north": {"texture": "#main", "uv": [124.0, 1.0, 127.0, 7.0], "autoUv": false}, "east": {"texture": "#main", "uv": [122.0, 1.0, 127.0, 7.0], "autoUv": false}, "south": {"texture": "#main", "uv": [123.0, 1.0, 126.0, 7.0], "autoUv": false}, "west": {"texture": "#main", "uv": [122.0, 1.0, 127.0, 7.0], "autoUv": false}, "up": {"texture": "#main", "uv": [122.0, 1.0, 127.0, 4.0], "autoUv": false, "rotation": 90}, "down": {"texture": "#main", "uv": [122.0, 4.0, 127.0, 1.0], "autoUv": false, "rotation": 270}}, "children": []}, {"name": "EyeHighlight0L.007", "from": [2.9118404537439346, 3.410826086997986, 1.0729163587093353], "to": [3.180427059531212, 3.8892799615859985, 1.5872747004032135], "rotationOrigin": [3.0461337566375732, 3.650053024291992, 1.3300955295562744], "stepParentName": "b_Head", "rotationX": -2.578231604161568e-20, "rotationY": 2.1322367850523506e-20, "rotationZ": -90.00000933466734, "group": "EyeL.002", "faces": {"north": {"texture": "#main", "uv": [124.0, 70.0, 126.0, 74.0], "autoUv": false}, "east": {"texture": "#main", "uv": [121.0, 70.0, 126.0, 74.0], "autoUv": false}, "south": {"texture": "#main", "uv": [123.0, 70.0, 125.0, 74.0], "autoUv": false}, "west": {"texture": "#main", "uv": [121.0, 70.0, 126.0, 74.0], "autoUv": false}, "up": {"texture": "#main", "uv": [121.0, 70.0, 126.0, 72.0], "autoUv": false, "rotation": 90}, "down": {"texture": "#main", "uv": [121.0, 72.0, 126.0, 70.0], "autoUv": false, "rotation": 270}}, "children": []}, {"name": "EyeHighlight1L.007", "from": [2.614879623055458, 3.5360786095261574, 1.9965162947773933], "to": [2.8834662288427353, 3.764027439057827, 2.2068366333842278], "rotationOrigin": [2.7491729259490967, 3.650053024291992, 2.1016764640808105], "stepParentName": "b_Head", "rotationX": -2.578231604161568e-20, "rotationY": 2.1322367850523506e-20, "rotationZ": -90.00000933466734, "group": "EyeL.002", "faces": {"north": {"texture": "#main", "uv": [124.0, 70.0, 126.0, 74.0], "autoUv": false}, "east": {"texture": "#main", "uv": [121.0, 70.0, 126.0, 74.0], "autoUv": false}, "south": {"texture": "#main", "uv": [123.0, 70.0, 125.0, 74.0], "autoUv": false}, "west": {"texture": "#main", "uv": [121.0, 70.0, 126.0, 74.0], "autoUv": false}, "up": {"texture": "#main", "uv": [121.0, 70.0, 126.0, 72.0], "autoUv": false, "rotation": 90}, "down": {"texture": "#main", "uv": [121.0, 72.0, 126.0, 70.0], "autoUv": false, "rotation": 270}}, "children": []}, {"name": "EyeBrowL.008", "from": [3.6152188181877136, 3.099287800490856, 0.8678069114685059], "to": [4.713667213916779, 3.2605087235569954, 2.6711373329162598], "rotationOrigin": [4.164443016052246, 3.179898262023926, 1.7694721221923828], "stepParentName": "b_Head", "rotationX": -2.578231604161568e-20, "rotationY": 2.1322367850523506e-20, "rotationZ": -90.00000933466734, "group": "EyeL.002", "faces": {"north": {"texture": "#main", "uv": [124.0, 5.0, 127.0, 7.0], "autoUv": false}, "east": {"texture": "#main", "uv": [119.0, 5.0, 127.0, 7.0], "autoUv": false}, "south": {"texture": "#main", "uv": [123.0, 5.0, 126.0, 7.0], "autoUv": false}, "west": {"texture": "#main", "uv": [119.0, 5.0, 127.0, 7.0], "autoUv": false}, "up": {"texture": "#main", "uv": [119.0, 5.0, 127.0, 6.0], "autoUv": false, "rotation": 90}, "down": {"texture": "#main", "uv": [119.0, 6.0, 127.0, 5.0], "autoUv": false, "rotation": 270}}, "children": []}, {"name": "EyeBlackOuterR.008", "from": [2.406917095184326, 2.545735538005829, 2.329705059528351], "to": [3.3514652252197266, 3.813943922519684, 2.871691882610321], "rotationOrigin": [2.8791911602020264, 2.905829906463623, 1.933006763458252], "stepParentName": "b_Head", "rotationX": -10.55872625867289, "rotationY": -11.455394346685809, "rotationZ": -107.21989977950996, "group": "EyeL.002", "faces": {"north": {"texture": "#main", "uv": [126.0, 1.0, 123.0, 7.0], "autoUv": false}, "east": {"texture": "#main", "uv": [127.0, 1.0, 119.0, 7.0], "autoUv": false}, "south": {"texture": "#main", "uv": [127.0, 1.0, 124.0, 7.0], "autoUv": false}, "west": {"texture": "#main", "uv": [127.0, 1.0, 119.0, 7.0], "autoUv": false}, "up": {"texture": "#main", "uv": [119.0, 1.0, 127.0, 4.0], "autoUv": false, "rotation": 270}, "down": {"texture": "#main", "uv": [119.0, 4.0, 127.0, 1.0], "autoUv": false, "rotation": 90}}, "children": []}, {"name": "EyeBlackOuterR.011", "from": [2.1476282477378845, 2.1119784116744995, -2.8611022233963013], "to": [3.2460766434669495, 4.2359760999679565, -0.6778420209884644], "rotationOrigin": [2.696852445602417, 3.179898262023926, -1.7694721221923828], "stepParentName": "b_Head", "rotationX": -2.578231604161568e-20, "rotationY": 2.1322367850523506e-20, "rotationZ": -90.00000933466734, "group": "EyeR.002", "faces": {"north": {"texture": "#main", "uv": [126.0, 1.0, 123.0, 7.0], "autoUv": false}, "east": {"texture": "#main", "uv": [127.0, 1.0, 119.0, 7.0], "autoUv": false}, "south": {"texture": "#main", "uv": [127.0, 1.0, 124.0, 7.0], "autoUv": false}, "west": {"texture": "#main", "uv": [127.0, 1.0, 119.0, 7.0], "autoUv": false}, "up": {"texture": "#main", "uv": [127.0, 1.0, 119.0, 4.0], "autoUv": false, "rotation": 90}, "down": {"texture": "#main", "uv": [127.0, 4.0, 119.0, 1.0], "autoUv": false, "rotation": 270}}, "children": []}, {"name": "EyeWhiteR.006", "from": [2.141088843345642, 2.753651976585388, -2.8777832984924316], "to": [2.8334456384181976, 4.182067811489105, -0.7497251033782959], "rotationOrigin": [2.487267255783081, 3.406064033508301, -1.8137542009353638], "stepParentName": "b_Head", "rotationX": -2.578231604161568e-20, "rotationY": 2.1322367850523506e-20, "rotationZ": -90.00000933466734, "group": "EyeR.002", "faces": {"north": {"texture": "#main", "uv": [126.0, 69.0, 123.0, 75.0], "autoUv": false}, "east": {"texture": "#main", "uv": [127.0, 69.0, 119.0, 75.0], "autoUv": false}, "south": {"texture": "#main", "uv": [127.0, 69.0, 124.0, 75.0], "autoUv": false}, "west": {"texture": "#main", "uv": [127.0, 69.0, 119.0, 75.0], "autoUv": false}, "up": {"texture": "#main", "uv": [127.0, 69.0, 119.0, 72.0], "autoUv": false, "rotation": 90}, "down": {"texture": "#main", "uv": [127.0, 72.0, 119.0, 69.0], "autoUv": false, "rotation": 270}}, "children": []}, {"name": "EyeColorR.007", "from": [2.217548757791519, 2.7024605870246887, -2.6420902013778687], "to": [2.9099055230617523, 4.121437728404999, -0.7295795679092407], "rotationOrigin": [2.5637271404266357, 3.4119491577148438, -1.6858348846435547], "stepParentName": "b_Head", "rotationX": -2.578231604161568e-20, "rotationY": 2.1322367850523506e-20, "rotationZ": -90.00000933466734, "group": "EyeR.002", "faces": {"north": {"texture": "#main", "uv": [117.0, 1.0, 115.0, 7.0], "autoUv": false}, "east": {"texture": "#main", "uv": [116.0, 1.0, 109.0, 7.0], "autoUv": false}, "south": {"texture": "#main", "uv": [110.0, 1.0, 108.0, 7.0], "autoUv": false}, "west": {"texture": "#main", "uv": [116.0, 1.0, 109.0, 7.0], "autoUv": false}, "up": {"texture": "#main", "uv": [117.0, 0.0, 109.0, 1.0], "autoUv": false, "rotation": 90}, "down": {"texture": "#main", "uv": [116.0, 7.0, 109.0, 5.0], "autoUv": false, "rotation": 270}}, "children": []}, {"name": "EyeBlackR.006", "from": [2.3753227293491364, 2.6807620525360107, -2.174590229988098], "to": [3.0676794946193695, 4.1740944385528564, -0.9733899831771851], "rotationOrigin": [2.721501111984253, 3.4274282455444336, -1.5739901065826416], "stepParentName": "b_Head", "rotationX": -2.578231604161568e-20, "rotationY": 2.1322367850523506e-20, "rotationZ": -90.00000933466734, "group": "EyeR.002", "faces": {"north": {"texture": "#main", "uv": [126.0, 1.0, 123.0, 7.0], "autoUv": false}, "east": {"texture": "#main", "uv": [127.0, 1.0, 122.0, 7.0], "autoUv": false}, "south": {"texture": "#main", "uv": [127.0, 1.0, 124.0, 7.0], "autoUv": false}, "west": {"texture": "#main", "uv": [127.0, 1.0, 122.0, 7.0], "autoUv": false}, "up": {"texture": "#main", "uv": [127.0, 1.0, 122.0, 4.0], "autoUv": false, "rotation": 90}, "down": {"texture": "#main", "uv": [127.0, 4.0, 122.0, 1.0], "autoUv": false, "rotation": 270}}, "children": []}, {"name": "EyeHighlight0R.007", "from": [2.9118404537439346, 3.410826086997986, -2.0943503677845], "to": [3.180427059531212, 3.8892799615859985, -1.579992026090622], "rotationOrigin": [3.0461337566375732, 3.650053024291992, -1.837171196937561], "stepParentName": "b_Head", "rotationX": -2.578231604161568e-20, "rotationY": 2.1322367850523506e-20, "rotationZ": -90.00000933466734, "group": "EyeR.002", "faces": {"north": {"texture": "#main", "uv": [125.0, 70.0, 123.0, 74.0], "autoUv": false}, "east": {"texture": "#main", "uv": [126.0, 70.0, 121.0, 74.0], "autoUv": false}, "south": {"texture": "#main", "uv": [126.0, 70.0, 124.0, 74.0], "autoUv": false}, "west": {"texture": "#main", "uv": [126.0, 70.0, 121.0, 74.0], "autoUv": false}, "up": {"texture": "#main", "uv": [126.0, 70.0, 121.0, 72.0], "autoUv": false, "rotation": 90}, "down": {"texture": "#main", "uv": [126.0, 72.0, 121.0, 70.0], "autoUv": false, "rotation": 270}}, "children": []}, {"name": "EyeHighlight1R.007", "from": [2.614879623055458, 3.5360786095261574, -1.147000603377819], "to": [2.8834662288427353, 3.764027439057827, -0.9366802647709846], "rotationOrigin": [2.7491729259490967, 3.650053024291992, -1.0418404340744019], "stepParentName": "b_Head", "rotationX": -2.578231604161568e-20, "rotationY": 2.1322367850523506e-20, "rotationZ": -90.00000933466734, "group": "EyeR.002", "faces": {"north": {"texture": "#main", "uv": [125.0, 70.0, 123.0, 74.0], "autoUv": false}, "east": {"texture": "#main", "uv": [126.0, 70.0, 121.0, 74.0], "autoUv": false}, "south": {"texture": "#main", "uv": [126.0, 70.0, 124.0, 74.0], "autoUv": false}, "west": {"texture": "#main", "uv": [126.0, 70.0, 121.0, 74.0], "autoUv": false}, "up": {"texture": "#main", "uv": [126.0, 70.0, 121.0, 72.0], "autoUv": false, "rotation": 90}, "down": {"texture": "#main", "uv": [126.0, 72.0, 121.0, 70.0], "autoUv": false, "rotation": 270}}, "children": []}, {"name": "EyeBrowR.008", "from": [3.6152188181877136, 3.099287800490856, -2.671135187149048], "to": [4.713667213916779, 3.2605087235569954, -0.867804765701294], "rotationOrigin": [4.164443016052246, 3.179898262023926, -1.769469976425171], "stepParentName": "b_Head", "rotationX": -2.578231604161568e-20, "rotationY": 2.1322367850523506e-20, "rotationZ": -90.00000933466734, "group": "EyeR.002", "faces": {"north": {"texture": "#main", "uv": [124.0, 5.0, 127.0, 7.0], "autoUv": false}, "east": {"texture": "#main", "uv": [119.0, 5.0, 127.0, 7.0], "autoUv": false}, "south": {"texture": "#main", "uv": [123.0, 5.0, 126.0, 7.0], "autoUv": false}, "west": {"texture": "#main", "uv": [119.0, 5.0, 127.0, 7.0], "autoUv": false}, "up": {"texture": "#main", "uv": [119.0, 5.0, 127.0, 6.0], "autoUv": false, "rotation": 90}, "down": {"texture": "#main", "uv": [119.0, 6.0, 127.0, 5.0], "autoUv": false, "rotation": 270}}, "children": []}, {"name": "EyeBlackOuterR.012", "from": [2.4069171249866486, 2.5457355678081512, -2.8716917634010315], "to": [3.351465195417404, 3.813943862915039, -2.3297050297260284], "rotationOrigin": [2.8791911602020264, 2.905829906463623, -1.933006763458252], "stepParentName": "b_Head", "rotationX": 10.558727112446535, "rotationY": 11.455395200459456, "rotationZ": -107.2199134398883, "group": "EyeR.002", "faces": {"north": {"texture": "#main", "uv": [126.0, 1.0, 123.0, 7.0], "autoUv": false}, "east": {"texture": "#main", "uv": [127.0, 1.0, 119.0, 7.0], "autoUv": false}, "south": {"texture": "#main", "uv": [127.0, 1.0, 124.0, 7.0], "autoUv": false}, "west": {"texture": "#main", "uv": [127.0, 1.0, 119.0, 7.0], "autoUv": false}, "up": {"texture": "#main", "uv": [127.0, 1.0, 119.0, 4.0], "autoUv": false, "rotation": 90}, "down": {"texture": "#main", "uv": [127.0, 4.0, 119.0, 1.0], "autoUv": false, "rotation": 270}}, "children": []}], "groups": []}