{"textureWidth": 128, "textureHeight": 128, "textures": {}, "textureSizes": {}, "elements": [{"name": "EyeBlackOuterL.008", "from": [2.1476282477378845, 2.2068713307380676, 0.6778420209884644], "to": [3.2460766434669495, 4.2359760999679565, 2.8611022233963013], "rotationOrigin": [2.696852445602417, 3.179898262023926, 1.7694721221923828], "stepParentName": "b_Head", "rotationX": -2.578231604161568e-20, "rotationY": 2.1322367850523506e-20, "rotationZ": -90.00000933466734, "group": "EyeL.001", "faces": {"north": {"texture": "#main", "uv": [124.0, 1.0, 127.0, 7.0], "autoUv": false}, "east": {"texture": "#main", "uv": [119.0, 1.0, 127.0, 7.0], "autoUv": false}, "south": {"texture": "#main", "uv": [123.0, 1.0, 126.0, 7.0], "autoUv": false}, "west": {"texture": "#main", "uv": [119.0, 1.0, 127.0, 7.0], "autoUv": false}, "up": {"texture": "#main", "uv": [119.0, 1.0, 127.0, 4.0], "autoUv": false, "rotation": 90}, "down": {"texture": "#main", "uv": [119.0, 4.0, 127.0, 1.0], "autoUv": false, "rotation": 270}}, "children": []}, {"name": "EyeWhiteL.005", "from": [2.1410888731479645, 2.6300602788532927, 0.7497251033782959], "to": [2.8334456384181976, 4.182067788163309, 2.8777832984924316], "rotationOrigin": [2.487267255783081, 3.406064033508301, 1.8137542009353638], "stepParentName": "b_Head", "rotationX": -2.5782318934313312e-20, "rotationY": 2.132236640417469e-20, "rotationZ": -90.00000933466734, "group": "EyeL.001", "faces": {"north": {"texture": "#main", "uv": [124.0, 69.0, 127.0, 75.0], "autoUv": false}, "east": {"texture": "#main", "uv": [119.0, 69.0, 127.0, 75.0], "autoUv": false}, "south": {"texture": "#main", "uv": [123.0, 69.0, 126.0, 75.0], "autoUv": false}, "west": {"texture": "#main", "uv": [119.0, 69.0, 127.0, 75.0], "autoUv": false}, "up": {"texture": "#main", "uv": [119.0, 69.0, 127.0, 72.0], "autoUv": false, "rotation": 90}, "down": {"texture": "#main", "uv": [119.0, 72.0, 127.0, 69.0], "autoUv": false, "rotation": 270}}, "children": []}, {"name": "EyeColorL.006", "from": [2.2452777922153473, 2.6522921919822693, 0.7295795679092407], "to": [2.9376345574855804, 4.171606123447418, 2.6420902013778687], "rotationOrigin": [2.591456174850464, 3.4119491577148438, 1.6858348846435547], "stepParentName": "b_Head", "rotationX": -2.578231604161568e-20, "rotationY": 2.1322367850523506e-20, "rotationZ": -90.00000933466734, "group": "EyeL.001", "faces": {"north": {"texture": "#main", "uv": [108.0, 1.0, 110.0, 7.0], "autoUv": false}, "east": {"texture": "#main", "uv": [109.0, 1.0, 116.0, 7.0], "autoUv": false}, "south": {"texture": "#main", "uv": [115.0, 1.0, 117.0, 7.0], "autoUv": false}, "west": {"texture": "#main", "uv": [109.0, 1.0, 116.0, 7.0], "autoUv": false}, "up": {"texture": "#main", "uv": [109.0, 0.0, 117.0, 1.0], "autoUv": false, "rotation": 90}, "down": {"texture": "#main", "uv": [109.0, 7.0, 116.0, 5.0], "autoUv": false, "rotation": 270}}, "children": []}, {"name": "EyeBlackL.005", "from": [2.3753227293491364, 2.6807620525360107, 0.9733899831771851], "to": [3.0676794946193695, 4.1740944385528564, 2.174590229988098], "rotationOrigin": [2.721501111984253, 3.4274282455444336, 1.5739901065826416], "stepParentName": "b_Head", "rotationX": -2.578231604161568e-20, "rotationY": 2.1322367850523506e-20, "rotationZ": -90.00000933466734, "group": "EyeL.001", "faces": {"north": {"texture": "#main", "uv": [124.0, 1.0, 127.0, 7.0], "autoUv": false}, "east": {"texture": "#main", "uv": [122.0, 1.0, 127.0, 7.0], "autoUv": false}, "south": {"texture": "#main", "uv": [123.0, 1.0, 126.0, 7.0], "autoUv": false}, "west": {"texture": "#main", "uv": [122.0, 1.0, 127.0, 7.0], "autoUv": false}, "up": {"texture": "#main", "uv": [122.0, 1.0, 127.0, 4.0], "autoUv": false, "rotation": 90}, "down": {"texture": "#main", "uv": [122.0, 4.0, 127.0, 1.0], "autoUv": false, "rotation": 270}}, "children": []}, {"name": "EyeHighlight0L.006", "from": [2.9908085018396378, 3.410826086997986, 1.0729163587093353], "to": [3.259395107626915, 3.8892799615859985, 1.5872747004032135], "rotationOrigin": [3.1251018047332764, 3.650053024291992, 1.3300955295562744], "stepParentName": "b_Head", "rotationX": -2.578231604161568e-20, "rotationY": 2.1322367850523506e-20, "rotationZ": -90.00000933466734, "group": "EyeL.001", "faces": {"north": {"texture": "#main", "uv": [124.0, 70.0, 126.0, 74.0], "autoUv": false}, "east": {"texture": "#main", "uv": [121.0, 70.0, 126.0, 74.0], "autoUv": false}, "south": {"texture": "#main", "uv": [123.0, 70.0, 125.0, 74.0], "autoUv": false}, "west": {"texture": "#main", "uv": [121.0, 70.0, 126.0, 74.0], "autoUv": false}, "up": {"texture": "#main", "uv": [121.0, 70.0, 126.0, 72.0], "autoUv": false, "rotation": 90}, "down": {"texture": "#main", "uv": [121.0, 72.0, 126.0, 70.0], "autoUv": false, "rotation": 270}}, "children": []}, {"name": "EyeHighlight1L.006", "from": [2.693847671151161, 3.5360786095261574, 1.9965162947773933], "to": [2.9624342769384384, 3.764027439057827, 2.2068366333842278], "rotationOrigin": [2.8281409740448, 3.650053024291992, 2.1016764640808105], "stepParentName": "b_Head", "rotationX": -2.578231604161568e-20, "rotationY": 2.1322367850523506e-20, "rotationZ": -90.00000933466734, "group": "EyeL.001", "faces": {"north": {"texture": "#main", "uv": [124.0, 70.0, 126.0, 74.0], "autoUv": false}, "east": {"texture": "#main", "uv": [121.0, 70.0, 126.0, 74.0], "autoUv": false}, "south": {"texture": "#main", "uv": [123.0, 70.0, 125.0, 74.0], "autoUv": false}, "west": {"texture": "#main", "uv": [121.0, 70.0, 126.0, 74.0], "autoUv": false}, "up": {"texture": "#main", "uv": [121.0, 70.0, 126.0, 72.0], "autoUv": false, "rotation": 90}, "down": {"texture": "#main", "uv": [121.0, 72.0, 126.0, 70.0], "autoUv": false, "rotation": 270}}, "children": []}, {"name": "EyeBrowL.005", "from": [3.6152188181877136, 3.099287800490856, 0.8678069114685059], "to": [4.713667213916779, 3.2605087235569954, 2.6711373329162598], "rotationOrigin": [4.164443016052246, 3.179898262023926, 1.7694721221923828], "stepParentName": "b_Head", "rotationX": -2.578231604161568e-20, "rotationY": 2.1322367850523506e-20, "rotationZ": -90.00000933466734, "group": "EyeL.001", "faces": {"north": {"texture": "#main", "uv": [124.0, 5.0, 127.0, 7.0], "autoUv": false}, "east": {"texture": "#main", "uv": [119.0, 5.0, 127.0, 7.0], "autoUv": false}, "south": {"texture": "#main", "uv": [123.0, 5.0, 126.0, 7.0], "autoUv": false}, "west": {"texture": "#main", "uv": [119.0, 5.0, 127.0, 7.0], "autoUv": false}, "up": {"texture": "#main", "uv": [119.0, 5.0, 127.0, 6.0], "autoUv": false, "rotation": 90}, "down": {"texture": "#main", "uv": [119.0, 6.0, 127.0, 5.0], "autoUv": false, "rotation": 270}}, "children": []}, {"name": "EyeBlackOuterR.010", "from": [2.429486870765686, 2.5629442930221558, 2.310746967792511], "to": [3.3288954496383667, 3.770545542240143, 2.826832413673401], "rotationOrigin": [2.8791911602020264, 2.905829906463623, 1.933006763458252], "stepParentName": "b_Head", "rotationX": -10.55872625867289, "rotationY": -11.455394346685809, "rotationZ": -107.21989977950996, "group": "EyeL.001", "faces": {"north": {"texture": "#main", "uv": [126.0, 1.0, 123.0, 7.0], "autoUv": false}, "east": {"texture": "#main", "uv": [127.0, 1.0, 119.0, 7.0], "autoUv": false}, "south": {"texture": "#main", "uv": [127.0, 1.0, 124.0, 7.0], "autoUv": false}, "west": {"texture": "#main", "uv": [127.0, 1.0, 119.0, 7.0], "autoUv": false}, "up": {"texture": "#main", "uv": [119.0, 1.0, 127.0, 4.0], "autoUv": false, "rotation": 270}, "down": {"texture": "#main", "uv": [119.0, 4.0, 127.0, 1.0], "autoUv": false, "rotation": 90}}, "children": []}, {"name": "EyeBlackOuterR.006", "from": [2.1476282477378845, 2.2068713307380676, -2.8611022233963013], "to": [3.2460766434669495, 4.2359760999679565, -0.6778420209884644], "rotationOrigin": [2.696852445602417, 3.179898262023926, -1.7694721221923828], "stepParentName": "b_Head", "rotationX": -2.578231604161568e-20, "rotationY": 2.1322367850523506e-20, "rotationZ": -90.00000933466734, "group": "EyeR.001", "faces": {"north": {"texture": "#main", "uv": [126.0, 1.0, 123.0, 7.0], "autoUv": false}, "east": {"texture": "#main", "uv": [127.0, 1.0, 119.0, 7.0], "autoUv": false}, "south": {"texture": "#main", "uv": [127.0, 1.0, 124.0, 7.0], "autoUv": false}, "west": {"texture": "#main", "uv": [127.0, 1.0, 119.0, 7.0], "autoUv": false}, "up": {"texture": "#main", "uv": [127.0, 1.0, 119.0, 4.0], "autoUv": false, "rotation": 90}, "down": {"texture": "#main", "uv": [127.0, 4.0, 119.0, 1.0], "autoUv": false, "rotation": 270}}, "children": []}, {"name": "EyeWhiteR.005", "from": [2.1410888731479645, 2.6300602788532927, -2.8777832984924316], "to": [2.8334456384181976, 4.182067788163309, -0.7497251033782959], "rotationOrigin": [2.487267255783081, 3.406064033508301, -1.8137542009353638], "stepParentName": "b_Head", "rotationX": -2.5782318934313312e-20, "rotationY": 2.132236640417469e-20, "rotationZ": -90.00000933466734, "group": "EyeR.001", "faces": {"north": {"texture": "#main", "uv": [126.0, 69.0, 123.0, 75.0], "autoUv": false}, "east": {"texture": "#main", "uv": [127.0, 69.0, 119.0, 75.0], "autoUv": false}, "south": {"texture": "#main", "uv": [127.0, 69.0, 124.0, 75.0], "autoUv": false}, "west": {"texture": "#main", "uv": [127.0, 69.0, 119.0, 75.0], "autoUv": false}, "up": {"texture": "#main", "uv": [127.0, 69.0, 119.0, 72.0], "autoUv": false, "rotation": 90}, "down": {"texture": "#main", "uv": [127.0, 72.0, 119.0, 69.0], "autoUv": false, "rotation": 270}}, "children": []}, {"name": "EyeColorR.006", "from": [2.2452777922153473, 2.6522921919822693, -2.6420902013778687], "to": [2.9376345574855804, 4.171606123447418, -0.7295795679092407], "rotationOrigin": [2.591456174850464, 3.4119491577148438, -1.6858348846435547], "stepParentName": "b_Head", "rotationX": -2.578231604161568e-20, "rotationY": 2.1322367850523506e-20, "rotationZ": -90.00000933466734, "group": "EyeR.001", "faces": {"north": {"texture": "#main", "uv": [117.0, 1.0, 115.0, 7.0], "autoUv": false}, "east": {"texture": "#main", "uv": [116.0, 1.0, 109.0, 7.0], "autoUv": false}, "south": {"texture": "#main", "uv": [110.0, 1.0, 108.0, 7.0], "autoUv": false}, "west": {"texture": "#main", "uv": [116.0, 1.0, 109.0, 7.0], "autoUv": false}, "up": {"texture": "#main", "uv": [117.0, 0.0, 109.0, 1.0], "autoUv": false, "rotation": 90}, "down": {"texture": "#main", "uv": [116.0, 7.0, 109.0, 5.0], "autoUv": false, "rotation": 270}}, "children": []}, {"name": "EyeBlackR.005", "from": [2.3753227293491364, 2.6807620525360107, -2.174590229988098], "to": [3.0676794946193695, 4.1740944385528564, -0.9733899831771851], "rotationOrigin": [2.721501111984253, 3.4274282455444336, -1.5739901065826416], "stepParentName": "b_Head", "rotationX": -2.578231604161568e-20, "rotationY": 2.1322367850523506e-20, "rotationZ": -90.00000933466734, "group": "EyeR.001", "faces": {"north": {"texture": "#main", "uv": [126.0, 1.0, 123.0, 7.0], "autoUv": false}, "east": {"texture": "#main", "uv": [127.0, 1.0, 122.0, 7.0], "autoUv": false}, "south": {"texture": "#main", "uv": [127.0, 1.0, 124.0, 7.0], "autoUv": false}, "west": {"texture": "#main", "uv": [127.0, 1.0, 122.0, 7.0], "autoUv": false}, "up": {"texture": "#main", "uv": [127.0, 1.0, 122.0, 4.0], "autoUv": false, "rotation": 90}, "down": {"texture": "#main", "uv": [127.0, 4.0, 122.0, 1.0], "autoUv": false, "rotation": 270}}, "children": []}, {"name": "EyeHighlight0R.006", "from": [2.9908085018396378, 3.410826086997986, -2.0943503677845], "to": [3.259395107626915, 3.8892799615859985, -1.579992026090622], "rotationOrigin": [3.1251018047332764, 3.650053024291992, -1.837171196937561], "stepParentName": "b_Head", "rotationX": -2.578231604161568e-20, "rotationY": 2.1322367850523506e-20, "rotationZ": -90.00000933466734, "group": "EyeR.001", "faces": {"north": {"texture": "#main", "uv": [125.0, 70.0, 123.0, 74.0], "autoUv": false}, "east": {"texture": "#main", "uv": [126.0, 70.0, 121.0, 74.0], "autoUv": false}, "south": {"texture": "#main", "uv": [126.0, 70.0, 124.0, 74.0], "autoUv": false}, "west": {"texture": "#main", "uv": [126.0, 70.0, 121.0, 74.0], "autoUv": false}, "up": {"texture": "#main", "uv": [126.0, 70.0, 121.0, 72.0], "autoUv": false, "rotation": 90}, "down": {"texture": "#main", "uv": [126.0, 72.0, 121.0, 70.0], "autoUv": false, "rotation": 270}}, "children": []}, {"name": "EyeHighlight1R.006", "from": [2.693847671151161, 3.5360786095261574, -1.147000603377819], "to": [2.9624342769384384, 3.764027439057827, -0.9366802647709846], "rotationOrigin": [2.8281409740448, 3.650053024291992, -1.0418404340744019], "stepParentName": "b_Head", "rotationX": -2.578231604161568e-20, "rotationY": 2.1322367850523506e-20, "rotationZ": -90.00000933466734, "group": "EyeR.001", "faces": {"north": {"texture": "#main", "uv": [125.0, 70.0, 123.0, 74.0], "autoUv": false}, "east": {"texture": "#main", "uv": [126.0, 70.0, 121.0, 74.0], "autoUv": false}, "south": {"texture": "#main", "uv": [126.0, 70.0, 124.0, 74.0], "autoUv": false}, "west": {"texture": "#main", "uv": [126.0, 70.0, 121.0, 74.0], "autoUv": false}, "up": {"texture": "#main", "uv": [126.0, 70.0, 121.0, 72.0], "autoUv": false, "rotation": 90}, "down": {"texture": "#main", "uv": [126.0, 72.0, 121.0, 70.0], "autoUv": false, "rotation": 270}}, "children": []}, {"name": "EyeBrowR.005", "from": [3.6152188181877136, 3.099287800490856, -2.671135187149048], "to": [4.713667213916779, 3.2605087235569954, -0.867804765701294], "rotationOrigin": [4.164443016052246, 3.179898262023926, -1.769469976425171], "stepParentName": "b_Head", "rotationX": -2.578231604161568e-20, "rotationY": 2.1322367850523506e-20, "rotationZ": -90.00000933466734, "group": "EyeR.001", "faces": {"north": {"texture": "#main", "uv": [124.0, 5.0, 127.0, 7.0], "autoUv": false}, "east": {"texture": "#main", "uv": [119.0, 5.0, 127.0, 7.0], "autoUv": false}, "south": {"texture": "#main", "uv": [123.0, 5.0, 126.0, 7.0], "autoUv": false}, "west": {"texture": "#main", "uv": [119.0, 5.0, 127.0, 7.0], "autoUv": false}, "up": {"texture": "#main", "uv": [119.0, 5.0, 127.0, 6.0], "autoUv": false, "rotation": 90}, "down": {"texture": "#main", "uv": [119.0, 6.0, 127.0, 5.0], "autoUv": false, "rotation": 270}}, "children": []}, {"name": "EyeBlackOuterR.007", "from": [2.429486870765686, 2.5629442930221558, -2.826832413673401], "to": [3.3288954496383667, 3.770545542240143, -2.310746967792511], "rotationOrigin": [2.8791911602020264, 2.905829906463623, -1.933006763458252], "stepParentName": "b_Head", "rotationX": 10.558727112446535, "rotationY": 11.455395200459456, "rotationZ": -107.2199134398883, "group": "EyeR.001", "faces": {"north": {"texture": "#main", "uv": [126.0, 1.0, 123.0, 7.0], "autoUv": false}, "east": {"texture": "#main", "uv": [127.0, 1.0, 119.0, 7.0], "autoUv": false}, "south": {"texture": "#main", "uv": [127.0, 1.0, 124.0, 7.0], "autoUv": false}, "west": {"texture": "#main", "uv": [127.0, 1.0, 119.0, 7.0], "autoUv": false}, "up": {"texture": "#main", "uv": [127.0, 1.0, 119.0, 4.0], "autoUv": false, "rotation": 90}, "down": {"texture": "#main", "uv": [127.0, 4.0, 119.0, 1.0], "autoUv": false, "rotation": 270}}, "children": []}], "groups": []}