{"textureWidth": 128, "textureHeight": 128, "textures": {}, "textureSizes": {}, "elements": [{"name": "EyeBlackOuterL", "from": [1.8408235907554626, 2.9772322922945023, 1.88603675365448], "to": [2.9392719864845276, 3.3825642317533493, 2.8759227991104126], "rotationOrigin": [2.390047788619995, 3.179898262023926, 2.3809797763824463], "stepParentName": "b_Head", "rotationX": 3.3267911914964697e-06, "rotationY": 6.878581060282292, "rotationZ": -90.00000250447816, "group": "EyeSleepL", "faces": {"north": {"texture": "#main", "uv": [124.0, 3.0, 127.0, 5.0], "autoUv": false}, "east": {"texture": "#main", "uv": [119.0, 3.0, 127.0, 5.0], "autoUv": false}, "south": {"texture": "#main", "uv": [123.0, 3.0, 126.0, 5.0], "autoUv": false}, "west": {"texture": "#main", "uv": [119.0, 3.0, 127.0, 5.0], "autoUv": false}, "up": {"texture": "#main", "uv": [119.0, 3.0, 127.0, 4.0], "autoUv": false, "rotation": 90}, "down": {"texture": "#main", "uv": [119.0, 4.0, 127.0, 3.0], "autoUv": false, "rotation": 270}}, "children": []}, {"name": "EyeBrowL", "from": [2.897357404232025, 3.099287800490856, 0.8678069114685059], "to": [3.99580579996109, 3.2605087235569954, 2.6711373329162598], "rotationOrigin": [3.4465816020965576, 3.179898262023926, 1.7694721221923828], "stepParentName": "b_Head", "rotationX": -2.578231604161568e-20, "rotationY": 2.1322367850523506e-20, "rotationZ": -90.00000933466734, "group": "EyeSleepL", "faces": {"north": {"texture": "#main", "uv": [124.0, 5.0, 127.0, 7.0], "autoUv": false}, "east": {"texture": "#main", "uv": [119.0, 5.0, 127.0, 7.0], "autoUv": false}, "south": {"texture": "#main", "uv": [123.0, 5.0, 126.0, 7.0], "autoUv": false}, "west": {"texture": "#main", "uv": [119.0, 5.0, 127.0, 7.0], "autoUv": false}, "up": {"texture": "#main", "uv": [119.0, 5.0, 127.0, 6.0], "autoUv": false, "rotation": 90}, "down": {"texture": "#main", "uv": [119.0, 6.0, 127.0, 5.0], "autoUv": false, "rotation": 270}}, "children": []}, {"name": "EyeBlackOuterL.006", "from": [1.8343576788902283, 2.9771498292684555, 0.7349445223808289], "to": [2.932806074619293, 3.382646694779396, 1.9337366223335266], "rotationOrigin": [2.3835818767547607, 3.179898262023926, 1.3343405723571777], "stepParentName": "b_Head", "rotationX": -2.5402625116532493e-06, "rotationY": -4.98041044512004, "rotationZ": -90.00000933466734, "group": "EyeSleepL", "faces": {"north": {"texture": "#main", "uv": [124.0, 3.0, 127.0, 5.0], "autoUv": false}, "east": {"texture": "#main", "uv": [119.0, 3.0, 127.0, 5.0], "autoUv": false}, "south": {"texture": "#main", "uv": [123.0, 3.0, 126.0, 5.0], "autoUv": false}, "west": {"texture": "#main", "uv": [119.0, 3.0, 127.0, 5.0], "autoUv": false}, "up": {"texture": "#main", "uv": [119.0, 3.0, 127.0, 4.0], "autoUv": false, "rotation": 90}, "down": {"texture": "#main", "uv": [119.0, 4.0, 127.0, 3.0], "autoUv": false, "rotation": 270}}, "children": []}, {"name": "EyeBrowR", "from": [2.897357404232025, 3.099287800490856, -2.671135187149048], "to": [3.99580579996109, 3.2605087235569954, -0.867804765701294], "rotationOrigin": [3.4465816020965576, 3.179898262023926, -1.769469976425171], "stepParentName": "b_Head", "rotationX": -2.578231604161568e-20, "rotationY": 2.1322367850523506e-20, "rotationZ": -90.00000933466734, "group": "EyeSleepR", "faces": {"north": {"texture": "#main", "uv": [124.0, 5.0, 127.0, 7.0], "autoUv": false}, "east": {"texture": "#main", "uv": [119.0, 5.0, 127.0, 7.0], "autoUv": false}, "south": {"texture": "#main", "uv": [123.0, 5.0, 126.0, 7.0], "autoUv": false}, "west": {"texture": "#main", "uv": [119.0, 5.0, 127.0, 7.0], "autoUv": false}, "up": {"texture": "#main", "uv": [119.0, 5.0, 127.0, 6.0], "autoUv": false, "rotation": 90}, "down": {"texture": "#main", "uv": [119.0, 6.0, 127.0, 5.0], "autoUv": false, "rotation": 270}}, "children": []}, {"name": "EyeBlackOuterR", "from": [1.8408235907554626, 2.9772322922945023, -2.8759227991104126], "to": [2.9392719864845276, 3.3825642317533493, -1.88603675365448], "rotationOrigin": [2.390047788619995, 3.179898262023926, -2.3809797763824463], "stepParentName": "b_Head", "rotationX": -3.3267911914964697e-06, "rotationY": -6.878582340942761, "rotationZ": -90.00000250447816, "group": "EyeSleepR", "faces": {"north": {"texture": "#main", "uv": [124.0, 3.0, 127.0, 5.0], "autoUv": false}, "east": {"texture": "#main", "uv": [119.0, 3.0, 127.0, 5.0], "autoUv": false}, "south": {"texture": "#main", "uv": [123.0, 3.0, 126.0, 5.0], "autoUv": false}, "west": {"texture": "#main", "uv": [119.0, 3.0, 127.0, 5.0], "autoUv": false}, "up": {"texture": "#main", "uv": [127.0, 3.0, 119.0, 4.0], "autoUv": false, "rotation": 270}, "down": {"texture": "#main", "uv": [127.0, 4.0, 119.0, 3.0], "autoUv": false, "rotation": 90}}, "children": []}, {"name": "EyeBlackOuterR.009", "from": [1.8343576788902283, 2.9771498292684555, -1.9337366223335266], "to": [2.932806074619293, 3.382646694779396, -0.7349445223808289], "rotationOrigin": [2.3835818767547607, 3.179898262023926, -1.3343405723571777], "stepParentName": "b_Head", "rotationX": 2.237550242845777e-06, "rotationY": 4.980411298893687, "rotationZ": -90.00000933466734, "group": "EyeSleepR", "faces": {"north": {"texture": "#main", "uv": [124.0, 3.0, 127.0, 5.0], "autoUv": false}, "east": {"texture": "#main", "uv": [119.0, 3.0, 127.0, 5.0], "autoUv": false}, "south": {"texture": "#main", "uv": [123.0, 3.0, 126.0, 5.0], "autoUv": false}, "west": {"texture": "#main", "uv": [119.0, 3.0, 127.0, 5.0], "autoUv": false}, "up": {"texture": "#main", "uv": [127.0, 3.0, 119.0, 4.0], "autoUv": false, "rotation": 270}, "down": {"texture": "#main", "uv": [127.0, 4.0, 119.0, 3.0], "autoUv": false, "rotation": 90}}, "children": []}], "groups": []}