{"textureWidth":64,"textureHeight":64,"textures":{},"textureSizes":{"head":[64,64]},"elements":[{"name":"MeshTorsoUpper","from":[-2.01244905,-0.53101778,-3.09720997],"to":[2.98305104,4.46448183,3.09720989],"rotationOrigin":[-0.01469924,0.16673183,-4e-08],"stepParentName":"b_TorsoUpper","rotationX":-2.96e-06,"rotationY":2.96e-06,"rotationZ":-76.02027867,"group":"body-base","faces":{"north":{"texture":"#main","uv":[82.0,10.0,92.0,20.0],"autoUv":false},"east":{"texture":"#main","uv":[114.0,10.0,126.0,20.0],"autoUv":false},"south":{"texture":"#main","uv":[104.0,10.0,114.0,20.0],"autoUv":false},"west":{"texture":"#main","uv":[92.0,10.0,104.0,20.0],"autoUv":false},"up":{"texture":"#main","uv":[92.0,0.0,104.0,10.0],"autoUv":false,"rotation":90},"down":{"texture":"#main","uv":[104.0,27.0,92.0,17.0],"autoUv":false,"rotation":90}},"children":[]},{"name":"MeshTorsoLower","from":[-1.99329996,0.00216262,-2.99729991],"to":[3.00220013,4.99766104,2.99729991],"rotationOrigin":[0.00444984,-8.782e-05,0.0],"stepParentName":"b_TorsoLower","rotationX":-1.366e-05,"rotationY":-0.0,"rotationZ":-88.13036116,"group":"body-base","faces":{"north":{"texture":"#main","uv":[82.0,20.0,92.0,30.0],"autoUv":false},"east":{"texture":"#main","uv":[114.0,20.0,126.0,30.0],"autoUv":false},"south":{"texture":"#main","uv":[104.0,20.0,114.0,30.0],"autoUv":false},"west":{"texture":"#main","uv":[92.0,20.0,104.0,30.0],"autoUv":false},"up":{"texture":"#main","uv":[92.0,16.0,104.0,26.0],"autoUv":false,"rotation":90},"down":{"texture":"#main","uv":[80.0,30.0,68.0,20.0],"autoUv":false,"rotation":90}},"children":[]},{"name":"MeshArmUpperR","from":[-1.86256742,-0.70030367,-1.82768176],"to":[1.13473368,6.29339898,0.17051812],"rotationOrigin":[-0.36391699,-0.7034539,0.17141677],"stepParentName":"b_ArmUpperR","rotationX":92.36661524,"rotationY":-2.34842629,"rotationZ":-90.83040324,"group":"body-base","faces":{"north":{"texture":"#main","uv":[66.0,83.0,72.0,97.0],"autoUv":false,"rotation":180},"east":{"texture":"#main","uv":[72.0,83.0,76.0,97.0],"autoUv":false,"rotation":180},"south":{"texture":"#main","uv":[76.0,83.0,82.0,97.0],"autoUv":false,"rotation":180},"west":{"texture":"#main","uv":[62.0,83.0,66.0,97.0],"autoUv":false,"rotation":180},"up":{"texture":"#main","uv":[72.0,97.0,76.0,103.0],"autoUv":false,"rotation":270},"down":{"texture":"#main","uv":[76.0,83.0,72.0,77.0],"autoUv":false,"rotation":270}},"children":[]},{"name":"MeshArmUpperL","from":[-1.86256406,-6.29967177,0.1962593],"to":[1.13473704,0.69402993,2.1944593],"rotationOrigin":[-0.36391339,0.69718015,0.19536065],"stepParentName":"b_ArmUpperL","rotationX":89.5920558,"rotationY":2.34851444,"rotationZ":89.1695198,"group":"body-base","faces":{"north":{"texture":"#main","uv":[84.0,83.0,90.0,97.0],"autoUv":false},"east":{"texture":"#main","uv":[100.0,83.0,104.0,97.0],"autoUv":false},"south":{"texture":"#main","uv":[94.0,83.0,100.0,97.0],"autoUv":false},"west":{"texture":"#main","uv":[90.0,83.0,94.0,97.0],"autoUv":false},"up":{"texture":"#main","uv":[90.0,77.0,94.0,83.0],"autoUv":false,"rotation":90},"down":{"texture":"#main","uv":[94.0,103.0,90.0,97.0],"autoUv":false,"rotation":90}},"children":[]},{"name":"MeshArmLowerR","from":[-1.24650021,0.01416632,-0.94557672],"to":[1.17850069,8.00696655,1.05262382],"rotationOrigin":[-0.03399988,0.01056477,0.05352355],"stepParentName":"b_ArmLowerR","rotationX":91.16627097,"rotationY":0.08964461,"rotationZ":-90.00212669,"group":"body-base","faces":{"north":{"texture":"#main","uv":[67.0,103.0,72.0,119.0],"autoUv":false,"rotation":180},"east":{"texture":"#main","uv":[72.0,103.0,76.0,119.0],"autoUv":false,"rotation":180},"south":{"texture":"#main","uv":[76.0,103.0,81.0,119.0],"autoUv":false,"rotation":180},"west":{"texture":"#main","uv":[63.0,103.0,67.0,119.0],"autoUv":false,"rotation":180},"up":{"texture":"#main","uv":[72.0,119.0,76.0,124.0],"autoUv":false,"rotation":270},"down":{"texture":"#main","uv":[76.0,103.0,72.0,98.0],"autoUv":false,"rotation":270}},"children":[]},{"name":"MeshArmLowerL","from":[-1.28288294,-8.00726752,-0.94563679],"to":[1.21486782,-0.01446681,1.05256338],"rotationOrigin":[-0.03400733,-0.01086573,0.0534633],"stepParentName":"b_ArmLowerL","rotationX":89.15568184,"rotationY":-0.08958085,"rotationZ":89.99867745,"group":"body-base","faces":{"north":{"texture":"#main","uv":[85.0,103.0,90.0,119.0],"autoUv":false},"east":{"texture":"#main","uv":[99.0,103.0,103.0,119.0],"autoUv":false},"south":{"texture":"#main","uv":[94.0,103.0,99.0,119.0],"autoUv":false},"west":{"texture":"#main","uv":[90.0,103.0,94.0,119.0],"autoUv":false},"up":{"texture":"#main","uv":[90.0,98.0,94.0,103.0],"autoUv":false,"rotation":90},"down":{"texture":"#main","uv":[94.0,124.0,90.0,119.0],"autoUv":false,"rotation":90}},"children":[]}],"groups":[]}