{"textureWidth":64,"textureHeight":64,"textures":{},"textureSizes":{"head":[64,64]},"elements":[{"name":"Eylid0R.001","from":[-3.251380104572,3.112881928682,0.547612965107],"to":[-3.141843657941,3.277186602354,2.026354968548],"rotationOrigin":[-3.196611881256,3.195034265518,1.286983966827],"stepParentName":"b_Head","rotationX":1.999986324129,"rotationY":1e-12,"rotationZ":-0.0,"group":"eye-bug_raised","faces":{"north":{"texture":"#head","uv":[8.0,60.0,10.0,61.0],"autoUv":false},"east":{"texture":"#head","uv":[14.0,60.0,16.0,61.0],"autoUv":false},"south":{"texture":"#head","uv":[12.0,60.0,14.0,61.0],"autoUv":false},"west":{"texture":"#head","uv":[10.0,60.0,12.0,61.0],"autoUv":false},"up":{"texture":"#head","uv":[10.0,59.0,12.0,60.0],"autoUv":false,"rotation":90},"down":{"texture":"#head","uv":[12.0,62.0,10.0,61.0],"autoUv":false,"rotation":90}},"children":[]},{"name":"Eylid0L.001","from":[-3.251380104572,3.112881451845,-1.96947067976],"to":[-3.141843657941,3.277186125517,-0.490728676319],"rotationOrigin":[-3.196611881256,3.195033788681,-1.23009967804],"stepParentName":"b_Head","rotationX":-2.000013644886,"rotationY":1e-12,"rotationZ":0.0,"group":"eye-bug_raised","faces":{"north":{"texture":"#head","uv":[8.0,59.0,9.0,60.0],"autoUv":false},"east":{"texture":"#head","uv":[13.0,59.0,16.0,60.0],"autoUv":false},"south":{"texture":"#head","uv":[12.0,59.0,13.0,60.0],"autoUv":false},"west":{"texture":"#head","uv":[9.0,59.0,12.0,60.0],"autoUv":false},"up":{"texture":"#head","uv":[9.0,58.0,12.0,59.0],"autoUv":false,"rotation":90},"down":{"texture":"#head","uv":[12.0,61.0,9.0,60.0],"autoUv":false,"rotation":90}},"children":[]},{"name":"L eye2.003","from":[-3.171414755285,2.152906239033,0.83501496911],"to":[-3.061878301203,3.248270690441,1.63082537055],"rotationOrigin":[-3.116646528244,2.700588464737,1.23292016983],"stepParentName":"b_Head","rotationX":-1.3660375e-05,"rotationY":1e-12,"rotationZ":0.0,"group":"eye-bug_raised","faces":{"north":{"texture":"#head","uv":[10.0,57.0,11.0,62.0],"autoUv":false},"east":{"texture":"#head","uv":[11.0,57.0,15.0,62.0],"autoUv":false},"south":{"texture":"#head","uv":[15.0,57.0,16.0,62.0],"autoUv":false},"west":{"texture":"#head","uv":[10.0,56.0,14.0,61.0],"autoUv":false},"up":{"texture":"#head","uv":[15.0,57.0,11.0,58.0],"autoUv":false,"rotation":270},"down":{"texture":"#head","uv":[15.0,63.0,11.0,62.0],"autoUv":false,"rotation":90}},"children":[]},{"name":"L eyebrow 1.003","from":[-3.237868782133,3.872526228428,0.573934853077],"to":[-3.133092407137,3.998991429806,1.412918508053],"rotationOrigin":[-3.185480594635,3.935758829117,0.993426680565],"stepParentName":"b_Head","rotationX":-2.000013644886,"rotationY":1e-12,"rotationZ":0.0,"group":"eye-bug_raised","faces":{"north":{"texture":"#head","uv":[8.0,60.0,9.0,61.0],"autoUv":false},"east":{"texture":"#head","uv":[13.0,60.0,16.0,61.0],"autoUv":false},"south":{"texture":"#head","uv":[12.0,60.0,13.0,61.0],"autoUv":false},"west":{"texture":"#head","uv":[9.0,59.0,12.0,60.0],"autoUv":false},"up":{"texture":"#head","uv":[9.0,59.0,12.0,60.0],"autoUv":false,"rotation":90},"down":{"texture":"#head","uv":[12.0,61.0,9.0,60.0],"autoUv":false,"rotation":90}},"children":[]},{"name":"L eyebrow 2.003","from":[-3.236641850322,3.839340180159,1.324788302183],"to":[-3.131855044514,3.9808550179,2.08613756299],"rotationOrigin":[-3.184248447418,3.91009759903,1.705462932587],"stepParentName":"b_Head","rotationX":6.999985538345,"rotationY":4.4783e-08,"rotationZ":-0.99999849815,"group":"eye-bug_raised","faces":{"north":{"texture":"#head","uv":[8.0,60.0,9.0,61.0],"autoUv":false},"east":{"texture":"#head","uv":[13.0,60.0,16.0,61.0],"autoUv":false},"south":{"texture":"#head","uv":[12.0,60.0,13.0,61.0],"autoUv":false},"west":{"texture":"#head","uv":[9.0,59.0,12.0,60.0],"autoUv":false},"up":{"texture":"#head","uv":[9.0,59.0,12.0,60.0],"autoUv":false,"rotation":90},"down":{"texture":"#head","uv":[12.0,61.0,9.0,60.0],"autoUv":false,"rotation":90}},"children":[]},{"name":"L pupil.003","from":[-3.20072196424,2.489536345005,0.934485882521],"to":[-3.070285096765,2.962466195226,1.538510590792],"rotationOrigin":[-3.135503530502,2.892668008804,1.236498236656],"stepParentName":"b_Head","rotationX":-1.3660375e-05,"rotationY":1e-12,"rotationZ":0.0,"group":"eye-bug_raised","faces":{"north":{"texture":"#head","uv":[22.0,56.0,22.0,61.0],"autoUv":false},"east":{"texture":"#head","uv":[22.0,56.0,23.0,61.0],"autoUv":false},"south":{"texture":"#head","uv":[22.0,56.0,22.0,61.0],"autoUv":false},"west":{"texture":"#head","uv":[20.0,56.0,22.0,61.0],"autoUv":false},"up":{"texture":"#head","uv":[22.0,56.0,23.0,56.0],"autoUv":false,"rotation":90},"down":{"texture":"#head","uv":[23.0,61.0,22.0,61.0],"autoUv":false,"rotation":90}},"children":[]},{"name":"L whites.003","from":[-3.16201505065,2.1515417099,0.628063976765],"to":[-2.64293089509,3.136525630951,1.880097806454],"rotationOrigin":[-2.90247297287,2.644033670425,1.254080891609],"stepParentName":"b_Head","rotationX":-1.3660375e-05,"rotationY":1e-12,"rotationZ":0.0,"group":"eye-bug_raised","faces":{"north":{"texture":"#head","uv":[7.0,59.0,9.0,61.0],"autoUv":false},"east":{"texture":"#head","uv":[13.0,59.0,15.0,61.0],"autoUv":false},"south":{"texture":"#head","uv":[11.0,59.0,13.0,61.0],"autoUv":false},"west":{"texture":"#head","uv":[9.0,59.0,11.0,61.0],"autoUv":false},"up":{"texture":"#head","uv":[9.0,57.0,11.0,59.0],"autoUv":false,"rotation":90},"down":{"texture":"#head","uv":[11.0,63.0,9.0,61.0],"autoUv":false,"rotation":90}},"children":[]},{"name":"R eye.003","from":[-3.170558355749,2.152905762196,-1.638961583376],"to":[-3.061021901667,3.248270213604,-0.811406105757],"rotationOrigin":[-3.115790128708,2.7005879879,-1.225183844566],"stepParentName":"b_Head","rotationX":-1.3660375e-05,"rotationY":1e-12,"rotationZ":0.0,"group":"eye-bug_raised","faces":{"north":{"texture":"#head","uv":[9.0,57.0,10.0,62.0],"autoUv":false},"east":{"texture":"#head","uv":[10.0,57.0,14.0,62.0],"autoUv":false},"south":{"texture":"#head","uv":[14.0,57.0,15.0,62.0],"autoUv":false},"west":{"texture":"#head","uv":[10.0,56.0,14.0,61.0],"autoUv":false},"up":{"texture":"#head","uv":[14.0,57.0,10.0,58.0],"autoUv":false,"rotation":270},"down":{"texture":"#head","uv":[14.0,63.0,10.0,62.0],"autoUv":false,"rotation":90}},"children":[]},{"name":"R eyebrow 1.003","from":[-3.237868782133,3.872525751591,-1.362520396709],"to":[-3.133092407137,3.998990952969,-0.523536741734],"rotationOrigin":[-3.185480594635,3.93575835228,-0.943028569221],"stepParentName":"b_Head","rotationX":1.999986324129,"rotationY":1e-12,"rotationZ":-0.0,"group":"eye-bug_raised","faces":{"north":{"texture":"#head","uv":[8.0,58.0,9.0,59.0],"autoUv":false},"east":{"texture":"#head","uv":[13.0,58.0,16.0,59.0],"autoUv":false},"south":{"texture":"#head","uv":[12.0,57.0,13.0,58.0],"autoUv":false},"west":{"texture":"#head","uv":[9.0,57.0,12.0,58.0],"autoUv":false},"up":{"texture":"#head","uv":[9.0,57.0,12.0,58.0],"autoUv":false,"rotation":90},"down":{"texture":"#head","uv":[12.0,59.0,9.0,58.0],"autoUv":false,"rotation":90}},"children":[]},{"name":"R eyebrow 2.003","from":[-3.236641850322,3.839339226484,-2.050138264894],"to":[-3.131855044514,3.980854064226,-1.288789004087],"rotationOrigin":[-3.184248447418,3.910096645355,-1.669463634491],"stepParentName":"b_Head","rotationX":-7.000012005328,"rotationY":-4.6559e-08,"rotationZ":-0.99999849815,"group":"eye-bug_raised","faces":{"north":{"texture":"#head","uv":[8.0,58.0,9.0,59.0],"autoUv":false},"east":{"texture":"#head","uv":[13.0,58.0,16.0,59.0],"autoUv":false},"south":{"texture":"#head","uv":[12.0,57.0,13.0,58.0],"autoUv":false},"west":{"texture":"#head","uv":[9.0,57.0,12.0,58.0],"autoUv":false},"up":{"texture":"#head","uv":[9.0,57.0,12.0,58.0],"autoUv":false,"rotation":90},"down":{"texture":"#head","uv":[12.0,59.0,9.0,58.0],"autoUv":false,"rotation":90}},"children":[]},{"name":"R pupil.003","from":[-3.195395480841,2.506332695484,-1.533444225788],"to":[-3.120595920831,2.96952471137,-0.918650567532],"rotationOrigin":[-3.157995700836,2.903972387314,-1.22604739666],"stepParentName":"b_Head","rotationX":-1.3660375e-05,"rotationY":1e-12,"rotationZ":0.0,"group":"eye-bug_raised","faces":{"north":{"texture":"#head","uv":[18.0,56.0,18.0,61.0],"autoUv":false},"east":{"texture":"#head","uv":[18.0,56.0,20.0,61.0],"autoUv":false},"south":{"texture":"#head","uv":[18.0,56.0,18.0,61.0],"autoUv":false},"west":{"texture":"#head","uv":[17.0,56.0,18.0,61.0],"autoUv":false},"up":{"texture":"#head","uv":[18.0,56.0,20.0,56.0],"autoUv":false,"rotation":90},"down":{"texture":"#head","uv":[20.0,61.0,18.0,61.0],"autoUv":false,"rotation":90}},"children":[]},{"name":"R whites.003","from":[-3.16201505065,2.151541233063,-1.862622201443],"to":[-2.64293089509,3.136525154114,-0.610588371754],"rotationOrigin":[-2.90247297287,2.644033193588,-1.236605286598],"stepParentName":"b_Head","rotationX":-1.3660375e-05,"rotationY":1e-12,"rotationZ":0.0,"group":"eye-bug_raised","faces":{"north":{"texture":"#head","uv":[7.0,59.0,9.0,61.0],"autoUv":false},"east":{"texture":"#head","uv":[13.0,59.0,15.0,61.0],"autoUv":false},"south":{"texture":"#head","uv":[11.0,59.0,13.0,61.0],"autoUv":false},"west":{"texture":"#head","uv":[9.0,59.0,11.0,61.0],"autoUv":false},"up":{"texture":"#head","uv":[9.0,57.0,11.0,59.0],"autoUv":false,"rotation":90},"down":{"texture":"#head","uv":[11.0,63.0,9.0,61.0],"autoUv":false,"rotation":90}},"children":[]}],"groups":[]}