{"textureWidth":64,"textureHeight":64,"textures":{},"textureSizes":{"head":[64,64]},"elements":[{"name":"EyebrowR","from":[-3.242484331131,3.776462316513,-1.34477697312],"to":[-3.142532987418,3.897103733328,-0.544428884983],"rotationOrigin":[-3.242484331131,3.776462316513,-0.544428884983],"stepParentName":"b_Head","rotationX":8.522127772715,"rotationY":1e-12,"rotationZ":-0.0,"group":"eye-animu4_raised","faces":{"north":{"texture":"#head","uv":[8.0,58.0,9.0,59.0],"autoUv":false},"east":{"texture":"#head","uv":[13.0,58.0,16.0,59.0],"autoUv":false},"south":{"texture":"#head","uv":[12.0,58.0,13.0,59.0],"autoUv":false},"west":{"texture":"#head","uv":[9.0,58.0,12.0,59.0],"autoUv":false},"up":{"texture":"#head","uv":[9.0,57.0,12.0,58.0],"autoUv":false,"rotation":90},"down":{"texture":"#head","uv":[12.0,60.0,9.0,59.0],"autoUv":false,"rotation":90}},"children":[]},{"name":"EyebrowR.001","from":[-3.244794607162,3.888545751572,-2.000457658412],"to":[-3.144833302026,4.023543735313,-1.274168848991],"rotationOrigin":[-3.244794607162,3.888545751572,-1.274168848991],"stepParentName":"b_Head","rotationX":-19.088686550819,"rotationY":0.184780015783,"rotationZ":-0.982780338304,"group":"eye-animu4_raised","faces":{"north":{"texture":"#head","uv":[8.0,58.0,9.0,59.0],"autoUv":false},"east":{"texture":"#head","uv":[13.0,58.0,16.0,59.0],"autoUv":false},"south":{"texture":"#head","uv":[12.0,58.0,13.0,59.0],"autoUv":false},"west":{"texture":"#head","uv":[9.0,58.0,12.0,59.0],"autoUv":false},"up":{"texture":"#head","uv":[9.0,57.0,12.0,58.0],"autoUv":false,"rotation":90},"down":{"texture":"#head","uv":[12.0,60.0,9.0,59.0],"autoUv":false,"rotation":90}},"children":[]},{"name":"EyebrowL","from":[-3.242484331131,3.77646279335,0.54101061821],"to":[-3.142532987418,3.897104210165,1.341358706346],"rotationOrigin":[-3.242484331131,3.77646279335,0.54101061821],"stepParentName":"b_Head","rotationX":-8.522153385925,"rotationY":1e-12,"rotationZ":0.0,"group":"eye-animu4_raised","faces":{"north":{"texture":"#head","uv":[13.0,58.0,12.0,59.0],"autoUv":false},"east":{"texture":"#head","uv":[16.0,58.0,13.0,59.0],"autoUv":false},"south":{"texture":"#head","uv":[9.0,58.0,8.0,59.0],"autoUv":false},"west":{"texture":"#head","uv":[12.0,58.0,9.0,59.0],"autoUv":false},"up":{"texture":"#head","uv":[12.0,57.0,9.0,58.0],"autoUv":false,"rotation":90},"down":{"texture":"#head","uv":[9.0,60.0,12.0,59.0],"autoUv":false,"rotation":90}},"children":[]},{"name":"EyebrowL.001","from":[-3.244794607162,3.888546228409,1.270750522614],"to":[-3.144833302026,4.02354421215,1.997039332034],"rotationOrigin":[-3.244794607162,3.888546228409,1.270750522614],"stepParentName":"b_Head","rotationX":19.088659230062,"rotationY":-0.184780029123,"rotationZ":-0.982780445026,"group":"eye-animu4_raised","faces":{"north":{"texture":"#head","uv":[13.0,58.0,12.0,59.0],"autoUv":false},"east":{"texture":"#head","uv":[16.0,58.0,13.0,59.0],"autoUv":false},"south":{"texture":"#head","uv":[9.0,58.0,8.0,59.0],"autoUv":false},"west":{"texture":"#head","uv":[12.0,58.0,9.0,59.0],"autoUv":false},"up":{"texture":"#head","uv":[12.0,57.0,9.0,58.0],"autoUv":false,"rotation":90},"down":{"texture":"#head","uv":[9.0,60.0,12.0,59.0],"autoUv":false,"rotation":90}},"children":[]},{"name":"EyelidR.011","from":[-3.182326316833,2.605172872543,-1.243941194382],"to":[-3.073573125272,2.870515534167,-0.511877655983],"rotationOrigin":[-3.182326316833,2.605172872543,-0.511877655983],"stepParentName":"b_Head","rotationX":40.325795444687,"rotationY":0.371285508105,"rotationZ":-0.26629728299,"group":"EyeAnimu4R","faces":{"north":{"texture":"#head","uv":[8.0,59.0,9.0,60.0],"autoUv":false},"east":{"texture":"#head","uv":[13.0,59.0,16.0,60.0],"autoUv":false},"south":{"texture":"#head","uv":[12.0,59.0,13.0,60.0],"autoUv":false},"west":{"texture":"#head","uv":[9.0,59.0,12.0,60.0],"autoUv":false},"up":{"texture":"#head","uv":[9.0,58.0,12.0,59.0],"autoUv":false,"rotation":90},"down":{"texture":"#head","uv":[12.0,61.0,9.0,60.0],"autoUv":false,"rotation":90}},"children":[]},{"name":"EyeR","from":[-3.177427725888,2.106492762016,-1.289124963821],"to":[-3.045673890018,3.075854574991,-0.96623254007],"rotationOrigin":[-3.111550807953,2.633615255356,-1.127678751945],"stepParentName":"b_Head","rotationX":-1.3660375e-05,"rotationY":1e-12,"rotationZ":0.0,"group":"EyeAnimu4R","faces":{"north":{"texture":"#head","uv":[18.0,57.0,19.0,62.0],"autoUv":false},"east":{"texture":"#head","uv":[19.0,57.0,23.0,62.0],"autoUv":false},"south":{"texture":"#head","uv":[23.0,57.0,24.0,62.0],"autoUv":false},"west":{"texture":"#head","uv":[19.0,56.0,21.0,61.0],"autoUv":false},"up":{"texture":"#head","uv":[23.0,57.0,19.0,58.0],"autoUv":false,"rotation":270},"down":{"texture":"#head","uv":[23.0,63.0,19.0,62.0],"autoUv":false,"rotation":90}},"children":[]},{"name":"EyePupilR","from":[-3.185296140909,2.242904222483,-1.188235408332],"to":[-3.095324910879,2.916084253317,-1.02333437774],"rotationOrigin":[-3.140310525894,2.5794942379,-1.105784893036],"stepParentName":"b_Head","rotationX":-1.3660375e-05,"rotationY":1e-12,"rotationZ":0.0,"group":"EyeAnimu4R","faces":{"north":{"texture":"#head","uv":[20.0,56.0,21.0,59.0],"autoUv":false},"east":{"texture":"#head","uv":[21.0,56.0,24.0,59.0],"autoUv":false},"south":{"texture":"#head","uv":[20.0,56.0,21.0,59.0],"autoUv":false},"west":{"texture":"#head","uv":[17.0,56.0,18.0,59.0],"autoUv":false},"up":{"texture":"#head","uv":[21.0,56.0,24.0,57.0],"autoUv":false,"rotation":90},"down":{"texture":"#head","uv":[24.0,59.0,21.0,58.0],"autoUv":false,"rotation":90}},"children":[]},{"name":"EyeWhiteR","from":[-3.162149382994,2.033105488843,-1.882636957016],"to":[-2.666969345644,2.966760694554,-0.602617092285],"rotationOrigin":[-2.914559364319,2.477439641953,-1.242627024651],"stepParentName":"b_Head","rotationX":3.837864938497,"rotationY":1e-12,"rotationZ":-0.0,"group":"EyeAnimu4R","faces":{"north":{"texture":"#head","uv":[0.0,58.0,2.0,60.0],"autoUv":false},"east":{"texture":"#head","uv":[6.0,58.0,8.0,60.0],"autoUv":false},"south":{"texture":"#head","uv":[4.0,58.0,6.0,60.0],"autoUv":false},"west":{"texture":"#head","uv":[2.0,58.0,4.0,60.0],"autoUv":false},"up":{"texture":"#head","uv":[2.0,56.0,4.0,58.0],"autoUv":false,"rotation":90},"down":{"texture":"#head","uv":[4.0,62.0,2.0,60.0],"autoUv":false,"rotation":90}},"children":[]},{"name":"EyeShineR","from":[-3.224893026437,2.580603510762,-1.552040466903],"to":[-3.016491526531,2.72604543934,-1.155861964585],"rotationOrigin":[-3.141532421112,2.682412862778,-1.353951215744],"stepParentName":"b_Head","rotationX":-1.3660375e-05,"rotationY":1e-12,"rotationZ":0.0,"group":"EyeAnimu4R","faces":{"north":{"texture":"#head","uv":[2.0,60.0,3.0,61.0],"autoUv":false},"east":{"texture":"#head","uv":[6.0,60.0,7.0,61.0],"autoUv":false},"south":{"texture":"#head","uv":[5.0,60.0,6.0,61.0],"autoUv":false},"west":{"texture":"#head","uv":[3.0,60.0,5.0,61.0],"autoUv":false},"up":{"texture":"#head","uv":[3.0,59.0,5.0,60.0],"autoUv":false,"rotation":90},"down":{"texture":"#head","uv":[5.0,62.0,3.0,61.0],"autoUv":false,"rotation":90}},"children":[]},{"name":"EyelidR.012","from":[-3.171248674393,2.619388103485,-2.448541116471],"to":[-3.066756466636,2.755361259974,-1.927406787872],"rotationOrigin":[-3.171248674393,2.619388103485,-1.927406787872],"stepParentName":"b_Head","rotationX":-101.270688899213,"rotationY":0.0,"rotationZ":1e-12,"group":"EyeAnimu4R","faces":{"north":{"texture":"#head","uv":[8.0,59.0,9.0,60.0],"autoUv":false},"east":{"texture":"#head","uv":[13.0,59.0,16.0,60.0],"autoUv":false},"south":{"texture":"#head","uv":[12.0,59.0,13.0,60.0],"autoUv":false},"west":{"texture":"#head","uv":[9.0,59.0,12.0,60.0],"autoUv":false},"up":{"texture":"#head","uv":[9.0,58.0,12.0,59.0],"autoUv":false,"rotation":90},"down":{"texture":"#head","uv":[12.0,61.0,9.0,60.0],"autoUv":false,"rotation":90}},"children":[]},{"name":"EyelidR.013","from":[-3.176341295242,2.841645717621,-2.353433962601],"to":[-3.071849080564,3.034966021881,-1.824920773506],"rotationOrigin":[-3.176341295242,2.841645717621,-1.824920773506],"stepParentName":"b_Head","rotationX":-81.552253784277,"rotationY":1.316172864028,"rotationZ":-0.135701651481,"group":"EyeAnimu4R","faces":{"north":{"texture":"#head","uv":[8.0,59.0,9.0,60.0],"autoUv":false},"east":{"texture":"#head","uv":[13.0,59.0,16.0,60.0],"autoUv":false},"south":{"texture":"#head","uv":[12.0,59.0,13.0,60.0],"autoUv":false},"west":{"texture":"#head","uv":[9.0,59.0,12.0,60.0],"autoUv":false},"up":{"texture":"#head","uv":[9.0,58.0,12.0,59.0],"autoUv":false,"rotation":90},"down":{"texture":"#head","uv":[12.0,61.0,9.0,60.0],"autoUv":false,"rotation":90}},"children":[]},{"name":"EyelidR.014","from":[-3.194317102432,3.20108962059,-2.274226231331],"to":[-3.085563931482,3.446364752011,-1.275214195251],"rotationOrigin":[-3.194317102432,3.20108962059,-1.275214195251],"stepParentName":"b_Head","rotationX":-41.819779797317,"rotationY":0.490658591859,"rotationZ":-0.968569489406,"group":"EyeAnimu4R","faces":{"north":{"texture":"#head","uv":[8.0,59.0,9.0,60.0],"autoUv":false},"east":{"texture":"#head","uv":[13.0,59.0,16.0,60.0],"autoUv":false},"south":{"texture":"#head","uv":[12.0,59.0,13.0,60.0],"autoUv":false},"west":{"texture":"#head","uv":[9.0,59.0,12.0,60.0],"autoUv":false},"up":{"texture":"#head","uv":[9.0,58.0,12.0,59.0],"autoUv":false,"rotation":90},"down":{"texture":"#head","uv":[12.0,61.0,9.0,60.0],"autoUv":false,"rotation":90}},"children":[]},{"name":"EyeWhiteR.001","from":[-3.162149382994,2.967779859715,-1.621014313927],"to":[-2.666969345644,3.180943238928,-0.854715178372],"rotationOrigin":[-2.914559364319,3.074361562729,-1.237864732742],"stepParentName":"b_Head","rotationX":3.837864938497,"rotationY":1e-12,"rotationZ":-0.0,"group":"EyeAnimu4R","faces":{"north":{"texture":"#head","uv":[0.0,58.0,2.0,60.0],"autoUv":false},"east":{"texture":"#head","uv":[6.0,58.0,8.0,60.0],"autoUv":false},"south":{"texture":"#head","uv":[4.0,58.0,6.0,60.0],"autoUv":false},"west":{"texture":"#head","uv":[2.0,58.0,4.0,60.0],"autoUv":false},"up":{"texture":"#head","uv":[2.0,56.0,4.0,58.0],"autoUv":false,"rotation":90},"down":{"texture":"#head","uv":[4.0,62.0,2.0,60.0],"autoUv":false,"rotation":90}},"children":[]},{"name":"EyelidR.015","from":[-3.186044931412,3.020681142807,-1.484427648041],"to":[-3.077291753257,3.286023760038,-0.945736348629],"rotationOrigin":[-3.186044931412,3.020681142807,-0.945736348629],"stepParentName":"b_Head","rotationX":9.732866741785,"rotationY":0.455130989365,"rotationZ":-0.040272239424,"group":"EyeAnimu4R","faces":{"north":{"texture":"#head","uv":[8.0,59.0,9.0,60.0],"autoUv":false},"east":{"texture":"#head","uv":[13.0,59.0,16.0,60.0],"autoUv":false},"south":{"texture":"#head","uv":[12.0,59.0,13.0,60.0],"autoUv":false},"west":{"texture":"#head","uv":[9.0,59.0,12.0,60.0],"autoUv":false},"up":{"texture":"#head","uv":[9.0,58.0,12.0,59.0],"autoUv":false,"rotation":90},"down":{"texture":"#head","uv":[12.0,61.0,9.0,60.0],"autoUv":false,"rotation":90}},"children":[]},{"name":"EyeL","from":[-3.185296140909,2.24290469932,0.997020357583],"to":[-3.095324910879,2.916084730154,1.161921388175],"rotationOrigin":[-3.140310525894,2.579494714737,1.079470872879],"stepParentName":"b_Head","rotationX":-1.3660375e-05,"rotationY":1e-12,"rotationZ":0.0,"group":"EyeAnimu4L","faces":{"north":{"texture":"#head","uv":[21.0,56.0,20.0,59.0],"autoUv":false},"east":{"texture":"#head","uv":[24.0,56.0,21.0,59.0],"autoUv":false},"south":{"texture":"#head","uv":[21.0,56.0,20.0,59.0],"autoUv":false},"west":{"texture":"#head","uv":[18.0,56.0,17.0,59.0],"autoUv":false},"up":{"texture":"#head","uv":[24.0,56.0,21.0,57.0],"autoUv":false,"rotation":90},"down":{"texture":"#head","uv":[21.0,59.0,24.0,58.0],"autoUv":false,"rotation":90}},"children":[]},{"name":"EyelidL.015","from":[-3.182326316833,2.60517334938,0.508459866047],"to":[-3.073573125272,2.870515939797,1.240523355949],"rotationOrigin":[-3.182326316833,2.60517334938,0.508459866047],"stepParentName":"b_Head","rotationX":-40.325836425822,"rotationY":-0.371285508105,"rotationZ":-0.266297363032,"group":"EyeAnimu4L","faces":{"north":{"texture":"#head","uv":[13.0,59.0,12.0,60.0],"autoUv":false},"east":{"texture":"#head","uv":[16.0,59.0,13.0,60.0],"autoUv":false},"south":{"texture":"#head","uv":[9.0,59.0,8.0,60.0],"autoUv":false},"west":{"texture":"#head","uv":[12.0,59.0,9.0,60.0],"autoUv":false},"up":{"texture":"#head","uv":[12.0,58.0,9.0,59.0],"autoUv":false,"rotation":90},"down":{"texture":"#head","uv":[9.0,61.0,12.0,60.0],"autoUv":false,"rotation":90}},"children":[]},{"name":"EyelidL.016","from":[-3.171248674393,2.619389057159,1.923989534378],"to":[-3.066756466636,2.755362213649,2.445123862976],"rotationOrigin":[-3.171248674393,2.619389057159,1.923989534378],"stepParentName":"b_Head","rotationX":101.270688899213,"rotationY":0.0,"rotationZ":-1e-12,"group":"EyeAnimu4L","faces":{"north":{"texture":"#head","uv":[13.0,59.0,12.0,60.0],"autoUv":false},"east":{"texture":"#head","uv":[16.0,59.0,13.0,60.0],"autoUv":false},"south":{"texture":"#head","uv":[9.0,59.0,8.0,60.0],"autoUv":false},"west":{"texture":"#head","uv":[12.0,59.0,9.0,60.0],"autoUv":false},"up":{"texture":"#head","uv":[12.0,58.0,9.0,59.0],"autoUv":false,"rotation":90},"down":{"texture":"#head","uv":[9.0,61.0,12.0,60.0],"autoUv":false,"rotation":90}},"children":[]},{"name":"EyelidL.017","from":[-3.176341295242,2.841646671295,1.821503043175],"to":[-3.071849080564,3.034966975555,2.35001623227],"rotationOrigin":[-3.176341295242,2.841646671295,1.821503043175],"stepParentName":"b_Head","rotationX":81.55223329371,"rotationY":-1.316173077472,"rotationZ":-0.135702972162,"group":"EyeAnimu4L","faces":{"north":{"texture":"#head","uv":[13.0,59.0,12.0,60.0],"autoUv":false},"east":{"texture":"#head","uv":[16.0,59.0,13.0,60.0],"autoUv":false},"south":{"texture":"#head","uv":[9.0,59.0,8.0,60.0],"autoUv":false},"west":{"texture":"#head","uv":[12.0,59.0,9.0,60.0],"autoUv":false},"up":{"texture":"#head","uv":[12.0,58.0,9.0,59.0],"autoUv":false,"rotation":90},"down":{"texture":"#head","uv":[9.0,61.0,12.0,60.0],"autoUv":false,"rotation":90}},"children":[]},{"name":"EyelidL.018","from":[-3.194317102432,3.201090097427,1.271796226501],"to":[-3.085563931482,3.446365255663,2.270808262581],"rotationOrigin":[-3.194317102432,3.201090097427,1.271796226501],"stepParentName":"b_Head","rotationX":41.81975247656,"rotationY":-0.490658485137,"rotationZ":-0.968569596127,"group":"EyeAnimu4L","faces":{"north":{"texture":"#head","uv":[13.0,59.0,12.0,60.0],"autoUv":false},"east":{"texture":"#head","uv":[16.0,59.0,13.0,60.0],"autoUv":false},"south":{"texture":"#head","uv":[9.0,59.0,8.0,60.0],"autoUv":false},"west":{"texture":"#head","uv":[12.0,59.0,9.0,60.0],"autoUv":false},"up":{"texture":"#head","uv":[12.0,58.0,9.0,59.0],"autoUv":false,"rotation":90},"down":{"texture":"#head","uv":[9.0,61.0,12.0,60.0],"autoUv":false,"rotation":90}},"children":[]},{"name":"EyelidL.019","from":[-3.186044931412,3.020681619644,0.942318320274],"to":[-3.077291753257,3.286024236875,1.481009619687],"rotationOrigin":[-3.186044931412,3.020681619644,0.942318320274],"stepParentName":"b_Head","rotationX":-9.732894916316,"rotationY":-0.455131202809,"rotationZ":-0.040272272775,"group":"EyeAnimu4L","faces":{"north":{"texture":"#head","uv":[13.0,59.0,12.0,60.0],"autoUv":false},"east":{"texture":"#head","uv":[16.0,59.0,13.0,60.0],"autoUv":false},"south":{"texture":"#head","uv":[9.0,59.0,8.0,60.0],"autoUv":false},"west":{"texture":"#head","uv":[12.0,59.0,9.0,60.0],"autoUv":false},"up":{"texture":"#head","uv":[12.0,58.0,9.0,59.0],"autoUv":false,"rotation":90},"down":{"texture":"#head","uv":[9.0,61.0,12.0,60.0],"autoUv":false,"rotation":90}},"children":[]},{"name":"EyePupilL","from":[-3.177427725888,2.106493238854,0.939918639123],"to":[-3.045673890018,3.075855051829,1.262811062873],"rotationOrigin":[-3.111550807953,2.633615732193,1.101364850998],"stepParentName":"b_Head","rotationX":-1.3660375e-05,"rotationY":1e-12,"rotationZ":0.0,"group":"EyeAnimu4L","faces":{"north":{"texture":"#head","uv":[24.0,57.0,23.0,62.0],"autoUv":false},"east":{"texture":"#head","uv":[23.0,57.0,19.0,62.0],"autoUv":false},"south":{"texture":"#head","uv":[19.0,57.0,18.0,62.0],"autoUv":false},"west":{"texture":"#head","uv":[21.0,56.0,19.0,61.0],"autoUv":false},"up":{"texture":"#head","uv":[19.0,57.0,23.0,58.0],"autoUv":false,"rotation":270},"down":{"texture":"#head","uv":[19.0,63.0,23.0,62.0],"autoUv":false,"rotation":90}},"children":[]},{"name":"EyeShineL","from":[-3.224893026437,2.580603987599,0.687219019344],"to":[-3.016491526531,2.726045916177,1.060371403287],"rotationOrigin":[-3.141532421112,2.682413339615,0.873795211315],"stepParentName":"b_Head","rotationX":-1.3660375e-05,"rotationY":1e-12,"rotationZ":0.0,"group":"EyeAnimu4L","faces":{"north":{"texture":"#head","uv":[6.0,60.0,5.0,61.0],"autoUv":false},"east":{"texture":"#head","uv":[7.0,60.0,6.0,61.0],"autoUv":false},"south":{"texture":"#head","uv":[3.0,60.0,2.0,61.0],"autoUv":false},"west":{"texture":"#head","uv":[5.0,60.0,3.0,61.0],"autoUv":false},"up":{"texture":"#head","uv":[5.0,59.0,3.0,60.0],"autoUv":false,"rotation":90},"down":{"texture":"#head","uv":[3.0,62.0,5.0,61.0],"autoUv":false,"rotation":90}},"children":[]},{"name":"EyeWhiteL","from":[-3.162149382994,2.033005090377,0.599199242745],"to":[-2.666969345644,2.966761171391,1.882230243328],"rotationOrigin":[-2.914559364319,2.47744011879,1.23920917511],"stepParentName":"b_Head","rotationX":-3.837892259253,"rotationY":1e-12,"rotationZ":0.0,"group":"EyeAnimu4L","faces":{"north":{"texture":"#head","uv":[6.0,58.0,4.0,60.0],"autoUv":false},"east":{"texture":"#head","uv":[8.0,58.0,6.0,60.0],"autoUv":false},"south":{"texture":"#head","uv":[2.0,58.0,0.0,60.0],"autoUv":false},"west":{"texture":"#head","uv":[4.0,58.0,2.0,60.0],"autoUv":false},"up":{"texture":"#head","uv":[4.0,56.0,2.0,58.0],"autoUv":false,"rotation":90},"down":{"texture":"#head","uv":[2.0,62.0,4.0,60.0],"autoUv":false,"rotation":90}},"children":[]},{"name":"EyeWhiteL.001","from":[-3.162149382994,2.967780336552,0.851297090412],"to":[-2.666969345644,3.180943715765,1.617596225968],"rotationOrigin":[-2.914559364319,3.074362039566,1.234446644783],"stepParentName":"b_Head","rotationX":-3.837892259253,"rotationY":1e-12,"rotationZ":0.0,"group":"EyeAnimu4L","faces":{"north":{"texture":"#head","uv":[6.0,58.0,4.0,60.0],"autoUv":false},"east":{"texture":"#head","uv":[8.0,58.0,6.0,60.0],"autoUv":false},"south":{"texture":"#head","uv":[2.0,58.0,0.0,60.0],"autoUv":false},"west":{"texture":"#head","uv":[4.0,58.0,2.0,60.0],"autoUv":false},"up":{"texture":"#head","uv":[4.0,56.0,2.0,58.0],"autoUv":false,"rotation":90},"down":{"texture":"#head","uv":[2.0,62.0,4.0,60.0],"autoUv":false,"rotation":90}},"children":[]}],"groups":[]}