{"textureWidth":64,"textureHeight":64,"textures":{},"textureSizes":{"head":[64,64]},"elements":[{"name":"Eylid0R","from":[-3.251380205154,3.138735055923,0.54519623518],"to":[-3.141843758523,3.303039729595,2.023938238621],"rotationOrigin":[-3.251380205154,3.138735055923,0.54519623518],"stepParentName":"b_Head","rotationX":1.999986324129,"rotationY":1e-12,"rotationZ":-0.0,"group":"eye-animu0_raised","faces":{"north":{"texture":"#head","uv":[8.0,60.0,10.0,61.0],"autoUv":false},"east":{"texture":"#head","uv":[14.0,60.0,16.0,61.0],"autoUv":false},"south":{"texture":"#head","uv":[12.0,60.0,14.0,61.0],"autoUv":false},"west":{"texture":"#head","uv":[10.0,60.0,12.0,61.0],"autoUv":false},"up":{"texture":"#head","uv":[10.0,59.0,12.0,60.0],"autoUv":false,"rotation":90},"down":{"texture":"#head","uv":[12.0,62.0,10.0,61.0],"autoUv":false,"rotation":90}},"children":[]},{"name":"Eylid0L","from":[-3.251380205154,3.138734817505,-1.967054009438],"to":[-3.141843758523,3.303039491177,-0.488312005997],"rotationOrigin":[-3.251380205154,3.138734817505,-0.488312005997],"stepParentName":"b_Head","rotationX":-2.000013644886,"rotationY":1e-12,"rotationZ":0.0,"group":"eye-animu0_raised","faces":{"north":{"texture":"#head","uv":[8.0,59.0,9.0,60.0],"autoUv":false},"east":{"texture":"#head","uv":[13.0,59.0,16.0,60.0],"autoUv":false},"south":{"texture":"#head","uv":[12.0,59.0,13.0,60.0],"autoUv":false},"west":{"texture":"#head","uv":[9.0,59.0,12.0,60.0],"autoUv":false},"up":{"texture":"#head","uv":[9.0,58.0,12.0,59.0],"autoUv":false,"rotation":90},"down":{"texture":"#head","uv":[12.0,61.0,9.0,60.0],"autoUv":false,"rotation":90}},"children":[]},{"name":"L eye2","from":[-3.171414755285,2.152906239033,0.83501496911],"to":[-3.061878304929,3.248270690441,1.63082537055],"rotationOrigin":[-3.116646528244,2.700588464737,1.23292016983],"stepParentName":"b_Head","rotationX":-1.3660375e-05,"rotationY":1e-12,"rotationZ":0.0,"group":"eye-animu0_raised","faces":{"north":{"texture":"#head","uv":[10.0,57.0,11.0,62.0],"autoUv":false},"east":{"texture":"#head","uv":[11.0,57.0,15.0,62.0],"autoUv":false},"south":{"texture":"#head","uv":[15.0,57.0,16.0,62.0],"autoUv":false},"west":{"texture":"#head","uv":[27.0,56.0,31.0,61.0],"autoUv":false},"up":{"texture":"#head","uv":[15.0,57.0,11.0,58.0],"autoUv":false,"rotation":270},"down":{"texture":"#head","uv":[15.0,63.0,11.0,62.0],"autoUv":false,"rotation":90}},"children":[]},{"name":"L eyebrow 1","from":[-3.237868785858,3.857923746109,0.576397240162],"to":[-3.133092410862,3.984388947487,1.415380895138],"rotationOrigin":[-3.237868785858,3.857923746109,0.576397240162],"stepParentName":"b_Head","rotationX":-2.000013644886,"rotationY":1e-12,"rotationZ":0.0,"group":"eye-animu0_raised","faces":{"north":{"texture":"#head","uv":[8.0,60.0,9.0,61.0],"autoUv":false},"east":{"texture":"#head","uv":[13.0,60.0,16.0,61.0],"autoUv":false},"south":{"texture":"#head","uv":[12.0,60.0,13.0,61.0],"autoUv":false},"west":{"texture":"#head","uv":[9.0,59.0,12.0,60.0],"autoUv":false},"up":{"texture":"#head","uv":[9.0,59.0,12.0,60.0],"autoUv":false,"rotation":90},"down":{"texture":"#head","uv":[12.0,61.0,9.0,60.0],"autoUv":false,"rotation":90}},"children":[]},{"name":"L eyebrow 2","from":[-3.237868785858,3.887178659439,1.319115400314],"to":[-3.13308198005,4.028693497181,2.080464661121],"rotationOrigin":[-3.237868785858,3.887178659439,1.319115400314],"stepParentName":"b_Head","rotationX":6.999985538345,"rotationY":4.4783e-08,"rotationZ":-0.99999849815,"group":"eye-animu0_raised","faces":{"north":{"texture":"#head","uv":[8.0,60.0,9.0,61.0],"autoUv":false},"east":{"texture":"#head","uv":[13.0,60.0,16.0,61.0],"autoUv":false},"south":{"texture":"#head","uv":[12.0,60.0,13.0,61.0],"autoUv":false},"west":{"texture":"#head","uv":[9.0,59.0,12.0,60.0],"autoUv":false},"up":{"texture":"#head","uv":[9.0,59.0,12.0,60.0],"autoUv":false,"rotation":90},"down":{"texture":"#head","uv":[12.0,61.0,9.0,60.0],"autoUv":false,"rotation":90}},"children":[]},{"name":"L pupil","from":[-3.20072196424,2.596786648035,0.934485882521],"to":[-3.070285096765,3.188549369574,1.538510590792],"rotationOrigin":[-3.135503530502,2.892668008804,1.236498236656],"stepParentName":"b_Head","rotationX":-1.3660375e-05,"rotationY":1e-12,"rotationZ":0.0,"group":"eye-animu0_raised","faces":{"north":{"texture":"#head","uv":[28.0,56.0,29.0,59.0],"autoUv":false},"east":{"texture":"#head","uv":[29.0,56.0,32.0,59.0],"autoUv":false},"south":{"texture":"#head","uv":[28.0,56.0,29.0,59.0],"autoUv":false},"west":{"texture":"#head","uv":[24.0,56.0,27.0,59.0],"autoUv":false},"up":{"texture":"#head","uv":[29.0,56.0,32.0,57.0],"autoUv":false,"rotation":90},"down":{"texture":"#head","uv":[32.0,59.0,29.0,58.0],"autoUv":false,"rotation":90}},"children":[]},{"name":"L whites","from":[-3.16201505065,2.1515417099,0.628063976765],"to":[-2.64293089509,3.136525660753,1.880097806454],"rotationOrigin":[-2.90247297287,2.644033670425,1.254080891609],"stepParentName":"b_Head","rotationX":-1.3660375e-05,"rotationY":1e-12,"rotationZ":0.0,"group":"eye-animu0_raised","faces":{"north":{"texture":"#head","uv":[0.0,58.0,2.0,60.0],"autoUv":false},"east":{"texture":"#head","uv":[6.0,58.0,8.0,60.0],"autoUv":false},"south":{"texture":"#head","uv":[4.0,58.0,6.0,60.0],"autoUv":false},"west":{"texture":"#head","uv":[2.0,58.0,4.0,60.0],"autoUv":false},"up":{"texture":"#head","uv":[2.0,56.0,4.0,58.0],"autoUv":false,"rotation":90},"down":{"texture":"#head","uv":[4.0,62.0,2.0,60.0],"autoUv":false,"rotation":90}},"children":[]},{"name":"R eye","from":[-3.170558355749,2.152905762196,-1.638961583376],"to":[-3.061021905392,3.248270213604,-0.811406105757],"rotationOrigin":[-3.115790128708,2.7005879879,-1.225183844566],"stepParentName":"b_Head","rotationX":-1.3660375e-05,"rotationY":1e-12,"rotationZ":0.0,"group":"eye-animu0_raised","faces":{"north":{"texture":"#head","uv":[17.0,57.0,18.0,62.0],"autoUv":false},"east":{"texture":"#head","uv":[18.0,57.0,22.0,62.0],"autoUv":false},"south":{"texture":"#head","uv":[22.0,57.0,23.0,62.0],"autoUv":false},"west":{"texture":"#head","uv":[18.0,56.0,22.0,61.0],"autoUv":false},"up":{"texture":"#head","uv":[22.0,57.0,18.0,58.0],"autoUv":false,"rotation":270},"down":{"texture":"#head","uv":[22.0,63.0,18.0,62.0],"autoUv":false,"rotation":90}},"children":[]},{"name":"R eyebrow 1","from":[-3.237868785858,3.857923269272,-1.364982664585],"to":[-3.133092410862,3.98438847065,-0.525999009609],"rotationOrigin":[-3.237868785858,3.857923269272,-0.525999009609],"stepParentName":"b_Head","rotationX":1.999986324129,"rotationY":1e-12,"rotationZ":-0.0,"group":"eye-animu0_raised","faces":{"north":{"texture":"#head","uv":[8.0,58.0,9.0,59.0],"autoUv":false},"east":{"texture":"#head","uv":[13.0,58.0,16.0,59.0],"autoUv":false},"south":{"texture":"#head","uv":[12.0,57.0,13.0,58.0],"autoUv":false},"west":{"texture":"#head","uv":[9.0,57.0,12.0,58.0],"autoUv":false},"up":{"texture":"#head","uv":[9.0,57.0,12.0,58.0],"autoUv":false,"rotation":90},"down":{"texture":"#head","uv":[12.0,59.0,9.0,58.0],"autoUv":false,"rotation":90}},"children":[]},{"name":"R eyebrow 2","from":[-3.237868785858,3.887178182602,-2.044465363026],"to":[-3.13308198005,4.028693020344,-1.283116102219],"rotationOrigin":[-3.237868785858,3.887178182602,-1.283116102219],"stepParentName":"b_Head","rotationX":-7.000012005328,"rotationY":-4.6559e-08,"rotationZ":-0.99999849815,"group":"eye-animu0_raised","faces":{"north":{"texture":"#head","uv":[8.0,58.0,9.0,59.0],"autoUv":false},"east":{"texture":"#head","uv":[13.0,58.0,16.0,59.0],"autoUv":false},"south":{"texture":"#head","uv":[12.0,57.0,13.0,58.0],"autoUv":false},"west":{"texture":"#head","uv":[9.0,57.0,12.0,58.0],"autoUv":false},"up":{"texture":"#head","uv":[9.0,57.0,12.0,58.0],"autoUv":false,"rotation":90},"down":{"texture":"#head","uv":[12.0,59.0,9.0,58.0],"autoUv":false,"rotation":90}},"children":[]},{"name":"R pupil","from":[-3.195395480841,2.61295992136,-1.533444225788],"to":[-3.120595920831,3.194984853268,-0.918650567532],"rotationOrigin":[-3.157995700836,2.903972387314,-1.22604739666],"stepParentName":"b_Head","rotationX":-1.3660375e-05,"rotationY":1e-12,"rotationZ":0.0,"group":"eye-animu0_raised","faces":{"north":{"texture":"#head","uv":[20.0,56.0,21.0,59.0],"autoUv":false},"east":{"texture":"#head","uv":[21.0,56.0,24.0,59.0],"autoUv":false},"south":{"texture":"#head","uv":[20.0,56.0,21.0,59.0],"autoUv":false},"west":{"texture":"#head","uv":[16.0,56.0,19.0,59.0],"autoUv":false},"up":{"texture":"#head","uv":[21.0,56.0,24.0,57.0],"autoUv":false,"rotation":90},"down":{"texture":"#head","uv":[24.0,59.0,21.0,58.0],"autoUv":false,"rotation":90}},"children":[]},{"name":"R whites","from":[-3.16201505065,2.151541233063,-1.862622201443],"to":[-2.64293089509,3.136525183916,-0.610588371754],"rotationOrigin":[-2.90247297287,2.644033193588,-1.236605286598],"stepParentName":"b_Head","rotationX":-1.3660375e-05,"rotationY":1e-12,"rotationZ":0.0,"group":"eye-animu0_raised","faces":{"north":{"texture":"#head","uv":[0.0,58.0,2.0,60.0],"autoUv":false},"east":{"texture":"#head","uv":[6.0,58.0,8.0,60.0],"autoUv":false},"south":{"texture":"#head","uv":[4.0,58.0,6.0,60.0],"autoUv":false},"west":{"texture":"#head","uv":[2.0,58.0,4.0,60.0],"autoUv":false},"up":{"texture":"#head","uv":[2.0,56.0,4.0,58.0],"autoUv":false,"rotation":90},"down":{"texture":"#head","uv":[4.0,62.0,2.0,60.0],"autoUv":false,"rotation":90}},"children":[]},{"name":"shine large 1","from":[-3.220701999962,2.767677262425,-1.145179986954],"to":[-3.083755984902,3.041569307446,-0.744110554457],"rotationOrigin":[-3.165923595428,2.945707082748,-1.145179986954],"stepParentName":"b_Head","rotationX":-1.3660375e-05,"rotationY":1e-12,"rotationZ":0.0,"group":"eye-animu0_raised","faces":{"north":{"texture":"#head","uv":[2.0,61.0,3.0,62.0],"autoUv":false},"east":{"texture":"#head","uv":[6.0,61.0,7.0,62.0],"autoUv":false},"south":{"texture":"#head","uv":[5.0,61.0,6.0,62.0],"autoUv":false},"west":{"texture":"#head","uv":[3.0,61.0,5.0,62.0],"autoUv":false},"up":{"texture":"#head","uv":[3.0,60.0,5.0,61.0],"autoUv":false,"rotation":90},"down":{"texture":"#head","uv":[5.0,63.0,3.0,62.0],"autoUv":false,"rotation":90}},"children":[]},{"name":"shine large 2","from":[-3.20631314069,2.732983216643,1.291836500168],"to":[-3.080210387707,3.031289085746,1.726396650076],"rotationOrigin":[-3.28197479248,2.92688202858,1.291836500168],"stepParentName":"b_Head","rotationX":-1.3660375e-05,"rotationY":1e-12,"rotationZ":0.0,"group":"eye-animu0_raised","faces":{"north":{"texture":"#head","uv":[0.0,60.0,1.0,61.0],"autoUv":false},"east":{"texture":"#head","uv":[3.0,60.0,4.0,61.0],"autoUv":false},"south":{"texture":"#head","uv":[2.0,60.0,3.0,61.0],"autoUv":false},"west":{"texture":"#head","uv":[1.0,60.0,2.0,61.0],"autoUv":false},"up":{"texture":"#head","uv":[1.0,59.0,2.0,60.0],"autoUv":false,"rotation":90},"down":{"texture":"#head","uv":[2.0,62.0,1.0,61.0],"autoUv":false,"rotation":90}},"children":[]},{"name":"shine small 1","from":[-3.228957816958,2.54503005743,-1.036875739694],"to":[-3.071372263134,2.702615622431,-0.83036647737],"rotationOrigin":[-3.165923595428,2.655339956284,-0.933621108532],"stepParentName":"b_Head","rotationX":-1.3660375e-05,"rotationY":1e-12,"rotationZ":0.0,"group":"eye-animu0_raised","faces":{"north":{"texture":"#head","uv":[2.0,60.0,3.0,61.0],"autoUv":false},"east":{"texture":"#head","uv":[6.0,60.0,7.0,61.0],"autoUv":false},"south":{"texture":"#head","uv":[5.0,60.0,6.0,61.0],"autoUv":false},"west":{"texture":"#head","uv":[3.0,60.0,5.0,61.0],"autoUv":false},"up":{"texture":"#head","uv":[3.0,59.0,5.0,60.0],"autoUv":false,"rotation":90},"down":{"texture":"#head","uv":[5.0,62.0,3.0,61.0],"autoUv":false,"rotation":90}},"children":[]},{"name":"shine small 2","from":[-3.222330063581,2.518433019519,1.411966122687],"to":[-3.054131790996,2.686631299555,1.601103268564],"rotationOrigin":[-3.155050754547,2.63617181778,1.506534695625],"stepParentName":"b_Head","rotationX":-1.3660375e-05,"rotationY":1e-12,"rotationZ":0.0,"group":"eye-animu0_raised","faces":{"north":{"texture":"#head","uv":[0.0,60.0,1.0,61.0],"autoUv":false},"east":{"texture":"#head","uv":[3.0,60.0,4.0,61.0],"autoUv":false},"south":{"texture":"#head","uv":[2.0,60.0,3.0,61.0],"autoUv":false},"west":{"texture":"#head","uv":[1.0,60.0,2.0,61.0],"autoUv":false},"up":{"texture":"#head","uv":[1.0,59.0,2.0,60.0],"autoUv":false,"rotation":90},"down":{"texture":"#head","uv":[2.0,62.0,1.0,61.0],"autoUv":false,"rotation":90}},"children":[]}],"groups":[]}