{"textureWidth":64,"textureHeight":64,"textures":{},"textureSizes":{"head":[64,64]},"elements":[{"name":"EyelidR.003","from":[-3.239322662354,2.847624063492,0.527011394501],"to":[-3.125319562852,3.188214033842,2.218855857849],"rotationOrigin":[-3.239322662354,2.847624063492,0.527011394501],"stepParentName":"b_Head","rotationX":-6.000013400457,"rotationY":1e-12,"rotationZ":0.0,"group":"eye-animu2_raised","faces":{"north":{"texture":"#head","uv":[8.0,60.0,10.0,61.0],"autoUv":false},"east":{"texture":"#head","uv":[14.0,60.0,16.0,61.0],"autoUv":false},"south":{"texture":"#head","uv":[12.0,60.0,14.0,61.0],"autoUv":false},"west":{"texture":"#head","uv":[10.0,60.0,12.0,61.0],"autoUv":false},"up":{"texture":"#head","uv":[10.0,59.0,12.0,60.0],"autoUv":false,"rotation":90},"down":{"texture":"#head","uv":[12.0,62.0,10.0,61.0],"autoUv":false,"rotation":90}},"children":[]},{"name":"EyelidL.003","from":[-3.239322662354,2.847623825073,-2.174393922091],"to":[-3.125319562852,3.188213795424,-0.482549458742],"rotationOrigin":[-3.239322662354,2.847623825073,-0.482549458742],"stepParentName":"b_Head","rotationX":5.999987787247,"rotationY":1e-12,"rotationZ":-0.0,"group":"eye-animu2_raised","faces":{"north":{"texture":"#head","uv":[8.0,59.0,9.0,60.0],"autoUv":false},"east":{"texture":"#head","uv":[13.0,59.0,16.0,60.0],"autoUv":false},"south":{"texture":"#head","uv":[12.0,59.0,13.0,60.0],"autoUv":false},"west":{"texture":"#head","uv":[9.0,59.0,12.0,60.0],"autoUv":false},"up":{"texture":"#head","uv":[9.0,58.0,12.0,59.0],"autoUv":false,"rotation":90},"down":{"texture":"#head","uv":[12.0,61.0,9.0,60.0],"autoUv":false,"rotation":90}},"children":[]},{"name":"L eye2.002","from":[-3.171414755285,2.22363704443,0.896820932627],"to":[-3.061878304929,3.203303784132,1.692631334066],"rotationOrigin":[-3.116646528244,2.756363153458,1.294726133347],"stepParentName":"b_Head","rotationX":-1.3660375e-05,"rotationY":1e-12,"rotationZ":0.0,"group":"eye-animu2_raised","faces":{"north":{"texture":"#head","uv":[26.0,57.0,27.0,62.0],"autoUv":false},"east":{"texture":"#head","uv":[27.0,57.0,31.0,62.0],"autoUv":false},"south":{"texture":"#head","uv":[31.0,57.0,32.0,62.0],"autoUv":false},"west":{"texture":"#head","uv":[27.0,56.0,31.0,61.0],"autoUv":false},"up":{"texture":"#head","uv":[31.0,57.0,27.0,58.0],"autoUv":false,"rotation":270},"down":{"texture":"#head","uv":[31.0,63.0,27.0,62.0],"autoUv":false,"rotation":90}},"children":[]},{"name":"L eyebrow 1.002","from":[-3.237868785858,3.812622308731,0.638203322887],"to":[-3.133092410862,3.939087510109,1.477186977863],"rotationOrigin":[-3.237868785858,3.812622308731,0.638203322887],"stepParentName":"b_Head","rotationX":-2.000013644886,"rotationY":1e-12,"rotationZ":0.0,"group":"eye-animu2_raised","faces":{"north":{"texture":"#head","uv":[8.0,60.0,9.0,61.0],"autoUv":false},"east":{"texture":"#head","uv":[13.0,60.0,16.0,61.0],"autoUv":false},"south":{"texture":"#head","uv":[12.0,60.0,13.0,61.0],"autoUv":false},"west":{"texture":"#head","uv":[9.0,60.0,12.0,61.0],"autoUv":false},"up":{"texture":"#head","uv":[9.0,59.0,12.0,60.0],"autoUv":false,"rotation":90},"down":{"texture":"#head","uv":[12.0,62.0,9.0,61.0],"autoUv":false,"rotation":90}},"children":[]},{"name":"L eyebrow 2.002","from":[-3.237868785858,3.841877222061,1.38092148304],"to":[-3.13308198005,3.983392059803,2.142270743847],"rotationOrigin":[-3.237868785858,3.841877222061,1.38092148304],"stepParentName":"b_Head","rotationX":6.999985538345,"rotationY":4.4783e-08,"rotationZ":-0.99999849815,"group":"eye-animu2_raised","faces":{"north":{"texture":"#head","uv":[8.0,60.0,9.0,61.0],"autoUv":false},"east":{"texture":"#head","uv":[13.0,60.0,16.0,61.0],"autoUv":false},"south":{"texture":"#head","uv":[12.0,60.0,13.0,61.0],"autoUv":false},"west":{"texture":"#head","uv":[9.0,60.0,12.0,61.0],"autoUv":false},"up":{"texture":"#head","uv":[9.0,59.0,12.0,60.0],"autoUv":false,"rotation":90},"down":{"texture":"#head","uv":[12.0,62.0,9.0,61.0],"autoUv":false,"rotation":90}},"children":[]},{"name":"L pupil.002","from":[-3.188664421439,2.407338231802,0.964984387159],"to":[-3.058227553964,3.052997022867,1.56900909543],"rotationOrigin":[-3.123445987701,2.730167627335,1.266996741295],"stepParentName":"b_Head","rotationX":-1.3660375e-05,"rotationY":1e-12,"rotationZ":0.0,"group":"eye-animu2_raised","faces":{"north":{"texture":"#head","uv":[28.0,56.0,29.0,59.0],"autoUv":false},"east":{"texture":"#head","uv":[29.0,56.0,32.0,59.0],"autoUv":false},"south":{"texture":"#head","uv":[28.0,56.0,29.0,59.0],"autoUv":false},"west":{"texture":"#head","uv":[24.0,56.0,27.0,59.0],"autoUv":false},"up":{"texture":"#head","uv":[29.0,56.0,32.0,57.0],"autoUv":false,"rotation":90},"down":{"texture":"#head","uv":[32.0,59.0,29.0,58.0],"autoUv":false,"rotation":90}},"children":[]},{"name":"L whites.002","from":[-3.16201505065,2.216481208801,0.658562362194],"to":[-2.64293089509,3.201465159655,1.910596191883],"rotationOrigin":[-2.90247297287,2.708973169327,1.284579277039],"stepParentName":"b_Head","rotationX":-1.3660375e-05,"rotationY":1e-12,"rotationZ":0.0,"group":"eye-animu2_raised","faces":{"north":{"texture":"#head","uv":[0.0,58.0,2.0,60.0],"autoUv":false},"east":{"texture":"#head","uv":[6.0,58.0,8.0,60.0],"autoUv":false},"south":{"texture":"#head","uv":[4.0,58.0,6.0,60.0],"autoUv":false},"west":{"texture":"#head","uv":[2.0,58.0,4.0,60.0],"autoUv":false},"up":{"texture":"#head","uv":[2.0,56.0,4.0,58.0],"autoUv":false,"rotation":90},"down":{"texture":"#head","uv":[4.0,62.0,2.0,60.0],"autoUv":false,"rotation":90}},"children":[]},{"name":"R eye.002","from":[-3.170558355749,2.223636567593,-1.681882530451],"to":[-3.061021905392,3.203303307295,-0.854327052832],"rotationOrigin":[-3.115790128708,2.75636267662,-1.268104791641],"stepParentName":"b_Head","rotationX":-1.3660375e-05,"rotationY":1e-12,"rotationZ":0.0,"group":"eye-animu2_raised","faces":{"north":{"texture":"#head","uv":[18.0,57.0,19.0,62.0],"autoUv":false},"east":{"texture":"#head","uv":[19.0,57.0,23.0,62.0],"autoUv":false},"south":{"texture":"#head","uv":[23.0,57.0,24.0,62.0],"autoUv":false},"west":{"texture":"#head","uv":[19.0,56.0,23.0,61.0],"autoUv":false},"up":{"texture":"#head","uv":[23.0,57.0,19.0,58.0],"autoUv":false,"rotation":270},"down":{"texture":"#head","uv":[23.0,63.0,19.0,62.0],"autoUv":false,"rotation":90}},"children":[]},{"name":"R eyebrow 1.002","from":[-3.237868785858,3.812621831894,-1.407903492451],"to":[-3.133092410862,3.939087033272,-0.568919837475],"rotationOrigin":[-3.237868785858,3.812621831894,-0.568919837475],"stepParentName":"b_Head","rotationX":1.999986324129,"rotationY":1e-12,"rotationZ":-0.0,"group":"eye-animu2_raised","faces":{"north":{"texture":"#head","uv":[8.0,58.0,9.0,59.0],"autoUv":false},"east":{"texture":"#head","uv":[13.0,58.0,16.0,59.0],"autoUv":false},"south":{"texture":"#head","uv":[12.0,58.0,13.0,59.0],"autoUv":false},"west":{"texture":"#head","uv":[9.0,58.0,12.0,59.0],"autoUv":false},"up":{"texture":"#head","uv":[9.0,57.0,12.0,58.0],"autoUv":false,"rotation":90},"down":{"texture":"#head","uv":[12.0,60.0,9.0,59.0],"autoUv":false,"rotation":90}},"children":[]},{"name":"R eyebrow 2.002","from":[-3.237868785858,3.841876745224,-2.087386190891],"to":[-3.13308198005,3.983391582966,-1.326036930084],"rotationOrigin":[-3.237868785858,3.841876745224,-1.326036930084],"stepParentName":"b_Head","rotationX":-7.000012005328,"rotationY":-4.6559e-08,"rotationZ":-0.99999849815,"group":"eye-animu2_raised","faces":{"north":{"texture":"#head","uv":[8.0,58.0,9.0,59.0],"autoUv":false},"east":{"texture":"#head","uv":[13.0,58.0,16.0,59.0],"autoUv":false},"south":{"texture":"#head","uv":[12.0,58.0,13.0,59.0],"autoUv":false},"west":{"texture":"#head","uv":[9.0,58.0,12.0,59.0],"autoUv":false},"up":{"texture":"#head","uv":[9.0,57.0,12.0,58.0],"autoUv":false,"rotation":90},"down":{"texture":"#head","uv":[12.0,60.0,9.0,59.0],"autoUv":false,"rotation":90}},"children":[]},{"name":"R pupil.002","from":[-3.18333793804,2.424984902143,-1.550846159458],"to":[-3.10853837803,3.060019046068,-0.936052501202],"rotationOrigin":[-3.145938158035,2.742501974106,-1.24344933033],"stepParentName":"b_Head","rotationX":-1.3660375e-05,"rotationY":1e-12,"rotationZ":0.0,"group":"eye-animu2_raised","faces":{"north":{"texture":"#head","uv":[20.0,56.0,21.0,59.0],"autoUv":false},"east":{"texture":"#head","uv":[21.0,56.0,24.0,59.0],"autoUv":false},"south":{"texture":"#head","uv":[20.0,56.0,21.0,59.0],"autoUv":false},"west":{"texture":"#head","uv":[16.0,56.0,19.0,59.0],"autoUv":false},"up":{"texture":"#head","uv":[21.0,56.0,24.0,57.0],"autoUv":false,"rotation":90},"down":{"texture":"#head","uv":[24.0,59.0,21.0,58.0],"autoUv":false,"rotation":90}},"children":[]},{"name":"R whites.002","from":[-3.16201505065,2.216480731964,-1.905543029308],"to":[-2.64293089509,3.201464682817,-0.653509199619],"rotationOrigin":[-2.90247297287,2.70897269249,-1.279526114464],"stepParentName":"b_Head","rotationX":-1.3660375e-05,"rotationY":1e-12,"rotationZ":0.0,"group":"eye-animu2_raised","faces":{"north":{"texture":"#head","uv":[0.0,58.0,2.0,60.0],"autoUv":false},"east":{"texture":"#head","uv":[6.0,58.0,8.0,60.0],"autoUv":false},"south":{"texture":"#head","uv":[4.0,58.0,6.0,60.0],"autoUv":false},"west":{"texture":"#head","uv":[2.0,58.0,4.0,60.0],"autoUv":false},"up":{"texture":"#head","uv":[2.0,56.0,4.0,58.0],"autoUv":false,"rotation":90},"down":{"texture":"#head","uv":[4.0,62.0,2.0,60.0],"autoUv":false,"rotation":90}},"children":[]},{"name":"shine small 1.002","from":[-3.216900274158,2.717246472836,-1.079796567559],"to":[-3.059314720333,2.874832037836,-0.873287305236],"rotationOrigin":[-3.153866052628,2.827556371689,-0.976541936398],"stepParentName":"b_Head","rotationX":-1.3660375e-05,"rotationY":1e-12,"rotationZ":0.0,"group":"eye-animu2_raised","faces":{"north":{"texture":"#head","uv":[2.0,60.0,3.0,61.0],"autoUv":false},"east":{"texture":"#head","uv":[6.0,60.0,7.0,61.0],"autoUv":false},"south":{"texture":"#head","uv":[5.0,60.0,6.0,61.0],"autoUv":false},"west":{"texture":"#head","uv":[3.0,60.0,5.0,61.0],"autoUv":false},"up":{"texture":"#head","uv":[3.0,59.0,5.0,60.0],"autoUv":false,"rotation":90},"down":{"texture":"#head","uv":[5.0,62.0,3.0,61.0],"autoUv":false,"rotation":90}},"children":[]},{"name":"shine small 2.002","from":[-3.210272520781,2.752523824573,1.442464388907],"to":[-3.042074248195,2.920722104609,1.631601534784],"rotationOrigin":[-3.142993211746,2.870262622833,1.537032961845],"stepParentName":"b_Head","rotationX":-1.3660375e-05,"rotationY":1e-12,"rotationZ":0.0,"group":"eye-animu2_raised","faces":{"north":{"texture":"#head","uv":[0.0,60.0,1.0,61.0],"autoUv":false},"east":{"texture":"#head","uv":[3.0,60.0,4.0,61.0],"autoUv":false},"south":{"texture":"#head","uv":[2.0,60.0,3.0,61.0],"autoUv":false},"west":{"texture":"#head","uv":[1.0,60.0,2.0,61.0],"autoUv":false},"up":{"texture":"#head","uv":[1.0,59.0,2.0,60.0],"autoUv":false,"rotation":90},"down":{"texture":"#head","uv":[2.0,62.0,1.0,61.0],"autoUv":false,"rotation":90}},"children":[]},{"name":"EyelidR.004","from":[-3.195336103439,2.850748538971,1.984275221825],"to":[-3.085799656808,2.993285641074,2.530566692352],"rotationOrigin":[-3.195336103439,2.850748538971,1.984275221825],"stepParentName":"b_Head","rotationX":101.270682069024,"rotationY":0.0,"rotationZ":-1e-12,"group":"eye-animu2_raised","faces":{"north":{"texture":"#head","uv":[13.0,59.0,12.0,60.0],"autoUv":false},"east":{"texture":"#head","uv":[16.0,59.0,13.0,60.0],"autoUv":false},"south":{"texture":"#head","uv":[9.0,59.0,8.0,60.0],"autoUv":false},"west":{"texture":"#head","uv":[12.0,59.0,9.0,60.0],"autoUv":false},"up":{"texture":"#head","uv":[12.0,58.0,9.0,59.0],"autoUv":false,"rotation":90},"down":{"texture":"#head","uv":[9.0,61.0,12.0,60.0],"autoUv":false,"rotation":90}},"children":[]},{"name":"EyelidR.005","from":[-3.208822011948,3.245775699615,1.865005254745],"to":[-3.099285565317,3.468035012484,2.41903179884],"rotationOrigin":[-3.208822011948,3.245775699615,1.865005254745],"stepParentName":"b_Head","rotationX":82.77929726867,"rotationY":-1e-12,"rotationZ":-1e-12,"group":"eye-animu2_raised","faces":{"north":{"texture":"#head","uv":[13.0,59.0,12.0,60.0],"autoUv":false},"east":{"texture":"#head","uv":[16.0,59.0,13.0,60.0],"autoUv":false},"south":{"texture":"#head","uv":[9.0,59.0,8.0,60.0],"autoUv":false},"west":{"texture":"#head","uv":[12.0,59.0,9.0,60.0],"autoUv":false},"up":{"texture":"#head","uv":[12.0,58.0,9.0,59.0],"autoUv":false,"rotation":90},"down":{"texture":"#head","uv":[9.0,61.0,12.0,60.0],"autoUv":false,"rotation":90}},"children":[]},{"name":"EyelidL.004","from":[-3.195336103439,2.850747585297,-2.486358761787],"to":[-3.085799656808,2.9932846874,-1.94006729126],"rotationOrigin":[-3.195336103439,2.850747585297,-1.94006729126],"stepParentName":"b_Head","rotationX":-101.270688899213,"rotationY":0.0,"rotationZ":1e-12,"group":"eye-animu2_raised","faces":{"north":{"texture":"#head","uv":[8.0,59.0,9.0,60.0],"autoUv":false},"east":{"texture":"#head","uv":[13.0,59.0,16.0,60.0],"autoUv":false},"south":{"texture":"#head","uv":[12.0,59.0,13.0,60.0],"autoUv":false},"west":{"texture":"#head","uv":[9.0,59.0,12.0,60.0],"autoUv":false},"up":{"texture":"#head","uv":[9.0,58.0,12.0,59.0],"autoUv":false,"rotation":90},"down":{"texture":"#head","uv":[12.0,61.0,9.0,60.0],"autoUv":false,"rotation":90}},"children":[]},{"name":"EyelidL.005","from":[-3.208822011948,3.245774745941,-2.374823868275],"to":[-3.099285565317,3.468034058809,-1.820797324181],"rotationOrigin":[-3.208822011948,3.245774745941,-1.820797324181],"stepParentName":"b_Head","rotationX":-82.779310929048,"rotationY":-1e-12,"rotationZ":1e-12,"group":"eye-animu2_raised","faces":{"north":{"texture":"#head","uv":[8.0,59.0,9.0,60.0],"autoUv":false},"east":{"texture":"#head","uv":[13.0,59.0,16.0,60.0],"autoUv":false},"south":{"texture":"#head","uv":[12.0,59.0,13.0,60.0],"autoUv":false},"west":{"texture":"#head","uv":[9.0,59.0,12.0,60.0],"autoUv":false},"up":{"texture":"#head","uv":[9.0,58.0,12.0,59.0],"autoUv":false,"rotation":90},"down":{"texture":"#head","uv":[12.0,61.0,9.0,60.0],"autoUv":false,"rotation":90}},"children":[]},{"name":"EyelidR.006","from":[-3.208822011948,3.074621200562,-1.430643707514],"to":[-3.099285565317,3.210298627615,-0.4698998034],"rotationOrigin":[-3.208822011948,3.074621200562,-0.4698998034],"stepParentName":"b_Head","rotationX":-82.779310929048,"rotationY":-1e-12,"rotationZ":1e-12,"group":"eye-animu2_raised","faces":{"north":{"texture":"#head","uv":[8.0,59.0,9.0,60.0],"autoUv":false},"east":{"texture":"#head","uv":[13.0,59.0,16.0,60.0],"autoUv":false},"south":{"texture":"#head","uv":[12.0,59.0,13.0,60.0],"autoUv":false},"west":{"texture":"#head","uv":[9.0,59.0,12.0,60.0],"autoUv":false},"up":{"texture":"#head","uv":[9.0,58.0,12.0,59.0],"autoUv":false,"rotation":90},"down":{"texture":"#head","uv":[12.0,61.0,9.0,60.0],"autoUv":false,"rotation":90}},"children":[]},{"name":"EyelidL.007","from":[-3.208822011948,3.074621200562,0.469898313284],"to":[-3.099285565317,3.210298627615,1.430642217398],"rotationOrigin":[-3.208822011948,3.074621200562,0.469898313284],"stepParentName":"b_Head","rotationX":82.77929726867,"rotationY":-1e-12,"rotationZ":-1e-12,"group":"eye-animu2_raised","faces":{"north":{"texture":"#head","uv":[13.0,59.0,12.0,60.0],"autoUv":false},"east":{"texture":"#head","uv":[16.0,59.0,13.0,60.0],"autoUv":false},"south":{"texture":"#head","uv":[9.0,59.0,8.0,60.0],"autoUv":false},"west":{"texture":"#head","uv":[12.0,59.0,9.0,60.0],"autoUv":false},"up":{"texture":"#head","uv":[12.0,58.0,9.0,59.0],"autoUv":false,"rotation":90},"down":{"texture":"#head","uv":[9.0,61.0,12.0,60.0],"autoUv":false,"rotation":90}},"children":[]}],"groups":[]}