{"textureWidth": 64, "textureHeight": 64, "textures": {"tail": "kemono:entity/kemono/tail/kemono-tail"}, "textureSizes": {"tail": [64, 64]}, "elements": [{"name": "TailGeneric3.003", "from": [-1.0680776834, -1.0518461142, -1.0853024564], "to": [0.7565047274, 0.920389763, 1.0466828636], "rotationOrigin": [-1.0680776834, -0.0657291412, -0.0193097964], "stepParentName": "b_Tail1", "rotationX": 0, "rotationY": 0, "rotationZ": 61.2774929313, "group": "tail-generic4", "faces": {"north": {"texture": "#tail", "uv": [44, 27, 38, 34], "autoUv": false}, "east": {"texture": "#tail", "uv": [60.770690918, 25.4420623779, 57.721031189, 29], "autoUv": false}, "south": {"texture": "#tail", "uv": [35, 27, 41, 34], "autoUv": false}, "west": {"texture": "#tail", "uv": [1, 27, 8, 34], "autoUv": false}, "up": {"texture": "#tail", "uv": [38, 18, 44, 25], "autoUv": false}, "down": {"texture": "#tail", "uv": [41, 40, 35, 33], "autoUv": false}}, "children": []}, {"name": "TailGeneric3.004", "from": [-0.2404674292, 0.1373915879, -0.9057470007], "to": [1.7657345854, 1.4991834911, 0.660738085], "rotationOrigin": [-0.2404674292, 0.8182868958, -0.1225044578], "stepParentName": "b_Tail1", "rotationX": 0, "rotationY": 0, "rotationZ": 81.9877807967, "group": "tail-generic4", "faces": {"north": {"texture": "#tail", "uv": [52, 29, 46, 34], "autoUv": false}, "east": {"texture": "#tail", "uv": [60.2624168396, 36.1158771515, 61.278968811, 37.1324310303], "autoUv": false, "rotation": 90}, "south": {"texture": "#tail", "uv": [47, 29, 52, 34], "autoUv": false}, "west": {"texture": "#tail", "uv": [7, 37, 12, 42], "autoUv": false, "rotation": 90}, "up": {"texture": "#tail", "uv": [47, 27, 52, 32], "autoUv": false}, "down": {"texture": "#tail", "uv": [52, 37, 46, 32], "autoUv": false}}, "children": []}, {"name": "TailGeneric3.005", "from": [-2.7318217754, -1.3410707905, -0.9177308335], "to": [-0.1895959056, 0.1239177253, 0.8791112407], "rotationOrigin": [-2.7318217754, -0.6085758209, -0.0193097964], "stepParentName": "b_Tail1", "rotationX": 0, "rotationY": 0, "rotationZ": 20.5663877325, "group": "tail-generic4", "faces": {"north": {"texture": "#tail", "uv": [41, 27, 33, 33], "autoUv": false}, "east": {"texture": "#tail", "uv": [4, 18, 13, 29], "autoUv": false}, "south": {"texture": "#tail", "uv": [33, 27, 41, 33], "autoUv": false}, "west": {"texture": "#tail", "uv": [3, 27, 9, 33], "autoUv": false}, "up": {"texture": "#tail", "uv": [33, 21, 41, 27], "autoUv": false}, "down": {"texture": "#tail", "uv": [41, 39, 33, 33], "autoUv": false}}, "children": []}, {"name": "TailGeneric3Fluff.002", "from": [-2.5477085114, -0.8734849108, -0.5705465007], "to": [-0.1970869053, 0.2076153012, 0.4120813239], "rotationOrigin": [-2.5477085114, -0.3329353333, -0.0792325884], "stepParentName": "b_Tail1", "rotationX": -0.056023306, "rotationY": -6.6886962518, "rotationZ": 42.3110753043, "group": "tail-generic4", "faces": {"north": {"texture": "#tail", "uv": [53, 12, 43, 16], "autoUv": false}, "east": {"texture": "#tail", "uv": [60.2624168396, 20.8675689697, 61.278968811, 21.8841247559], "autoUv": false, "rotation": 90}, "south": {"texture": "#tail", "uv": [43, 10, 53, 14], "autoUv": false}, "west": {"texture": "#tail", "uv": [7, 21, 12, 26], "autoUv": false, "rotation": 90}, "up": {"texture": "#tail", "uv": [43, 9, 53, 13], "autoUv": false}, "down": {"texture": "#tail", "uv": [53, 16, 40, 12], "autoUv": false}}, "children": []}, {"name": "TailGeneric3Fluff.003", "from": [-0.7687524557, 0.0146582669, -0.8044637202], "to": [2.0573200634, 0.8856531078, 0.8024320288], "rotationOrigin": [-0.7687524557, 0.4501552582, -0.0010158457], "stepParentName": "b_Tail1", "rotationX": 0, "rotationY": 0, "rotationZ": 88.1718067505, "group": "tail-generic4", "faces": {"north": {"texture": "#tail", "uv": [54, 13, 44, 17], "autoUv": false}, "east": {"texture": "#tail", "uv": [60.2624168396, 20.8675689697, 61.278968811, 21.8841247559], "autoUv": false, "rotation": 90}, "south": {"texture": "#tail", "uv": [42, 9, 52, 13], "autoUv": false}, "west": {"texture": "#tail", "uv": [7, 21, 12, 26], "autoUv": false, "rotation": 90}, "up": {"texture": "#tail", "uv": [44, 19, 54, 23], "autoUv": false}, "down": {"texture": "#tail", "uv": [52, 16, 40, 12], "autoUv": false}}, "children": []}], "groups": []}