{"textureWidth": 64, "textureHeight": 64, "textures": {"tail": "kemono:entity/kemono/tail/kemono-tail"}, "textureSizes": {"tail": [64, 64]}, "elements": [{"name": "TailLizard0.010", "from": [-0.7893089056, -1.630905401, -1.733129503], "to": [2.6987076998, 1.6505555995, 1.7331294997], "rotationOrigin": [-0.7893089056, 0.009826649, -1.6e-09], "stepParentName": "b_Tail0", "rotationX": 0, "rotationY": 0, "rotationZ": -1.334e-06, "group": "tail-bug1", "faces": {"north": {"texture": "#tail", "uv": [31.5601806641, 28, 24, 34], "autoUv": false}, "east": {"texture": "#tail", "uv": [6, 28, 11, 34], "autoUv": false}, "south": {"texture": "#tail", "uv": [22, 28, 29.5601806641, 34], "autoUv": false}, "west": {"texture": "#tail", "uv": [3, 28, 7, 34], "autoUv": false}, "up": {"texture": "#tail", "uv": [25, 5, 32.5601806641, 10], "autoUv": false}, "down": {"texture": "#tail", "uv": [29.5601806641, 40, 22, 35], "autoUv": false}}, "children": []}, {"name": "TailLizard0.011", "from": [-1.1650053844, -2.6230823419, -2.7874891928], "to": [5.688566322, 2.6427295253, 2.7874891896], "rotationOrigin": [-0.2123931944, 0.0098266602, -1.6e-09], "stepParentName": "b_Tail1", "rotationX": 0, "rotationY": 0, "rotationZ": -9.071e-07, "group": "tail-bug1", "faces": {"north": {"texture": "#tail", "uv": [45.4139022827, 26.9464187622, 34.4802818298, 35.0535869598], "autoUv": false}, "east": {"texture": "#tail", "uv": [0.4555420876, 25.7708320618, 10.5444583893, 35.7604293823], "autoUv": false}, "south": {"texture": "#tail", "uv": [36.4802932739, 26.9464149475, 47.4138946533, 35.0535888672], "autoUv": false}, "west": {"texture": "#tail", "uv": [5.4555420876, 25.7708320618, 15.5444583893, 35.2291793823], "autoUv": false}, "up": {"texture": "#tail", "uv": [28.4802875519, 4.6761741638, 39.413898468, 13.3238220215], "autoUv": false}, "down": {"texture": "#tail", "uv": [39.413898468, 59.3238210678, 28.4802875519, 50.6761789322], "autoUv": false}}, "children": []}], "groups": []}