{"textureWidth": 64, "textureHeight": 64, "textures": {"tail": "kemono:entity/kemono/tail/kemono-tail"}, "textureSizes": {"tail": [64, 64]}, "elements": [{"name": "TailDragon0.001", "from": [-0.7893089056, -1.6093052737, -2.3035173432], "to": [3.8243595362, 1.6289554723, 2.2708146556], "rotationOrigin": [-0.7893089056, 0.009826649, -1.6e-09], "stepParentName": "b_Tail0", "rotationX": 0, "rotationY": 0, "rotationZ": -1.334e-06, "group": "tail-gecks", "faces": {"north": {"texture": "#tail", "uv": [34, 28, 24, 34], "autoUv": false}, "east": {"texture": "#tail", "uv": [5.224401474, 28, 11.8227710724, 34], "autoUv": false}, "south": {"texture": "#tail", "uv": [22, 28, 32, 34], "autoUv": false}, "west": {"texture": "#tail", "uv": [2.3417828083, 27.9999961853, 7.6204791069, 34], "autoUv": false}, "up": {"texture": "#tail", "uv": [25.0000019073, 4.1772270203, 34.9999961853, 10.7756004333], "autoUv": false}, "down": {"texture": "#tail", "uv": [32, 40.8227710724, 21.9999980927, 34.2244033813], "autoUv": false}}, "children": []}, {"name": "TailDragon0.007", "from": [-0.2945469916, -1.4542233944, -1.949919583], "to": [4.1965032518, 1.4738738537, 1.917217253], "rotationOrigin": [-0.2945469916, 0.0098266602, -1.6e-09], "stepParentName": "b_Tail1", "rotationX": 0, "rotationY": 0, "rotationZ": -9.071e-07, "group": "tail-gecks", "faces": {"north": {"texture": "#tail", "uv": [46, 28, 36, 34], "autoUv": false}, "east": {"texture": "#tail", "uv": [0.9201999903, 27.0000038147, 10.1579179764, 34.0000038147], "autoUv": false}, "south": {"texture": "#tail", "uv": [38, 28, 48, 34], "autoUv": false}, "west": {"texture": "#tail", "uv": [5.8420810699, 27.0000038147, 15.0797996521, 34], "autoUv": false}, "up": {"texture": "#tail", "uv": [30.0000038147, 5.0074958801, 39.9999961853, 12.9255447388], "autoUv": false}, "down": {"texture": "#tail", "uv": [40, 58.9925012589, 29.9999980927, 51.0744581223], "autoUv": false}}, "children": []}, {"name": "TailDragon0.008", "from": [-0.531409204, -1.246557951, -1.7935042398], "to": [4.5119729638, 1.2662088871, 1.7608019097], "rotationOrigin": [-0.531409204, 0.0098266602, -1.6e-09], "stepParentName": "b_Tail2", "rotationX": 0, "rotationY": 0, "rotationZ": -9.071e-07, "group": "tail-gecks", "faces": {"north": {"texture": "#tail", "uv": [33, 27, 21, 34], "autoUv": false}, "east": {"texture": "#tail", "uv": [0.9236377478, 27.0000076294, 10.1613559723, 34], "autoUv": false}, "south": {"texture": "#tail", "uv": [23, 27, 35, 34], "autoUv": false}, "west": {"texture": "#tail", "uv": [5.8386435509, 27.0000038147, 15.0763616562, 34.0000019073], "autoUv": false}, "up": {"texture": "#tail", "uv": [32, 1.8386421204, 44, 11.0763587952], "autoUv": false}, "down": {"texture": "#tail", "uv": [41, 43.1613521576, 29, 33.9236373901], "autoUv": false}}, "children": []}, {"name": "TailDragon0.009", "from": [-0.3819898665, -1.0164856911, -1.4974449889], "to": [4.341830343, 1.036137104, 1.4647426589], "rotationOrigin": [-0.3819898665, 0.0098266602, -1.6e-09], "stepParentName": "b_Tail3", "rotationX": 0, "rotationY": 0, "rotationZ": -9.071e-07, "group": "tail-gecks", "faces": {"north": {"texture": "#tail", "uv": [36, 28, 26, 33], "autoUv": false}, "east": {"texture": "#tail", "uv": [0.9321325421, 27, 10.1698522568, 34.0000019073], "autoUv": false}, "south": {"texture": "#tail", "uv": [28, 28, 38, 33], "autoUv": false}, "west": {"texture": "#tail", "uv": [5.8301491737, 27, 15.0678672791, 34.0000019073], "autoUv": false}, "up": {"texture": "#tail", "uv": [34, 4.3315124512, 44, 9.610206604], "autoUv": false}, "down": {"texture": "#tail", "uv": [40.9999961853, 47.6684856415, 31, 42.3897914886], "autoUv": false}}, "children": []}, {"name": "TailDragon0.010", "from": [-0.495044142, -0.8671813011, -1.2359135167], "to": [3.8040538728, 0.8868329525, 1.2032113059], "rotationOrigin": [-0.495044142, 0.0098266602, -1.6e-09], "stepParentName": "b_Tail4", "rotationX": 0, "rotationY": 0, "rotationZ": -9.071e-07, "group": "tail-gecks", "faces": {"north": {"texture": "#tail", "uv": [39, 28, 30, 33], "autoUv": false}, "east": {"texture": "#tail", "uv": [0.9430674911, 27, 10.1807851791, 34], "autoUv": false}, "south": {"texture": "#tail", "uv": [32, 28, 41, 33], "autoUv": false}, "west": {"texture": "#tail", "uv": [5.8192138672, 27.0000038147, 15.0569324493, 33.9999980927], "autoUv": false}, "up": {"texture": "#tail", "uv": [34.9999961853, 5.3252677917, 44, 10.6039619446], "autoUv": false}, "down": {"texture": "#tail", "uv": [41, 43.1807861328, 32, 33.9430656433], "autoUv": false}}, "children": []}, {"name": "TailDragon0.011", "from": [-0.6902117133, -0.6606523991, -0.9064822213], "to": [3.7240191102, 0.6803044081, 0.8737798913], "rotationOrigin": [-0.6902117133, 0.0098266602, -1.6e-09], "stepParentName": "b_Tail5", "rotationX": 0, "rotationY": 0, "rotationZ": -9.071e-07, "group": "tail-gecks", "faces": {"north": {"texture": "#tail", "uv": [39, 29, 25, 33], "autoUv": false}, "east": {"texture": "#tail", "uv": [0.9659866095, 27, 10.203704834, 34.0000038147], "autoUv": false}, "south": {"texture": "#tail", "uv": [27, 29, 41, 33], "autoUv": false}, "west": {"texture": "#tail", "uv": [5.796295166, 27, 15.0340137482, 34.0000019073], "autoUv": false}, "up": {"texture": "#tail", "uv": [30.9999961853, 5.3121757507, 45.0000038147, 10.5908622742], "autoUv": false}, "down": {"texture": "#tail", "uv": [41, 47.8597888947, 27.0000038147, 41.2614173889], "autoUv": false}}, "children": []}, {"name": "TailDragon0Hair.014", "from": [1.2680526972, -0.5002806187, -1.1244822145], "to": [8.9757820368, 1.6462413073, 1.1609861255], "rotationOrigin": [1.2842699289, 0.5765724182, -0.0228312612], "stepParentName": "b_Tail5", "rotationX": -4.5018903801, "rotationY": -3.7340733839, "rotationZ": 8.2623833625, "group": "tail-gecks", "faces": {"north": {"texture": "#tail", "uv": [15.9866094589, 52.9705963135, 4.9811525345, 56.9586029053], "autoUv": false}, "east": {"texture": "#0", "uv": [0, 0, 4, 4], "autoUv": false}, "south": {"texture": "#tail", "uv": [4.0152544975, 52.0335054398, 15.0295257568, 56.0648565292], "autoUv": false}, "west": {"texture": "#tail", "uv": [0.9106168747, 56.5154275894, 8.0755729675, 60.5731182098], "autoUv": false, "rotation": 90}, "up": {"texture": "#tail", "uv": [4.9767446518, 52.6179208755, 16.0251197815, 55.4127473831], "autoUv": false}, "down": {"texture": "#tail", "uv": [13.9910163879, 55.1475534439, 3.0196621418, 52.6769523621], "autoUv": false}}, "children": []}, {"name": "TailDragon0Hair.015", "from": [0.4367927015, -0.7591807842, -0.6967187822], "to": [7.4404474199, 1.2575478554, 0.9819597304], "rotationOrigin": [0.449146837, 0.2477016449, 0.0644028485], "stepParentName": "b_Tail5", "rotationX": 2.5998613484, "rotationY": -2.9999072356, "rotationZ": 25.1118427666, "group": "tail-gecks", "faces": {"north": {"texture": "#tail", "uv": [15.9976034164, 51.0009441376, 5.9822716713, 55.006983757], "autoUv": false}, "east": {"texture": "#0", "uv": [0, 0, 4, 4], "autoUv": false}, "south": {"texture": "#tail", "uv": [5.0185375214, 50.9926967621, 15.0315561295, 54.9875679016], "autoUv": false}, "west": {"texture": "#tail", "uv": [1.0114235878, 56.5275163651, 7.9880175591, 60.4504711628], "autoUv": false, "rotation": 90}, "up": {"texture": "#tail", "uv": [5.9834299088, 52.8498420715, 16.0327148438, 54.2964324951], "autoUv": false}, "down": {"texture": "#tail", "uv": [13.9964466095, 55.0644006729, 4.0173802376, 52.6850118637], "autoUv": false}}, "children": []}, {"name": "TailDragon0Hair.017", "from": [1.5798460245, -0.2441686392, -1.0610195212], "to": [9.2583128214, 1.8530176878, 1.089096684], "rotationOrigin": [1.5833250284, 0.8039913177, 0.0356290527], "stepParentName": "b_Tail5", "rotationX": -1.0688186305, "rotationY": 0.8810260477, "rotationZ": -5.3490839928, "group": "tail-gecks", "faces": {"north": {"texture": "#tail", "uv": [16.0058307648, 54.9885053635, 5.0049242973, 58.9902935028], "autoUv": false}, "east": {"texture": "#0", "uv": [0, 0, 4, 4], "autoUv": false}, "south": {"texture": "#tail", "uv": [3.9952702522, 54.0093250275, 14.9956598282, 58.0085606575], "autoUv": false}, "west": {"texture": "#tail", "uv": [0.9821187258, 58.51755476, 8.0172147751, 62.5011136532], "autoUv": false, "rotation": 90}, "up": {"texture": "#tail", "uv": [5.0051832199, 54.6659231186, 15.9959192276, 57.2631716728], "autoUv": false}, "down": {"texture": "#tail", "uv": [15.0055704117, 57.3590712547, 3.9950108528, 54.6783704758], "autoUv": false}}, "children": []}], "groups": []}