{"textureWidth": 64, "textureHeight": 64, "textures": {"tail": "kemono:entity/kemono/tail/kemono-tail"}, "textureSizes": {"tail": [64, 64]}, "elements": [{"name": "3.003", "from": [2.0481460812, -1.4929835585, -1.59353705], "to": [4.0199707622, 1.5168524263, 1.5930125217], "rotationOrigin": [0.6470966935, 0.0119361877, -0.0002622641], "stepParentName": "b_Tail1", "rotationX": 0, "rotationY": 0, "rotationZ": -9.071e-07, "group": "tail-possum", "faces": {"north": {"texture": "#tail", "uv": [40, 26, 31, 34], "autoUv": false, "rotation": 90}, "east": {"texture": "#tail", "uv": [2, 34, 13, 44], "autoUv": false}, "south": {"texture": "#tail", "uv": [31, 26, 40, 34], "autoUv": false, "rotation": 270}, "west": {"texture": "#tail", "uv": [3, 19, 14, 28], "autoUv": false}, "up": {"texture": "#tail", "uv": [31, 26, 40, 34], "autoUv": false, "rotation": 270}, "down": {"texture": "#tail", "uv": [40, 34, 31, 26], "autoUv": false, "rotation": 270}}, "children": []}, {"name": "2.003", "from": [0.0628790474, -1.5804160224, -1.6861027436], "to": [2.1267529934, 1.6042846864, 1.6855782153], "rotationOrigin": [0.639007628, 0.0119361877, -0.0002622641], "stepParentName": "b_Tail1", "rotationX": 0, "rotationY": 0, "rotationZ": -9.071e-07, "group": "tail-possum", "faces": {"north": {"texture": "#tail", "uv": [40, 26, 31, 34], "autoUv": false, "rotation": 90}, "east": {"texture": "#tail", "uv": [2, 34, 13, 44], "autoUv": false}, "south": {"texture": "#tail", "uv": [31, 26, 40, 34], "autoUv": false, "rotation": 270}, "west": {"texture": "#tail", "uv": [3, 19, 14, 28], "autoUv": false}, "up": {"texture": "#tail", "uv": [31, 26, 40, 34], "autoUv": false, "rotation": 270}, "down": {"texture": "#tail", "uv": [40, 34, 31, 26], "autoUv": false, "rotation": 270}}, "children": []}, {"name": "1.003", "from": [-0.9045030329, -1.6080440907, -1.7153528493], "to": [3.0331404147, 1.6319126363, 1.714828321], "rotationOrigin": [1.2673223019, 0.0119361607, -0.0002622642], "stepParentName": "b_Tail0", "rotationX": 0, "rotationY": 0, "rotationZ": -1.334e-06, "group": "tail-possum", "faces": {"north": {"texture": "#tail", "uv": [39, 21.1404495239, 31.6074466705, 34], "autoUv": false, "rotation": 90}, "east": {"texture": "#tail", "uv": [2, 34, 13, 44], "autoUv": false}, "south": {"texture": "#tail", "uv": [30, 21.1404495239, 40.6074409485, 34], "autoUv": false, "rotation": 270}, "west": {"texture": "#tail", "uv": [3, 19, 14, 28], "autoUv": false}, "up": {"texture": "#tail", "uv": [30, 21.1404457092, 40.6074447632, 34], "autoUv": false, "rotation": 270}, "down": {"texture": "#tail", "uv": [40.6074447632, 34, 30, 21.1404457092], "autoUv": false, "rotation": 270}}, "children": []}, {"name": "3.004", "from": [-0.8423967226, -1.3920133128, -1.4866387606], "to": [2.1164436866, 1.4158824159, 1.4861142322], "rotationOrigin": [-1.0301326513, 0.0119361877, -0.0002622642], "stepParentName": "b_Tail2", "rotationX": 0, "rotationY": 0, "rotationZ": -9.071e-07, "group": "tail-possum", "faces": {"north": {"texture": "#tail", "uv": [40, 21.1321792603, 31, 34], "autoUv": false, "rotation": 90}, "east": {"texture": "#tail", "uv": [2, 34, 13, 44], "autoUv": false}, "south": {"texture": "#tail", "uv": [31, 21.1321792603, 40, 34], "autoUv": false, "rotation": 270}, "west": {"texture": "#tail", "uv": [3, 19, 14, 28], "autoUv": false}, "up": {"texture": "#tail", "uv": [31, 21.1321754456, 40, 34], "autoUv": false, "rotation": 270}, "down": {"texture": "#tail", "uv": [40, 34, 31, 21.1321754456], "autoUv": false, "rotation": 270}}, "children": []}, {"name": "3.005", "from": [1.3381805334, -1.3294088144, -1.4203587021], "to": [3.778266945, 1.3532780634, 1.4198341737], "rotationOrigin": [0.7720018029, 0.0119361877, -0.0002622642], "stepParentName": "b_Tail2", "rotationX": 0, "rotationY": 0, "rotationZ": -9.071e-07, "group": "tail-possum", "faces": {"north": {"texture": "#tail", "uv": [40, 22.5045394897, 31.0000019073, 35], "autoUv": false, "rotation": 90}, "east": {"texture": "#tail", "uv": [2, 34, 13, 44], "autoUv": false}, "south": {"texture": "#tail", "uv": [31, 22.504535675, 40, 35], "autoUv": false, "rotation": 270}, "west": {"texture": "#tail", "uv": [3, 19, 14, 28], "autoUv": false}, "up": {"texture": "#tail", "uv": [31, 22.5045394897, 40, 35], "autoUv": false, "rotation": 270}, "down": {"texture": "#tail", "uv": [40, 35, 31, 22.5045394897], "autoUv": false, "rotation": 270}}, "children": []}, {"name": "3.006", "from": [2.998871677, -1.2355477796, -1.320987011], "to": [5.4128408229, 1.2594172474, 1.3204624827], "rotationOrigin": [2.6169400215, 0.0119361877, -0.0002622642], "stepParentName": "b_Tail2", "rotationX": 0, "rotationY": 0, "rotationZ": -9.071e-07, "group": "tail-possum", "faces": {"north": {"texture": "#tail", "uv": [40, 21.7081832886, 31, 35], "autoUv": false, "rotation": 90}, "east": {"texture": "#tail", "uv": [2, 34, 13, 44], "autoUv": false}, "south": {"texture": "#tail", "uv": [31, 21.7081832886, 40, 35], "autoUv": false, "rotation": 270}, "west": {"texture": "#tail", "uv": [3, 19, 14, 28], "autoUv": false}, "up": {"texture": "#tail", "uv": [31, 21.7081794739, 40, 35], "autoUv": false, "rotation": 270}, "down": {"texture": "#tail", "uv": [40, 35, 31, 21.7081794739], "autoUv": false, "rotation": 270}}, "children": []}, {"name": "3.007", "from": [0.8333655704, -1.1235038473, -1.20236489], "to": [2.8730806455, 1.1473735763, 1.2018403617], "rotationOrigin": [0.3282962739, 0.0119361877, -0.0002622642], "stepParentName": "b_Tail3", "rotationX": 0, "rotationY": 0, "rotationZ": -9.071e-07, "group": "tail-possum", "faces": {"north": {"texture": "#tail", "uv": [40, 22.2895927429, 31.0000019073, 36], "autoUv": false, "rotation": 90}, "east": {"texture": "#tail", "uv": [2, 34, 13, 44], "autoUv": false}, "south": {"texture": "#tail", "uv": [31, 22.2895927429, 39.9999961853, 36], "autoUv": false, "rotation": 270}, "west": {"texture": "#tail", "uv": [3, 19, 14, 28], "autoUv": false}, "up": {"texture": "#tail", "uv": [31, 22.2895927429, 40, 36], "autoUv": false, "rotation": 270}, "down": {"texture": "#tail", "uv": [40, 36, 31, 22.2895927429], "autoUv": false, "rotation": 270}}, "children": []}, {"name": "3.008", "from": [2.2767430501, -1.0310971828, -1.1045329564], "to": [4.2456534973, 1.0549671271, 1.1040084281], "rotationOrigin": [1.9079738855, 0.0119361877, -0.0002622642], "stepParentName": "b_Tail3", "rotationX": 0, "rotationY": 0, "rotationZ": -9.071e-07, "group": "tail-possum", "faces": {"north": {"texture": "#tail", "uv": [40, 21.5930252075, 31.0000019073, 36], "autoUv": false, "rotation": 90}, "east": {"texture": "#tail", "uv": [2, 34, 13, 44], "autoUv": false}, "south": {"texture": "#tail", "uv": [31, 21.5930252075, 40.0000038147, 36], "autoUv": false, "rotation": 270}, "west": {"texture": "#tail", "uv": [3, 19, 14, 28], "autoUv": false}, "up": {"texture": "#tail", "uv": [31, 21.5930252075, 39.9999961853, 36], "autoUv": false, "rotation": 270}, "down": {"texture": "#tail", "uv": [39.9999961853, 36, 31, 21.5930252075], "autoUv": false, "rotation": 270}}, "children": []}, {"name": "3.009", "from": [-0.0251995988, -0.9048739322, -0.9922163185], "to": [1.6117922404, 0.9647815739, 0.9872104616], "rotationOrigin": [-0.4833759367, 0.0299549103, -0.0025029285], "stepParentName": "b_Tail4", "rotationX": 0, "rotationY": 0, "rotationZ": -9.071e-07, "group": "tail-possum", "faces": {"north": {"texture": "#tail", "uv": [40, 22.6352920532, 31, 36], "autoUv": false, "rotation": 90}, "east": {"texture": "#tail", "uv": [2, 34, 13, 44], "autoUv": false}, "south": {"texture": "#tail", "uv": [31, 22.6352996826, 39.9999923706, 36], "autoUv": false, "rotation": 270}, "west": {"texture": "#tail", "uv": [3, 19, 14, 28], "autoUv": false}, "up": {"texture": "#tail", "uv": [31, 22.6352920532, 40, 36], "autoUv": false, "rotation": 270}, "down": {"texture": "#tail", "uv": [40, 36, 31, 22.6352920532], "autoUv": false, "rotation": 270}}, "children": []}, {"name": "3.010", "from": [0.980432645, -0.7969099756, -0.8990958184], "to": [2.7183993106, 0.8926263904, 0.8896366609], "rotationOrigin": [0.8250757456, 0.0478591919, -0.0047295787], "stepParentName": "b_Tail4", "rotationX": 0, "rotationY": 0, "rotationZ": -9.071e-07, "group": "tail-possum", "faces": {"north": {"texture": "#tail", "uv": [40, 19.7280654907, 30.9999980927, 37], "autoUv": false, "rotation": 90}, "east": {"texture": "#tail", "uv": [2, 34, 13, 44], "autoUv": false}, "south": {"texture": "#tail", "uv": [31, 19.7280654907, 40, 37], "autoUv": false, "rotation": 270}, "west": {"texture": "#tail", "uv": [3, 19, 14, 28], "autoUv": false}, "up": {"texture": "#tail", "uv": [31, 19.7280654907, 40, 37], "autoUv": false, "rotation": 270}, "down": {"texture": "#tail", "uv": [40, 37, 31, 19.7280654907], "autoUv": false, "rotation": 270}}, "children": []}, {"name": "3.011", "from": [2.2212726443, -0.6977236607, -0.7940861957], "to": [3.6490576987, 0.7934403066, 0.7846270383], "rotationOrigin": [1.9780336618, 0.0478591919, -0.0047295787], "stepParentName": "b_Tail4", "rotationX": 0, "rotationY": 0, "rotationZ": -9.071e-07, "group": "tail-possum", "faces": {"north": {"texture": "#tail", "uv": [40, 18.9230194092, 30.9999961853, 35], "autoUv": false, "rotation": 90}, "east": {"texture": "#tail", "uv": [2, 32, 13, 42], "autoUv": false}, "south": {"texture": "#tail", "uv": [31, 18.9230155945, 40, 35], "autoUv": false, "rotation": 270}, "west": {"texture": "#tail", "uv": [3, 17, 14, 26], "autoUv": false}, "up": {"texture": "#tail", "uv": [31, 18.9230155945, 40, 35], "autoUv": false, "rotation": 270}, "down": {"texture": "#tail", "uv": [40, 35, 31, 18.9230155945], "autoUv": false, "rotation": 270}}, "children": []}, {"name": "3.012", "from": [0.1580791518, -0.6043387767, -0.6952186107], "to": [1.3587038977, 0.7000556403, 0.6857594532], "rotationOrigin": [-0.1030229628, 0.0478591919, -0.0047295787], "stepParentName": "b_Tail5", "rotationX": 0, "rotationY": 0, "rotationZ": -9.071e-07, "group": "tail-possum", "faces": {"north": {"texture": "#tail", "uv": [40, 25, 31, 39.0498886108], "autoUv": false, "rotation": 270}, "east": {"texture": "#tail", "uv": [3, 19, 14, 29], "autoUv": false}, "south": {"texture": "#tail", "uv": [30.9999980927, 25, 40, 39.0498886108], "autoUv": false, "rotation": 90}, "west": {"texture": "#tail", "uv": [3, 35, 14, 44], "autoUv": false}, "up": {"texture": "#tail", "uv": [31.0000038147, 25, 40, 39.0498886108], "autoUv": false, "rotation": 90}, "down": {"texture": "#tail", "uv": [40, 39.0498886108, 31.0000038147, 25], "autoUv": false, "rotation": 90}}, "children": []}, {"name": "3.013", "from": [0.9514404341, -0.4913319617, -0.5755770753], "to": [2.0304305986, 0.5870490887, 0.5661179179], "rotationOrigin": [0.8219782114, 0.0478591919, -0.0047295787], "stepParentName": "b_Tail5", "rotationX": 0, "rotationY": 0, "rotationZ": -9.071e-07, "group": "tail-possum", "faces": {"north": {"texture": "#tail", "uv": [40, 28, 31, 40.2182693481], "autoUv": false, "rotation": 270}, "east": {"texture": "#tail", "uv": [2, 21, 13, 31], "autoUv": false}, "south": {"texture": "#tail", "uv": [31, 28, 40, 40.2182693481], "autoUv": false, "rotation": 90}, "west": {"texture": "#tail", "uv": [3, 37, 14, 46], "autoUv": false}, "up": {"texture": "#tail", "uv": [31.0000019073, 28, 40, 40.2182712555], "autoUv": false, "rotation": 90}, "down": {"texture": "#tail", "uv": [40, 40.2182712555, 31.0000019073, 28], "autoUv": false, "rotation": 90}}, "children": []}, {"name": "3.014", "from": [1.8161479782, -0.396414419, -0.475086848], "to": [2.5861481621, 0.4921317673, 0.4656276905], "rotationOrigin": [1.5904279947, 0.0478591919, -0.0047295787], "stepParentName": "b_Tail5", "rotationX": 0, "rotationY": 0, "rotationZ": -9.071e-07, "group": "tail-possum", "faces": {"north": {"texture": "#tail", "uv": [40, 22.7722702026, 30.9999961853, 36], "autoUv": false, "rotation": 90}, "east": {"texture": "#tail", "uv": [2, 34, 13, 44], "autoUv": false}, "south": {"texture": "#tail", "uv": [31, 22.7722702026, 40.0000038147, 36], "autoUv": false, "rotation": 270}, "west": {"texture": "#tail", "uv": [3, 19, 14, 28], "autoUv": false}, "up": {"texture": "#tail", "uv": [31, 22.7722702026, 40, 36], "autoUv": false, "rotation": 270}, "down": {"texture": "#tail", "uv": [40, 36, 31, 22.7722702026], "autoUv": false, "rotation": 270}}, "children": []}, {"name": "3.015", "from": [2.2912441353, -0.291411812, -0.3639194541], "to": [3.0063971909, 0.387129405, 0.3544602966], "rotationOrigin": [2.2460122108, 0.0478591919, -0.0047295787], "stepParentName": "b_Tail5", "rotationX": 0, "rotationY": 0, "rotationZ": -9.071e-07, "group": "tail-possum", "faces": {"north": {"texture": "#tail", "uv": [40, 18.1297416687, 31, 31], "autoUv": false, "rotation": 90}, "east": {"texture": "#tail", "uv": [2, 18, 13, 28], "autoUv": false}, "south": {"texture": "#tail", "uv": [31, 18.129737854, 40, 31], "autoUv": false, "rotation": 270}, "west": {"texture": "#tail", "uv": [2, 18, 13, 27], "autoUv": false}, "up": {"texture": "#tail", "uv": [31, 18.129737854, 40, 31], "autoUv": false, "rotation": 270}, "down": {"texture": "#tail", "uv": [40, 31, 31, 18.129737854], "autoUv": false, "rotation": 270}}, "children": []}, {"name": "3.016", "from": [2.8445442264, -0.229415134, -0.2982829017], "to": [3.3397287639, 0.3251328715, 0.2888237442], "rotationOrigin": [2.7182927132, 0.0478591919, -0.0047295787], "stepParentName": "b_Tail5", "rotationX": 0, "rotationY": 0, "rotationZ": -9.071e-07, "group": "tail-possum", "faces": {"north": {"texture": "#tail", "uv": [40, 29, 31, 39.9041652679], "autoUv": false, "rotation": 270}, "east": {"texture": "#tail", "uv": [3, 19, 14, 29], "autoUv": false}, "south": {"texture": "#tail", "uv": [31, 29, 40, 39.9041671753], "autoUv": false, "rotation": 90}, "west": {"texture": "#tail", "uv": [3, 36, 14, 45], "autoUv": false}, "up": {"texture": "#tail", "uv": [31, 29, 40, 39.9041671753], "autoUv": false, "rotation": 90}, "down": {"texture": "#tail", "uv": [40, 39.9041671753, 31, 29], "autoUv": false, "rotation": 90}}, "children": []}], "groups": []}