{"textureWidth":64,"textureHeight":64,"textures":{},"textureSizes":{"head":[64,64]},"elements":[{"name":"Eylid0R","from":[-3.251380205154,2.473913431168,0.545196413994],"to":[-3.141843758523,2.638218104839,2.023938417435],"rotationOrigin":[-3.251380205154,2.473913431168,0.545196413994],"stepParentName":"b_Head","rotationX":1.999986324129,"rotationY":1e-12,"rotationZ":-0.0,"group":"eye-animu0","faces":{"north":{"texture":"#head","uv":[8.0,60.0,10.0,61.0],"autoUv":false},"east":{"texture":"#head","uv":[14.0,60.0,16.0,61.0],"autoUv":false},"south":{"texture":"#head","uv":[12.0,60.0,14.0,61.0],"autoUv":false},"west":{"texture":"#head","uv":[10.0,60.0,12.0,61.0],"autoUv":false},"up":{"texture":"#head","uv":[10.0,59.0,12.0,60.0],"autoUv":false,"rotation":90},"down":{"texture":"#head","uv":[12.0,62.0,10.0,61.0],"autoUv":false,"rotation":90}},"children":[]},{"name":"Eylid0L","from":[-3.251380205154,2.473913192749,-1.967053860426],"to":[-3.141843758523,2.638217866421,-0.488311856985],"rotationOrigin":[-3.251380205154,2.473913192749,-0.488311856985],"stepParentName":"b_Head","rotationX":-2.000013644886,"rotationY":1e-12,"rotationZ":0.0,"group":"eye-animu0","faces":{"north":{"texture":"#head","uv":[8.0,59.0,9.0,60.0],"autoUv":false},"east":{"texture":"#head","uv":[13.0,59.0,16.0,60.0],"autoUv":false},"south":{"texture":"#head","uv":[12.0,59.0,13.0,60.0],"autoUv":false},"west":{"texture":"#head","uv":[9.0,59.0,12.0,60.0],"autoUv":false},"up":{"texture":"#head","uv":[9.0,58.0,12.0,59.0],"autoUv":false,"rotation":90},"down":{"texture":"#head","uv":[12.0,61.0,9.0,60.0],"autoUv":false,"rotation":90}},"children":[]},{"name":"L eye2","from":[-3.171414755285,1.488084614277,0.83501508832],"to":[-3.061878304929,2.583449065685,1.630825489759],"rotationOrigin":[-3.116646528244,2.035766839981,1.23292028904],"stepParentName":"b_Head","rotationX":-1.3660375e-05,"rotationY":1e-12,"rotationZ":0.0,"group":"eye-animu0","faces":{"north":{"texture":"#head","uv":[10.0,57.0,11.0,62.0],"autoUv":false},"east":{"texture":"#head","uv":[11.0,57.0,15.0,62.0],"autoUv":false},"south":{"texture":"#head","uv":[15.0,57.0,16.0,62.0],"autoUv":false},"west":{"texture":"#head","uv":[27.0,56.0,31.0,61.0],"autoUv":false},"up":{"texture":"#head","uv":[15.0,57.0,11.0,58.0],"autoUv":false,"rotation":270},"down":{"texture":"#head","uv":[15.0,63.0,11.0,62.0],"autoUv":false,"rotation":90}},"children":[]},{"name":"L eyebrow 1","from":[-3.237868785858,3.193102121353,0.576397359371],"to":[-3.133092410862,3.319567322731,1.415381014347],"rotationOrigin":[-3.237868785858,3.193102121353,0.576397359371],"stepParentName":"b_Head","rotationX":-2.000013644886,"rotationY":1e-12,"rotationZ":0.0,"group":"eye-animu0","faces":{"north":{"texture":"#head","uv":[8.0,60.0,9.0,61.0],"autoUv":false},"east":{"texture":"#head","uv":[13.0,60.0,16.0,61.0],"autoUv":false},"south":{"texture":"#head","uv":[12.0,60.0,13.0,61.0],"autoUv":false},"west":{"texture":"#head","uv":[9.0,59.0,12.0,60.0],"autoUv":false},"up":{"texture":"#head","uv":[9.0,59.0,12.0,60.0],"autoUv":false,"rotation":90},"down":{"texture":"#head","uv":[12.0,61.0,9.0,60.0],"autoUv":false,"rotation":90}},"children":[]},{"name":"L eyebrow 2","from":[-3.237868785858,3.222357034683,1.319115638733],"to":[-3.13308198005,3.363871872425,2.08046489954],"rotationOrigin":[-3.237868785858,3.222357034683,1.319115638733],"stepParentName":"b_Head","rotationX":6.999985538345,"rotationY":4.4783e-08,"rotationZ":-0.99999849815,"group":"eye-animu0","faces":{"north":{"texture":"#head","uv":[8.0,60.0,9.0,61.0],"autoUv":false},"east":{"texture":"#head","uv":[13.0,60.0,16.0,61.0],"autoUv":false},"south":{"texture":"#head","uv":[12.0,60.0,13.0,61.0],"autoUv":false},"west":{"texture":"#head","uv":[9.0,59.0,12.0,60.0],"autoUv":false},"up":{"texture":"#head","uv":[9.0,59.0,12.0,60.0],"autoUv":false,"rotation":90},"down":{"texture":"#head","uv":[12.0,61.0,9.0,60.0],"autoUv":false,"rotation":90}},"children":[]},{"name":"L pupil","from":[-3.20072196424,1.931965023279,0.934486120939],"to":[-3.070285096765,2.523727744818,1.53851082921],"rotationOrigin":[-3.135503530502,2.227846384048,1.236498475075],"stepParentName":"b_Head","rotationX":-1.3660375e-05,"rotationY":1e-12,"rotationZ":0.0,"group":"eye-animu0","faces":{"north":{"texture":"#head","uv":[28.0,56.0,29.0,59.0],"autoUv":false},"east":{"texture":"#head","uv":[29.0,56.0,32.0,59.0],"autoUv":false},"south":{"texture":"#head","uv":[28.0,56.0,29.0,59.0],"autoUv":false},"west":{"texture":"#head","uv":[24.0,56.0,27.0,59.0],"autoUv":false},"up":{"texture":"#head","uv":[29.0,56.0,32.0,57.0],"autoUv":false,"rotation":90},"down":{"texture":"#head","uv":[32.0,59.0,29.0,58.0],"autoUv":false,"rotation":90}},"children":[]},{"name":"L whites","from":[-3.16201505065,1.486720204353,0.628064095974],"to":[-2.64293089509,2.471704155207,1.880097925663],"rotationOrigin":[-2.90247297287,1.979212164879,1.254081010818],"stepParentName":"b_Head","rotationX":-1.3660375e-05,"rotationY":1e-12,"rotationZ":0.0,"group":"eye-animu0","faces":{"north":{"texture":"#head","uv":[0.0,58.0,2.0,60.0],"autoUv":false},"east":{"texture":"#head","uv":[6.0,58.0,8.0,60.0],"autoUv":false},"south":{"texture":"#head","uv":[4.0,58.0,6.0,60.0],"autoUv":false},"west":{"texture":"#head","uv":[2.0,58.0,4.0,60.0],"autoUv":false},"up":{"texture":"#head","uv":[2.0,56.0,4.0,58.0],"autoUv":false,"rotation":90},"down":{"texture":"#head","uv":[4.0,62.0,2.0,60.0],"autoUv":false,"rotation":90}},"children":[]},{"name":"R eye","from":[-3.170558355749,1.48808413744,-1.638961464167],"to":[-3.061021905392,2.583448588848,-0.811405986547],"rotationOrigin":[-3.115790128708,2.035766363144,-1.225183725357],"stepParentName":"b_Head","rotationX":-1.3660375e-05,"rotationY":1e-12,"rotationZ":0.0,"group":"eye-animu0","faces":{"north":{"texture":"#head","uv":[17.0,57.0,18.0,62.0],"autoUv":false},"east":{"texture":"#head","uv":[18.0,57.0,22.0,62.0],"autoUv":false},"south":{"texture":"#head","uv":[22.0,57.0,23.0,62.0],"autoUv":false},"west":{"texture":"#head","uv":[18.0,56.0,22.0,61.0],"autoUv":false},"up":{"texture":"#head","uv":[22.0,57.0,18.0,58.0],"autoUv":false,"rotation":270},"down":{"texture":"#head","uv":[22.0,63.0,18.0,62.0],"autoUv":false,"rotation":90}},"children":[]},{"name":"R eyebrow 1","from":[-3.237868785858,3.193101644516,-1.364982545376],"to":[-3.133092410862,3.319566845894,-0.5259988904],"rotationOrigin":[-3.237868785858,3.193101644516,-0.5259988904],"stepParentName":"b_Head","rotationX":1.999986324129,"rotationY":1e-12,"rotationZ":-0.0,"group":"eye-animu0","faces":{"north":{"texture":"#head","uv":[8.0,58.0,9.0,59.0],"autoUv":false},"east":{"texture":"#head","uv":[13.0,58.0,16.0,59.0],"autoUv":false},"south":{"texture":"#head","uv":[12.0,57.0,13.0,58.0],"autoUv":false},"west":{"texture":"#head","uv":[9.0,57.0,12.0,58.0],"autoUv":false},"up":{"texture":"#head","uv":[9.0,57.0,12.0,58.0],"autoUv":false,"rotation":90},"down":{"texture":"#head","uv":[12.0,59.0,9.0,58.0],"autoUv":false,"rotation":90}},"children":[]},{"name":"R eyebrow 2","from":[-3.237868785858,3.222356557846,-2.044465124607],"to":[-3.13308198005,3.363871395588,-1.2831158638],"rotationOrigin":[-3.237868785858,3.222356557846,-1.2831158638],"stepParentName":"b_Head","rotationX":-7.000012005328,"rotationY":-4.6559e-08,"rotationZ":-0.99999849815,"group":"eye-animu0","faces":{"north":{"texture":"#head","uv":[8.0,58.0,9.0,59.0],"autoUv":false},"east":{"texture":"#head","uv":[13.0,58.0,16.0,59.0],"autoUv":false},"south":{"texture":"#head","uv":[12.0,57.0,13.0,58.0],"autoUv":false},"west":{"texture":"#head","uv":[9.0,57.0,12.0,58.0],"autoUv":false},"up":{"texture":"#head","uv":[9.0,57.0,12.0,58.0],"autoUv":false,"rotation":90},"down":{"texture":"#head","uv":[12.0,59.0,9.0,58.0],"autoUv":false,"rotation":90}},"children":[]},{"name":"R pupil","from":[-3.195395480841,1.948138296604,-1.53344398737],"to":[-3.120595920831,2.530163228512,-0.918650329113],"rotationOrigin":[-3.157995700836,2.239150762558,-1.226047158241],"stepParentName":"b_Head","rotationX":-1.3660375e-05,"rotationY":1e-12,"rotationZ":0.0,"group":"eye-animu0","faces":{"north":{"texture":"#head","uv":[20.0,56.0,21.0,59.0],"autoUv":false},"east":{"texture":"#head","uv":[21.0,56.0,24.0,59.0],"autoUv":false},"south":{"texture":"#head","uv":[20.0,56.0,21.0,59.0],"autoUv":false},"west":{"texture":"#head","uv":[16.0,56.0,19.0,59.0],"autoUv":false},"up":{"texture":"#head","uv":[21.0,56.0,24.0,57.0],"autoUv":false,"rotation":90},"down":{"texture":"#head","uv":[24.0,59.0,21.0,58.0],"autoUv":false,"rotation":90}},"children":[]},{"name":"R whites","from":[-3.16201505065,1.486719608307,-1.862622082233],"to":[-2.64293089509,2.47170355916,-0.610588252544],"rotationOrigin":[-2.90247297287,1.979211568832,-1.236605167389],"stepParentName":"b_Head","rotationX":-1.3660375e-05,"rotationY":1e-12,"rotationZ":0.0,"group":"eye-animu0","faces":{"north":{"texture":"#head","uv":[0.0,58.0,2.0,60.0],"autoUv":false},"east":{"texture":"#head","uv":[6.0,58.0,8.0,60.0],"autoUv":false},"south":{"texture":"#head","uv":[4.0,58.0,6.0,60.0],"autoUv":false},"west":{"texture":"#head","uv":[2.0,58.0,4.0,60.0],"autoUv":false},"up":{"texture":"#head","uv":[2.0,56.0,4.0,58.0],"autoUv":false,"rotation":90},"down":{"texture":"#head","uv":[4.0,62.0,2.0,60.0],"autoUv":false,"rotation":90}},"children":[]},{"name":"shine large 1","from":[-3.220701999962,2.10285563767,-1.145179867744],"to":[-3.083755984902,2.376747682691,-0.744110435247],"rotationOrigin":[-3.165923595428,2.280885457993,-1.145179867744],"stepParentName":"b_Head","rotationX":-1.3660375e-05,"rotationY":1e-12,"rotationZ":0.0,"group":"eye-animu0","faces":{"north":{"texture":"#head","uv":[2.0,61.0,3.0,62.0],"autoUv":false},"east":{"texture":"#head","uv":[6.0,61.0,7.0,62.0],"autoUv":false},"south":{"texture":"#head","uv":[5.0,61.0,6.0,62.0],"autoUv":false},"west":{"texture":"#head","uv":[3.0,61.0,5.0,62.0],"autoUv":false},"up":{"texture":"#head","uv":[3.0,60.0,5.0,61.0],"autoUv":false,"rotation":90},"down":{"texture":"#head","uv":[5.0,63.0,3.0,62.0],"autoUv":false,"rotation":90}},"children":[]},{"name":"shine large 2","from":[-3.20631314069,2.068161591887,1.291836619377],"to":[-3.080210387707,2.36646746099,1.726396769285],"rotationOrigin":[-3.28197479248,2.262060403824,1.291836619377],"stepParentName":"b_Head","rotationX":-1.3660375e-05,"rotationY":1e-12,"rotationZ":0.0,"group":"eye-animu0","faces":{"north":{"texture":"#head","uv":[0.0,60.0,1.0,61.0],"autoUv":false},"east":{"texture":"#head","uv":[3.0,60.0,4.0,61.0],"autoUv":false},"south":{"texture":"#head","uv":[2.0,60.0,3.0,61.0],"autoUv":false},"west":{"texture":"#head","uv":[1.0,60.0,2.0,61.0],"autoUv":false},"up":{"texture":"#head","uv":[1.0,59.0,2.0,60.0],"autoUv":false,"rotation":90},"down":{"texture":"#head","uv":[2.0,62.0,1.0,61.0],"autoUv":false,"rotation":90}},"children":[]},{"name":"shine small 1","from":[-3.228957816958,1.880208432674,-1.03687556088],"to":[-3.071372263134,2.037793997675,-0.830366298556],"rotationOrigin":[-3.165923595428,1.990518331528,-0.933620929718],"stepParentName":"b_Head","rotationX":-1.3660375e-05,"rotationY":1e-12,"rotationZ":0.0,"group":"eye-animu0","faces":{"north":{"texture":"#head","uv":[2.0,60.0,3.0,61.0],"autoUv":false},"east":{"texture":"#head","uv":[6.0,60.0,7.0,61.0],"autoUv":false},"south":{"texture":"#head","uv":[5.0,60.0,6.0,61.0],"autoUv":false},"west":{"texture":"#head","uv":[3.0,60.0,5.0,61.0],"autoUv":false},"up":{"texture":"#head","uv":[3.0,59.0,5.0,60.0],"autoUv":false,"rotation":90},"down":{"texture":"#head","uv":[5.0,62.0,3.0,61.0],"autoUv":false,"rotation":90}},"children":[]},{"name":"shine small 2","from":[-3.222330063581,1.853611275554,1.411966241896],"to":[-3.054131790996,2.02180955559,1.601103387773],"rotationOrigin":[-3.155050754547,1.971350073814,1.506534814835],"stepParentName":"b_Head","rotationX":-1.3660375e-05,"rotationY":1e-12,"rotationZ":0.0,"group":"eye-animu0","faces":{"north":{"texture":"#head","uv":[0.0,60.0,1.0,61.0],"autoUv":false},"east":{"texture":"#head","uv":[3.0,60.0,4.0,61.0],"autoUv":false},"south":{"texture":"#head","uv":[2.0,60.0,3.0,61.0],"autoUv":false},"west":{"texture":"#head","uv":[1.0,60.0,2.0,61.0],"autoUv":false},"up":{"texture":"#head","uv":[1.0,59.0,2.0,60.0],"autoUv":false,"rotation":90},"down":{"texture":"#head","uv":[2.0,62.0,1.0,61.0],"autoUv":false,"rotation":90}},"children":[]}],"groups":[]}