{"textureWidth":64,"textureHeight":64,"textures":{},"textureSizes":{"head":[64,64]},"elements":[{"name":"EyebrowR","from":[-3.254461288452,3.392242193222,-1.492015242577],"to":[-3.143371887505,3.526327252388,-0.602480590343],"rotationOrigin":[-3.254461288452,3.392242193222,-0.602480590343],"stepParentName":"b_Head","rotationX":8.522127772715,"rotationY":1e-12,"rotationZ":-0.0,"group":"eye-animu4","faces":{"north":{"texture":"#head","uv":[8.0,58.0,9.0,59.0],"autoUv":false},"east":{"texture":"#head","uv":[13.0,58.0,16.0,59.0],"autoUv":false},"south":{"texture":"#head","uv":[12.0,58.0,13.0,59.0],"autoUv":false},"west":{"texture":"#head","uv":[9.0,58.0,12.0,59.0],"autoUv":false},"up":{"texture":"#head","uv":[9.0,57.0,12.0,58.0],"autoUv":false,"rotation":90},"down":{"texture":"#head","uv":[12.0,60.0,9.0,59.0],"autoUv":false,"rotation":90}},"children":[]},{"name":"EyebrowR.001","from":[-3.25702881813,3.516814947128,-2.220761477947],"to":[-3.145928353071,3.666856393218,-1.4135389328],"rotationOrigin":[-3.25702881813,3.516814947128,-1.4135389328],"stepParentName":"b_Head","rotationX":-19.088688258366,"rotationY":0.184780042463,"rotationZ":-0.982780551748,"group":"eye-animu4","faces":{"north":{"texture":"#head","uv":[8.0,58.0,9.0,59.0],"autoUv":false},"east":{"texture":"#head","uv":[13.0,58.0,16.0,59.0],"autoUv":false},"south":{"texture":"#head","uv":[12.0,58.0,13.0,59.0],"autoUv":false},"west":{"texture":"#head","uv":[9.0,58.0,12.0,59.0],"autoUv":false},"up":{"texture":"#head","uv":[9.0,57.0,12.0,58.0],"autoUv":false,"rotation":90},"down":{"texture":"#head","uv":[12.0,60.0,9.0,59.0],"autoUv":false,"rotation":90}},"children":[]},{"name":"EyebrowL","from":[-3.254461288452,3.392242670059,0.603914678097],"to":[-3.143371887505,3.526327729225,1.49344933033],"rotationOrigin":[-3.254461288452,3.392242670059,0.603914678097],"stepParentName":"b_Head","rotationX":-8.522155093472,"rotationY":1e-12,"rotationZ":0.0,"group":"eye-animu4","faces":{"north":{"texture":"#head","uv":[13.0,58.0,12.0,59.0],"autoUv":false},"east":{"texture":"#head","uv":[16.0,58.0,13.0,59.0],"autoUv":false},"south":{"texture":"#head","uv":[9.0,58.0,8.0,59.0],"autoUv":false},"west":{"texture":"#head","uv":[12.0,58.0,9.0,59.0],"autoUv":false},"up":{"texture":"#head","uv":[12.0,57.0,9.0,58.0],"autoUv":false,"rotation":90},"down":{"texture":"#head","uv":[9.0,60.0,12.0,59.0],"autoUv":false,"rotation":90}},"children":[]},{"name":"EyebrowL.001","from":[-3.25702881813,3.516815423965,1.414973139763],"to":[-3.145928353071,3.666856870055,2.22219568491],"rotationOrigin":[-3.25702881813,3.516815423965,1.414973139763],"stepParentName":"b_Head","rotationX":19.088660937609,"rotationY":-0.184780055803,"rotationZ":-0.982780445026,"group":"eye-animu4","faces":{"north":{"texture":"#head","uv":[13.0,58.0,12.0,59.0],"autoUv":false},"east":{"texture":"#head","uv":[16.0,58.0,13.0,59.0],"autoUv":false},"south":{"texture":"#head","uv":[9.0,58.0,8.0,59.0],"autoUv":false},"west":{"texture":"#head","uv":[12.0,58.0,9.0,59.0],"autoUv":false},"up":{"texture":"#head","uv":[12.0,57.0,9.0,58.0],"autoUv":false,"rotation":90},"down":{"texture":"#head","uv":[9.0,60.0,12.0,59.0],"autoUv":false,"rotation":90}},"children":[]},{"name":"EyelidR.011","from":[-3.187599420547,2.09043097496,-1.379942774773],"to":[-3.066727347672,2.385342001915,-0.566301941872],"rotationOrigin":[-3.187599420547,2.09043097496,-0.566301941872],"stepParentName":"b_Head","rotationX":40.325795444687,"rotationY":0.371285454744,"rotationZ":-0.266297202949,"group":"EyeAnimu4R","faces":{"north":{"texture":"#head","uv":[8.0,59.0,9.0,60.0],"autoUv":false},"east":{"texture":"#head","uv":[13.0,59.0,16.0,60.0],"autoUv":false},"south":{"texture":"#head","uv":[12.0,59.0,13.0,60.0],"autoUv":false},"west":{"texture":"#head","uv":[9.0,59.0,12.0,60.0],"autoUv":false},"up":{"texture":"#head","uv":[9.0,58.0,12.0,59.0],"autoUv":false,"rotation":90},"down":{"texture":"#head","uv":[12.0,61.0,9.0,60.0],"autoUv":false,"rotation":90}},"children":[]},{"name":"EyeR","from":[-3.182154923677,1.536181092262,-1.430161729455],"to":[-3.035719126463,2.613563537598,-1.071287855506],"rotationOrigin":[-3.10893702507,2.122043371201,-1.25072479248],"stepParentName":"b_Head","rotationX":-1.3660375e-05,"rotationY":1e-12,"rotationZ":0.0,"group":"EyeAnimu4R","faces":{"north":{"texture":"#head","uv":[18.0,57.0,19.0,62.0],"autoUv":false},"east":{"texture":"#head","uv":[19.0,57.0,23.0,62.0],"autoUv":false},"south":{"texture":"#head","uv":[23.0,57.0,24.0,62.0],"autoUv":false},"west":{"texture":"#head","uv":[19.0,56.0,21.0,61.0],"autoUv":false},"up":{"texture":"#head","uv":[23.0,57.0,19.0,58.0],"autoUv":false,"rotation":270},"down":{"texture":"#head","uv":[23.0,63.0,19.0,62.0],"autoUv":false,"rotation":90}},"children":[]},{"name":"EyePupilR","from":[-3.190900143236,1.68779155612,-1.31802944839],"to":[-3.090902987868,2.435987263918,-1.134752705693],"rotationOrigin":[-3.140901565552,2.061889410019,-1.226391077042],"stepParentName":"b_Head","rotationX":-1.3660375e-05,"rotationY":1e-12,"rotationZ":0.0,"group":"EyeAnimu4R","faces":{"north":{"texture":"#head","uv":[20.0,56.0,21.0,59.0],"autoUv":false},"east":{"texture":"#head","uv":[21.0,56.0,24.0,59.0],"autoUv":false},"south":{"texture":"#head","uv":[20.0,56.0,21.0,59.0],"autoUv":false},"west":{"texture":"#head","uv":[17.0,56.0,18.0,59.0],"autoUv":false},"up":{"texture":"#head","uv":[21.0,56.0,24.0,57.0],"autoUv":false,"rotation":90},"down":{"texture":"#head","uv":[24.0,59.0,21.0,58.0],"autoUv":false,"rotation":90}},"children":[]},{"name":"EyeWhiteR","from":[-3.16517406702,1.454614579678,-2.089811623096],"to":[-2.614813745022,2.49231159687,-0.667152822018],"rotationOrigin":[-2.889993906021,1.948463082314,-1.378482222557],"stepParentName":"b_Head","rotationX":3.837865365384,"rotationY":1e-12,"rotationZ":-0.0,"group":"EyeAnimu4R","faces":{"north":{"texture":"#head","uv":[0.0,58.0,2.0,60.0],"autoUv":false},"east":{"texture":"#head","uv":[6.0,58.0,8.0,60.0],"autoUv":false},"south":{"texture":"#head","uv":[4.0,58.0,6.0,60.0],"autoUv":false},"west":{"texture":"#head","uv":[2.0,58.0,4.0,60.0],"autoUv":false},"up":{"texture":"#head","uv":[2.0,56.0,4.0,58.0],"autoUv":false,"rotation":90},"down":{"texture":"#head","uv":[4.0,62.0,2.0,60.0],"autoUv":false,"rotation":90}},"children":[]},{"name":"EyeShineR","from":[-3.23490947485,2.063124135137,-1.722375094891],"to":[-3.003284797072,2.224773354828,-1.282048523426],"rotationOrigin":[-3.142259597778,2.176278591156,-1.502211809158],"stepParentName":"b_Head","rotationX":-1.3660375e-05,"rotationY":1e-12,"rotationZ":0.0,"group":"EyeAnimu4R","faces":{"north":{"texture":"#head","uv":[2.0,60.0,3.0,61.0],"autoUv":false},"east":{"texture":"#head","uv":[6.0,60.0,7.0,61.0],"autoUv":false},"south":{"texture":"#head","uv":[5.0,60.0,6.0,61.0],"autoUv":false},"west":{"texture":"#head","uv":[3.0,60.0,5.0,61.0],"autoUv":false},"up":{"texture":"#head","uv":[3.0,59.0,5.0,60.0],"autoUv":false,"rotation":90},"down":{"texture":"#head","uv":[5.0,62.0,3.0,61.0],"autoUv":false,"rotation":90}},"children":[]},{"name":"EyelidR.012","from":[-3.175287246704,2.106231212616,-2.718777298927],"to":[-3.059150971472,2.257356509566,-2.139570474625],"rotationOrigin":[-3.175287246704,2.106231212616,-2.139570474625],"stepParentName":"b_Head","rotationX":-101.270688899213,"rotationY":0.0,"rotationZ":1e-12,"group":"EyeAnimu4R","faces":{"north":{"texture":"#head","uv":[8.0,59.0,9.0,60.0],"autoUv":false},"east":{"texture":"#head","uv":[13.0,59.0,16.0,60.0],"autoUv":false},"south":{"texture":"#head","uv":[12.0,59.0,13.0,60.0],"autoUv":false},"west":{"texture":"#head","uv":[9.0,59.0,12.0,60.0],"autoUv":false},"up":{"texture":"#head","uv":[9.0,58.0,12.0,59.0],"autoUv":false,"rotation":90},"down":{"texture":"#head","uv":[12.0,61.0,9.0,60.0],"autoUv":false,"rotation":90}},"children":[]},{"name":"EyelidR.013","from":[-3.180947542191,2.353255748749,-2.613071799278],"to":[-3.064811266959,2.568118646741,-2.025663852692],"rotationOrigin":[-3.180947542191,2.353255748749,-2.025663852692],"stepParentName":"b_Head","rotationX":-81.552253784277,"rotationY":1.316172864028,"rotationZ":-0.135701651481,"group":"EyeAnimu4R","faces":{"north":{"texture":"#head","uv":[8.0,59.0,9.0,60.0],"autoUv":false},"east":{"texture":"#head","uv":[13.0,59.0,16.0,60.0],"autoUv":false},"south":{"texture":"#head","uv":[12.0,59.0,13.0,60.0],"autoUv":false},"west":{"texture":"#head","uv":[9.0,59.0,12.0,60.0],"autoUv":false},"up":{"texture":"#head","uv":[9.0,58.0,12.0,59.0],"autoUv":false,"rotation":90},"down":{"texture":"#head","uv":[12.0,61.0,9.0,60.0],"autoUv":false,"rotation":90}},"children":[]},{"name":"EyelidR.014","from":[-3.200926303864,2.752753973007,-2.525037527084],"to":[-3.080054245889,3.025361269712,-1.414700865746],"rotationOrigin":[-3.200926303864,2.752753973007,-1.414700865746],"stepParentName":"b_Head","rotationX":-41.819779797317,"rotationY":0.49065864522,"rotationZ":-0.968569489406,"group":"EyeAnimu4R","faces":{"north":{"texture":"#head","uv":[8.0,59.0,9.0,60.0],"autoUv":false},"east":{"texture":"#head","uv":[13.0,59.0,16.0,60.0],"autoUv":false},"south":{"texture":"#head","uv":[12.0,59.0,13.0,60.0],"autoUv":false},"west":{"texture":"#head","uv":[9.0,59.0,12.0,60.0],"autoUv":false},"up":{"texture":"#head","uv":[9.0,58.0,12.0,59.0],"autoUv":false,"rotation":90},"down":{"texture":"#head","uv":[12.0,61.0,9.0,60.0],"autoUv":false,"rotation":90}},"children":[]},{"name":"EyeWhiteR.001","from":[-3.16517406702,2.493445277214,-1.799035042524],"to":[-2.614813745022,2.730362504721,-0.947343409061],"rotationOrigin":[-2.889993906021,2.611903905869,-1.373189210892],"stepParentName":"b_Head","rotationX":3.837865365384,"rotationY":1e-12,"rotationZ":-0.0,"group":"EyeAnimu4R","faces":{"north":{"texture":"#head","uv":[0.0,58.0,2.0,60.0],"autoUv":false},"east":{"texture":"#head","uv":[6.0,58.0,8.0,60.0],"autoUv":false},"south":{"texture":"#head","uv":[4.0,58.0,6.0,60.0],"autoUv":false},"west":{"texture":"#head","uv":[2.0,58.0,4.0,60.0],"autoUv":false},"up":{"texture":"#head","uv":[2.0,56.0,4.0,58.0],"autoUv":false,"rotation":90},"down":{"texture":"#head","uv":[4.0,62.0,2.0,60.0],"autoUv":false,"rotation":90}},"children":[]},{"name":"EyelidR.015","from":[-3.191732406616,2.552242040634,-1.647227823734],"to":[-3.070860348642,2.847153037786,-1.04850757122],"rotationOrigin":[-3.191732406616,2.552242040634,-1.04850757122],"stepParentName":"b_Head","rotationX":9.732866741785,"rotationY":0.455130989365,"rotationZ":-0.04027224276,"group":"EyeAnimu4R","faces":{"north":{"texture":"#head","uv":[8.0,59.0,9.0,60.0],"autoUv":false},"east":{"texture":"#head","uv":[13.0,59.0,16.0,60.0],"autoUv":false},"south":{"texture":"#head","uv":[12.0,59.0,13.0,60.0],"autoUv":false},"west":{"texture":"#head","uv":[9.0,59.0,12.0,60.0],"autoUv":false},"up":{"texture":"#head","uv":[9.0,58.0,12.0,59.0],"autoUv":false,"rotation":90},"down":{"texture":"#head","uv":[12.0,61.0,9.0,60.0],"autoUv":false,"rotation":90}},"children":[]},{"name":"EyeL","from":[-3.190900143236,1.687792032957,1.110739901662],"to":[-3.090902987868,2.435987740755,1.294016644359],"rotationOrigin":[-3.140901565552,2.061889886856,1.20237827301],"stepParentName":"b_Head","rotationX":-1.3660375e-05,"rotationY":1e-12,"rotationZ":0.0,"group":"EyeAnimu4L","faces":{"north":{"texture":"#head","uv":[21.0,56.0,20.0,59.0],"autoUv":false},"east":{"texture":"#head","uv":[24.0,56.0,21.0,59.0],"autoUv":false},"south":{"texture":"#head","uv":[21.0,56.0,20.0,59.0],"autoUv":false},"west":{"texture":"#head","uv":[18.0,56.0,17.0,59.0],"autoUv":false},"up":{"texture":"#head","uv":[24.0,56.0,21.0,57.0],"autoUv":false,"rotation":90},"down":{"texture":"#head","uv":[21.0,59.0,24.0,58.0],"autoUv":false,"rotation":90}},"children":[]},{"name":"EyelidL.015","from":[-3.187599420547,2.090431451797,0.567736744881],"to":[-3.066727347672,2.385342419147,1.381377577782],"rotationOrigin":[-3.187599420547,2.090431451797,0.567736744881],"stepParentName":"b_Head","rotationX":-40.325833010727,"rotationY":-0.371285454744,"rotationZ":-0.266297309671,"group":"EyeAnimu4L","faces":{"north":{"texture":"#head","uv":[13.0,59.0,12.0,60.0],"autoUv":false},"east":{"texture":"#head","uv":[16.0,59.0,13.0,60.0],"autoUv":false},"south":{"texture":"#head","uv":[9.0,59.0,8.0,60.0],"autoUv":false},"west":{"texture":"#head","uv":[12.0,59.0,9.0,60.0],"autoUv":false},"up":{"texture":"#head","uv":[12.0,58.0,9.0,59.0],"autoUv":false,"rotation":90},"down":{"texture":"#head","uv":[9.0,61.0,12.0,60.0],"autoUv":false,"rotation":90}},"children":[]},{"name":"EyelidL.016","from":[-3.175287246704,2.10623216629,2.141005516052],"to":[-3.059150971472,2.257357463241,2.720212340355],"rotationOrigin":[-3.175287246704,2.10623216629,2.141005516052],"stepParentName":"b_Head","rotationX":101.270668408645,"rotationY":0.0,"rotationZ":-1e-12,"group":"EyeAnimu4L","faces":{"north":{"texture":"#head","uv":[13.0,59.0,12.0,60.0],"autoUv":false},"east":{"texture":"#head","uv":[16.0,59.0,13.0,60.0],"autoUv":false},"south":{"texture":"#head","uv":[9.0,59.0,8.0,60.0],"autoUv":false},"west":{"texture":"#head","uv":[12.0,59.0,9.0,60.0],"autoUv":false},"up":{"texture":"#head","uv":[12.0,58.0,9.0,59.0],"autoUv":false,"rotation":90},"down":{"texture":"#head","uv":[9.0,61.0,12.0,60.0],"autoUv":false,"rotation":90}},"children":[]},{"name":"EyelidL.017","from":[-3.180947542191,2.353256702423,2.027098655701],"to":[-3.064811266959,2.568119600415,2.614506602287],"rotationOrigin":[-3.180947542191,2.353256702423,2.027098655701],"stepParentName":"b_Head","rotationX":81.55223329371,"rotationY":-1.316172757306,"rotationZ":-0.135702958822,"group":"EyeAnimu4L","faces":{"north":{"texture":"#head","uv":[13.0,59.0,12.0,60.0],"autoUv":false},"east":{"texture":"#head","uv":[16.0,59.0,13.0,60.0],"autoUv":false},"south":{"texture":"#head","uv":[9.0,59.0,8.0,60.0],"autoUv":false},"west":{"texture":"#head","uv":[12.0,59.0,9.0,60.0],"autoUv":false},"up":{"texture":"#head","uv":[12.0,58.0,9.0,59.0],"autoUv":false,"rotation":90},"down":{"texture":"#head","uv":[9.0,61.0,12.0,60.0],"autoUv":false,"rotation":90}},"children":[]},{"name":"EyelidL.018","from":[-3.200926303864,2.752754449844,1.416135311127],"to":[-3.080054245889,3.025361776352,2.526471972466],"rotationOrigin":[-3.200926303864,2.752754449844,1.416135311127],"stepParentName":"b_Head","rotationX":41.81975247656,"rotationY":-0.490658431776,"rotationZ":-0.968569702849,"group":"EyeAnimu4L","faces":{"north":{"texture":"#head","uv":[13.0,59.0,12.0,60.0],"autoUv":false},"east":{"texture":"#head","uv":[16.0,59.0,13.0,60.0],"autoUv":false},"south":{"texture":"#head","uv":[9.0,59.0,8.0,60.0],"autoUv":false},"west":{"texture":"#head","uv":[12.0,59.0,9.0,60.0],"autoUv":false},"up":{"texture":"#head","uv":[12.0,58.0,9.0,59.0],"autoUv":false,"rotation":90},"down":{"texture":"#head","uv":[9.0,61.0,12.0,60.0],"autoUv":false,"rotation":90}},"children":[]},{"name":"EyelidL.019","from":[-3.191732406616,2.552242517471,1.049942135811],"to":[-3.070860348642,2.847153514624,1.648662388325],"rotationOrigin":[-3.191732406616,2.552242517471,1.049942135811],"stepParentName":"b_Head","rotationX":-9.732896623863,"rotationY":-0.455131256169,"rotationZ":-0.040272279445,"group":"EyeAnimu4L","faces":{"north":{"texture":"#head","uv":[13.0,59.0,12.0,60.0],"autoUv":false},"east":{"texture":"#head","uv":[16.0,59.0,13.0,60.0],"autoUv":false},"south":{"texture":"#head","uv":[9.0,59.0,8.0,60.0],"autoUv":false},"west":{"texture":"#head","uv":[12.0,59.0,9.0,60.0],"autoUv":false},"up":{"texture":"#head","uv":[12.0,58.0,9.0,59.0],"autoUv":false,"rotation":90},"down":{"texture":"#head","uv":[9.0,61.0,12.0,60.0],"autoUv":false,"rotation":90}},"children":[]},{"name":"EyePupilL","from":[-3.182154923677,1.536181569099,1.047275051475],"to":[-3.035719126463,2.613564014435,1.406148925424],"rotationOrigin":[-3.10893702507,2.122043848038,1.226711988449],"stepParentName":"b_Head","rotationX":-1.3660375e-05,"rotationY":1e-12,"rotationZ":0.0,"group":"EyeAnimu4L","faces":{"north":{"texture":"#head","uv":[24.0,57.0,23.0,62.0],"autoUv":false},"east":{"texture":"#head","uv":[23.0,57.0,19.0,62.0],"autoUv":false},"south":{"texture":"#head","uv":[19.0,57.0,18.0,62.0],"autoUv":false},"west":{"texture":"#head","uv":[21.0,56.0,19.0,61.0],"autoUv":false},"up":{"texture":"#head","uv":[19.0,57.0,23.0,58.0],"autoUv":false,"rotation":270},"down":{"texture":"#head","uv":[19.0,63.0,23.0,62.0],"autoUv":false,"rotation":90}},"children":[]},{"name":"EyeShineL","from":[-3.23490947485,2.063124850392,0.766415864229],"to":[-3.003284797072,2.224774070084,1.181150406599],"rotationOrigin":[-3.142259597778,2.176279306412,0.973783135414],"stepParentName":"b_Head","rotationX":-1.3660375e-05,"rotationY":1e-12,"rotationZ":0.0,"group":"EyeAnimu4L","faces":{"north":{"texture":"#head","uv":[6.0,60.0,5.0,61.0],"autoUv":false},"east":{"texture":"#head","uv":[7.0,60.0,6.0,61.0],"autoUv":false},"south":{"texture":"#head","uv":[3.0,60.0,2.0,61.0],"autoUv":false},"west":{"texture":"#head","uv":[5.0,60.0,3.0,61.0],"autoUv":false},"up":{"texture":"#head","uv":[5.0,59.0,3.0,60.0],"autoUv":false,"rotation":90},"down":{"texture":"#head","uv":[3.0,62.0,5.0,61.0],"autoUv":false,"rotation":90}},"children":[]},{"name":"EyeWhiteL","from":[-3.16517406702,1.454503178596,0.668587625027],"to":[-2.614813745022,2.492312312126,2.0945931077],"rotationOrigin":[-2.889993906021,1.948463797569,1.379917025566],"stepParentName":"b_Head","rotationX":-3.837892259253,"rotationY":1e-12,"rotationZ":0.0,"group":"EyeAnimu4L","faces":{"north":{"texture":"#head","uv":[6.0,58.0,4.0,60.0],"autoUv":false},"east":{"texture":"#head","uv":[8.0,58.0,6.0,60.0],"autoUv":false},"south":{"texture":"#head","uv":[2.0,58.0,0.0,60.0],"autoUv":false},"west":{"texture":"#head","uv":[4.0,58.0,2.0,60.0],"autoUv":false},"up":{"texture":"#head","uv":[4.0,56.0,2.0,58.0],"autoUv":false,"rotation":90},"down":{"texture":"#head","uv":[2.0,62.0,4.0,60.0],"autoUv":false,"rotation":90}},"children":[]},{"name":"EyeWhiteL.001","from":[-3.16517406702,2.493445754051,0.948777973652],"to":[-2.614813745022,2.730362981558,1.800469607115],"rotationOrigin":[-2.889993906021,2.611904382706,1.374623775482],"stepParentName":"b_Head","rotationX":-3.837892259253,"rotationY":1e-12,"rotationZ":0.0,"group":"EyeAnimu4L","faces":{"north":{"texture":"#head","uv":[6.0,58.0,4.0,60.0],"autoUv":false},"east":{"texture":"#head","uv":[8.0,58.0,6.0,60.0],"autoUv":false},"south":{"texture":"#head","uv":[2.0,58.0,0.0,60.0],"autoUv":false},"west":{"texture":"#head","uv":[4.0,58.0,2.0,60.0],"autoUv":false},"up":{"texture":"#head","uv":[4.0,56.0,2.0,58.0],"autoUv":false,"rotation":90},"down":{"texture":"#head","uv":[2.0,62.0,4.0,60.0],"autoUv":false,"rotation":90}},"children":[]}],"groups":[]}