{"textureWidth":64,"textureHeight":64,"textures":{},"textureSizes":{"head":[64,64]},"elements":[{"name":"EyelidL.006","from":[-3.24036192894,2.187341451645,-1.400169789791],"to":[-3.126358829439,2.505609810352,-0.554413974285],"rotationOrigin":[-3.24036192894,2.187341451645,-0.554413974285],"stepParentName":"b_Head","rotationX":22.193960339979,"rotationY":1e-12,"rotationZ":-0.0,"group":"eye-animu3","faces":{"north":{"texture":"#head","uv":[8.0,59.0,9.0,60.0],"autoUv":false},"east":{"texture":"#head","uv":[13.0,59.0,16.0,60.0],"autoUv":false},"south":{"texture":"#head","uv":[12.0,59.0,13.0,60.0],"autoUv":false},"west":{"texture":"#head","uv":[9.0,59.0,12.0,60.0],"autoUv":false},"up":{"texture":"#head","uv":[9.0,58.0,12.0,59.0],"autoUv":false,"rotation":90},"down":{"texture":"#head","uv":[12.0,61.0,9.0,60.0],"autoUv":false,"rotation":90}},"children":[]},{"name":"L eye2.003","from":[-3.171414755285,1.488084614277,0.896821171045],"to":[-3.061878304929,2.495255172253,1.692631572485],"rotationOrigin":[-3.116646528244,2.035766839981,1.294726371765],"stepParentName":"b_Head","rotationX":-1.3660375e-05,"rotationY":1e-12,"rotationZ":0.0,"group":"eye-animu3","faces":{"north":{"texture":"#head","uv":[26.0,57.0,27.0,62.0],"autoUv":false},"east":{"texture":"#head","uv":[27.0,57.0,31.0,62.0],"autoUv":false},"south":{"texture":"#head","uv":[31.0,57.0,32.0,62.0],"autoUv":false},"west":{"texture":"#head","uv":[27.0,56.0,31.0,61.0],"autoUv":false},"up":{"texture":"#head","uv":[31.0,57.0,27.0,58.0],"autoUv":false,"rotation":270},"down":{"texture":"#head","uv":[31.0,63.0,27.0,62.0],"autoUv":false,"rotation":90}},"children":[]},{"name":"L eyebrow 1.003","from":[-3.237868785858,3.082861185074,0.638203501701],"to":[-3.133092410862,3.209326386452,1.477187156677],"rotationOrigin":[-3.237868785858,3.082861185074,0.638203501701],"stepParentName":"b_Head","rotationX":-2.000013644886,"rotationY":1e-12,"rotationZ":0.0,"group":"eye-animu3","faces":{"north":{"texture":"#head","uv":[8.0,60.0,9.0,61.0],"autoUv":false},"east":{"texture":"#head","uv":[13.0,60.0,16.0,61.0],"autoUv":false},"south":{"texture":"#head","uv":[12.0,60.0,13.0,61.0],"autoUv":false},"west":{"texture":"#head","uv":[9.0,60.0,12.0,61.0],"autoUv":false},"up":{"texture":"#head","uv":[9.0,59.0,12.0,60.0],"autoUv":false,"rotation":90},"down":{"texture":"#head","uv":[12.0,62.0,9.0,61.0],"autoUv":false,"rotation":90}},"children":[]},{"name":"L eyebrow 2.003","from":[-3.237868785858,3.112116098404,1.380921721458],"to":[-3.13308198005,3.253630936146,2.142270982265],"rotationOrigin":[-3.237868785858,3.112116098404,1.380921721458],"stepParentName":"b_Head","rotationX":6.999985538345,"rotationY":4.4783e-08,"rotationZ":-0.99999849815,"group":"eye-animu3","faces":{"north":{"texture":"#head","uv":[8.0,60.0,9.0,61.0],"autoUv":false},"east":{"texture":"#head","uv":[13.0,60.0,16.0,61.0],"autoUv":false},"south":{"texture":"#head","uv":[12.0,60.0,13.0,61.0],"autoUv":false},"west":{"texture":"#head","uv":[9.0,60.0,12.0,61.0],"autoUv":false},"up":{"texture":"#head","uv":[9.0,59.0,12.0,60.0],"autoUv":false,"rotation":90},"down":{"texture":"#head","uv":[12.0,62.0,9.0,61.0],"autoUv":false,"rotation":90}},"children":[]},{"name":"L pupil.003","from":[-3.188664421439,1.677577108145,1.02120423317],"to":[-3.058227553964,2.32323589921,1.512789487839],"rotationOrigin":[-3.123445987701,2.000406503677,1.266996860504],"stepParentName":"b_Head","rotationX":-1.3660375e-05,"rotationY":1e-12,"rotationZ":0.0,"group":"eye-animu3","faces":{"north":{"texture":"#head","uv":[28.0,56.0,29.0,59.0],"autoUv":false},"east":{"texture":"#head","uv":[29.0,56.0,32.0,59.0],"autoUv":false},"south":{"texture":"#head","uv":[28.0,56.0,29.0,59.0],"autoUv":false},"west":{"texture":"#head","uv":[24.0,56.0,27.0,59.0],"autoUv":false},"up":{"texture":"#head","uv":[29.0,56.0,32.0,57.0],"autoUv":false,"rotation":90},"down":{"texture":"#head","uv":[32.0,59.0,29.0,58.0],"autoUv":false,"rotation":90}},"children":[]},{"name":"L whites.003","from":[-3.16201505065,1.486720204353,0.658562481403],"to":[-2.64293089509,2.471704155207,1.910596311092],"rotationOrigin":[-2.90247297287,1.979212164879,1.284579396248],"stepParentName":"b_Head","rotationX":-1.3660375e-05,"rotationY":1e-12,"rotationZ":0.0,"group":"eye-animu3","faces":{"north":{"texture":"#head","uv":[0.0,58.0,2.0,60.0],"autoUv":false},"east":{"texture":"#head","uv":[6.0,58.0,8.0,60.0],"autoUv":false},"south":{"texture":"#head","uv":[4.0,58.0,6.0,60.0],"autoUv":false},"west":{"texture":"#head","uv":[2.0,58.0,4.0,60.0],"autoUv":false},"up":{"texture":"#head","uv":[2.0,56.0,4.0,58.0],"autoUv":false,"rotation":90},"down":{"texture":"#head","uv":[4.0,62.0,2.0,60.0],"autoUv":false,"rotation":90}},"children":[]},{"name":"R eye.003","from":[-3.170558355749,1.48808413744,-1.681882292032],"to":[-3.061021905392,2.495254695415,-0.854326814413],"rotationOrigin":[-3.115790128708,2.035766363144,-1.268104553223],"stepParentName":"b_Head","rotationX":-1.3660375e-05,"rotationY":1e-12,"rotationZ":0.0,"group":"eye-animu3","faces":{"north":{"texture":"#head","uv":[18.0,57.0,19.0,62.0],"autoUv":false},"east":{"texture":"#head","uv":[19.0,57.0,23.0,62.0],"autoUv":false},"south":{"texture":"#head","uv":[23.0,57.0,24.0,62.0],"autoUv":false},"west":{"texture":"#head","uv":[19.0,56.0,23.0,61.0],"autoUv":false},"up":{"texture":"#head","uv":[23.0,57.0,19.0,58.0],"autoUv":false,"rotation":270},"down":{"texture":"#head","uv":[23.0,63.0,19.0,62.0],"autoUv":false,"rotation":90}},"children":[]},{"name":"R eyebrow 1.003","from":[-3.237868785858,3.082860708237,-1.407903313637],"to":[-3.133092410862,3.209325909615,-0.568919658661],"rotationOrigin":[-3.237868785858,3.082860708237,-0.568919658661],"stepParentName":"b_Head","rotationX":1.999986324129,"rotationY":1e-12,"rotationZ":-0.0,"group":"eye-animu3","faces":{"north":{"texture":"#head","uv":[8.0,58.0,9.0,59.0],"autoUv":false},"east":{"texture":"#head","uv":[13.0,58.0,16.0,59.0],"autoUv":false},"south":{"texture":"#head","uv":[12.0,58.0,13.0,59.0],"autoUv":false},"west":{"texture":"#head","uv":[9.0,58.0,12.0,59.0],"autoUv":false},"up":{"texture":"#head","uv":[9.0,57.0,12.0,58.0],"autoUv":false,"rotation":90},"down":{"texture":"#head","uv":[12.0,60.0,9.0,59.0],"autoUv":false,"rotation":90}},"children":[]},{"name":"R eyebrow 2.003","from":[-3.237868785858,3.112115621567,-2.087385952473],"to":[-3.13308198005,3.253630459309,-1.326036691666],"rotationOrigin":[-3.237868785858,3.112115621567,-1.326036691666],"stepParentName":"b_Head","rotationX":-7.000012005328,"rotationY":-4.6559e-08,"rotationZ":-0.99999849815,"group":"eye-animu3","faces":{"north":{"texture":"#head","uv":[8.0,58.0,9.0,59.0],"autoUv":false},"east":{"texture":"#head","uv":[13.0,58.0,16.0,59.0],"autoUv":false},"south":{"texture":"#head","uv":[12.0,58.0,13.0,59.0],"autoUv":false},"west":{"texture":"#head","uv":[9.0,58.0,12.0,59.0],"autoUv":false},"up":{"texture":"#head","uv":[9.0,57.0,12.0,58.0],"autoUv":false,"rotation":90},"down":{"texture":"#head","uv":[12.0,60.0,9.0,59.0],"autoUv":false,"rotation":90}},"children":[]},{"name":"R pupil.003","from":[-3.18333793804,1.695223778486,-1.493624001741],"to":[-3.10853837803,2.330257922411,-0.9932744205],"rotationOrigin":[-3.145938158035,2.012740850449,-1.243449211121],"stepParentName":"b_Head","rotationX":-1.3660375e-05,"rotationY":1e-12,"rotationZ":0.0,"group":"eye-animu3","faces":{"north":{"texture":"#head","uv":[20.0,56.0,21.0,59.0],"autoUv":false},"east":{"texture":"#head","uv":[21.0,56.0,24.0,59.0],"autoUv":false},"south":{"texture":"#head","uv":[20.0,56.0,21.0,59.0],"autoUv":false},"west":{"texture":"#head","uv":[16.0,56.0,19.0,59.0],"autoUv":false},"up":{"texture":"#head","uv":[21.0,56.0,24.0,57.0],"autoUv":false,"rotation":90},"down":{"texture":"#head","uv":[24.0,59.0,21.0,58.0],"autoUv":false,"rotation":90}},"children":[]},{"name":"R whites.003","from":[-3.16201505065,1.486719489098,-1.905542910099],"to":[-2.64293089509,2.471703439951,-0.65350908041],"rotationOrigin":[-2.90247297287,1.979211449623,-1.279525995255],"stepParentName":"b_Head","rotationX":-1.3660375e-05,"rotationY":1e-12,"rotationZ":0.0,"group":"eye-animu3","faces":{"north":{"texture":"#head","uv":[0.0,58.0,2.0,60.0],"autoUv":false},"east":{"texture":"#head","uv":[6.0,58.0,8.0,60.0],"autoUv":false},"south":{"texture":"#head","uv":[4.0,58.0,6.0,60.0],"autoUv":false},"west":{"texture":"#head","uv":[2.0,58.0,4.0,60.0],"autoUv":false},"up":{"texture":"#head","uv":[2.0,56.0,4.0,58.0],"autoUv":false,"rotation":90},"down":{"texture":"#head","uv":[4.0,62.0,2.0,60.0],"autoUv":false,"rotation":90}},"children":[]},{"name":"shine small 1.003","from":[-3.216900274158,1.987485349178,-1.079796388745],"to":[-3.059314720333,2.145070914179,-0.873287126422],"rotationOrigin":[-3.153866052628,2.097795248032,-0.976541757584],"stepParentName":"b_Head","rotationX":-1.3660375e-05,"rotationY":1e-12,"rotationZ":0.0,"group":"eye-animu3","faces":{"north":{"texture":"#head","uv":[2.0,60.0,3.0,61.0],"autoUv":false},"east":{"texture":"#head","uv":[6.0,60.0,7.0,61.0],"autoUv":false},"south":{"texture":"#head","uv":[5.0,60.0,6.0,61.0],"autoUv":false},"west":{"texture":"#head","uv":[3.0,60.0,5.0,61.0],"autoUv":false},"up":{"texture":"#head","uv":[3.0,59.0,5.0,60.0],"autoUv":false,"rotation":90},"down":{"texture":"#head","uv":[5.0,62.0,3.0,61.0],"autoUv":false,"rotation":90}},"children":[]},{"name":"shine small 2.003","from":[-3.210272520781,2.022762700915,1.442464627326],"to":[-3.042074248195,2.190960980952,1.631601773202],"rotationOrigin":[-3.142993211746,2.140501499176,1.537033200264],"stepParentName":"b_Head","rotationX":-1.3660375e-05,"rotationY":1e-12,"rotationZ":0.0,"group":"eye-animu3","faces":{"north":{"texture":"#head","uv":[0.0,60.0,1.0,61.0],"autoUv":false},"east":{"texture":"#head","uv":[3.0,60.0,4.0,61.0],"autoUv":false},"south":{"texture":"#head","uv":[2.0,60.0,3.0,61.0],"autoUv":false},"west":{"texture":"#head","uv":[1.0,60.0,2.0,61.0],"autoUv":false},"up":{"texture":"#head","uv":[1.0,59.0,2.0,60.0],"autoUv":false,"rotation":90},"down":{"texture":"#head","uv":[2.0,62.0,1.0,61.0],"autoUv":false,"rotation":90}},"children":[]},{"name":"EyelidR.008","from":[-3.195336103439,2.120987415314,1.940147519112],"to":[-3.085799656808,2.263524517417,2.486438989639],"rotationOrigin":[-3.195336103439,2.120987415314,1.940147519112],"stepParentName":"b_Head","rotationX":101.270682069024,"rotationY":0.0,"rotationZ":-1e-12,"group":"eye-animu3","faces":{"north":{"texture":"#head","uv":[13.0,59.0,12.0,60.0],"autoUv":false},"east":{"texture":"#head","uv":[16.0,59.0,13.0,60.0],"autoUv":false},"south":{"texture":"#head","uv":[9.0,59.0,8.0,60.0],"autoUv":false},"west":{"texture":"#head","uv":[12.0,59.0,9.0,60.0],"autoUv":false},"up":{"texture":"#head","uv":[12.0,58.0,9.0,59.0],"autoUv":false,"rotation":90},"down":{"texture":"#head","uv":[9.0,61.0,12.0,60.0],"autoUv":false,"rotation":90}},"children":[]},{"name":"EyelidR.009","from":[-3.208822011948,2.516014575958,1.820877432823],"to":[-3.099285565317,2.738273888826,2.374903976917],"rotationOrigin":[-3.208822011948,2.516014575958,1.820877432823],"stepParentName":"b_Head","rotationX":82.77929726867,"rotationY":-1e-12,"rotationZ":-1e-12,"group":"eye-animu3","faces":{"north":{"texture":"#head","uv":[13.0,59.0,12.0,60.0],"autoUv":false},"east":{"texture":"#head","uv":[16.0,59.0,13.0,60.0],"autoUv":false},"south":{"texture":"#head","uv":[9.0,59.0,8.0,60.0],"autoUv":false},"west":{"texture":"#head","uv":[12.0,59.0,9.0,60.0],"autoUv":false},"up":{"texture":"#head","uv":[12.0,58.0,9.0,59.0],"autoUv":false,"rotation":90},"down":{"texture":"#head","uv":[9.0,61.0,12.0,60.0],"autoUv":false,"rotation":90}},"children":[]},{"name":"EyelidL.008","from":[-3.195336103439,2.120986461639,-2.486358523369],"to":[-3.085799656808,2.263523563743,-1.940067052841],"rotationOrigin":[-3.195336103439,2.120986461639,-1.940067052841],"stepParentName":"b_Head","rotationX":-101.270688899213,"rotationY":0.0,"rotationZ":1e-12,"group":"eye-animu3","faces":{"north":{"texture":"#head","uv":[8.0,59.0,9.0,60.0],"autoUv":false},"east":{"texture":"#head","uv":[13.0,59.0,16.0,60.0],"autoUv":false},"south":{"texture":"#head","uv":[12.0,59.0,13.0,60.0],"autoUv":false},"west":{"texture":"#head","uv":[9.0,59.0,12.0,60.0],"autoUv":false},"up":{"texture":"#head","uv":[9.0,58.0,12.0,59.0],"autoUv":false,"rotation":90},"down":{"texture":"#head","uv":[12.0,61.0,9.0,60.0],"autoUv":false,"rotation":90}},"children":[]},{"name":"EyelidL.009","from":[-3.208822011948,2.516013622284,-2.374823749065],"to":[-3.099285565317,2.738272935152,-1.820797204971],"rotationOrigin":[-3.208822011948,2.516013622284,-1.820797204971],"stepParentName":"b_Head","rotationX":-82.779310929048,"rotationY":-1e-12,"rotationZ":1e-12,"group":"eye-animu3","faces":{"north":{"texture":"#head","uv":[8.0,59.0,9.0,60.0],"autoUv":false},"east":{"texture":"#head","uv":[13.0,59.0,16.0,60.0],"autoUv":false},"south":{"texture":"#head","uv":[12.0,59.0,13.0,60.0],"autoUv":false},"west":{"texture":"#head","uv":[9.0,59.0,12.0,60.0],"autoUv":false},"up":{"texture":"#head","uv":[9.0,58.0,12.0,59.0],"autoUv":false,"rotation":90},"down":{"texture":"#head","uv":[12.0,61.0,9.0,60.0],"autoUv":false,"rotation":90}},"children":[]},{"name":"EyelidL.010","from":[-3.239322662354,2.490104436874,-2.148963630199],"to":[-3.125319562852,2.80979591608,-1.151533961296],"rotationOrigin":[-3.239322662354,2.490104436874,-1.151533961296],"stepParentName":"b_Head","rotationX":-11.922488785908,"rotationY":1e-12,"rotationZ":0.0,"group":"eye-animu3","faces":{"north":{"texture":"#head","uv":[8.0,59.0,9.0,60.0],"autoUv":false},"east":{"texture":"#head","uv":[13.0,59.0,16.0,60.0],"autoUv":false},"south":{"texture":"#head","uv":[12.0,59.0,13.0,60.0],"autoUv":false},"west":{"texture":"#head","uv":[9.0,59.0,12.0,60.0],"autoUv":false},"up":{"texture":"#head","uv":[9.0,58.0,12.0,59.0],"autoUv":false,"rotation":90},"down":{"texture":"#head","uv":[12.0,61.0,9.0,60.0],"autoUv":false,"rotation":90}},"children":[]},{"name":"EyelidL.011","from":[-3.24036192894,2.187341928482,0.554412901402],"to":[-3.126358829439,2.505610287189,1.400168716908],"rotationOrigin":[-3.24036192894,2.187341928482,0.554412901402],"stepParentName":"b_Head","rotationX":-22.193999613567,"rotationY":1e-12,"rotationZ":0.0,"group":"eye-animu3","faces":{"north":{"texture":"#head","uv":[13.0,59.0,12.0,60.0],"autoUv":false},"east":{"texture":"#head","uv":[16.0,59.0,13.0,60.0],"autoUv":false},"south":{"texture":"#head","uv":[9.0,59.0,8.0,60.0],"autoUv":false},"west":{"texture":"#head","uv":[12.0,59.0,9.0,60.0],"autoUv":false},"up":{"texture":"#head","uv":[12.0,58.0,9.0,59.0],"autoUv":false,"rotation":90},"down":{"texture":"#head","uv":[9.0,61.0,12.0,60.0],"autoUv":false,"rotation":90}},"children":[]},{"name":"EyelidL.012","from":[-3.239322662354,2.490104913712,1.151532769203],"to":[-3.125319562852,2.809796392918,2.148962438107],"rotationOrigin":[-3.239322662354,2.490104913712,1.151532769203],"stepParentName":"b_Head","rotationX":11.922463172699,"rotationY":1e-12,"rotationZ":-0.0,"group":"eye-animu3","faces":{"north":{"texture":"#head","uv":[13.0,59.0,12.0,60.0],"autoUv":false},"east":{"texture":"#head","uv":[16.0,59.0,13.0,60.0],"autoUv":false},"south":{"texture":"#head","uv":[9.0,59.0,8.0,60.0],"autoUv":false},"west":{"texture":"#head","uv":[12.0,59.0,9.0,60.0],"autoUv":false},"up":{"texture":"#head","uv":[12.0,58.0,9.0,59.0],"autoUv":false,"rotation":90},"down":{"texture":"#head","uv":[9.0,61.0,12.0,60.0],"autoUv":false,"rotation":90}},"children":[]}],"groups":[]}