{"textureWidth":64,"textureHeight":64,"textures":{},"textureSizes":{"head":[64,64]},"elements":[{"name":"EarsWolf0R.005","from":[0.104115486145,-3.413275718689,-0.729021251202],"to":[1.361704647541,3.492116689682,0.22197380662],"rotationOrigin":[0.785743534565,0.041044235229,-0.171709537506],"stepParentName":"b_EarR","rotationX":-19.864437238634,"rotationY":52.069393892269,"rotationZ":4.916505914585,"group":"EarsWolf0R","faces":{"north":{"texture":"#head","uv":[24.0,32.0,21.0,42.0],"autoUv":false},"east":{"texture":"#head","uv":[11.0,36.0,9.0,48.0],"autoUv":false},"south":{"texture":"#head","uv":[6.0,36.0,9.0,48.0],"autoUv":false},"west":{"texture":"#head","uv":[6.0,36.0,4.0,48.0],"autoUv":false},"up":{"texture":"#head","uv":[9.0,34.0,6.0,36.0],"autoUv":false,"rotation":180},"down":{"texture":"#head","uv":[6.0,50.0,9.0,48.0],"autoUv":false,"rotation":180}},"children":[]},{"name":"EarsWolf0R.006","from":[-3.034779429436,0.520667016506,-0.067401766777],"to":[3.077723145485,1.688862681389,0.916236788034],"rotationOrigin":[0.025370955467,1.07347869873,0.454995512962],"stepParentName":"b_EarR","rotationX":-20.809868608453,"rotationY":52.781977283093,"rotationZ":72.484105321386,"group":"EarsWolf0R","faces":{"north":{"texture":"#head","uv":[24.0,32.0,21.0,42.0],"autoUv":false,"rotation":270},"east":{"texture":"#head","uv":[9.0,33.0,6.0,35.0],"autoUv":false,"rotation":270},"south":{"texture":"#head","uv":[9.0,35.0,6.0,47.0],"autoUv":false,"rotation":90},"west":{"texture":"#head","uv":[9.0,47.0,6.0,49.0],"autoUv":false,"rotation":270},"up":{"texture":"#head","uv":[6.0,35.0,4.0,47.0],"autoUv":false,"rotation":90},"down":{"texture":"#head","uv":[9.0,47.0,11.0,35.0],"autoUv":false,"rotation":90}},"children":[]},{"name":"EarsWolf0R.007","from":[0.597929209471,-3.695415258408,-1.638860464096],"to":[1.2172498703,3.393329381943,-0.766452357173],"rotationOrigin":[0.842972099781,-0.244342803955,-0.552273035049],"stepParentName":"b_EarR","rotationX":-3.598245680713,"rotationY":52.127334386999,"rotationZ":-7.171503968122,"group":"EarsWolf0R","faces":{"north":{"texture":"#head","uv":[11.0,36.0,10.0,48.0],"autoUv":false},"east":{"texture":"#head","uv":[10.0,36.0,8.0,48.0],"autoUv":false},"south":{"texture":"#head","uv":[13.0,36.0,14.0,48.0],"autoUv":false},"west":{"texture":"#head","uv":[13.0,36.0,11.0,48.0],"autoUv":false},"up":{"texture":"#head","uv":[13.0,35.0,11.0,36.0],"autoUv":false,"rotation":180},"down":{"texture":"#head","uv":[11.0,49.0,13.0,48.0],"autoUv":false,"rotation":180}},"children":[]},{"name":"EarsWolf0R","from":[0.419858396053,2.76963365078,-1.856190383434],"to":[1.081929028034,4.126264572144,-0.981926120818],"rotationOrigin":[0.689425289631,3.344131469727,-1.064589977264],"stepParentName":"b_EarR","rotationX":-3.598247815148,"rotationY":52.127313896431,"rotationZ":51.450315791183,"group":"EarsWolf0R","faces":{"north":{"texture":"#head","uv":[8.0,36.0,12.0,37.0],"autoUv":false,"rotation":90},"east":{"texture":"#head","uv":[12.0,34.0,8.0,36.0],"autoUv":false},"south":{"texture":"#head","uv":[12.0,36.0,8.0,37.0],"autoUv":false,"rotation":90},"west":{"texture":"#head","uv":[12.0,34.0,8.0,36.0],"autoUv":false,"rotation":180},"up":{"texture":"#head","uv":[8.0,36.0,4.0,37.0],"autoUv":false,"rotation":90},"down":{"texture":"#head","uv":[4.0,37.0,8.0,36.0],"autoUv":false,"rotation":90}},"children":[]},{"name":"EarsWolf0R.009","from":[-0.787517338991,-0.649610757828,0.096193909645],"to":[-0.168196737766,4.9137403965,0.965298235416],"rotationOrigin":[-0.542474508286,1.276067733765,1.246561050415],"stepParentName":"b_EarR","rotationX":-3.598243546279,"rotationY":52.127313896431,"rotationZ":-38.886999020551,"group":"EarsWolf0R","faces":{"north":{"texture":"#head","uv":[12.0,35.0,11.0,47.0],"autoUv":false},"east":{"texture":"#head","uv":[11.0,35.0,9.0,47.0],"autoUv":false},"south":{"texture":"#head","uv":[14.0,35.0,15.0,47.0],"autoUv":false},"west":{"texture":"#head","uv":[14.0,35.0,12.0,47.0],"autoUv":false},"up":{"texture":"#head","uv":[14.0,34.0,12.0,35.0],"autoUv":false,"rotation":180},"down":{"texture":"#head","uv":[12.0,48.0,14.0,47.0],"autoUv":false,"rotation":180}},"children":[]},{"name":"EarsWolf0RFluff.002","from":[-0.666296988726,3.924927890301,-4.465345621109],"to":[0.044707268476,5.437919318676,-2.14003867983],"rotationOrigin":[-0.310794860125,4.56452703476,-2.140038728714],"stepParentName":"b_Head","rotationX":47.824557681606,"rotationY":31.276102152932,"rotationZ":25.88105525585,"group":"EarsWolf0R","faces":{"north":{"texture":"head","uv":[57.0,57.0,63.0,63.0],"autoUv":false,"rotation":180,"enabled":false},"east":{"texture":"#head","uv":[22.0,37.0,19.0,43.0],"autoUv":false,"rotation":270},"south":{"texture":"#head","uv":[17.0,34.0,18.0,37.0],"autoUv":false,"rotation":180},"west":{"texture":"#head","uv":[27.0,37.0,30.0,43.0],"autoUv":false,"rotation":90},"up":{"texture":"#head","uv":[19.0,36.0,20.0,42.0],"autoUv":false,"rotation":180},"down":{"texture":"#head","uv":[20.0,43.0,21.0,36.0],"autoUv":false}},"children":[]},{"name":"EarsWolf0RFluff.003","from":[-0.625658065081,4.886252492666,-4.62812256813],"to":[-0.001112908125,5.846893846989,-2.496231272702],"rotationOrigin":[-0.313385486603,5.292352199554,-2.49623131752],"stepParentName":"b_Head","rotationX":53.7124061424,"rotationY":17.254227513348,"rotationZ":22.404733147576,"group":"EarsWolf0R","faces":{"north":{"texture":"head","uv":[57.0,57.0,63.0,63.0],"autoUv":false,"rotation":180,"enabled":false},"east":{"texture":"#head","uv":[21.0,36.0,19.0,42.0],"autoUv":false,"rotation":270},"south":{"texture":"#head","uv":[17.0,34.0,18.0,37.0],"autoUv":false,"rotation":180},"west":{"texture":"#head","uv":[28.0,37.0,30.0,43.0],"autoUv":false,"rotation":90},"up":{"texture":"#head","uv":[19.0,36.0,20.0,42.0],"autoUv":false,"rotation":180},"down":{"texture":"#head","uv":[20.0,43.0,21.0,36.0],"autoUv":false}},"children":[]},{"name":"EarsWolf0L.005","from":[0.104115486145,-3.413275718689,-0.22197380662],"to":[1.361704647541,3.492116689682,0.729021251202],"rotationOrigin":[0.785743534565,0.041044235229,0.171709537506],"stepParentName":"b_EarL","rotationX":19.86444577637,"rotationY":-52.069400722459,"rotationZ":4.916509756566,"group":"EarsWolf0L","faces":{"north":{"texture":"#head","uv":[9.0,36.0,6.0,48.0],"autoUv":false},"east":{"texture":"#head","uv":[9.0,36.0,11.0,48.0],"autoUv":false},"south":{"texture":"#head","uv":[21.0,32.0,24.0,42.0],"autoUv":false},"west":{"texture":"#head","uv":[4.0,36.0,6.0,48.0],"autoUv":false},"up":{"texture":"#head","uv":[6.0,34.0,9.0,36.0],"autoUv":false},"down":{"texture":"#head","uv":[9.0,50.0,6.0,48.0],"autoUv":false}},"children":[]},{"name":"EarsWolf0L.006","from":[-3.034779429436,0.520667016506,-0.916236788034],"to":[3.077723145485,1.688862681389,0.067401766777],"rotationOrigin":[0.025370955467,1.07347869873,-0.454995512962],"stepParentName":"b_EarL","rotationX":20.80988909902,"rotationY":-52.781980698188,"rotationZ":72.484132642142,"group":"EarsWolf0L","faces":{"north":{"texture":"#head","uv":[6.0,35.0,9.0,47.0],"autoUv":false,"rotation":270},"east":{"texture":"#head","uv":[6.0,33.0,9.0,35.0],"autoUv":false,"rotation":90},"south":{"texture":"#head","uv":[21.0,32.0,24.0,42.0],"autoUv":false,"rotation":90},"west":{"texture":"#head","uv":[6.0,47.0,9.0,49.0],"autoUv":false,"rotation":90},"up":{"texture":"#head","uv":[4.0,35.0,6.0,47.0],"autoUv":false,"rotation":90},"down":{"texture":"#head","uv":[11.0,47.0,9.0,35.0],"autoUv":false,"rotation":90}},"children":[]},{"name":"EarsWolf0L.007","from":[0.597929209471,-3.695415258408,0.766452357173],"to":[1.2172498703,3.393329381943,1.638860464096],"rotationOrigin":[0.842972099781,-0.244342803955,0.552273035049],"stepParentName":"b_EarL","rotationX":3.598243973166,"rotationY":-52.127334386999,"rotationZ":-7.171506529443,"group":"EarsWolf0L","faces":{"north":{"texture":"#head","uv":[14.0,36.0,13.0,48.0],"autoUv":false},"east":{"texture":"#head","uv":[8.0,36.0,10.0,48.0],"autoUv":false},"south":{"texture":"#head","uv":[10.0,36.0,11.0,48.0],"autoUv":false},"west":{"texture":"#head","uv":[11.0,36.0,13.0,48.0],"autoUv":false},"up":{"texture":"#head","uv":[11.0,35.0,13.0,36.0],"autoUv":false},"down":{"texture":"#head","uv":[13.0,49.0,11.0,48.0],"autoUv":false}},"children":[]},{"name":"EarsWolf0L","from":[0.419858396053,2.76963365078,0.981926120818],"to":[1.081929028034,4.126264572144,1.856190383434],"rotationOrigin":[0.689425289631,3.344131469727,1.064589977264],"stepParentName":"b_EarL","rotationX":3.598245680713,"rotationY":-52.127313896431,"rotationZ":51.450315791183,"group":"EarsWolf0L","faces":{"north":{"texture":"#head","uv":[8.0,36.0,12.0,37.0],"autoUv":false,"rotation":270},"east":{"texture":"#head","uv":[8.0,34.0,12.0,36.0],"autoUv":false},"south":{"texture":"#head","uv":[12.0,36.0,8.0,37.0],"autoUv":false,"rotation":270},"west":{"texture":"#head","uv":[8.0,34.0,12.0,36.0],"autoUv":false,"rotation":180},"up":{"texture":"#head","uv":[4.0,36.0,8.0,37.0],"autoUv":false,"rotation":90},"down":{"texture":"#head","uv":[8.0,37.0,4.0,36.0],"autoUv":false,"rotation":90}},"children":[]},{"name":"EarsWolf0L.009","from":[-0.787517338991,-0.649610757828,-0.965298235416],"to":[-0.168196737766,4.9137403965,-0.096193909645],"rotationOrigin":[-0.542474508286,1.276067733765,-1.246561050415],"stepParentName":"b_EarL","rotationX":3.598242265619,"rotationY":-52.127330971904,"rotationZ":-38.887016096024,"group":"EarsWolf0L","faces":{"north":{"texture":"#head","uv":[15.0,35.0,14.0,47.0],"autoUv":false},"east":{"texture":"#head","uv":[9.0,35.0,11.0,47.0],"autoUv":false},"south":{"texture":"#head","uv":[11.0,35.0,12.0,47.0],"autoUv":false},"west":{"texture":"#head","uv":[12.0,35.0,14.0,47.0],"autoUv":false},"up":{"texture":"#head","uv":[12.0,34.0,14.0,35.0],"autoUv":false},"down":{"texture":"#head","uv":[14.0,48.0,12.0,47.0],"autoUv":false}},"children":[]},{"name":"EarsWolf0LFluff.002","from":[-0.313291698694,-0.696901619434,-0.115178157099],"to":[0.397712558508,0.816089808941,2.21012878418],"rotationOrigin":[0.042210429907,-0.057302474976,-0.115178108215],"stepParentName":"b_EarL","rotationX":-47.824571341984,"rotationY":-31.276112398216,"rotationZ":25.881053548303,"group":"EarsWolf0L","faces":{"north":{"texture":"#head","uv":[18.0,34.0,17.0,37.0],"autoUv":false,"rotation":180},"east":{"texture":"#head","uv":[19.0,37.0,22.0,43.0],"autoUv":false,"rotation":90},"south":{"texture":"head","uv":[63.0,57.0,57.0,63.0],"autoUv":false,"rotation":180,"enabled":false},"west":{"texture":"#head","uv":[29.0,37.0,26.0,43.0],"autoUv":false,"rotation":270},"up":{"texture":"#head","uv":[21.0,36.0,20.0,42.0],"autoUv":false},"down":{"texture":"#head","uv":[22.0,43.0,21.0,36.0],"autoUv":false,"rotation":180}},"children":[]},{"name":"EarsWolf0LFluff","from":[-0.272652775049,0.264422982931,0.241014435773],"to":[0.351892381907,1.225064337254,2.372905731201],"rotationOrigin":[0.039619803429,0.670522689819,0.241014480591],"stepParentName":"b_EarL","rotationX":-53.712419802778,"rotationY":-17.254232635989,"rotationZ":22.404736562671,"group":"EarsWolf0L","faces":{"north":{"texture":"#head","uv":[18.0,34.0,17.0,37.0],"autoUv":false,"rotation":180},"east":{"texture":"#head","uv":[18.0,36.0,20.0,42.0],"autoUv":false,"rotation":90},"south":{"texture":"head","uv":[63.0,57.0,57.0,63.0],"autoUv":false,"rotation":180,"enabled":false},"west":{"texture":"#head","uv":[29.0,37.0,27.0,43.0],"autoUv":false,"rotation":270},"up":{"texture":"#head","uv":[20.0,36.0,19.0,42.0],"autoUv":false},"down":{"texture":"#head","uv":[21.0,43.0,20.0,36.0],"autoUv":false,"rotation":180}},"children":[]}],"groups":[]}