{"textureWidth":64,"textureHeight":64,"textures":{},"textureSizes":{"head":[64,64]},"elements":[{"name":"EarsFox0L","from":[0.150967001915,-2.257365703583,-0.252265393734],"to":[1.498073220253,3.490652561188,0.555217295885],"rotationOrigin":[0.881114304066,0.740533828735,0.139640331268],"stepParentName":"b_EarL","rotationX":25.913003465693,"rotationY":-56.965328130848,"rotationZ":10.486163182704,"group":"EarsFox0L","faces":{"north":{"texture":"#head","uv":[9.0,36.0,6.0,49.0],"autoUv":false},"east":{"texture":"#head","uv":[9.0,36.0,11.0,49.0],"autoUv":false},"south":{"texture":"#head","uv":[21.0,32.0,24.0,42.0],"autoUv":false},"west":{"texture":"#head","uv":[4.0,36.0,6.0,49.0],"autoUv":false},"up":{"texture":"#head","uv":[6.0,34.0,9.0,36.0],"autoUv":false},"down":{"texture":"#head","uv":[9.0,51.0,6.0,49.0],"autoUv":false}},"children":[]},{"name":"EarsFox0L.001","from":[-2.974763214588,0.896309673786,-1.130586951971],"to":[3.432362258434,1.976085960865,-0.227431774139],"rotationOrigin":[0.300432622433,1.406742095947,-0.635709762573],"stepParentName":"b_EarL","rotationX":31.384288934291,"rotationY":-50.191624625271,"rotationZ":83.760877414671,"group":"EarsFox0L","faces":{"north":{"texture":"#head","uv":[6.0,35.0,9.0,47.0],"autoUv":false,"rotation":270},"east":{"texture":"#head","uv":[6.0,33.0,9.0,35.0],"autoUv":false,"rotation":90},"south":{"texture":"#head","uv":[21.0,32.0,24.0,42.0],"autoUv":false,"rotation":90},"west":{"texture":"#head","uv":[6.0,47.0,9.0,49.0],"autoUv":false,"rotation":90},"up":{"texture":"#head","uv":[4.0,35.0,6.0,47.0],"autoUv":false,"rotation":90},"down":{"texture":"#head","uv":[11.0,47.0,9.0,35.0],"autoUv":false,"rotation":90}},"children":[]},{"name":"EarsFox0L.002","from":[0.669826775789,1.72610072434,0.95016515255],"to":[1.140782341361,4.895081043243,1.907127916813],"rotationOrigin":[0.924197494984,1.726100921631,1.445370197296],"stepParentName":"b_EarL","rotationX":6.042760139377,"rotationY":-50.835332388504,"rotationZ":9.536168392747,"group":"EarsFox0L","faces":{"north":{"texture":"#head","uv":[14.0,34.0,13.0,40.0],"autoUv":false},"east":{"texture":"#head","uv":[8.0,34.0,10.0,40.0],"autoUv":false},"south":{"texture":"#head","uv":[10.0,34.0,11.0,40.0],"autoUv":false},"west":{"texture":"#head","uv":[11.0,34.0,13.0,40.0],"autoUv":false},"up":{"texture":"#head","uv":[11.0,33.0,13.0,34.0],"autoUv":false},"down":{"texture":"#head","uv":[13.0,41.0,11.0,40.0],"autoUv":false}},"children":[]},{"name":"EarsFox0L.003","from":[-2.100634753704,-0.398000848069,-1.358676403761],"to":[-1.440619558096,5.488398551941,-0.658379554749],"rotationOrigin":[-1.821857571602,-0.398000717163,-0.865338563919],"stepParentName":"b_EarL","rotationX":-3.485751397866,"rotationY":-50.446175530354,"rotationZ":-35.349746502239,"group":"EarsFox0L","faces":{"north":{"texture":"#head","uv":[14.0,34.0,13.0,46.0],"autoUv":false},"east":{"texture":"#head","uv":[8.0,34.0,10.0,46.0],"autoUv":false},"south":{"texture":"#head","uv":[10.0,34.0,11.0,46.0],"autoUv":false},"west":{"texture":"#head","uv":[11.0,34.0,13.0,46.0],"autoUv":false},"up":{"texture":"#head","uv":[11.0,33.0,13.0,34.0],"autoUv":false},"down":{"texture":"#head","uv":[13.0,47.0,11.0,46.0],"autoUv":false}},"children":[]},{"name":"EarsFox0LFluff","from":[0.177739202976,-0.271360218525,-0.494885372954],"to":[0.911312639713,1.168248713017,1.765647292137],"rotationOrigin":[0.544525921345,0.337217330933,-0.494885325432],"stepParentName":"b_EarL","rotationX":-6.066600060902,"rotationY":-42.595962494597,"rotationZ":54.386597039899,"group":"EarsFox0L","faces":{"north":{"texture":"#head","uv":[18.0,34.0,17.0,37.0],"autoUv":false,"rotation":180},"east":{"texture":"#head","uv":[19.0,37.0,22.0,43.0],"autoUv":false,"rotation":90},"south":{"texture":"head","uv":[63.0,57.0,57.0,63.0],"autoUv":false,"rotation":180,"enabled":false},"west":{"texture":"#head","uv":[29.0,37.0,26.0,43.0],"autoUv":false,"rotation":270},"up":{"texture":"#head","uv":[21.0,36.0,20.0,42.0],"autoUv":false},"down":{"texture":"#head","uv":[22.0,43.0,21.0,36.0],"autoUv":false,"rotation":180}},"children":[]},{"name":"EarsFox0LFluff.001","from":[0.083181411028,0.267345041037,-0.377267171734],"to":[0.728987067938,1.449475169182,1.975690126419],"rotationOrigin":[0.406084239483,0.76707649231,-0.377267122269],"stepParentName":"b_EarL","rotationX":-19.57270278371,"rotationY":-23.942917361872,"rotationZ":69.138057118699,"group":"EarsFox0L","faces":{"north":{"texture":"#head","uv":[18.0,34.0,17.0,37.0],"autoUv":false,"rotation":180},"east":{"texture":"#head","uv":[18.0,36.0,20.0,42.0],"autoUv":false,"rotation":90},"south":{"texture":"head","uv":[63.0,57.0,57.0,63.0],"autoUv":false,"rotation":180,"enabled":false},"west":{"texture":"#head","uv":[29.0,37.0,27.0,43.0],"autoUv":false,"rotation":270},"up":{"texture":"#head","uv":[19.0,35.0,18.0,41.0],"autoUv":false},"down":{"texture":"#head","uv":[21.0,42.0,20.0,35.0],"autoUv":false,"rotation":180}},"children":[]},{"name":"EarsFox0L.004","from":[-1.923964560032,0.171011343291,-2.456987082958],"to":[-1.298076868057,6.077004909515,-1.492477327585],"rotationOrigin":[-1.559329390526,0.171012878418,-1.903799295425],"stepParentName":"b_EarL","rotationX":5.337364668881,"rotationY":-53.74667661656,"rotationZ":-37.514185638891,"group":"EarsFox0L","faces":{"north":{"texture":"#head","uv":[14.0,34.0,13.0,46.0],"autoUv":false},"east":{"texture":"#head","uv":[8.0,34.0,10.0,46.0],"autoUv":false},"south":{"texture":"#head","uv":[10.0,34.0,11.0,46.0],"autoUv":false},"west":{"texture":"#head","uv":[11.0,34.0,13.0,46.0],"autoUv":false},"up":{"texture":"#head","uv":[11.0,33.0,13.0,34.0],"autoUv":false},"down":{"texture":"#head","uv":[13.0,47.0,11.0,46.0],"autoUv":false}},"children":[]},{"name":"EarsFox0L.005","from":[0.271602332592,-2.076525092125,0.086187183857],"to":[0.736926600337,1.962662935257,1.043149739504],"rotationOrigin":[0.499758303165,-1.144313812256,0.581391096115],"stepParentName":"b_EarL","rotationX":7.166255821519,"rotationY":-50.021942235721,"rotationZ":-11.585757898506,"group":"EarsFox0L","faces":{"north":{"texture":"#head","uv":[14.0,40.0,13.0,47.0],"autoUv":false},"east":{"texture":"#head","uv":[8.0,40.0,10.0,47.0],"autoUv":false},"south":{"texture":"#head","uv":[10.0,40.0,11.0,47.0],"autoUv":false},"west":{"texture":"#head","uv":[11.0,40.0,13.0,47.0],"autoUv":false},"up":{"texture":"#head","uv":[11.0,39.0,13.0,40.0],"autoUv":false},"down":{"texture":"#head","uv":[13.0,48.0,11.0,47.0],"autoUv":false}},"children":[]},{"name":"EarsFox0R","from":[0.150967001915,-2.257365703583,-0.555217295885],"to":[1.498073220253,3.490652561188,0.252265393734],"rotationOrigin":[0.881114304066,0.740533828735,-0.139640331268],"stepParentName":"b_EarR","rotationX":-25.912988097767,"rotationY":56.965321300659,"rotationZ":10.486148668552,"group":"EarsFox0R","faces":{"north":{"texture":"#head","uv":[24.0,32.0,21.0,42.0],"autoUv":false},"east":{"texture":"#head","uv":[11.0,36.0,9.0,49.0],"autoUv":false},"south":{"texture":"#head","uv":[6.0,36.0,9.0,49.0],"autoUv":false},"west":{"texture":"#head","uv":[6.0,36.0,4.0,49.0],"autoUv":false},"up":{"texture":"#head","uv":[9.0,34.0,6.0,36.0],"autoUv":false,"rotation":180},"down":{"texture":"#head","uv":[6.0,51.0,9.0,49.0],"autoUv":false,"rotation":180}},"children":[]},{"name":"EarsFox0R.001","from":[-2.974763214588,0.896309673786,0.227431774139],"to":[3.432362258434,1.976085960865,1.130586951971],"rotationOrigin":[0.300432622433,1.406742095947,0.635709762573],"stepParentName":"b_EarR","rotationX":-31.384299179575,"rotationY":50.191621210177,"rotationZ":83.76088424486,"group":"EarsFox0R","faces":{"north":{"texture":"#head","uv":[24.0,32.0,21.0,42.0],"autoUv":false,"rotation":270},"east":{"texture":"#head","uv":[9.0,33.0,6.0,35.0],"autoUv":false,"rotation":270},"south":{"texture":"#head","uv":[9.0,35.0,6.0,47.0],"autoUv":false,"rotation":90},"west":{"texture":"#head","uv":[9.0,47.0,6.0,49.0],"autoUv":false,"rotation":270},"up":{"texture":"#head","uv":[6.0,35.0,4.0,47.0],"autoUv":false,"rotation":90},"down":{"texture":"#head","uv":[9.0,47.0,11.0,35.0],"autoUv":false,"rotation":90}},"children":[]},{"name":"EarsFox0R.002","from":[0.669826775789,1.72610072434,-1.907127916813],"to":[1.140782341361,4.895081043243,-0.95016515255],"rotationOrigin":[0.924197494984,1.726100921631,-1.445370197296],"stepParentName":"b_EarR","rotationX":-6.042755870509,"rotationY":50.835311897937,"rotationZ":9.536161562557,"group":"EarsFox0R","faces":{"north":{"texture":"#head","uv":[11.0,34.0,10.0,40.0],"autoUv":false},"east":{"texture":"#head","uv":[10.0,34.0,8.0,40.0],"autoUv":false},"south":{"texture":"#head","uv":[13.0,34.0,14.0,40.0],"autoUv":false},"west":{"texture":"#head","uv":[13.0,34.0,11.0,40.0],"autoUv":false},"up":{"texture":"#head","uv":[13.0,33.0,11.0,34.0],"autoUv":false,"rotation":180},"down":{"texture":"#head","uv":[11.0,41.0,13.0,40.0],"autoUv":false,"rotation":180}},"children":[]},{"name":"EarsFox0R.003","from":[-2.100634872913,-0.398000848069,0.658379554749],"to":[-1.440619677305,5.488398551941,1.358676403761],"rotationOrigin":[-1.821857690811,-0.398000717163,0.865338563919],"stepParentName":"b_EarR","rotationX":3.485745848338,"rotationY":50.446189190732,"rotationZ":-35.349753332428,"group":"EarsFox0R","faces":{"north":{"texture":"#head","uv":[11.0,34.0,10.0,46.0],"autoUv":false},"east":{"texture":"#head","uv":[10.0,34.0,8.0,46.0],"autoUv":false},"south":{"texture":"#head","uv":[13.0,34.0,14.0,46.0],"autoUv":false},"west":{"texture":"#head","uv":[13.0,34.0,11.0,46.0],"autoUv":false},"up":{"texture":"#head","uv":[13.0,33.0,11.0,34.0],"autoUv":false,"rotation":180},"down":{"texture":"#head","uv":[11.0,47.0,13.0,46.0],"autoUv":false,"rotation":180}},"children":[]},{"name":"EarsFox0RFluff","from":[0.177739202976,-0.271360218525,-1.765647292137],"to":[0.911312639713,1.168248713017,0.494885372954],"rotationOrigin":[0.544525921345,0.337217330933,0.494885325432],"stepParentName":"b_EarR","rotationX":6.066599634015,"rotationY":42.595952249313,"rotationZ":54.38658337952,"group":"EarsFox0R","faces":{"north":{"texture":"head","uv":[57.0,57.0,63.0,63.0],"autoUv":false,"rotation":180,"enabled":false},"east":{"texture":"#head","uv":[22.0,37.0,19.0,43.0],"autoUv":false,"rotation":270},"south":{"texture":"#head","uv":[17.0,34.0,18.0,37.0],"autoUv":false,"rotation":180},"west":{"texture":"#head","uv":[26.0,37.0,29.0,43.0],"autoUv":false,"rotation":90},"up":{"texture":"#head","uv":[20.0,36.0,21.0,42.0],"autoUv":false,"rotation":180},"down":{"texture":"#head","uv":[21.0,43.0,22.0,36.0],"autoUv":false}},"children":[]},{"name":"EarsFox0RFluff.001","from":[0.083181411028,0.267345041037,-1.975690126419],"to":[0.728987067938,1.449475169182,0.377267171734],"rotationOrigin":[0.406084239483,0.76707649231,0.377267122269],"stepParentName":"b_EarR","rotationX":19.572689123332,"rotationY":23.942908824136,"rotationZ":69.13804345832,"group":"EarsFox0R","faces":{"north":{"texture":"head","uv":[57.0,57.0,63.0,63.0],"autoUv":false,"rotation":180,"enabled":false},"east":{"texture":"#head","uv":[20.0,36.0,18.0,42.0],"autoUv":false,"rotation":270},"south":{"texture":"#head","uv":[17.0,34.0,18.0,37.0],"autoUv":false,"rotation":180},"west":{"texture":"#head","uv":[27.0,37.0,29.0,43.0],"autoUv":false,"rotation":90},"up":{"texture":"#head","uv":[18.0,35.0,19.0,41.0],"autoUv":false,"rotation":180},"down":{"texture":"#head","uv":[20.0,42.0,21.0,35.0],"autoUv":false}},"children":[]},{"name":"EarsFox0R.004","from":[-1.923964679241,0.171011343291,1.492477327585],"to":[-1.298076987267,6.077004909515,2.456987082958],"rotationOrigin":[-1.559329509735,0.171012878418,1.903799295425],"stepParentName":"b_EarR","rotationX":-5.337364668881,"rotationY":53.74667661656,"rotationZ":-37.514185638891,"group":"EarsFox0R","faces":{"north":{"texture":"#head","uv":[11.0,34.0,10.0,46.0],"autoUv":false},"east":{"texture":"#head","uv":[10.0,34.0,8.0,46.0],"autoUv":false},"south":{"texture":"#head","uv":[13.0,34.0,14.0,46.0],"autoUv":false},"west":{"texture":"#head","uv":[13.0,34.0,11.0,46.0],"autoUv":false},"up":{"texture":"#head","uv":[13.0,33.0,11.0,34.0],"autoUv":false,"rotation":180},"down":{"texture":"#head","uv":[11.0,47.0,13.0,46.0],"autoUv":false,"rotation":180}},"children":[]},{"name":"EarsFox0R.005","from":[0.271602332592,-2.076525092125,-1.043149739504],"to":[0.736926600337,1.962662935257,-0.086187183857],"rotationOrigin":[0.499758303165,-1.144313812256,-0.581391096115],"stepParentName":"b_EarR","rotationX":-7.166253260198,"rotationY":50.021955896099,"rotationZ":-11.585762167374,"group":"EarsFox0R","faces":{"north":{"texture":"#head","uv":[11.0,40.0,10.0,47.0],"autoUv":false},"east":{"texture":"#head","uv":[10.0,40.0,8.0,47.0],"autoUv":false},"south":{"texture":"#head","uv":[13.0,40.0,14.0,47.0],"autoUv":false},"west":{"texture":"#head","uv":[13.0,40.0,11.0,47.0],"autoUv":false},"up":{"texture":"#head","uv":[13.0,39.0,11.0,40.0],"autoUv":false,"rotation":180},"down":{"texture":"#head","uv":[11.0,48.0,13.0,47.0],"autoUv":false,"rotation":180}},"children":[]}],"groups":[]}