{"textureWidth":64,"textureHeight":64,"textures":{},"textureSizes":{"head":[64,64]},"elements":[{"name":"EarsCat0L.002","from":[0.105173230171,-2.805364131927,-0.267232358456],"to":[1.452279448509,3.187616348267,0.539394438267],"rotationOrigin":[0.835320532322,0.192535400391,0.124673366547],"stepParentName":"b_EarL","rotationX":43.54912905365,"rotationY":-57.143865860657,"rotationZ":10.091076012807,"group":"EarsCat0L","faces":{"north":{"texture":"#head","uv":[9.0,37.0,6.0,49.0],"autoUv":false},"east":{"texture":"#head","uv":[9.0,37.0,11.0,49.0],"autoUv":false},"south":{"texture":"#head","uv":[21.0,32.0,24.0,42.0],"autoUv":false},"west":{"texture":"#head","uv":[4.0,37.0,6.0,49.0],"autoUv":false},"up":{"texture":"#head","uv":[6.0,35.0,9.0,37.0],"autoUv":false},"down":{"texture":"#head","uv":[9.0,51.0,6.0,49.0],"autoUv":false}},"children":[]},{"name":"EarsCat0L.003","from":[-3.119721770287,0.66371229291,-0.748159587383],"to":[3.42031276226,1.59410700202,0.153468877077],"rotationOrigin":[0.155474066734,1.10352897644,-0.254809141159],"stepParentName":"b_EarL","rotationX":43.015452222851,"rotationY":-56.878082709485,"rotationZ":80.742022593984,"group":"EarsCat0L","faces":{"north":{"texture":"#head","uv":[6.0,36.0,9.0,48.0],"autoUv":false,"rotation":270},"east":{"texture":"#head","uv":[6.0,34.0,9.0,36.0],"autoUv":false,"rotation":90},"south":{"texture":"#head","uv":[21.0,32.0,24.0,42.0],"autoUv":false,"rotation":90},"west":{"texture":"#head","uv":[6.0,48.0,9.0,50.0],"autoUv":false,"rotation":90},"up":{"texture":"#head","uv":[4.0,36.0,6.0,48.0],"autoUv":false,"rotation":90},"down":{"texture":"#head","uv":[11.0,48.0,9.0,36.0],"autoUv":false,"rotation":90}},"children":[]},{"name":"EarsCat0L.001","from":[0.70044349134,0.741288942435,1.184479832649],"to":[1.156752988696,4.117981910706,2.141442596912],"rotationOrigin":[0.928598940372,0.741289138794,1.679684877396],"stepParentName":"b_EarL","rotationX":27.105732079695,"rotationY":-50.896643581589,"rotationZ":11.945745580032,"group":"EarsCat0L","faces":{"north":{"texture":"#head","uv":[14.0,35.0,13.0,41.0],"autoUv":false},"east":{"texture":"#head","uv":[8.0,35.0,10.0,41.0],"autoUv":false},"south":{"texture":"#head","uv":[10.0,35.0,11.0,41.0],"autoUv":false},"west":{"texture":"#head","uv":[11.0,35.0,13.0,41.0],"autoUv":false},"up":{"texture":"#head","uv":[11.0,34.0,13.0,35.0],"autoUv":false},"down":{"texture":"#head","uv":[13.0,42.0,11.0,41.0],"autoUv":false}},"children":[]},{"name":"EarsCat0L","from":[-2.182750672102,-0.70743001677,-1.464333295822],"to":[-1.420279949903,5.608407497406,-0.618020653725],"rotationOrigin":[-1.801517963409,-0.707429885864,-0.971004724503],"stepParentName":"b_EarL","rotationX":5.997626676229,"rotationY":-53.742469220032,"rotationZ":-38.657880324843,"group":"EarsCat0L","faces":{"north":{"texture":"#head","uv":[15.0,35.0,14.0,47.0],"autoUv":false},"east":{"texture":"#head","uv":[9.0,35.0,11.0,47.0],"autoUv":false},"south":{"texture":"#head","uv":[11.0,35.0,12.0,47.0],"autoUv":false},"west":{"texture":"#head","uv":[12.0,35.0,14.0,47.0],"autoUv":false},"up":{"texture":"#head","uv":[12.0,34.0,14.0,35.0],"autoUv":false},"down":{"texture":"#head","uv":[14.0,48.0,12.0,47.0],"autoUv":false}},"children":[]},{"name":"EarsCat0LFluff","from":[0.107930243015,-0.71981793642,-0.170398521262],"to":[0.841503679752,0.719790995121,2.090134143829],"rotationOrigin":[0.474716961384,-0.111240386963,-0.17039847374],"stepParentName":"b_EarL","rotationX":-8.382761177796,"rotationY":-36.144380955562,"rotationZ":55.65734690479,"group":"EarsCat0L","faces":{"north":{"texture":"#head","uv":[18.0,34.0,17.0,37.0],"autoUv":false,"rotation":180},"east":{"texture":"#head","uv":[19.0,37.0,22.0,43.0],"autoUv":false,"rotation":90},"south":{"texture":"head","uv":[63.0,57.0,57.0,63.0],"autoUv":false,"rotation":180,"enabled":false},"west":{"texture":"#head","uv":[29.0,37.0,26.0,43.0],"autoUv":false,"rotation":270},"up":{"texture":"#head","uv":[21.0,36.0,20.0,42.0],"autoUv":false},"down":{"texture":"#head","uv":[22.0,43.0,21.0,36.0],"autoUv":false,"rotation":180}},"children":[]},{"name":"EarsCat0LFluff.001","from":[-0.165260404348,0.027106851339,0.255602548725],"to":[0.480545252562,1.209236979485,2.608559846878],"rotationOrigin":[0.157642424107,0.526838302612,0.25560259819],"stepParentName":"b_EarL","rotationX":-13.816762351262,"rotationY":-17.895669361324,"rotationZ":71.765562590511,"group":"EarsCat0L","faces":{"north":{"texture":"#head","uv":[18.0,34.0,17.0,37.0],"autoUv":false,"rotation":180},"east":{"texture":"#head","uv":[18.0,36.0,20.0,42.0],"autoUv":false,"rotation":90},"south":{"texture":"head","uv":[63.0,57.0,57.0,63.0],"autoUv":false,"rotation":180,"enabled":false},"west":{"texture":"#head","uv":[29.0,37.0,27.0,43.0],"autoUv":false,"rotation":270},"up":{"texture":"#head","uv":[19.0,35.0,18.0,41.0],"autoUv":false},"down":{"texture":"#head","uv":[21.0,42.0,20.0,35.0],"autoUv":false,"rotation":180}},"children":[]},{"name":"EarsCat0L.005","from":[-1.869554251432,-0.04663811096,-2.331109046936],"to":[-1.140284359455,4.395644664764,-1.185910880566],"rotationOrigin":[-1.504919052124,-0.046636581421,-1.758509993553],"stepParentName":"b_EarL","rotationX":14.206919832126,"rotationY":-56.610721784614,"rotationZ":-41.923759182146,"group":"EarsCat0L","faces":{"north":{"texture":"#head","uv":[15.0,38.0,14.0,47.0],"autoUv":false},"east":{"texture":"#head","uv":[9.0,38.0,11.0,47.0],"autoUv":false},"south":{"texture":"#head","uv":[11.0,38.0,12.0,47.0],"autoUv":false},"west":{"texture":"#head","uv":[12.0,38.0,14.0,47.0],"autoUv":false},"up":{"texture":"#head","uv":[12.0,37.0,14.0,38.0],"autoUv":false},"down":{"texture":"#head","uv":[14.0,48.0,12.0,47.0],"autoUv":false}},"children":[]},{"name":"EarsCat0L.011","from":[0.271602332592,-1.792600828073,-0.374172866344],"to":[0.727911829948,1.314376115799,0.582789689302],"rotationOrigin":[0.499758303165,-1.792600631714,0.121031045914],"stepParentName":"b_EarL","rotationX":22.31644270727,"rotationY":-50.021935405531,"rotationZ":-11.585760459827,"group":"EarsCat0L","faces":{"north":{"texture":"#head","uv":[14.0,41.0,13.0,48.0],"autoUv":false},"east":{"texture":"#head","uv":[8.0,41.0,10.0,48.0],"autoUv":false},"south":{"texture":"#head","uv":[10.0,41.0,11.0,48.0],"autoUv":false},"west":{"texture":"#head","uv":[11.0,41.0,13.0,48.0],"autoUv":false},"up":{"texture":"#head","uv":[11.0,40.0,13.0,41.0],"autoUv":false},"down":{"texture":"#head","uv":[13.0,49.0,11.0,48.0],"autoUv":false}},"children":[]},{"name":"EarsCat0R","from":[0.105173230171,-2.805364131927,-0.539394438267],"to":[1.452279448509,3.187616348267,0.267232358456],"rotationOrigin":[0.835320532322,0.192535400391,-0.124673366547],"stepParentName":"b_EarR","rotationX":-43.549149544218,"rotationY":57.143869275752,"rotationZ":10.091099064695,"group":"EarsCat0R","faces":{"north":{"texture":"#head","uv":[24.0,32.0,21.0,42.0],"autoUv":false},"east":{"texture":"#head","uv":[11.0,37.0,9.0,49.0],"autoUv":false},"south":{"texture":"#head","uv":[6.0,37.0,9.0,49.0],"autoUv":false},"west":{"texture":"#head","uv":[6.0,37.0,4.0,49.0],"autoUv":false},"up":{"texture":"#head","uv":[9.0,35.0,6.0,37.0],"autoUv":false,"rotation":180},"down":{"texture":"#head","uv":[6.0,51.0,9.0,49.0],"autoUv":false,"rotation":180}},"children":[]},{"name":"EarsCat0R.001","from":[-3.119721770287,0.66371229291,-0.15346878767],"to":[3.42031276226,1.59410700202,0.748159468174],"rotationOrigin":[0.155474066734,1.10352897644,0.254809141159],"stepParentName":"b_EarR","rotationX":-43.015448807757,"rotationY":56.878086124579,"rotationZ":80.742022593984,"group":"EarsCat0R","faces":{"north":{"texture":"#head","uv":[24.0,32.0,21.0,42.0],"autoUv":false,"rotation":270},"east":{"texture":"#head","uv":[9.0,34.0,6.0,36.0],"autoUv":false,"rotation":270},"south":{"texture":"#head","uv":[9.0,36.0,6.0,48.0],"autoUv":false,"rotation":90},"west":{"texture":"#head","uv":[9.0,48.0,6.0,50.0],"autoUv":false,"rotation":270},"up":{"texture":"#head","uv":[6.0,36.0,4.0,48.0],"autoUv":false,"rotation":90},"down":{"texture":"#head","uv":[9.0,48.0,11.0,36.0],"autoUv":false,"rotation":90}},"children":[]},{"name":"EarsCat0R.002","from":[0.70044349134,0.741288942435,-2.141442596912],"to":[1.156752988696,4.117981910706,-1.184479832649],"rotationOrigin":[0.928598940372,0.741289138794,-1.679684877396],"stepParentName":"b_EarR","rotationX":-27.105728664601,"rotationY":50.896640166494,"rotationZ":11.945741311164,"group":"EarsCat0R","faces":{"north":{"texture":"#head","uv":[11.0,35.0,10.0,41.0],"autoUv":false},"east":{"texture":"#head","uv":[10.0,35.0,8.0,41.0],"autoUv":false},"south":{"texture":"#head","uv":[13.0,35.0,14.0,41.0],"autoUv":false},"west":{"texture":"#head","uv":[13.0,35.0,11.0,41.0],"autoUv":false},"up":{"texture":"#head","uv":[13.0,34.0,11.0,35.0],"autoUv":false,"rotation":180},"down":{"texture":"#head","uv":[11.0,42.0,13.0,41.0],"autoUv":false,"rotation":180}},"children":[]},{"name":"EarsCat0R.003","from":[-2.182750761509,-0.70743001677,0.618020653725],"to":[-1.420280128717,5.608407497406,1.464333295822],"rotationOrigin":[-1.801518082619,-0.707429885864,0.971004724503],"stepParentName":"b_EarR","rotationX":-5.997626676229,"rotationY":53.742469220032,"rotationZ":-38.657880324843,"group":"EarsCat0R","faces":{"north":{"texture":"#head","uv":[12.0,35.0,11.0,47.0],"autoUv":false},"east":{"texture":"#head","uv":[11.0,35.0,9.0,47.0],"autoUv":false},"south":{"texture":"#head","uv":[14.0,35.0,15.0,47.0],"autoUv":false},"west":{"texture":"#head","uv":[14.0,35.0,12.0,47.0],"autoUv":false},"up":{"texture":"#head","uv":[14.0,34.0,12.0,35.0],"autoUv":false,"rotation":180},"down":{"texture":"#head","uv":[12.0,48.0,14.0,47.0],"autoUv":false,"rotation":180}},"children":[]},{"name":"EarsCat0RFluff","from":[0.107930153608,-0.71981793642,-2.090133905411],"to":[0.841503769159,0.719790995121,0.170398521262],"rotationOrigin":[0.474716961384,-0.111240386963,0.17039847374],"stepParentName":"b_EarR","rotationX":8.382760324022,"rotationY":36.144380955562,"rotationZ":55.657357150074,"group":"EarsCat0R","faces":{"north":{"texture":"head","uv":[57.0,57.0,63.0,63.0],"autoUv":false,"rotation":180,"enabled":false},"east":{"texture":"#head","uv":[22.0,37.0,19.0,43.0],"autoUv":false,"rotation":270},"south":{"texture":"#head","uv":[17.0,34.0,18.0,37.0],"autoUv":false,"rotation":180},"west":{"texture":"#head","uv":[26.0,37.0,29.0,43.0],"autoUv":false,"rotation":90},"up":{"texture":"#head","uv":[20.0,36.0,21.0,42.0],"autoUv":false,"rotation":180},"down":{"texture":"#head","uv":[20.0,42.0,21.0,35.0],"autoUv":false}},"children":[]},{"name":"EarsCat0RFluff.001","from":[-0.165260374546,0.027106851339,-2.608559846878],"to":[0.480545222759,1.209236979485,-0.255602548725],"rotationOrigin":[0.157642424107,0.526838302612,-0.25560259819],"stepParentName":"b_EarR","rotationX":13.816758082394,"rotationY":17.895664238682,"rotationZ":71.765555760322,"group":"EarsCat0R","faces":{"north":{"texture":"head","uv":[57.0,57.0,63.0,63.0],"autoUv":false,"rotation":180,"enabled":false},"east":{"texture":"#head","uv":[21.0,36.0,19.0,42.0],"autoUv":false,"rotation":270},"south":{"texture":"#head","uv":[17.0,34.0,18.0,37.0],"autoUv":false,"rotation":180},"west":{"texture":"#head","uv":[27.0,37.0,29.0,43.0],"autoUv":false,"rotation":90},"up":{"texture":"#head","uv":[18.0,35.0,19.0,41.0],"autoUv":false,"rotation":180},"down":{"texture":"#head","uv":[20.0,42.0,21.0,35.0],"autoUv":false}},"children":[]},{"name":"EarsCat0R.004","from":[-1.869554370642,-0.04663811096,1.185910880566],"to":[-1.140284478664,4.395644664764,2.331109046936],"rotationOrigin":[-1.504919171333,-0.046636581421,1.758509993553],"stepParentName":"b_EarR","rotationX":-14.206913855711,"rotationY":56.610718369519,"rotationZ":-41.923762597241,"group":"EarsCat0R","faces":{"north":{"texture":"#head","uv":[12.0,38.0,11.0,47.0],"autoUv":false},"east":{"texture":"#head","uv":[11.0,38.0,9.0,47.0],"autoUv":false},"south":{"texture":"#head","uv":[14.0,38.0,15.0,47.0],"autoUv":false},"west":{"texture":"#head","uv":[14.0,38.0,12.0,47.0],"autoUv":false},"up":{"texture":"#head","uv":[14.0,37.0,12.0,38.0],"autoUv":false,"rotation":180},"down":{"texture":"#head","uv":[12.0,48.0,14.0,47.0],"autoUv":false,"rotation":180}},"children":[]},{"name":"EarsCat0R.005","from":[0.271602332592,-1.792600828073,-0.582789808512],"to":[0.727911829948,1.314376115799,0.374172985554],"rotationOrigin":[0.499758303165,-1.792600631714,-0.121031045914],"stepParentName":"b_EarR","rotationX":-22.316456367648,"rotationY":50.02194906591,"rotationZ":-11.585741676806,"group":"EarsCat0R","faces":{"north":{"texture":"#head","uv":[11.0,41.0,10.0,48.0],"autoUv":false},"east":{"texture":"#head","uv":[10.0,41.0,8.0,48.0],"autoUv":false},"south":{"texture":"#head","uv":[13.0,41.0,14.0,48.0],"autoUv":false},"west":{"texture":"#head","uv":[13.0,41.0,11.0,48.0],"autoUv":false},"up":{"texture":"#head","uv":[13.0,40.0,11.0,41.0],"autoUv":false,"rotation":180},"down":{"texture":"#head","uv":[11.0,49.0,13.0,48.0],"autoUv":false,"rotation":180}},"children":[]}],"groups":[]}