{"textureWidth":64,"textureHeight":64,"textures":{},"textureSizes":{"head":[64,64]},"elements":[{"name":"EarsWolf1R","from":[0.104115486145,-3.645268440247,-0.817062556744],"to":[1.361704647541,3.260123968124,0.133932501078],"rotationOrigin":[0.785743534565,-0.190948486328,-0.259750843048],"stepParentName":"b_EarR","rotationX":-34.864437656047,"rotationY":52.069393892269,"rotationZ":4.916503353264,"group":"EarsWolf1R","faces":{"north":{"texture":"#head","uv":[24.0,32.0,21.0,42.0],"autoUv":false},"east":{"texture":"#head","uv":[11.0,36.0,9.0,48.0],"autoUv":false},"south":{"texture":"#head","uv":[6.0,36.0,9.0,48.0],"autoUv":false},"west":{"texture":"#head","uv":[6.0,36.0,4.0,48.0],"autoUv":false},"up":{"texture":"#head","uv":[9.0,34.0,6.0,36.0],"autoUv":false,"rotation":180},"down":{"texture":"#head","uv":[6.0,50.0,9.0,48.0],"autoUv":false,"rotation":180}},"children":[]},{"name":"EarsWolf1R.001","from":[-3.034779429436,0.415697991848,-0.444011211395],"to":[3.077723145485,1.583893656731,0.539627343416],"rotationOrigin":[0.025370955467,0.968509674072,0.078386068344],"stepParentName":"b_EarR","rotationX":-35.809886101339,"rotationY":52.781987528377,"rotationZ":72.484125811953,"group":"EarsWolf1R","faces":{"north":{"texture":"#head","uv":[24.0,32.0,21.0,42.0],"autoUv":false,"rotation":270},"east":{"texture":"#head","uv":[9.0,33.0,6.0,35.0],"autoUv":false,"rotation":270},"south":{"texture":"#head","uv":[9.0,35.0,6.0,47.0],"autoUv":false,"rotation":90},"west":{"texture":"#head","uv":[9.0,47.0,6.0,49.0],"autoUv":false,"rotation":270},"up":{"texture":"#head","uv":[6.0,35.0,4.0,47.0],"autoUv":false,"rotation":90},"down":{"texture":"#head","uv":[9.0,47.0,11.0,35.0],"autoUv":false,"rotation":90}},"children":[]},{"name":"EarsWolf1R.002","from":[0.597929209471,-4.016181707382,-1.640070676804],"to":[1.2172498703,3.072562932968,-0.76766256988],"rotationOrigin":[0.842972099781,-0.56510925293,-0.553483247757],"stepParentName":"b_EarR","rotationX":-18.598244817466,"rotationY":52.127313896431,"rotationZ":-7.171497991707,"group":"EarsWolf1R","faces":{"north":{"texture":"#head","uv":[11.0,36.0,10.0,48.0],"autoUv":false},"east":{"texture":"#head","uv":[10.0,36.0,8.0,48.0],"autoUv":false},"south":{"texture":"#head","uv":[13.0,36.0,14.0,48.0],"autoUv":false},"west":{"texture":"#head","uv":[13.0,36.0,11.0,48.0],"autoUv":false},"up":{"texture":"#head","uv":[13.0,35.0,11.0,36.0],"autoUv":false,"rotation":180},"down":{"texture":"#head","uv":[11.0,49.0,13.0,48.0],"autoUv":false,"rotation":180}},"children":[]},{"name":"EarsWolf1R.003","from":[0.419858396053,2.193995833397,-2.768709361553],"to":[1.081929028034,3.550626754761,-1.894445098937],"rotationOrigin":[0.689425289631,2.768493652344,-1.977108955383],"stepParentName":"b_EarR","rotationX":-18.598251647655,"rotationY":52.12732072662,"rotationZ":51.450322621372,"group":"EarsWolf1R","faces":{"north":{"texture":"#head","uv":[8.0,36.0,12.0,37.0],"autoUv":false,"rotation":90},"east":{"texture":"#head","uv":[12.0,34.0,8.0,36.0],"autoUv":false},"south":{"texture":"#head","uv":[12.0,36.0,8.0,37.0],"autoUv":false,"rotation":90},"west":{"texture":"#head","uv":[12.0,34.0,8.0,36.0],"autoUv":false,"rotation":180},"up":{"texture":"#head","uv":[8.0,36.0,4.0,37.0],"autoUv":false,"rotation":90},"down":{"texture":"#head","uv":[4.0,37.0,8.0,36.0],"autoUv":false,"rotation":90}},"children":[]},{"name":"EarsWolf1R.004","from":[-0.787517338991,-0.55661034584,-0.35982131958],"to":[-0.168196737766,5.006740808487,0.509283006191],"rotationOrigin":[-0.542474508286,1.369068145752,0.79054582119],"stepParentName":"b_EarR","rotationX":-18.598243109919,"rotationY":52.12732072662,"rotationZ":-38.887009265834,"group":"EarsWolf1R","faces":{"north":{"texture":"#head","uv":[12.0,35.0,11.0,47.0],"autoUv":false},"east":{"texture":"#head","uv":[11.0,35.0,9.0,47.0],"autoUv":false},"south":{"texture":"#head","uv":[14.0,35.0,15.0,47.0],"autoUv":false},"west":{"texture":"#head","uv":[14.0,35.0,12.0,47.0],"autoUv":false},"up":{"texture":"#head","uv":[14.0,34.0,12.0,35.0],"autoUv":false,"rotation":180},"down":{"texture":"#head","uv":[12.0,48.0,14.0,47.0],"autoUv":false,"rotation":180}},"children":[]},{"name":"EarsWolf1RFluff","from":[-0.666296988726,3.770537555218,-4.537708044052],"to":[0.044707268476,5.283528983593,-2.212401102773],"rotationOrigin":[-0.310794860125,4.410136699677,-2.212401151657],"stepParentName":"b_Head","rotationX":32.824557264193,"rotationY":31.276108983122,"rotationZ":25.881053548303,"group":"EarsWolf1R","faces":{"north":{"texture":"head","uv":[57.0,57.0,63.0,63.0],"autoUv":false,"rotation":180,"enabled":false},"east":{"texture":"#head","uv":[22.0,37.0,19.0,43.0],"autoUv":false,"rotation":270},"south":{"texture":"#head","uv":[17.0,34.0,18.0,37.0],"autoUv":false,"rotation":180},"west":{"texture":"#head","uv":[27.0,37.0,30.0,43.0],"autoUv":false,"rotation":90},"up":{"texture":"#head","uv":[19.0,36.0,20.0,42.0],"autoUv":false,"rotation":180},"down":{"texture":"#head","uv":[20.0,43.0,21.0,36.0],"autoUv":false}},"children":[]},{"name":"EarsWolf1RFluff.001","from":[-0.625658065081,4.614873021841,-4.87672328949],"to":[-0.001112908125,5.575514376163,-2.744831994062],"rotationOrigin":[-0.313385486603,5.020972728729,-2.744832038879],"stepParentName":"b_Head","rotationX":38.712419385365,"rotationY":17.254237758631,"rotationZ":22.404739977765,"group":"EarsWolf1R","faces":{"north":{"texture":"head","uv":[57.0,57.0,63.0,63.0],"autoUv":false,"rotation":180,"enabled":false},"east":{"texture":"#head","uv":[21.0,36.0,19.0,42.0],"autoUv":false,"rotation":270},"south":{"texture":"#head","uv":[17.0,34.0,18.0,37.0],"autoUv":false,"rotation":180},"west":{"texture":"#head","uv":[28.0,37.0,30.0,43.0],"autoUv":false,"rotation":90},"up":{"texture":"#head","uv":[19.0,36.0,20.0,42.0],"autoUv":false,"rotation":180},"down":{"texture":"#head","uv":[20.0,43.0,21.0,36.0],"autoUv":false}},"children":[]},{"name":"EarsWolf1L","from":[0.104115486145,-3.479144096375,-0.082222849131],"to":[1.361704647541,3.426248311996,0.868772208691],"rotationOrigin":[0.785743534565,-0.024824142456,0.311460494995],"stepParentName":"b_EarL","rotationX":31.864447817848,"rotationY":-52.069404137553,"rotationZ":4.916512744774,"group":"EarsWolf1L","faces":{"north":{"texture":"#head","uv":[9.0,36.0,6.0,48.0],"autoUv":false},"east":{"texture":"#head","uv":[9.0,36.0,11.0,48.0],"autoUv":false},"south":{"texture":"#head","uv":[21.0,32.0,24.0,42.0],"autoUv":false},"west":{"texture":"#head","uv":[4.0,36.0,6.0,48.0],"autoUv":false},"up":{"texture":"#head","uv":[6.0,34.0,9.0,36.0],"autoUv":false},"down":{"texture":"#head","uv":[9.0,50.0,6.0,48.0],"autoUv":false}},"children":[]},{"name":"EarsWolf1L.001","from":[-3.034779429436,0.562537133694,-0.54813554883],"to":[3.077723145485,1.730732798576,0.435503005981],"rotationOrigin":[0.025370955467,1.115348815918,-0.086894273758],"stepParentName":"b_EarL","rotationX":32.809886017856,"rotationY":-52.781977283093,"rotationZ":72.484132642142,"group":"EarsWolf1L","faces":{"north":{"texture":"#head","uv":[6.0,35.0,9.0,47.0],"autoUv":false,"rotation":270},"east":{"texture":"#head","uv":[6.0,33.0,9.0,35.0],"autoUv":false,"rotation":90},"south":{"texture":"#head","uv":[21.0,32.0,24.0,42.0],"autoUv":false,"rotation":90},"west":{"texture":"#head","uv":[6.0,47.0,9.0,49.0],"autoUv":false,"rotation":90},"up":{"texture":"#head","uv":[4.0,35.0,6.0,47.0],"autoUv":false,"rotation":90},"down":{"texture":"#head","uv":[11.0,47.0,9.0,35.0],"autoUv":false,"rotation":90}},"children":[]},{"name":"EarsWolf1L.002","from":[0.597929209471,-3.834171056747,0.838552042842],"to":[1.2172498703,3.254573583603,1.710960149765],"rotationOrigin":[0.842972099781,-0.383098602295,0.624372720718],"stepParentName":"b_EarL","rotationX":15.598241318889,"rotationY":-52.127313896431,"rotationZ":-7.171504821896,"group":"EarsWolf1L","faces":{"north":{"texture":"#head","uv":[14.0,36.0,13.0,48.0],"autoUv":false},"east":{"texture":"#head","uv":[8.0,36.0,10.0,48.0],"autoUv":false},"south":{"texture":"#head","uv":[10.0,36.0,11.0,48.0],"autoUv":false},"west":{"texture":"#head","uv":[11.0,36.0,13.0,48.0],"autoUv":false},"up":{"texture":"#head","uv":[11.0,35.0,13.0,36.0],"autoUv":false},"down":{"texture":"#head","uv":[13.0,49.0,11.0,48.0],"autoUv":false}},"children":[]},{"name":"EarsWolf1L.003","from":[0.419858396053,2.445941329002,1.788916267455],"to":[1.081929028034,3.802572250366,2.663180530071],"rotationOrigin":[0.689425289631,3.020439147949,1.871580123901],"stepParentName":"b_EarL","rotationX":15.598244733983,"rotationY":-52.127324141715,"rotationZ":51.450315791183,"group":"EarsWolf1L","faces":{"north":{"texture":"#head","uv":[8.0,36.0,12.0,37.0],"autoUv":false,"rotation":270},"east":{"texture":"#head","uv":[8.0,34.0,12.0,36.0],"autoUv":false},"south":{"texture":"#head","uv":[12.0,36.0,8.0,37.0],"autoUv":false,"rotation":270},"west":{"texture":"#head","uv":[8.0,34.0,12.0,36.0],"autoUv":false,"rotation":180},"up":{"texture":"#head","uv":[4.0,36.0,8.0,37.0],"autoUv":false,"rotation":90},"down":{"texture":"#head","uv":[8.0,37.0,4.0,36.0],"autoUv":false,"rotation":90}},"children":[]},{"name":"EarsWolf1L.004","from":[-0.787517338991,-0.447593927383,-0.537778794765],"to":[-0.168196737766,5.115757226944,0.331325531006],"rotationOrigin":[-0.542474508286,1.478084564209,-0.819041609764],"stepParentName":"b_EarL","rotationX":15.598249856625,"rotationY":-52.127313896431,"rotationZ":-38.886988775267,"group":"EarsWolf1L","faces":{"north":{"texture":"#head","uv":[15.0,35.0,14.0,47.0],"autoUv":false},"east":{"texture":"#head","uv":[9.0,35.0,11.0,47.0],"autoUv":false},"south":{"texture":"#head","uv":[11.0,35.0,12.0,47.0],"autoUv":false},"west":{"texture":"#head","uv":[12.0,35.0,14.0,47.0],"autoUv":false},"up":{"texture":"#head","uv":[12.0,34.0,14.0,35.0],"autoUv":false},"down":{"texture":"#head","uv":[14.0,48.0,12.0,47.0],"autoUv":false}},"children":[]},{"name":"EarsWolf1LFluff","from":[-0.313291698694,-0.700973808765,0.010394524328],"to":[0.397712558508,0.81201761961,2.335701465607],"rotationOrigin":[0.042210429907,-0.061374664307,0.010394573212],"stepParentName":"b_EarL","rotationX":-35.824574423149,"rotationY":-31.276112398216,"rotationZ":25.881048425661,"group":"EarsWolf1L","faces":{"north":{"texture":"#head","uv":[18.0,34.0,17.0,37.0],"autoUv":false,"rotation":180},"east":{"texture":"#head","uv":[19.0,37.0,22.0,43.0],"autoUv":false,"rotation":90},"south":{"texture":"head","uv":[63.0,57.0,57.0,63.0],"autoUv":false,"rotation":180,"enabled":false},"west":{"texture":"#head","uv":[29.0,37.0,26.0,43.0],"autoUv":false,"rotation":270},"up":{"texture":"#head","uv":[21.0,36.0,20.0,42.0],"autoUv":false},"down":{"texture":"#head","uv":[22.0,43.0,21.0,36.0],"autoUv":false,"rotation":180}},"children":[]},{"name":"EarsWolf1LFluff.001","from":[-0.272652775049,0.170388787985,0.51012678433],"to":[0.351892381907,1.131030142307,2.642018079758],"rotationOrigin":[0.039619803429,0.576488494873,0.510126829147],"stepParentName":"b_EarL","rotationX":-41.712416053753,"rotationY":-17.254227513348,"rotationZ":22.404734855123,"group":"EarsWolf1L","faces":{"north":{"texture":"#head","uv":[18.0,34.0,17.0,37.0],"autoUv":false,"rotation":180},"east":{"texture":"#head","uv":[18.0,36.0,20.0,42.0],"autoUv":false,"rotation":90},"south":{"texture":"head","uv":[63.0,57.0,57.0,63.0],"autoUv":false,"rotation":180,"enabled":false},"west":{"texture":"#head","uv":[29.0,37.0,27.0,43.0],"autoUv":false,"rotation":270},"up":{"texture":"#head","uv":[20.0,36.0,19.0,42.0],"autoUv":false},"down":{"texture":"#head","uv":[21.0,43.0,20.0,36.0],"autoUv":false,"rotation":180}},"children":[]}],"groups":[]}