{"textureWidth":64,"textureHeight":64,"textures":{},"textureSizes":{"head":[64,64]},"elements":[{"name":"EarDragon0R.001","from":[2.086602210999,-2.447543144226,-1.236188173294],"to":[3.268193125725,2.92998957634,-0.338871151209],"rotationOrigin":[2.727038383484,-0.312528610229,-0.712555885315],"stepParentName":"b_EarR","rotationX":-5.087252532986,"rotationY":32.590285190756,"rotationZ":-34.877722373983,"group":"EarsDragon0R","faces":{"north":{"texture":"#head","uv":[24.0,32.0,22.0,42.0],"autoUv":false},"east":{"texture":"#head","uv":[12.0,34.0,10.0,46.0],"autoUv":false},"south":{"texture":"#head","uv":[8.0,34.0,10.0,46.0],"autoUv":false},"west":{"texture":"#head","uv":[8.0,34.0,6.0,46.0],"autoUv":false},"up":{"texture":"#head","uv":[10.0,33.0,8.0,34.0],"autoUv":false,"rotation":180},"down":{"texture":"#head","uv":[8.0,47.0,10.0,46.0],"autoUv":false,"rotation":180}},"children":[]},{"name":"EarDragon0R.005","from":[-0.510504722595,0.455729722977,-1.109856843948],"to":[5.232608795166,1.553328990936,-0.185661435127],"rotationOrigin":[2.364715576172,0.975133895874,-0.619029045105],"stepParentName":"b_EarR","rotationX":-5.064359019548,"rotationY":33.506667766035,"rotationZ":31.928064199778,"group":"EarsDragon0R","faces":{"north":{"texture":"#head","uv":[24.0,32.0,22.0,42.0],"autoUv":false,"rotation":270},"east":{"texture":"#head","uv":[8.0,33.0,6.0,34.0],"autoUv":false,"rotation":270},"south":{"texture":"#head","uv":[8.0,34.0,6.0,46.0],"autoUv":false,"rotation":90},"west":{"texture":"#head","uv":[8.0,46.0,6.0,47.0],"autoUv":false,"rotation":270},"up":{"texture":"#head","uv":[6.0,34.0,4.0,46.0],"autoUv":false,"rotation":90},"down":{"texture":"#head","uv":[8.0,46.0,10.0,34.0],"autoUv":false,"rotation":90}},"children":[]},{"name":"EarDragon0R.002","from":[2.547297984362,-2.429085254669,-1.996177434921],"to":[3.129192054272,2.743253469467,-0.98164811777],"rotationOrigin":[2.777532577515,-0.674587249756,-0.975254535675],"stepParentName":"b_EarR","rotationX":4.273697601888,"rotationY":26.805620397754,"rotationZ":-38.749466331423,"group":"EarsDragon0R","faces":{"north":{"texture":"#head","uv":[9.0,34.0,8.0,45.0],"autoUv":false},"east":{"texture":"#head","uv":[8.0,34.0,6.0,45.0],"autoUv":false},"south":{"texture":"#head","uv":[12.0,34.0,11.0,45.0],"autoUv":false},"west":{"texture":"#head","uv":[11.0,34.0,9.0,45.0],"autoUv":false},"up":{"texture":"#head","uv":[9.0,33.0,8.0,34.0],"autoUv":false,"rotation":180},"down":{"texture":"#head","uv":[8.0,46.0,9.0,45.0],"autoUv":false,"rotation":180}},"children":[]},{"name":"EarDragon0R","from":[4.079341292381,1.687328279018,-2.603443682194],"to":[4.701401740313,2.96197527647,-1.782012805343],"rotationOrigin":[4.332617759705,2.227108001709,-1.859681129456],"stepParentName":"b_EarR","rotationX":4.273699736322,"rotationY":26.805625520396,"rotationZ":19.87234830524,"group":"EarsDragon0R","faces":{"north":{"texture":"#head","uv":[7.0,35.0,11.0,36.0],"autoUv":false,"rotation":90},"east":{"texture":"#head","uv":[11.0,33.0,7.0,35.0],"autoUv":false},"south":{"texture":"#head","uv":[11.0,35.0,7.0,36.0],"autoUv":false,"rotation":90},"west":{"texture":"#head","uv":[11.0,33.0,7.0,35.0],"autoUv":false,"rotation":180},"up":{"texture":"#head","uv":[7.0,35.0,3.0,36.0],"autoUv":false,"rotation":90},"down":{"texture":"#head","uv":[3.0,36.0,7.0,35.0],"autoUv":false,"rotation":90}},"children":[]},{"name":"EarDragon0R.003","from":[1.518581107259,-1.690392255783,-1.297671914101],"to":[2.381916463375,4.969967126846,-0.481089144945],"rotationOrigin":[1.748815536499,1.552125930786,-0.216823577881],"stepParentName":"b_EarR","rotationX":4.273696748114,"rotationY":26.805632350585,"rotationZ":-70.464971629136,"group":"EarsDragon0R","faces":{"north":{"texture":"#head","uv":[8.0,34.0,6.0,48.0],"autoUv":false},"east":{"texture":"#head","uv":[6.0,34.0,4.0,48.0],"autoUv":false},"south":{"texture":"#head","uv":[10.0,34.0,12.0,48.0],"autoUv":false},"west":{"texture":"#head","uv":[10.0,34.0,8.0,48.0],"autoUv":false},"up":{"texture":"#head","uv":[8.0,32.0,6.0,34.0],"autoUv":false,"rotation":180},"down":{"texture":"#head","uv":[6.0,50.0,8.0,48.0],"autoUv":false,"rotation":180}},"children":[]},{"name":"EarDragon0R.006","from":[0.971681773663,-2.462231874466,-0.378220915794],"to":[2.153272509575,1.253277778625,0.515303820372],"rotationOrigin":[1.612117767334,-0.603603363037,0.145411491394],"stepParentName":"b_EarR","rotationX":-5.087249971665,"rotationY":32.590281775662,"rotationZ":-49.87641481017,"group":"EarsDragon0R","faces":{"north":{"texture":"#head","uv":[24.0,32.0,22.0,42.0],"autoUv":false},"east":{"texture":"#head","uv":[6.0,40.0,4.0,48.0],"autoUv":false},"south":{"texture":"#head","uv":[6.0,40.0,8.0,48.0],"autoUv":false},"west":{"texture":"#head","uv":[10.0,40.0,8.0,48.0],"autoUv":false},"up":{"texture":"#head","uv":[8.0,40.0,6.0,41.0],"autoUv":false,"rotation":180},"down":{"texture":"#head","uv":[6.0,49.0,8.0,48.0],"autoUv":false,"rotation":180}},"children":[]},{"name":"EarDragon0R.004","from":[-0.537956804037,-2.58201431632,-0.64570069313],"to":[0.043937265873,-0.237493038177,0.518441081047],"rotationOrigin":[-0.247010320425,-2.582014083862,-0.063629627228],"stepParentName":"b_EarR","rotationX":4.273695894341,"rotationY":26.805618690207,"rotationZ":-76.954805642617,"group":"EarsDragon0R","faces":{"north":{"texture":"#head","uv":[10.0,45.0,9.0,51.0],"autoUv":false},"east":{"texture":"#head","uv":[9.0,45.0,7.0,51.0],"autoUv":false},"south":{"texture":"#head","uv":[13.0,45.0,12.0,51.0],"autoUv":false,"rotation":180},"west":{"texture":"#head","uv":[12.0,45.0,10.0,51.0],"autoUv":false},"up":{"texture":"#head","uv":[10.0,45.0,9.0,47.0],"autoUv":false,"rotation":180},"down":{"texture":"#head","uv":[9.0,53.0,10.0,51.0],"autoUv":false,"rotation":180}},"children":[]},{"name":"EarsDragon0RFluff.001","from":[-0.241977065802,2.594288527966,-4.592404842377],"to":[0.423707455397,4.398555278778,-2.312143754706],"rotationOrigin":[0.090865194798,3.35702085495,-2.312143802643],"stepParentName":"b_Head","rotationX":35.860330463454,"rotationY":-24.339336418658,"rotationZ":25.080138736038,"group":"EarsDragon0R","faces":{"north":{"texture":"head","uv":[57.0,57.0,63.0,63.0],"autoUv":false,"rotation":180,"enabled":false},"east":{"texture":"#head","uv":[22.0,37.0,19.0,43.0],"autoUv":false,"rotation":270},"south":{"texture":"#head","uv":[17.0,34.0,18.0,37.0],"autoUv":false,"rotation":180},"west":{"texture":"#head","uv":[27.0,37.0,30.0,43.0],"autoUv":false,"rotation":90},"up":{"texture":"#head","uv":[19.0,36.0,20.0,42.0],"autoUv":false,"rotation":180},"down":{"texture":"#head","uv":[20.0,43.0,21.0,36.0],"autoUv":false}},"children":[]},{"name":"EarsDragon0RFluff","from":[0.567464262247,3.704035401344,-5.110959768295],"to":[1.15220066905,4.995737910271,-2.826197337757],"rotationOrigin":[0.859832465649,4.2500872612,-2.826197385788],"stepParentName":"b_Head","rotationX":41.332370667955,"rotationY":-34.067679013892,"rotationZ":26.960290031509,"group":"EarsDragon0R","faces":{"north":{"texture":"head","uv":[57.0,57.0,63.0,63.0],"autoUv":false,"rotation":180,"enabled":false},"east":{"texture":"#head","uv":[21.0,36.0,19.0,42.0],"autoUv":false,"rotation":270},"south":{"texture":"#head","uv":[17.0,34.0,18.0,37.0],"autoUv":false,"rotation":180},"west":{"texture":"#head","uv":[28.0,37.0,30.0,43.0],"autoUv":false,"rotation":90},"up":{"texture":"#head","uv":[19.0,36.0,20.0,42.0],"autoUv":false,"rotation":180},"down":{"texture":"#head","uv":[20.0,43.0,21.0,36.0],"autoUv":false}},"children":[]},{"name":"EarDragon0L.004","from":[2.086602210999,-2.447543144226,0.338871151209],"to":[3.268193125725,2.92998957634,1.236188173294],"rotationOrigin":[2.727038383484,-0.312528610229,0.712555885315],"stepParentName":"b_EarL","rotationX":5.087248691004,"rotationY":-32.590281775662,"rotationZ":-34.877732619266,"group":"EarsDragon0L","faces":{"north":{"texture":"#head","uv":[10.0,34.0,8.0,46.0],"autoUv":false},"east":{"texture":"#head","uv":[10.0,34.0,12.0,46.0],"autoUv":false},"south":{"texture":"#head","uv":[22.0,32.0,24.0,42.0],"autoUv":false},"west":{"texture":"#head","uv":[6.0,34.0,8.0,46.0],"autoUv":false},"up":{"texture":"#head","uv":[8.0,33.0,10.0,34.0],"autoUv":false},"down":{"texture":"#head","uv":[10.0,47.0,8.0,46.0],"autoUv":false}},"children":[]},{"name":"EarDragon0L.003","from":[-0.510504722595,0.455729722977,0.185661435127],"to":[5.232608795166,1.553328990936,1.109856843948],"rotationOrigin":[2.364715576172,0.975133895874,0.619029045105],"stepParentName":"b_EarL","rotationX":5.064359019548,"rotationY":-33.506667766035,"rotationZ":31.928064199778,"group":"EarsDragon0L","faces":{"north":{"texture":"#head","uv":[6.0,34.0,8.0,46.0],"autoUv":false,"rotation":270},"east":{"texture":"#head","uv":[6.0,33.0,8.0,34.0],"autoUv":false,"rotation":90},"south":{"texture":"#head","uv":[22.0,32.0,24.0,42.0],"autoUv":false,"rotation":90},"west":{"texture":"#head","uv":[6.0,46.0,8.0,47.0],"autoUv":false,"rotation":90},"up":{"texture":"#head","uv":[4.0,34.0,6.0,46.0],"autoUv":false,"rotation":90},"down":{"texture":"#head","uv":[10.0,46.0,8.0,34.0],"autoUv":false,"rotation":90}},"children":[]},{"name":"EarDragon0L.002","from":[2.547297984362,-2.429085254669,0.98164811777],"to":[3.129192054272,2.743253469467,1.996177434921],"rotationOrigin":[2.777532577515,-0.674587249756,0.975254535675],"stepParentName":"b_EarL","rotationX":-4.273699309435,"rotationY":-26.805616982659,"rotationZ":-38.749469746518,"group":"EarsDragon0L","faces":{"north":{"texture":"#head","uv":[11.0,34.0,12.0,45.0],"autoUv":false},"east":{"texture":"#head","uv":[6.0,34.0,8.0,45.0],"autoUv":false},"south":{"texture":"#head","uv":[8.0,34.0,9.0,45.0],"autoUv":false},"west":{"texture":"#head","uv":[9.0,34.0,11.0,45.0],"autoUv":false},"up":{"texture":"#head","uv":[8.0,33.0,9.0,34.0],"autoUv":false},"down":{"texture":"#head","uv":[9.0,46.0,8.0,45.0],"autoUv":false}},"children":[]},{"name":"EarDragon0L.001","from":[4.079341292381,1.687328279018,1.782012805343],"to":[4.701401740313,2.96197527647,2.603443682194],"rotationOrigin":[4.332617759705,2.227108001709,1.859681129456],"stepParentName":"b_EarL","rotationX":-4.273699736322,"rotationY":-26.805625520396,"rotationZ":19.872350012787,"group":"EarsDragon0L","faces":{"north":{"texture":"#head","uv":[7.0,35.0,11.0,36.0],"autoUv":false,"rotation":270},"east":{"texture":"#head","uv":[7.0,33.0,11.0,35.0],"autoUv":false},"south":{"texture":"#head","uv":[11.0,35.0,7.0,36.0],"autoUv":false,"rotation":270},"west":{"texture":"#head","uv":[7.0,33.0,11.0,35.0],"autoUv":false,"rotation":180},"up":{"texture":"#head","uv":[3.0,35.0,7.0,36.0],"autoUv":false,"rotation":90},"down":{"texture":"#head","uv":[7.0,36.0,3.0,35.0],"autoUv":false,"rotation":90}},"children":[]},{"name":"EarDragon0L.005","from":[1.518581226468,-1.690392255783,0.481089144945],"to":[2.381916582584,4.969967126846,1.297671914101],"rotationOrigin":[1.748815655708,1.552125930786,0.216823577881],"stepParentName":"b_EarL","rotationX":-4.273699309435,"rotationY":-26.805622105301,"rotationZ":-70.464964798946,"group":"EarsDragon0L","faces":{"north":{"texture":"#head","uv":[12.0,34.0,10.0,48.0],"autoUv":false},"east":{"texture":"#head","uv":[4.0,34.0,6.0,48.0],"autoUv":false},"south":{"texture":"#head","uv":[6.0,34.0,8.0,48.0],"autoUv":false},"west":{"texture":"#head","uv":[8.0,34.0,10.0,48.0],"autoUv":false},"up":{"texture":"#head","uv":[6.0,32.0,8.0,34.0],"autoUv":false},"down":{"texture":"#head","uv":[8.0,50.0,6.0,48.0],"autoUv":false}},"children":[]},{"name":"EarDragon0L.006","from":[0.971681892872,-2.462231874466,-0.515303820372],"to":[2.153272628784,1.253277778625,0.378220915794],"rotationOrigin":[1.612117886543,-0.603603363037,-0.145411491394],"stepParentName":"b_EarL","rotationX":5.087245702796,"rotationY":-32.590274945473,"rotationZ":-49.876401149791,"group":"EarsDragon0L","faces":{"north":{"texture":"#head","uv":[8.0,40.0,6.0,48.0],"autoUv":false},"east":{"texture":"#head","uv":[4.0,40.0,6.0,48.0],"autoUv":false},"south":{"texture":"#head","uv":[22.0,32.0,24.0,42.0],"autoUv":false},"west":{"texture":"#head","uv":[8.0,40.0,10.0,48.0],"autoUv":false},"up":{"texture":"#head","uv":[6.0,40.0,8.0,41.0],"autoUv":false},"down":{"texture":"#head","uv":[8.0,49.0,6.0,48.0],"autoUv":false}},"children":[]},{"name":"EarDragon0L","from":[-0.537956804037,-2.58201431632,-0.518441081047],"to":[0.043937265873,-0.237493038177,0.64570069313],"rotationOrigin":[-0.247010320425,-2.582014083862,0.063629627228],"stepParentName":"b_EarL","rotationX":-4.273697175001,"rotationY":-26.805618690207,"rotationZ":-76.954791982239,"group":"EarsDragon0L","faces":{"north":{"texture":"#head","uv":[12.0,45.0,13.0,51.0],"autoUv":false,"rotation":180},"east":{"texture":"#head","uv":[7.0,45.0,9.0,51.0],"autoUv":false},"south":{"texture":"#head","uv":[9.0,45.0,10.0,51.0],"autoUv":false},"west":{"texture":"#head","uv":[10.0,45.0,12.0,51.0],"autoUv":false},"up":{"texture":"#head","uv":[9.0,45.0,10.0,47.0],"autoUv":false},"down":{"texture":"#head","uv":[10.0,53.0,9.0,51.0],"autoUv":false}},"children":[]},{"name":"EarsDragon0LFluff.001","from":[0.11102822423,-2.02754098177,0.056927394614],"to":[0.776712745428,-0.223274230957,2.337188482285],"rotationOrigin":[0.443870484829,-1.264808654785,0.056927442551],"stepParentName":"b_EarL","rotationX":-35.860354369116,"rotationY":24.3393415413,"rotationZ":25.080145566227,"group":"EarsDragon0L","faces":{"north":{"texture":"#head","uv":[18.0,34.0,17.0,37.0],"autoUv":false,"rotation":180},"east":{"texture":"#head","uv":[19.0,37.0,22.0,43.0],"autoUv":false,"rotation":90},"south":{"texture":"head","uv":[63.0,57.0,57.0,63.0],"autoUv":false,"rotation":180,"enabled":false},"west":{"texture":"#head","uv":[29.0,37.0,26.0,43.0],"autoUv":false,"rotation":270},"up":{"texture":"#head","uv":[20.0,36.0,19.0,42.0],"autoUv":false},"down":{"texture":"#head","uv":[21.0,43.0,20.0,36.0],"autoUv":false,"rotation":180}},"children":[]},{"name":"EarsDragon0LFluff","from":[0.920469611883,-0.917794108391,0.570980739246],"to":[1.505206018686,0.373908400536,2.855743169785],"rotationOrigin":[1.212837815285,-0.371742248535,0.570980787277],"stepParentName":"b_EarL","rotationX":-41.332377498144,"rotationY":34.067672183703,"rotationZ":26.96028320132,"group":"EarsDragon0L","faces":{"north":{"texture":"#head","uv":[18.0,34.0,17.0,37.0],"autoUv":false,"rotation":180},"east":{"texture":"#head","uv":[19.0,36.0,21.0,42.0],"autoUv":false,"rotation":90},"south":{"texture":"head","uv":[63.0,57.0,57.0,63.0],"autoUv":false,"rotation":180,"enabled":false},"west":{"texture":"#head","uv":[30.0,37.0,28.0,43.0],"autoUv":false,"rotation":270},"up":{"texture":"#head","uv":[20.0,36.0,19.0,42.0],"autoUv":false},"down":{"texture":"#head","uv":[21.0,43.0,20.0,36.0],"autoUv":false,"rotation":180}},"children":[]}],"groups":[]}