{"textureWidth":64,"textureHeight":64,"textures":{},"textureSizes":{"head":[64,64]},"elements":[{"name":"EarsWolf0L.026","from":[0.207279255997,-2.523703338304,-1.293016312641],"to":[0.610963085528,-1.218861816726,-0.72436924785],"rotationOrigin":[0.409121394157,-1.871282577515,-1.008692741394],"stepParentName":"b_EarR","rotationX":55.233058968644,"rotationY":166.087196537586,"rotationZ":22.348230407667,"group":"EarsWolf0R.002","faces":{"north":{"texture":"#head","uv":[11.0,48.0,10.0,52.0],"autoUv":false,"rotation":180},"east":{"texture":"#head","uv":[13.0,48.0,11.0,52.0],"autoUv":false,"rotation":180},"south":{"texture":"#head","uv":[13.0,48.0,14.0,52.0],"autoUv":false,"rotation":180},"west":{"texture":"#head","uv":[10.0,48.0,8.0,52.0],"autoUv":false,"rotation":180},"up":{"texture":"#head","uv":[13.0,52.0,11.0,53.0],"autoUv":false},"down":{"texture":"#head","uv":[11.0,48.0,13.0,47.0],"autoUv":false}},"children":[]},{"name":"EarsWolf0L.027","from":[-0.978352608021,-2.257557592478,-2.049284676642],"to":[0.021976640811,-1.438689508352,-1.531379974299],"rotationOrigin":[-0.478187918663,-1.848123550415,-1.790332317352],"stepParentName":"b_EarR","rotationX":51.967040092462,"rotationY":169.574499882497,"rotationZ":18.418977964963,"group":"EarsWolf0R.002","faces":{"north":{"texture":"#head","uv":[24.0,32.0,21.0,42.0],"autoUv":false,"rotation":180},"east":{"texture":"#head","uv":[6.0,35.0,4.0,36.0],"autoUv":false,"rotation":180},"south":{"texture":"#head","uv":[6.0,35.0,9.0,36.0],"autoUv":false,"rotation":180},"west":{"texture":"#head","uv":[11.0,35.0,9.0,36.0],"autoUv":false,"rotation":180},"up":{"texture":"#head","uv":[9.0,36.0,6.0,38.0],"autoUv":false},"down":{"texture":"#head","uv":[6.0,35.0,9.0,33.0],"autoUv":false}},"children":[]},{"name":"EarsWolf0L.028","from":[-1.68317270886,-1.618637158592,-1.092825061242],"to":[0.689051179053,-0.110145711929,-0.418123741222],"rotationOrigin":[-0.497060656548,-0.864391326904,-0.755474328995],"stepParentName":"b_EarR","rotationX":-130.103137197317,"rotationY":9.351844638936,"rotationZ":-98.735807622735,"group":"EarsWolf0R.002","faces":{"north":{"texture":"#head","uv":[24.0,32.0,21.0,42.0],"autoUv":false,"rotation":90},"east":{"texture":"#head","uv":[9.0,47.0,6.0,49.0],"autoUv":false,"rotation":90},"south":{"texture":"#head","uv":[9.0,35.0,6.0,47.0],"autoUv":false,"rotation":270},"west":{"texture":"#head","uv":[9.0,33.0,6.0,35.0],"autoUv":false,"rotation":90},"up":{"texture":"#head","uv":[11.0,35.0,9.0,47.0],"autoUv":false,"rotation":270},"down":{"texture":"#head","uv":[4.0,47.0,6.0,35.0],"autoUv":false,"rotation":270}},"children":[]},{"name":"EarsWolf0L.029","from":[-1.264365056841,-2.974555908857,-2.230449717085],"to":[-0.78513202653,-1.223518431963,-1.663952806308],"rotationOrigin":[-1.024748444557,-2.09903717041,-1.947201251984],"stepParentName":"b_EarR","rotationX":55.993945457278,"rotationY":166.142083937756,"rotationZ":-20.143230192628,"group":"EarsWolf0R.002","faces":{"north":{"texture":"#head","uv":[12.0,35.0,11.0,43.0],"autoUv":false,"rotation":180},"east":{"texture":"#head","uv":[14.0,35.0,12.0,43.0],"autoUv":false,"rotation":180},"south":{"texture":"#head","uv":[14.0,35.0,15.0,43.0],"autoUv":false,"rotation":180},"west":{"texture":"#head","uv":[11.0,35.0,9.0,43.0],"autoUv":false,"rotation":180},"up":{"texture":"#head","uv":[14.0,43.0,12.0,44.0],"autoUv":false},"down":{"texture":"#head","uv":[12.0,35.0,14.0,34.0],"autoUv":false}},"children":[]},{"name":"EarsWolf0L.030","from":[-0.209261758883,-1.326759453829,-0.48502995611],"to":[0.61399779411,0.139408290025,0.136677460857],"rotationOrigin":[0.202368080616,-0.593675613403,-0.174176216125],"stepParentName":"b_EarR","rotationX":52.020978096338,"rotationY":165.950934263644,"rotationZ":-6.317195859568,"group":"EarsWolf0R.002","faces":{"north":{"texture":"#head","uv":[24.0,32.0,21.0,42.0],"autoUv":false,"rotation":180},"east":{"texture":"#head","uv":[6.0,44.0,4.0,48.0],"autoUv":false,"rotation":180},"south":{"texture":"#head","uv":[6.0,44.0,9.0,48.0],"autoUv":false,"rotation":180},"west":{"texture":"#head","uv":[11.0,44.0,9.0,48.0],"autoUv":false,"rotation":180},"up":{"texture":"#head","uv":[9.0,48.0,6.0,50.0],"autoUv":false},"down":{"texture":"#head","uv":[6.0,44.0,9.0,42.0],"autoUv":false}},"children":[]},{"name":"EarsWolf0L.031","from":[0.225238974166,-2.078007214646,0.008385099016],"to":[0.628922797886,0.139538126136,0.577032293509],"rotationOrigin":[0.427081167698,-0.969234466553,0.292708754539],"stepParentName":"b_EarR","rotationX":55.233004327131,"rotationY":166.087196537586,"rotationZ":-10.764968943303,"group":"EarsWolf0R.002","faces":{"north":{"texture":"#head","uv":[11.0,48.0,10.0,52.0],"autoUv":false,"rotation":180},"east":{"texture":"#head","uv":[13.0,48.0,11.0,52.0],"autoUv":false,"rotation":180},"south":{"texture":"#head","uv":[13.0,48.0,14.0,52.0],"autoUv":false,"rotation":180},"west":{"texture":"#head","uv":[10.0,48.0,8.0,52.0],"autoUv":false,"rotation":180},"up":{"texture":"#head","uv":[13.0,52.0,11.0,53.0],"autoUv":false},"down":{"texture":"#head","uv":[11.0,48.0,13.0,47.0],"autoUv":false}},"children":[]},{"name":"EarsWolf0L.032","from":[-0.501124229265,-3.286869305122,-2.414074802691],"to":[-0.097440207414,-1.584857762327,-1.845427685901],"rotationOrigin":[-0.29928201437,-2.435863494873,-2.129751205444],"stepParentName":"b_EarR","rotationX":55.233045308266,"rotationY":166.087182877207,"rotationZ":36.558997343843,"group":"EarsWolf0R.002","faces":{"north":{"texture":"#head","uv":[11.0,35.0,10.0,42.0],"autoUv":false,"rotation":180},"east":{"texture":"#head","uv":[13.0,35.0,11.0,42.0],"autoUv":false,"rotation":180},"south":{"texture":"#head","uv":[13.0,35.0,14.0,42.0],"autoUv":false,"rotation":180},"west":{"texture":"#head","uv":[10.0,35.0,8.0,42.0],"autoUv":false,"rotation":180},"up":{"texture":"#head","uv":[13.0,42.0,11.0,43.0],"autoUv":false},"down":{"texture":"#head","uv":[11.0,35.0,13.0,34.0],"autoUv":false}},"children":[]},{"name":"EarsWolf0L.033","from":[-1.684790700816,-2.06954680746,-0.747741804542],"to":[-1.205557592342,0.122361291103,-0.181244783686],"rotationOrigin":[-1.445174098015,-0.973592758179,-0.464493274689],"stepParentName":"b_EarR","rotationX":55.993921551616,"rotationY":166.142097598134,"rotationZ":-7.4300624867,"group":"EarsWolf0R.002","faces":{"north":{"texture":"#head","uv":[12.0,48.0,11.0,53.0],"autoUv":false,"rotation":180},"east":{"texture":"#head","uv":[14.0,48.0,12.0,53.0],"autoUv":false,"rotation":180},"south":{"texture":"#head","uv":[14.0,48.0,15.0,53.0],"autoUv":false,"rotation":180},"west":{"texture":"#head","uv":[11.0,48.0,9.0,53.0],"autoUv":false,"rotation":180},"up":{"texture":"#head","uv":[14.0,53.0,12.0,54.0],"autoUv":false},"down":{"texture":"#head","uv":[12.0,48.0,14.0,47.0],"autoUv":false}},"children":[]},{"name":"EarsWolf0L.034","from":[-0.977387912414,-2.524686862517,-2.39914054642],"to":[-0.308989994386,-1.977537105989,-2.053088010571],"rotationOrigin":[-0.6431889534,-2.251111984253,-2.226114273071],"stepParentName":"b_EarR","rotationX":51.967040092462,"rotationY":169.574486222119,"rotationZ":18.41899845553,"group":"EarsWolf0R.002","faces":{"north":{"texture":"#head","uv":[24.0,32.0,21.0,42.0],"autoUv":false,"rotation":180},"east":{"texture":"#head","uv":[6.0,35.0,4.0,36.0],"autoUv":false,"rotation":180},"south":{"texture":"#head","uv":[6.0,35.0,9.0,36.0],"autoUv":false,"rotation":180},"west":{"texture":"#head","uv":[11.0,35.0,9.0,36.0],"autoUv":false,"rotation":180},"up":{"texture":"#head","uv":[9.0,36.0,6.0,38.0],"autoUv":false},"down":{"texture":"#head","uv":[6.0,35.0,9.0,33.0],"autoUv":false}},"children":[]},{"name":"EarsWolf0L.035","from":[-0.758122862855,-2.030173565607,-1.414155230043],"to":[0.422193402686,-0.467144765218,-0.792447883192],"rotationOrigin":[-0.167964667082,-1.248659133911,-1.103301525116],"stepParentName":"b_EarR","rotationX":47.581604437734,"rotationY":166.963892298692,"rotationZ":25.196352697218,"group":"EarsWolf0R.002","faces":{"north":{"texture":"#head","uv":[24.0,32.0,21.0,42.0],"autoUv":false,"rotation":180},"east":{"texture":"#head","uv":[6.0,36.0,4.0,48.0],"autoUv":false,"rotation":180},"south":{"texture":"#head","uv":[6.0,36.0,9.0,48.0],"autoUv":false,"rotation":180},"west":{"texture":"#head","uv":[11.0,36.0,9.0,48.0],"autoUv":false,"rotation":180},"up":{"texture":"#head","uv":[9.0,48.0,6.0,50.0],"autoUv":false},"down":{"texture":"#head","uv":[6.0,36.0,9.0,34.0],"autoUv":false}},"children":[]},{"name":"EarsWolf0LFluff.015","from":[-0.6747261976,-1.625904249167,-0.893128091823],"to":[0.395847180962,-1.298557101858,-0.196545427312],"rotationOrigin":[-0.139439508319,-1.462230682373,-0.544836759567],"stepParentName":"b_EarR","rotationX":90.888883323064,"rotationY":-115.181168276077,"rotationZ":-34.053673710999,"group":"EarsWolf0R.002","faces":{"north":{"texture":"#head","uv":[22.0,36.0,21.0,43.0],"autoUv":false,"rotation":90},"east":{"texture":"head","uv":[49.0,57.0,55.0,63.0],"autoUv":false,"rotation":90,"enabled":false},"south":{"texture":"#head","uv":[20.0,36.0,21.0,42.0],"autoUv":false,"rotation":270},"west":{"texture":"#head","uv":[17.0,34.0,18.0,37.0],"autoUv":false,"rotation":270},"up":{"texture":"#head","uv":[26.0,37.0,29.0,43.0],"autoUv":false,"rotation":270},"down":{"texture":"#head","uv":[19.0,43.0,22.0,37.0],"autoUv":false,"rotation":270}},"children":[]},{"name":"EarsWolf0LFluff.016","from":[-1.27453788051,-1.822758840238,-1.195573286857],"to":[-0.143208004067,-1.491331809446,-0.685790089204],"rotationOrigin":[-0.708872973919,-1.65704536438,-0.940681695938],"stepParentName":"b_EarR","rotationX":61.734398435783,"rotationY":-110.144354555678,"rotationZ":-55.556922633424,"group":"EarsWolf0R.002","faces":{"north":{"texture":"#head","uv":[21.0,36.0,20.0,43.0],"autoUv":false,"rotation":90},"east":{"texture":"head","uv":[49.0,57.0,55.0,63.0],"autoUv":false,"rotation":90,"enabled":false},"south":{"texture":"#head","uv":[19.0,36.0,20.0,42.0],"autoUv":false,"rotation":270},"west":{"texture":"#head","uv":[17.0,34.0,18.0,37.0],"autoUv":false,"rotation":270},"up":{"texture":"#head","uv":[27.0,37.0,29.0,43.0],"autoUv":false,"rotation":270},"down":{"texture":"#head","uv":[18.0,42.0,20.0,36.0],"autoUv":false,"rotation":270}},"children":[]},{"name":"EarsWolf0LFluff.017","from":[-1.359870892519,-1.572876108392,-0.924514796295],"to":[-0.316407168305,-1.253818353386,-0.24557153403],"rotationOrigin":[-0.838139057159,-1.413347244263,-0.58504319191],"stepParentName":"b_EarR","rotationX":41.143492031742,"rotationY":-105.575490755694,"rotationZ":-84.709242350738,"group":"EarsWolf0R.002","faces":{"north":{"texture":"#head","uv":[22.0,36.0,21.0,43.0],"autoUv":false,"rotation":90},"east":{"texture":"head","uv":[49.0,57.0,55.0,63.0],"autoUv":false,"rotation":90,"enabled":false},"south":{"texture":"#head","uv":[20.0,36.0,21.0,42.0],"autoUv":false,"rotation":270},"west":{"texture":"#head","uv":[17.0,34.0,18.0,37.0],"autoUv":false,"rotation":270},"up":{"texture":"#head","uv":[26.0,37.0,29.0,43.0],"autoUv":false,"rotation":270},"down":{"texture":"#head","uv":[19.0,43.0,22.0,37.0],"autoUv":false,"rotation":270}},"children":[]},{"name":"EarsWolf0LFluff.018","from":[-0.455774619053,-1.239290322926,-0.347696055948],"to":[0.614798967408,-0.911943336449,0.348886718332],"rotationOrigin":[0.079512119293,-1.075616836548,0.000595331192],"stepParentName":"b_EarR","rotationX":76.554795613876,"rotationY":-104.38820580246,"rotationZ":-37.214254956963,"group":"EarsWolf0R.002","faces":{"north":{"texture":"#head","uv":[22.0,36.0,21.0,43.0],"autoUv":false,"rotation":90},"east":{"texture":"head","uv":[49.0,57.0,55.0,63.0],"autoUv":false,"rotation":90,"enabled":false},"south":{"texture":"#head","uv":[20.0,36.0,21.0,42.0],"autoUv":false,"rotation":270},"west":{"texture":"#head","uv":[17.0,34.0,18.0,37.0],"autoUv":false,"rotation":270},"up":{"texture":"#head","uv":[26.0,37.0,29.0,43.0],"autoUv":false,"rotation":270},"down":{"texture":"#head","uv":[19.0,43.0,22.0,37.0],"autoUv":false,"rotation":270}},"children":[]},{"name":"EarsWolf0LFluff.019","from":[-1.221497420834,-1.048242651343,-0.393368472635],"to":[-0.150923724605,-0.720895643676,0.303214301645],"rotationOrigin":[-0.68621057272,-0.884569168091,-0.045077085495],"stepParentName":"b_EarR","rotationX":76.554768293119,"rotationY":-104.388198972271,"rotationZ":-37.214278862625,"group":"EarsWolf0R.002","faces":{"north":{"texture":"#head","uv":[22.0,36.0,21.0,43.0],"autoUv":false,"rotation":90},"east":{"texture":"head","uv":[49.0,57.0,55.0,63.0],"autoUv":false,"rotation":90,"enabled":false},"south":{"texture":"#head","uv":[20.0,36.0,21.0,42.0],"autoUv":false,"rotation":270},"west":{"texture":"#head","uv":[17.0,34.0,18.0,37.0],"autoUv":false,"rotation":270},"up":{"texture":"#head","uv":[26.0,37.0,29.0,43.0],"autoUv":false,"rotation":270},"down":{"texture":"#head","uv":[19.0,43.0,22.0,37.0],"autoUv":false,"rotation":270}},"children":[]},{"name":"EarsWolf0LFluff.020","from":[-0.755071298895,-1.999327967808,-1.272017530858],"to":[0.465886320018,-1.641644118439,-0.721847533469],"rotationOrigin":[-0.144592523575,-1.820486068726,-0.996932506561],"stepParentName":"b_EarR","rotationX":98.304713403081,"rotationY":-131.339688305034,"rotationZ":-29.894023619664,"group":"EarsWolf0R.002","faces":{"north":{"texture":"#head","uv":[21.0,36.0,20.0,43.0],"autoUv":false,"rotation":90},"east":{"texture":"head","uv":[49.0,57.0,55.0,63.0],"autoUv":false,"rotation":90,"enabled":false},"south":{"texture":"#head","uv":[19.0,36.0,20.0,42.0],"autoUv":false,"rotation":270},"west":{"texture":"#head","uv":[17.0,34.0,18.0,37.0],"autoUv":false,"rotation":270},"up":{"texture":"#head","uv":[27.0,37.0,29.0,43.0],"autoUv":false,"rotation":270},"down":{"texture":"#head","uv":[18.0,42.0,20.0,36.0],"autoUv":false,"rotation":270}},"children":[]},{"name":"EarsWolf0L.036","from":[0.207279255997,-2.523703457623,0.833599263354],"to":[0.610963085528,-1.218861697406,1.402246380144],"rotationOrigin":[0.409121394157,-1.871282577515,1.117922782898],"stepParentName":"b_EarL","rotationX":-55.233069213928,"rotationY":13.91279651854,"rotationZ":-22.348244068046,"group":"EarsWolf0L.002","faces":{"north":{"texture":"#head","uv":[11.0,48.0,10.0,52.0],"autoUv":false,"rotation":180},"east":{"texture":"#head","uv":[11.0,48.0,13.0,52.0],"autoUv":false,"rotation":180},"south":{"texture":"#head","uv":[13.0,48.0,14.0,52.0],"autoUv":false,"rotation":180},"west":{"texture":"#head","uv":[8.0,48.0,10.0,52.0],"autoUv":false,"rotation":180},"up":{"texture":"#head","uv":[11.0,52.0,13.0,53.0],"autoUv":false,"rotation":180},"down":{"texture":"#head","uv":[13.0,48.0,11.0,47.0],"autoUv":false,"rotation":180}},"children":[]},{"name":"EarsWolf0L.037","from":[-0.978352965649,-2.257557592478,1.64061049264],"to":[0.021976283184,-1.438689508352,2.158515194983],"rotationOrigin":[-0.478188276291,-1.848123550415,1.899562835693],"stepParentName":"b_EarL","rotationX":-51.967046922651,"rotationY":10.42549829627,"rotationZ":-18.418971134773,"group":"EarsWolf0L.002","faces":{"north":{"texture":"#head","uv":[24.0,32.0,21.0,42.0],"autoUv":false,"rotation":180},"east":{"texture":"#head","uv":[4.0,35.0,6.0,36.0],"autoUv":false,"rotation":180},"south":{"texture":"#head","uv":[6.0,35.0,9.0,36.0],"autoUv":false,"rotation":180},"west":{"texture":"#head","uv":[9.0,35.0,11.0,36.0],"autoUv":false,"rotation":180},"up":{"texture":"#head","uv":[6.0,36.0,9.0,38.0],"autoUv":false,"rotation":180},"down":{"texture":"#head","uv":[9.0,35.0,6.0,33.0],"autoUv":false,"rotation":180}},"children":[]},{"name":"EarsWolf0L.038","from":[-1.683172738662,-1.618637158592,0.527354021145],"to":[0.689051149251,-0.110145711929,1.202055341165],"rotationOrigin":[-0.49706068635,-0.864391326904,0.864704608917],"stepParentName":"b_EarL","rotationX":-49.89686098145,"rotationY":9.351855737994,"rotationZ":98.735821283114,"group":"EarsWolf0L.002","faces":{"north":{"texture":"#head","uv":[24.0,32.0,21.0,42.0],"autoUv":false,"rotation":90},"east":{"texture":"#head","uv":[6.0,47.0,9.0,49.0],"autoUv":false,"rotation":270},"south":{"texture":"#head","uv":[9.0,35.0,6.0,47.0],"autoUv":false,"rotation":270},"west":{"texture":"#head","uv":[6.0,33.0,9.0,35.0],"autoUv":false,"rotation":270},"up":{"texture":"#head","uv":[9.0,35.0,11.0,47.0],"autoUv":false,"rotation":270},"down":{"texture":"#head","uv":[6.0,47.0,4.0,35.0],"autoUv":false,"rotation":270}},"children":[]},{"name":"EarsWolf0L.039","from":[-1.264364959543,-2.974555908857,1.773182847812],"to":[-0.785131885409,-1.223518431963,2.339679758589],"rotationOrigin":[-1.024748325348,-2.09903717041,2.056431293488],"stepParentName":"b_EarL","rotationX":-55.993959117656,"rotationY":13.857922778748,"rotationZ":20.143257513385,"group":"EarsWolf0L.002","faces":{"north":{"texture":"#head","uv":[12.0,35.0,11.0,43.0],"autoUv":false,"rotation":180},"east":{"texture":"#head","uv":[12.0,35.0,14.0,43.0],"autoUv":false,"rotation":180},"south":{"texture":"#head","uv":[14.0,35.0,15.0,43.0],"autoUv":false,"rotation":180},"west":{"texture":"#head","uv":[9.0,35.0,11.0,43.0],"autoUv":false,"rotation":180},"up":{"texture":"#head","uv":[12.0,43.0,14.0,44.0],"autoUv":false,"rotation":180},"down":{"texture":"#head","uv":[14.0,35.0,12.0,34.0],"autoUv":false,"rotation":180}},"children":[]},{"name":"EarsWolf0L.040","from":[-0.209261758883,-1.326759536506,-0.027447419353],"to":[0.61399779411,0.139408372702,0.594259997614],"rotationOrigin":[0.202368080616,-0.593675613403,0.283406257629],"stepParentName":"b_EarL","rotationX":-52.020967851054,"rotationY":14.049064768897,"rotationZ":6.317192017586,"group":"EarsWolf0L.002","faces":{"north":{"texture":"#head","uv":[24.0,32.0,21.0,42.0],"autoUv":false,"rotation":180},"east":{"texture":"#head","uv":[4.0,44.0,6.0,48.0],"autoUv":false,"rotation":180},"south":{"texture":"#head","uv":[6.0,44.0,9.0,48.0],"autoUv":false,"rotation":180},"west":{"texture":"#head","uv":[9.0,44.0,11.0,48.0],"autoUv":false,"rotation":180},"up":{"texture":"#head","uv":[6.0,48.0,9.0,50.0],"autoUv":false,"rotation":180},"down":{"texture":"#head","uv":[9.0,44.0,6.0,42.0],"autoUv":false,"rotation":180}},"children":[]},{"name":"EarsWolf0L.041","from":[0.22523901108,-2.078007214646,-0.467802371214],"to":[0.628922760971,0.139538126136,0.100844823278],"rotationOrigin":[0.427081167698,-0.969234466553,-0.183478832245],"stepParentName":"b_EarL","rotationX":124.766983606353,"rotationY":-13.912809325144,"rotationZ":-10.764997971607,"group":"EarsWolf0L.002","faces":{"north":{"texture":"#head","uv":[11.0,48.0,10.0,52.0],"autoUv":false,"rotation":180},"east":{"texture":"#head","uv":[11.0,48.0,13.0,52.0],"autoUv":false,"rotation":180},"south":{"texture":"#head","uv":[13.0,48.0,14.0,52.0],"autoUv":false,"rotation":180},"west":{"texture":"#head","uv":[8.0,48.0,10.0,52.0],"autoUv":false,"rotation":180},"up":{"texture":"#head","uv":[11.0,52.0,13.0,53.0],"autoUv":false,"rotation":180},"down":{"texture":"#head","uv":[13.0,48.0,11.0,47.0],"autoUv":false,"rotation":180}},"children":[]},{"name":"EarsWolf0L.042","from":[-0.501124229265,-3.286869305122,1.954657727405],"to":[-0.097440207414,-1.584857762327,2.523304844194],"rotationOrigin":[-0.29928201437,-2.435863494873,2.238981246948],"stepParentName":"b_EarL","rotationX":-55.233041893171,"rotationY":13.912830669486,"rotationZ":-36.558990513654,"group":"EarsWolf0L.002","faces":{"north":{"texture":"#head","uv":[11.0,35.0,10.0,42.0],"autoUv":false,"rotation":180},"east":{"texture":"#head","uv":[11.0,35.0,13.0,42.0],"autoUv":false,"rotation":180},"south":{"texture":"#head","uv":[13.0,35.0,14.0,42.0],"autoUv":false,"rotation":180},"west":{"texture":"#head","uv":[8.0,35.0,10.0,42.0],"autoUv":false,"rotation":180},"up":{"texture":"#head","uv":[11.0,42.0,13.0,43.0],"autoUv":false,"rotation":180},"down":{"texture":"#head","uv":[13.0,35.0,11.0,34.0],"autoUv":false,"rotation":180}},"children":[]},{"name":"EarsWolf0L.043","from":[-1.684790581607,-2.069546907679,0.29047482519],"to":[-1.205557473133,0.122361391321,0.856971846046],"rotationOrigin":[-1.445173978806,-0.973592758179,0.573723316193],"stepParentName":"b_EarL","rotationX":124.0060458913,"rotationY":-13.857914241011,"rotationZ":-7.43008809991,"group":"EarsWolf0L.002","faces":{"north":{"texture":"#head","uv":[12.0,48.0,11.0,53.0],"autoUv":false,"rotation":180},"east":{"texture":"#head","uv":[12.0,48.0,14.0,53.0],"autoUv":false,"rotation":180},"south":{"texture":"#head","uv":[14.0,48.0,15.0,53.0],"autoUv":false,"rotation":180},"west":{"texture":"#head","uv":[9.0,48.0,11.0,53.0],"autoUv":false,"rotation":180},"up":{"texture":"#head","uv":[12.0,53.0,14.0,54.0],"autoUv":false,"rotation":180},"down":{"texture":"#head","uv":[14.0,48.0,12.0,47.0],"autoUv":false,"rotation":180}},"children":[]},{"name":"EarsWolf0L.044","from":[-0.977387825447,-2.524686862517,2.162318052075],"to":[-0.308989962143,-1.977537105989,2.508370587924],"rotationOrigin":[-0.643188893795,-2.251111984253,2.335344314575],"stepParentName":"b_EarL","rotationX":-51.96706058303,"rotationY":10.425514517969,"rotationZ":-18.418991625341,"group":"EarsWolf0L.002","faces":{"north":{"texture":"#head","uv":[24.0,32.0,21.0,42.0],"autoUv":false,"rotation":180},"east":{"texture":"#head","uv":[4.0,35.0,6.0,36.0],"autoUv":false,"rotation":180},"south":{"texture":"#head","uv":[6.0,35.0,9.0,36.0],"autoUv":false,"rotation":180},"west":{"texture":"#head","uv":[9.0,35.0,11.0,36.0],"autoUv":false,"rotation":180},"up":{"texture":"#head","uv":[6.0,36.0,9.0,38.0],"autoUv":false,"rotation":180},"down":{"texture":"#head","uv":[9.0,35.0,6.0,33.0],"autoUv":false,"rotation":180}},"children":[]},{"name":"EarsWolf0L.045","from":[-0.741482430179,-2.028029642741,0.912115413251],"to":[0.438833968479,-0.465000842352,1.533822760103],"rotationOrigin":[-0.151324167848,-1.246515274048,1.222969055176],"stepParentName":"b_EarL","rotationX":-49.972324326495,"rotationY":11.27738424899,"rotationZ":-22.786146278755,"group":"EarsWolf0L.002","faces":{"north":{"texture":"#head","uv":[24.0,32.0,21.0,42.0],"autoUv":false,"rotation":180},"east":{"texture":"#head","uv":[4.0,36.0,6.0,48.0],"autoUv":false,"rotation":180},"south":{"texture":"#head","uv":[6.0,36.0,9.0,48.0],"autoUv":false,"rotation":180},"west":{"texture":"#head","uv":[9.0,36.0,11.0,48.0],"autoUv":false,"rotation":180},"up":{"texture":"#head","uv":[6.0,48.0,9.0,50.0],"autoUv":false,"rotation":180},"down":{"texture":"#head","uv":[9.0,36.0,6.0,34.0],"autoUv":false,"rotation":180}},"children":[]},{"name":"EarsWolf0LFluff.022","from":[-1.274537944045,-1.822758840238,0.795020130708],"to":[-0.143207940532,-1.491331809446,1.304803328361],"rotationOrigin":[-0.708872973919,-1.65704536438,1.049911737442],"stepParentName":"b_EarL","rotationX":118.265531441093,"rotationY":69.855650453279,"rotationZ":-55.556881652289,"group":"EarsWolf0L.002","faces":{"north":{"texture":"#head","uv":[21.0,36.0,20.0,43.0],"autoUv":false,"rotation":90},"east":{"texture":"head","uv":[55.0,57.0,49.0,63.0],"autoUv":false,"rotation":270,"enabled":false},"south":{"texture":"#head","uv":[19.0,36.0,20.0,42.0],"autoUv":false,"rotation":270},"west":{"texture":"#head","uv":[18.0,34.0,17.0,37.0],"autoUv":false,"rotation":90},"up":{"texture":"#head","uv":[29.0,37.0,27.0,43.0],"autoUv":false,"rotation":270},"down":{"texture":"#head","uv":[20.0,42.0,18.0,36.0],"autoUv":false,"rotation":270}},"children":[]},{"name":"EarsWolf0LFluff.023","from":[-1.359870961819,-1.572876087203,0.354801620625],"to":[-0.316407099006,-1.253818374576,1.033744792708],"rotationOrigin":[-0.838139057159,-1.413347244263,0.694273233414],"stepParentName":"b_EarL","rotationX":-41.143515937404,"rotationY":105.575483925505,"rotationZ":95.290810469543,"group":"EarsWolf0L.002","faces":{"north":{"texture":"#head","uv":[22.0,36.0,21.0,43.0],"autoUv":false,"rotation":90},"east":{"texture":"head","uv":[55.0,57.0,49.0,63.0],"autoUv":false,"rotation":270,"enabled":false},"south":{"texture":"#head","uv":[20.0,36.0,21.0,42.0],"autoUv":false,"rotation":270},"west":{"texture":"#head","uv":[18.0,34.0,17.0,37.0],"autoUv":false,"rotation":90},"up":{"texture":"#head","uv":[29.0,37.0,26.0,43.0],"autoUv":false,"rotation":270},"down":{"texture":"#head","uv":[22.0,43.0,19.0,37.0],"autoUv":false,"rotation":270}},"children":[]},{"name":"EarsWolf0LFluff.024","from":[-0.455774619053,-1.239290322926,-0.239656676828],"to":[0.614798967408,-0.911943336449,0.456926097451],"rotationOrigin":[0.079512119293,-1.075616836548,0.108634710312],"stepParentName":"b_EarL","rotationX":103.445202564892,"rotationY":75.611806036685,"rotationZ":-37.214248126774,"group":"EarsWolf0L.002","faces":{"north":{"texture":"#head","uv":[22.0,36.0,21.0,43.0],"autoUv":false,"rotation":90},"east":{"texture":"head","uv":[55.0,57.0,49.0,63.0],"autoUv":false,"rotation":270,"enabled":false},"south":{"texture":"#head","uv":[20.0,36.0,21.0,42.0],"autoUv":false,"rotation":270},"west":{"texture":"#head","uv":[18.0,34.0,17.0,37.0],"autoUv":false,"rotation":90},"up":{"texture":"#head","uv":[29.0,37.0,26.0,43.0],"autoUv":false,"rotation":270},"down":{"texture":"#head","uv":[22.0,43.0,19.0,37.0],"autoUv":false,"rotation":270}},"children":[]},{"name":"EarsWolf0LFluff.025","from":[-1.22149736123,-1.048242651343,-0.193984260141],"to":[-0.150923665,-0.720895643676,0.502598514138],"rotationOrigin":[-0.686210513115,-0.884569168091,0.154307126999],"stepParentName":"b_EarL","rotationX":103.445182074324,"rotationY":75.611806036685,"rotationZ":-37.214234466396,"group":"EarsWolf0L.002","faces":{"north":{"texture":"#head","uv":[22.0,36.0,21.0,43.0],"autoUv":false,"rotation":90},"east":{"texture":"head","uv":[55.0,57.0,49.0,63.0],"autoUv":false,"rotation":270,"enabled":false},"south":{"texture":"#head","uv":[20.0,36.0,21.0,42.0],"autoUv":false,"rotation":270},"west":{"texture":"#head","uv":[18.0,34.0,17.0,37.0],"autoUv":false,"rotation":90},"up":{"texture":"#head","uv":[29.0,37.0,26.0,43.0],"autoUv":false,"rotation":270},"down":{"texture":"#head","uv":[22.0,43.0,19.0,37.0],"autoUv":false,"rotation":270}},"children":[]},{"name":"EarsWolf0LFluff.026","from":[-0.755071298895,-1.999327967808,0.831077784762],"to":[0.465886320018,-1.641644118439,1.38124783941],"rotationOrigin":[-0.144592523575,-1.820486068726,1.106162786484],"stepParentName":"b_EarL","rotationX":81.695318926632,"rotationY":48.660320119016,"rotationZ":-29.894033864948,"group":"EarsWolf0L.002","faces":{"north":{"texture":"#head","uv":[21.0,36.0,20.0,43.0],"autoUv":false,"rotation":90},"east":{"texture":"head","uv":[55.0,57.0,49.0,63.0],"autoUv":false,"rotation":270,"enabled":false},"south":{"texture":"#head","uv":[19.0,36.0,20.0,42.0],"autoUv":false,"rotation":270},"west":{"texture":"#head","uv":[18.0,34.0,17.0,37.0],"autoUv":false,"rotation":90},"up":{"texture":"#head","uv":[29.0,37.0,27.0,43.0],"autoUv":false,"rotation":270},"down":{"texture":"#head","uv":[20.0,42.0,18.0,36.0],"autoUv":false,"rotation":270}},"children":[]},{"name":"STart","from":[-0.6747261976,-1.625904238572,0.305775468816],"to":[0.395847180962,-1.298557112453,1.002358133327],"rotationOrigin":[-0.139439508319,-1.462230682373,0.654066801071],"stepParentName":"b_EarL","rotationX":89.111087534947,"rotationY":64.81882990269,"rotationZ":-34.05362248458,"group":"EarsWolf0L.002","faces":{"north":{"texture":"#head","uv":[22.0,36.0,21.0,43.0],"autoUv":false,"rotation":90},"east":{"texture":"head","uv":[55.0,57.0,49.0,63.0],"autoUv":false,"rotation":270,"enabled":false},"south":{"texture":"#head","uv":[20.0,36.0,21.0,42.0],"autoUv":false,"rotation":270},"west":{"texture":"#head","uv":[18.0,34.0,17.0,37.0],"autoUv":false,"rotation":90},"up":{"texture":"#head","uv":[29.0,37.0,26.0,43.0],"autoUv":false,"rotation":270},"down":{"texture":"#head","uv":[22.0,43.0,19.0,37.0],"autoUv":false,"rotation":270}},"children":[]}],"groups":[]}