{"textureWidth":64,"textureHeight":64,"textures":{},"textureSizes":{"head":[64,64]},"elements":[{"name":"EarBunny0L.001","from":[-1.067488700151,3.215340137482,1.077441781759],"to":[0.196108490229,5.609678982873,1.955917090178],"rotationOrigin":[-0.435689717531,5.609115600586,1.516679525375],"stepParentName":"b_EarL","rotationX":77.265483627205,"rotationY":-69.696541196563,"rotationZ":72.28986157158,"group":"EarBunny0L","faces":{"north":{"texture":"#head","uv":[9.0,36.0,6.0,40.0],"autoUv":false},"east":{"texture":"#head","uv":[9.0,36.0,11.0,40.0],"autoUv":false},"south":{"texture":"#head","uv":[21.0,32.0,24.0,42.0],"autoUv":false},"west":{"texture":"#head","uv":[4.0,36.0,6.0,40.0],"autoUv":false},"up":{"texture":"#head","uv":[6.0,34.0,9.0,36.0],"autoUv":false},"down":{"texture":"#head","uv":[9.0,42.0,6.0,40.0],"autoUv":false}},"children":[]},{"name":"EarBunny0L.002","from":[-3.005792319775,5.394790709019,1.321928143501],"to":[-0.536805922398,6.370022237301,2.21864759922],"rotationOrigin":[-0.538379609585,5.88240814209,1.77028799057],"stepParentName":"b_EarL","rotationX":-103.76269707827,"rotationY":-110.689123613689,"rotationZ":-54.733580895019,"group":"EarBunny0L","faces":{"north":{"texture":"#head","uv":[6.0,35.0,9.0,40.0],"autoUv":false,"rotation":270},"east":{"texture":"#head","uv":[6.0,33.0,9.0,35.0],"autoUv":false,"rotation":90},"south":{"texture":"#head","uv":[21.0,32.0,24.0,42.0],"autoUv":false,"rotation":90},"west":{"texture":"#head","uv":[6.0,40.0,9.0,42.0],"autoUv":false,"rotation":90},"up":{"texture":"#head","uv":[4.0,35.0,6.0,40.0],"autoUv":false,"rotation":90},"down":{"texture":"#head","uv":[11.0,40.0,9.0,35.0],"autoUv":false,"rotation":90}},"children":[]},{"name":"EarBunny0L.003","from":[-0.610896363854,3.332226037979,1.600541651249],"to":[-0.382676258683,5.595805436639,2.500952750444],"rotationOrigin":[-0.496786236763,5.595806121826,2.050746917725],"stepParentName":"b_EarL","rotationX":80.481403065824,"rotationY":-70.969039589882,"rotationZ":78.822124720186,"group":"EarBunny0L","faces":{"north":{"texture":"#head","uv":[14.0,36.0,13.0,40.0],"autoUv":false},"east":{"texture":"#head","uv":[8.0,36.0,10.0,40.0],"autoUv":false},"south":{"texture":"#head","uv":[10.0,36.0,11.0,40.0],"autoUv":false},"west":{"texture":"#head","uv":[11.0,36.0,13.0,40.0],"autoUv":false},"up":{"texture":"#head","uv":[11.0,35.0,13.0,36.0],"autoUv":false},"down":{"texture":"#head","uv":[13.0,41.0,11.0,40.0],"autoUv":false}},"children":[]},{"name":"EarBunny0L.004","from":[-0.851918518543,5.218106627464,0.952599585056],"to":[-0.690442211926,6.294019201538,1.854926258326],"rotationOrigin":[-0.771179974079,6.290946960449,1.403763055801],"stepParentName":"b_EarL","rotationX":-99.51854047143,"rotationY":-109.030958588885,"rotationZ":-57.911070274274,"group":"EarBunny0L","faces":{"north":{"texture":"#head","uv":[8.0,36.0,12.0,37.0],"autoUv":false,"rotation":270},"east":{"texture":"#head","uv":[8.0,34.0,12.0,36.0],"autoUv":false},"south":{"texture":"#head","uv":[12.0,36.0,8.0,37.0],"autoUv":false,"rotation":270},"west":{"texture":"#head","uv":[8.0,34.0,12.0,36.0],"autoUv":false,"rotation":180},"up":{"texture":"#head","uv":[4.0,36.0,8.0,37.0],"autoUv":false,"rotation":90},"down":{"texture":"#head","uv":[8.0,37.0,4.0,36.0],"autoUv":false,"rotation":90}},"children":[]},{"name":"EarBunny0L.005","from":[-0.825521871448,3.666644096375,0.961801052094],"to":[-0.639466047287,6.186603654136,1.858802139759],"rotationOrigin":[-0.732494056225,6.186603546143,1.410301923752],"stepParentName":"b_EarL","rotationX":80.481464537527,"rotationY":-70.969046420072,"rotationZ":39.909502244964,"group":"EarBunny0L","faces":{"north":{"texture":"#head","uv":[15.0,35.0,14.0,40.0],"autoUv":false},"east":{"texture":"#head","uv":[9.0,35.0,11.0,40.0],"autoUv":false},"south":{"texture":"#head","uv":[11.0,35.0,12.0,40.0],"autoUv":false},"west":{"texture":"#head","uv":[12.0,35.0,14.0,40.0],"autoUv":false},"up":{"texture":"#head","uv":[12.0,34.0,14.0,35.0],"autoUv":false},"down":{"texture":"#head","uv":[14.0,41.0,12.0,40.0],"autoUv":false}},"children":[]},{"name":"EarBunny0L.006","from":[0.092678427696,0.063208937645,-0.450846600116],"to":[0.681066989899,1.343951463699,1.797579169273],"rotationOrigin":[0.386872708797,0.604627609253,-0.450846552849],"stepParentName":"b_EarL","rotationX":-58.781297846236,"rotationY":-35.179954829661,"rotationZ":5.283841172111,"group":"EarBunny0L","faces":{"north":{"texture":"#head","uv":[18.0,34.0,17.0,37.0],"autoUv":false,"rotation":180},"east":{"texture":"#head","uv":[19.0,37.0,22.0,43.0],"autoUv":false,"rotation":90},"south":{"texture":"head","uv":[55.0,57.0,49.0,63.0],"autoUv":false,"rotation":180,"enabled":false},"west":{"texture":"#head","uv":[29.0,37.0,26.0,43.0],"autoUv":false,"rotation":270},"up":{"texture":"#head","uv":[21.0,36.0,20.0,42.0],"autoUv":false},"down":{"texture":"#head","uv":[22.0,43.0,21.0,36.0],"autoUv":false,"rotation":180}},"children":[]},{"name":"EarBunny0L.013","from":[-0.142031118274,0.898264348507,-0.222544469112],"to":[0.320044204593,1.767172515392,1.557705998421],"rotationOrigin":[0.089006543159,1.265584945679,-0.222544431686],"stepParentName":"b_EarL","rotationX":-79.183216331037,"rotationY":-30.390311994946,"rotationZ":3.077321026538,"group":"EarBunny0L","faces":{"north":{"texture":"#head","uv":[18.0,34.0,17.0,37.0],"autoUv":false,"rotation":180},"east":{"texture":"#head","uv":[19.0,36.0,21.0,42.0],"autoUv":false,"rotation":90},"south":{"texture":"head","uv":[55.0,57.0,49.0,63.0],"autoUv":false,"rotation":180,"enabled":false},"west":{"texture":"#head","uv":[29.0,37.0,27.0,43.0],"autoUv":false,"rotation":270},"up":{"texture":"#head","uv":[20.0,36.0,19.0,42.0],"autoUv":false},"down":{"texture":"#head","uv":[21.0,43.0,20.0,36.0],"autoUv":false,"rotation":180}},"children":[]},{"name":"EarBunny0L.007","from":[-0.323938697577,2.582722187042,-0.592113554478],"to":[-0.099733866751,4.459137043305,0.304887622595],"rotationOrigin":[-0.211836397648,4.459136962891,-0.143612623215],"stepParentName":"b_EarL","rotationX":36.74830286688,"rotationY":-75.424699834562,"rotationZ":18.074009015647,"group":"EarBunny0L","faces":{"north":{"texture":"#head","uv":[15.0,41.0,14.0,45.0],"autoUv":false},"east":{"texture":"#head","uv":[9.0,41.0,11.0,45.0],"autoUv":false},"south":{"texture":"#head","uv":[11.0,41.0,12.0,45.0],"autoUv":false},"west":{"texture":"#head","uv":[12.0,41.0,14.0,45.0],"autoUv":false},"up":{"texture":"#head","uv":[12.0,40.0,14.0,41.0],"autoUv":false},"down":{"texture":"#head","uv":[14.0,46.0,12.0,45.0],"autoUv":false}},"children":[]},{"name":"EarBunny0L.008","from":[0.067755118012,1.545569181442,1.497057497501],"to":[0.349331185222,3.548697818945,2.397468596697],"rotationOrigin":[0.208543241024,3.548698425293,1.947262763977],"stepParentName":"b_EarL","rotationX":54.883148377464,"rotationY":-80.830323279574,"rotationZ":28.127625709725,"group":"EarBunny0L","faces":{"north":{"texture":"#head","uv":[14.0,41.0,13.0,46.0],"autoUv":false},"east":{"texture":"#head","uv":[8.0,41.0,10.0,46.0],"autoUv":false},"south":{"texture":"#head","uv":[10.0,41.0,11.0,46.0],"autoUv":false},"west":{"texture":"#head","uv":[11.0,41.0,13.0,46.0],"autoUv":false},"up":{"texture":"#head","uv":[11.0,40.0,13.0,41.0],"autoUv":false},"down":{"texture":"#head","uv":[13.0,47.0,11.0,46.0],"autoUv":false}},"children":[]},{"name":"EarBunny0L.009","from":[-0.271022036672,-0.837664604187,-1.093483269215],"to":[0.177028223872,2.723240051285,-0.196482092142],"rotationOrigin":[-0.046997129917,2.723239898682,-0.644982337952],"stepParentName":"b_EarL","rotationX":15.056112128992,"rotationY":-77.402114731362,"rotationZ":2.988430810246,"group":"EarBunny0L","faces":{"north":{"texture":"#head","uv":[15.0,45.0,14.0,52.0],"autoUv":false},"east":{"texture":"#head","uv":[9.0,45.0,11.0,52.0],"autoUv":false},"south":{"texture":"#head","uv":[11.0,45.0,12.0,52.0],"autoUv":false},"west":{"texture":"#head","uv":[12.0,45.0,14.0,52.0],"autoUv":false},"up":{"texture":"#head","uv":[12.0,44.0,14.0,45.0],"autoUv":false},"down":{"texture":"#head","uv":[14.0,53.0,12.0,52.0],"autoUv":false}},"children":[]},{"name":"EarBunny0L.010","from":[0.066631272435,-1.948380470276,0.534466087818],"to":[0.548111543059,1.877882752921,1.44077706337],"rotationOrigin":[0.307371556759,1.877883911133,0.987621307373],"stepParentName":"b_EarL","rotationX":-2.970289400923,"rotationY":-80.823472599837,"rotationZ":-32.728114993113,"group":"EarBunny0L","faces":{"north":{"texture":"#head","uv":[14.0,46.0,13.0,53.0],"autoUv":false},"east":{"texture":"#head","uv":[8.0,46.0,10.0,53.0],"autoUv":false},"south":{"texture":"#head","uv":[10.0,46.0,11.0,53.0],"autoUv":false},"west":{"texture":"#head","uv":[11.0,46.0,13.0,53.0],"autoUv":false},"up":{"texture":"#head","uv":[11.0,45.0,13.0,46.0],"autoUv":false},"down":{"texture":"#head","uv":[13.0,54.0,11.0,53.0],"autoUv":false}},"children":[]},{"name":"EarBunny0L.011","from":[-0.283180296421,-1.917719364166,0.847076952457],"to":[0.772771120071,3.639445405221,1.777274340391],"rotationOrigin":[0.244795739651,3.638137817383,1.312175750732],"stepParentName":"b_EarL","rotationX":35.316848896101,"rotationY":-76.545007952795,"rotationZ":8.365168318041,"group":"EarBunny0L","faces":{"north":{"texture":"#head","uv":[9.0,41.0,6.0,51.0],"autoUv":false},"east":{"texture":"#head","uv":[9.0,41.0,11.0,51.0],"autoUv":false},"south":{"texture":"#head","uv":[21.0,32.0,24.0,42.0],"autoUv":false},"west":{"texture":"#head","uv":[4.0,41.0,6.0,51.0],"autoUv":false},"up":{"texture":"#head","uv":[6.0,39.0,9.0,41.0],"autoUv":false},"down":{"texture":"#head","uv":[9.0,53.0,6.0,51.0],"autoUv":false}},"children":[]},{"name":"EarBunny0L.012","from":[-4.768824756145,3.715017318726,-0.027022242546],"to":[-0.021254234947,4.856969773769,0.770947605371],"rotationOrigin":[-0.024280250072,4.285995483398,0.371962785721],"stepParentName":"b_EarL","rotationX":39.600822090709,"rotationY":-78.133675802794,"rotationZ":113.55248917792,"group":"EarBunny0L","faces":{"north":{"texture":"#head","uv":[6.0,41.0,9.0,52.0],"autoUv":false,"rotation":270},"east":{"texture":"#head","uv":[6.0,39.0,9.0,41.0],"autoUv":false,"rotation":90},"south":{"texture":"#head","uv":[21.0,32.0,24.0,42.0],"autoUv":false,"rotation":90},"west":{"texture":"#head","uv":[6.0,52.0,9.0,54.0],"autoUv":false,"rotation":90},"up":{"texture":"#head","uv":[4.0,41.0,6.0,52.0],"autoUv":false,"rotation":90},"down":{"texture":"#head","uv":[11.0,52.0,9.0,41.0],"autoUv":false,"rotation":90}},"children":[]},{"name":"EarBunny0L","from":[0.026510834694,1.121647149324,0.158653691345],"to":[0.590454697609,2.299169063568,2.288256645203],"rotationOrigin":[0.308482766151,1.619430541992,0.158653736115],"stepParentName":"b_EarL","rotationX":-55.005702461742,"rotationY":-30.856492896367,"rotationZ":22.371883352763,"group":"EarBunny0L","faces":{"north":{"texture":"#head","uv":[18.0,34.0,17.0,37.0],"autoUv":false,"rotation":180},"east":{"texture":"#head","uv":[17.0,38.0,19.0,44.0],"autoUv":false,"rotation":90},"south":{"texture":"head","uv":[55.0,57.0,49.0,63.0],"autoUv":false,"rotation":180,"enabled":false},"west":{"texture":"#head","uv":[29.0,37.0,27.0,43.0],"autoUv":false,"rotation":270},"up":{"texture":"#head","uv":[20.0,36.0,19.0,42.0],"autoUv":false},"down":{"texture":"#head","uv":[21.0,43.0,20.0,36.0],"autoUv":false,"rotation":180}},"children":[]},{"name":"EarBunny0R.001","from":[-1.067488670349,3.396893024445,-1.017640322447],"to":[0.196108520031,5.791231869836,-0.139165014029],"rotationOrigin":[-0.435689687729,5.790668487549,-0.578402757645],"stepParentName":"b_EarR","rotationX":-65.517435311378,"rotationY":69.696541196563,"rotationZ":72.289875231958,"group":"EarBunny0R","faces":{"north":{"texture":"#head","uv":[24.0,32.0,21.0,42.0],"autoUv":false},"east":{"texture":"#head","uv":[11.0,36.0,9.0,40.0],"autoUv":false},"south":{"texture":"#head","uv":[6.0,36.0,9.0,40.0],"autoUv":false},"west":{"texture":"#head","uv":[6.0,36.0,4.0,40.0],"autoUv":false},"up":{"texture":"#head","uv":[9.0,34.0,6.0,36.0],"autoUv":false,"rotation":180},"down":{"texture":"#head","uv":[6.0,42.0,9.0,40.0],"autoUv":false,"rotation":180}},"children":[]},{"name":"EarBunny0R.002","from":[-3.005792319775,5.622249662876,-1.219414353371],"to":[-0.536805922398,6.597481191158,-0.322694897652],"rotationOrigin":[-0.538379609585,6.109867095947,-0.77105474472],"stepParentName":"b_EarR","rotationX":-64.489211803535,"rotationY":69.310881395268,"rotationZ":125.266379717708,"group":"EarBunny0R","faces":{"north":{"texture":"#head","uv":[24.0,32.0,21.0,42.0],"autoUv":false,"rotation":270},"east":{"texture":"#head","uv":[9.0,33.0,6.0,35.0],"autoUv":false,"rotation":270},"south":{"texture":"#head","uv":[9.0,35.0,6.0,40.0],"autoUv":false,"rotation":90},"west":{"texture":"#head","uv":[9.0,40.0,6.0,42.0],"autoUv":false,"rotation":270},"up":{"texture":"#head","uv":[6.0,35.0,4.0,40.0],"autoUv":false,"rotation":90},"down":{"texture":"#head","uv":[9.0,40.0,11.0,35.0],"autoUv":false,"rotation":90}},"children":[]},{"name":"EarBunny0R.003","from":[-0.610896363854,3.622799158096,-1.554198771715],"to":[-0.382676258683,5.886378556757,-0.65378767252],"rotationOrigin":[-0.496786236763,5.886379241943,-1.103992938995],"stepParentName":"b_EarR","rotationX":-68.7334162217,"rotationY":70.969053250261,"rotationZ":78.822206682456,"group":"EarBunny0R","faces":{"north":{"texture":"#head","uv":[11.0,36.0,10.0,40.0],"autoUv":false},"east":{"texture":"#head","uv":[10.0,36.0,8.0,40.0],"autoUv":false},"south":{"texture":"#head","uv":[13.0,36.0,14.0,40.0],"autoUv":false},"west":{"texture":"#head","uv":[13.0,36.0,11.0,40.0],"autoUv":false},"up":{"texture":"#head","uv":[13.0,35.0,11.0,36.0],"autoUv":false,"rotation":180},"down":{"texture":"#head","uv":[11.0,41.0,13.0,40.0],"autoUv":false,"rotation":180}},"children":[]},{"name":"EarBunny0R.004","from":[-0.851918518543,5.362382292747,-0.780187994242],"to":[-0.690442211926,6.438294866821,0.122138679028],"rotationOrigin":[-0.771179974079,6.435222625732,-0.329024791718],"stepParentName":"b_EarR","rotationX":-68.733395731132,"rotationY":70.969046420072,"rotationZ":122.088934734683,"group":"EarBunny0R","faces":{"north":{"texture":"#head","uv":[8.0,36.0,12.0,37.0],"autoUv":false,"rotation":90},"east":{"texture":"#head","uv":[12.0,34.0,8.0,36.0],"autoUv":false},"south":{"texture":"#head","uv":[12.0,36.0,8.0,37.0],"autoUv":false,"rotation":90},"west":{"texture":"#head","uv":[12.0,34.0,8.0,36.0],"autoUv":false,"rotation":180},"up":{"texture":"#head","uv":[8.0,36.0,4.0,37.0],"autoUv":false,"rotation":90},"down":{"texture":"#head","uv":[4.0,37.0,8.0,36.0],"autoUv":false,"rotation":90}},"children":[]},{"name":"EarBunny0R.005","from":[-0.825521871448,3.814436912537,-0.805172502995],"to":[-0.639466047287,6.334396470298,0.091828584671],"rotationOrigin":[-0.732494056225,6.334396362305,-0.356672286987],"stepParentName":"b_EarR","rotationX":-68.733402561321,"rotationY":70.969046420072,"rotationZ":39.909509075153,"group":"EarBunny0R","faces":{"north":{"texture":"#head","uv":[12.0,35.0,11.0,40.0],"autoUv":false},"east":{"texture":"#head","uv":[11.0,35.0,9.0,40.0],"autoUv":false},"south":{"texture":"#head","uv":[14.0,35.0,15.0,40.0],"autoUv":false},"west":{"texture":"#head","uv":[14.0,35.0,12.0,40.0],"autoUv":false},"up":{"texture":"#head","uv":[14.0,34.0,12.0,35.0],"autoUv":false,"rotation":180},"down":{"texture":"#head","uv":[12.0,41.0,14.0,40.0],"autoUv":false,"rotation":180}},"children":[]},{"name":"EarBunny0R.006","from":[0.092678427696,-0.05101454258,-1.919474363327],"to":[0.681066989899,1.229727983475,0.328951406063],"rotationOrigin":[0.386872708797,0.490404129028,0.328951358795],"stepParentName":"b_EarR","rotationX":70.529359822441,"rotationY":35.179965074945,"rotationZ":5.28382793862,"group":"EarBunny0R","faces":{"north":{"texture":"head","uv":[49.0,57.0,55.0,63.0],"autoUv":false,"rotation":180,"enabled":false},"east":{"texture":"#head","uv":[22.0,37.0,19.0,43.0],"autoUv":false,"rotation":270},"south":{"texture":"#head","uv":[17.0,34.0,18.0,37.0],"autoUv":false,"rotation":180},"west":{"texture":"#head","uv":[26.0,37.0,29.0,43.0],"autoUv":false,"rotation":90},"up":{"texture":"#head","uv":[20.0,36.0,21.0,42.0],"autoUv":false,"rotation":180},"down":{"texture":"#head","uv":[21.0,43.0,22.0,36.0],"autoUv":false}},"children":[]},{"name":"EarBunny0R.013","from":[-0.142031177878,0.816681325436,-1.540242791176],"to":[0.320044144988,1.685589492321,0.240007676357],"rotationOrigin":[0.089006483555,1.184001922607,0.240007638931],"stepParentName":"b_EarR","rotationX":90.931278307242,"rotationY":30.390301749663,"rotationZ":3.077320813095,"group":"EarBunny0R","faces":{"north":{"texture":"head","uv":[49.0,57.0,55.0,63.0],"autoUv":false,"rotation":180,"enabled":false},"east":{"texture":"#head","uv":[21.0,36.0,19.0,42.0],"autoUv":false,"rotation":270},"south":{"texture":"#head","uv":[17.0,34.0,18.0,37.0],"autoUv":false,"rotation":180},"west":{"texture":"#head","uv":[27.0,37.0,29.0,43.0],"autoUv":false,"rotation":90},"up":{"texture":"#head","uv":[19.0,36.0,20.0,42.0],"autoUv":false,"rotation":180},"down":{"texture":"#head","uv":[20.0,43.0,21.0,36.0],"autoUv":false}},"children":[]},{"name":"EarBunny0R.007","from":[-0.323938697577,2.450314044952,0.36446467042],"to":[-0.099733866751,4.326728901215,1.261465847492],"rotationOrigin":[-0.211836397648,4.326728820801,0.812964916229],"stepParentName":"b_EarR","rotationX":-25.000269918978,"rotationY":75.424706664751,"rotationZ":18.074032921309,"group":"EarBunny0R","faces":{"north":{"texture":"#head","uv":[12.0,41.0,11.0,45.0],"autoUv":false},"east":{"texture":"#head","uv":[11.0,41.0,9.0,45.0],"autoUv":false},"south":{"texture":"#head","uv":[14.0,41.0,15.0,45.0],"autoUv":false},"west":{"texture":"#head","uv":[14.0,41.0,12.0,45.0],"autoUv":false},"up":{"texture":"#head","uv":[14.0,40.0,12.0,41.0],"autoUv":false,"rotation":180},"down":{"texture":"#head","uv":[12.0,46.0,14.0,45.0],"autoUv":false,"rotation":180}},"children":[]},{"name":"EarBunny0R.008","from":[0.067755177617,1.857950925827,-1.869690448046],"to":[0.349331244826,3.86107956333,-0.96927934885],"rotationOrigin":[0.208543300629,3.861080169678,-1.419484615326],"stepParentName":"b_EarR","rotationX":-43.135082986164,"rotationY":80.830323279574,"rotationZ":28.127620587083,"group":"EarBunny0R","faces":{"north":{"texture":"#head","uv":[11.0,41.0,10.0,46.0],"autoUv":false},"east":{"texture":"#head","uv":[10.0,41.0,8.0,46.0],"autoUv":false},"south":{"texture":"#head","uv":[13.0,41.0,14.0,46.0],"autoUv":false},"west":{"texture":"#head","uv":[13.0,41.0,11.0,46.0],"autoUv":false},"up":{"texture":"#head","uv":[13.0,40.0,11.0,41.0],"autoUv":false,"rotation":180},"down":{"texture":"#head","uv":[11.0,47.0,13.0,46.0],"autoUv":false,"rotation":180}},"children":[]},{"name":"EarBunny0R.009","from":[-0.271022036672,-1.035796165466,0.501887947321],"to":[0.177028223872,2.525108490006,1.398889124393],"rotationOrigin":[-0.046997129917,2.525108337402,0.95038819313],"stepParentName":"b_EarR","rotationX":-3.308049939343,"rotationY":77.402121561551,"rotationZ":2.988430596802,"group":"EarBunny0R","faces":{"north":{"texture":"#head","uv":[12.0,45.0,11.0,52.0],"autoUv":false},"east":{"texture":"#head","uv":[11.0,45.0,9.0,52.0],"autoUv":false},"south":{"texture":"#head","uv":[14.0,45.0,15.0,52.0],"autoUv":false},"west":{"texture":"#head","uv":[14.0,45.0,12.0,52.0],"autoUv":false},"up":{"texture":"#head","uv":[14.0,44.0,12.0,45.0],"autoUv":false,"rotation":180},"down":{"texture":"#head","uv":[12.0,53.0,14.0,52.0],"autoUv":false,"rotation":180}},"children":[]},{"name":"EarBunny0R.010","from":[0.066631272435,-1.796391487122,-1.273293733597],"to":[0.548111543059,2.029871736075,-0.366982758045],"rotationOrigin":[0.307371556759,2.029872894287,-0.8201379776],"stepParentName":"b_EarR","rotationX":14.718331953778,"rotationY":80.823452109269,"rotationZ":-32.728074011978,"group":"EarBunny0R","faces":{"north":{"texture":"#head","uv":[11.0,46.0,10.0,53.0],"autoUv":false},"east":{"texture":"#head","uv":[10.0,46.0,8.0,53.0],"autoUv":false},"south":{"texture":"#head","uv":[13.0,46.0,14.0,53.0],"autoUv":false},"west":{"texture":"#head","uv":[13.0,46.0,11.0,53.0],"autoUv":false},"up":{"texture":"#head","uv":[13.0,45.0,11.0,46.0],"autoUv":false,"rotation":180},"down":{"texture":"#head","uv":[11.0,54.0,13.0,53.0],"autoUv":false,"rotation":180}},"children":[]},{"name":"EarBunny0R.011","from":[-0.283180296421,-1.736521244049,-1.244589775801],"to":[0.772771120071,3.820643525338,-0.314392387867],"rotationOrigin":[0.244795739651,3.8193359375,-0.779491186142],"stepParentName":"b_EarR","rotationX":-23.568768136876,"rotationY":76.545001122606,"rotationZ":8.365147827473,"group":"EarBunny0R","faces":{"north":{"texture":"#head","uv":[24.0,32.0,21.0,42.0],"autoUv":false},"east":{"texture":"#head","uv":[11.0,41.0,9.0,51.0],"autoUv":false},"south":{"texture":"#head","uv":[6.0,41.0,9.0,51.0],"autoUv":false},"west":{"texture":"#head","uv":[6.0,41.0,4.0,51.0],"autoUv":false},"up":{"texture":"#head","uv":[9.0,39.0,6.0,41.0],"autoUv":false,"rotation":180},"down":{"texture":"#head","uv":[6.0,53.0,9.0,51.0],"autoUv":false,"rotation":180}},"children":[]},{"name":"EarBunny0R.012","from":[-4.768824756145,3.691213607788,-0.126048237085],"to":[-0.021254234947,4.833166062832,0.671921610832],"rotationOrigin":[-0.024280250072,4.262191772461,0.272936582565],"stepParentName":"b_EarR","rotationX":-27.852777189976,"rotationY":78.133675802794,"rotationZ":113.552502838298,"group":"EarBunny0R","faces":{"north":{"texture":"#head","uv":[24.0,32.0,21.0,42.0],"autoUv":false,"rotation":270},"east":{"texture":"#head","uv":[9.0,39.0,6.0,41.0],"autoUv":false,"rotation":270},"south":{"texture":"#head","uv":[9.0,41.0,6.0,52.0],"autoUv":false,"rotation":90},"west":{"texture":"#head","uv":[9.0,52.0,6.0,54.0],"autoUv":false,"rotation":270},"up":{"texture":"#head","uv":[6.0,41.0,4.0,52.0],"autoUv":false,"rotation":90},"down":{"texture":"#head","uv":[9.0,52.0,11.0,41.0],"autoUv":false,"rotation":90}},"children":[]},{"name":"EarBunny0R","from":[0.026510834694,1.110267907381,-2.190761327744],"to":[0.590454697609,2.287789821625,-0.061158373886],"rotationOrigin":[0.308482766151,1.608051300049,-0.061158418655],"stepParentName":"b_EarR","rotationX":66.753774683231,"rotationY":30.856496311462,"rotationZ":22.371878230121,"group":"EarBunny0R","faces":{"north":{"texture":"head","uv":[49.0,57.0,55.0,63.0],"autoUv":false,"rotation":180,"enabled":false},"east":{"texture":"#head","uv":[19.0,38.0,17.0,44.0],"autoUv":false,"rotation":270},"south":{"texture":"#head","uv":[17.0,34.0,18.0,37.0],"autoUv":false,"rotation":180},"west":{"texture":"#head","uv":[27.0,37.0,29.0,43.0],"autoUv":false,"rotation":90},"up":{"texture":"#head","uv":[19.0,36.0,20.0,42.0],"autoUv":false,"rotation":180},"down":{"texture":"#head","uv":[20.0,43.0,21.0,36.0],"autoUv":false}},"children":[]}],"groups":[]}