{"textureWidth":64,"textureHeight":64,"textures":{},"textureSizes":{"head":[64,64]},"elements":[{"name":"EarsWolf0L.015","from":[-0.705486009872,0.075381511177,-1.148556254068],"to":[-0.314199954956,1.34014964727,-0.597373100087],"rotationOrigin":[-0.509842991829,0.707765579224,-0.87296462059],"stepParentName":"b_EarR","rotationX":153.399068305155,"rotationY":85.339381943185,"rotationZ":26.227882016619,"group":"EarsWolf0R.001","faces":{"north":{"texture":"#head","uv":[11.0,48.0,10.0,52.0],"autoUv":false,"rotation":180},"east":{"texture":"#head","uv":[13.0,48.0,11.0,52.0],"autoUv":false,"rotation":180},"south":{"texture":"#head","uv":[13.0,48.0,14.0,52.0],"autoUv":false,"rotation":180},"west":{"texture":"#head","uv":[10.0,48.0,8.0,52.0],"autoUv":false,"rotation":180},"up":{"texture":"#head","uv":[13.0,52.0,11.0,53.0],"autoUv":false},"down":{"texture":"#head","uv":[11.0,48.0,13.0,47.0],"autoUv":false}},"children":[]},{"name":"EarsWolf0L.016","from":[-0.6851403931,1.227627157027,-0.509113183166],"to":[0.284467304748,2.021346626461,-0.007114077901],"rotationOrigin":[-0.200336292386,1.624486923218,-0.258113622665],"stepParentName":"b_EarR","rotationX":45.141259809559,"rotationY":93.127580276373,"rotationZ":129.988198773964,"group":"EarsWolf0R.001","faces":{"north":{"texture":"#head","uv":[24.0,32.0,21.0,42.0],"autoUv":false,"rotation":180},"east":{"texture":"#head","uv":[6.0,35.0,4.0,36.0],"autoUv":false,"rotation":180},"south":{"texture":"#head","uv":[6.0,35.0,9.0,36.0],"autoUv":false,"rotation":180},"west":{"texture":"#head","uv":[11.0,35.0,9.0,36.0],"autoUv":false,"rotation":180},"up":{"texture":"#head","uv":[9.0,36.0,6.0,38.0],"autoUv":false},"down":{"texture":"#head","uv":[6.0,35.0,9.0,33.0],"autoUv":false}},"children":[]},{"name":"EarsWolf0L.017","from":[-1.151941549273,-0.348975141155,-0.008083537845],"to":[1.147427914648,1.113188353073,0.645896727504],"rotationOrigin":[-0.002256572247,0.382106781006,0.318906664848],"stepParentName":"b_EarR","rotationX":-143.319963052642,"rotationY":84.752566240643,"rotationZ":20.876596141549,"group":"EarsWolf0R.001","faces":{"north":{"texture":"#head","uv":[24.0,32.0,21.0,42.0],"autoUv":false,"rotation":90},"east":{"texture":"#head","uv":[9.0,47.0,6.0,49.0],"autoUv":false,"rotation":90},"south":{"texture":"#head","uv":[9.0,35.0,6.0,47.0],"autoUv":false,"rotation":270},"west":{"texture":"#head","uv":[9.0,33.0,6.0,35.0],"autoUv":false,"rotation":90},"up":{"texture":"#head","uv":[11.0,35.0,9.0,47.0],"autoUv":false,"rotation":270},"down":{"texture":"#head","uv":[4.0,47.0,6.0,35.0],"autoUv":false,"rotation":270}},"children":[]},{"name":"EarsWolf0L.018","from":[-0.628022880836,1.214994864128,-0.169490356848],"to":[-0.163507750366,2.912255505994,0.379608631781],"rotationOrigin":[-0.395765155554,2.063625335693,0.105059146881],"stepParentName":"b_EarR","rotationX":144.351458221097,"rotationY":85.284576505285,"rotationZ":-7.063494771682,"group":"EarsWolf0R.001","faces":{"north":{"texture":"#head","uv":[12.0,35.0,11.0,43.0],"autoUv":false,"rotation":180},"east":{"texture":"#head","uv":[14.0,35.0,12.0,43.0],"autoUv":false,"rotation":180},"south":{"texture":"#head","uv":[14.0,35.0,15.0,43.0],"autoUv":false,"rotation":180},"west":{"texture":"#head","uv":[11.0,35.0,9.0,43.0],"autoUv":false,"rotation":180},"up":{"texture":"#head","uv":[14.0,43.0,12.0,44.0],"autoUv":false},"down":{"texture":"#head","uv":[12.0,35.0,14.0,34.0],"autoUv":false}},"children":[]},{"name":"EarsWolf0L.019","from":[-0.521113210088,-1.855272880417,-0.037789764945],"to":[0.276862838938,-0.434133120173,0.564824108696],"rotationOrigin":[0.035640388727,-0.729930877686,0.263517141342],"stepParentName":"b_EarR","rotationX":7.557313179806,"rotationY":95.56157282862,"rotationZ":142.754887842228,"group":"EarsWolf0R.001","faces":{"north":{"texture":"#head","uv":[24.0,32.0,21.0,42.0],"autoUv":false,"rotation":180},"east":{"texture":"#head","uv":[6.0,44.0,4.0,48.0],"autoUv":false,"rotation":180},"south":{"texture":"#head","uv":[6.0,44.0,9.0,48.0],"autoUv":false,"rotation":180},"west":{"texture":"#head","uv":[11.0,44.0,9.0,48.0],"autoUv":false,"rotation":180},"up":{"texture":"#head","uv":[9.0,48.0,6.0,50.0],"autoUv":false},"down":{"texture":"#head","uv":[6.0,44.0,9.0,42.0],"autoUv":false}},"children":[]},{"name":"EarsWolf0L.020","from":[-0.714608778958,-1.33095642781,-0.709188024911],"to":[-0.323322726274,0.818484987207,-0.158004795614],"rotationOrigin":[-0.518965423107,-0.506086349487,-0.433596372604],"stepParentName":"b_EarR","rotationX":153.399150267425,"rotationY":85.339395603563,"rotationZ":-6.88545863389,"group":"EarsWolf0R.001","faces":{"north":{"texture":"#head","uv":[11.0,48.0,10.0,52.0],"autoUv":false,"rotation":180},"east":{"texture":"#head","uv":[13.0,48.0,11.0,52.0],"autoUv":false,"rotation":180},"south":{"texture":"#head","uv":[13.0,48.0,14.0,52.0],"autoUv":false,"rotation":180},"west":{"texture":"#head","uv":[10.0,48.0,8.0,52.0],"autoUv":false,"rotation":180},"up":{"texture":"#head","uv":[13.0,52.0,11.0,53.0],"autoUv":false},"down":{"texture":"#head","uv":[11.0,48.0,13.0,47.0],"autoUv":false}},"children":[]},{"name":"EarsWolf0L.021","from":[-0.64151671835,1.266173168019,-0.963696721002],"to":[-0.250230402059,2.915913550613,-0.412513567022],"rotationOrigin":[-0.445873230696,2.09104347229,-0.688105106354],"stepParentName":"b_EarR","rotationX":-26.60125943024,"rotationY":94.660629895961,"rotationZ":-139.561023084439,"group":"EarsWolf0R.001","faces":{"north":{"texture":"#head","uv":[11.0,35.0,10.0,42.0],"autoUv":false,"rotation":180},"east":{"texture":"#head","uv":[13.0,35.0,11.0,42.0],"autoUv":false,"rotation":180},"south":{"texture":"#head","uv":[13.0,35.0,14.0,42.0],"autoUv":false,"rotation":180},"west":{"texture":"#head","uv":[10.0,35.0,8.0,42.0],"autoUv":false,"rotation":180},"up":{"texture":"#head","uv":[13.0,42.0,11.0,43.0],"autoUv":false},"down":{"texture":"#head","uv":[11.0,35.0,13.0,34.0],"autoUv":false}},"children":[]},{"name":"EarsWolf0L.022","from":[-0.62792846854,-0.501113830033,0.90949417895],"to":[-0.163413369563,1.623477949539,1.458593275869],"rotationOrigin":[-0.395670890808,0.561182022095,1.184043765068],"stepParentName":"b_EarR","rotationX":144.35134893807,"rotationY":85.284590165663,"rotationZ":5.649702816324,"group":"EarsWolf0R.001","faces":{"north":{"texture":"#head","uv":[12.0,48.0,11.0,53.0],"autoUv":false,"rotation":180},"east":{"texture":"#head","uv":[14.0,48.0,12.0,53.0],"autoUv":false,"rotation":180},"south":{"texture":"#head","uv":[14.0,48.0,15.0,53.0],"autoUv":false,"rotation":180},"west":{"texture":"#head","uv":[11.0,48.0,9.0,53.0],"autoUv":false,"rotation":180},"up":{"texture":"#head","uv":[14.0,53.0,12.0,54.0],"autoUv":false},"down":{"texture":"#head","uv":[12.0,48.0,14.0,47.0],"autoUv":false}},"children":[]},{"name":"EarsWolf0L.023","from":[-0.625848500061,1.941331788032,-0.512515476195],"to":[0.022021879171,2.471677771403,-0.177090724048],"rotationOrigin":[-0.301913142204,2.206504821777,-0.344803094864],"stepParentName":"b_EarR","rotationX":45.14120858314,"rotationY":93.127573446184,"rotationZ":129.988280736234,"group":"EarsWolf0R.001","faces":{"north":{"texture":"#head","uv":[24.0,32.0,21.0,42.0],"autoUv":false,"rotation":180},"east":{"texture":"#head","uv":[6.0,35.0,4.0,36.0],"autoUv":false,"rotation":180},"south":{"texture":"#head","uv":[6.0,35.0,9.0,36.0],"autoUv":false,"rotation":180},"west":{"texture":"#head","uv":[11.0,35.0,9.0,36.0],"autoUv":false,"rotation":180},"up":{"texture":"#head","uv":[9.0,36.0,6.0,38.0],"autoUv":false},"down":{"texture":"#head","uv":[6.0,35.0,9.0,33.0],"autoUv":false}},"children":[]},{"name":"EarsWolf0L.025","from":[-0.592443502157,-0.974089986729,-0.489085379187],"to":[0.551623655007,0.540935925847,0.113528494454],"rotationOrigin":[-0.020409435034,0.245138168335,-0.1877784729],"stepParentName":"b_EarR","rotationX":-149.357850278933,"rotationY":83.615619781592,"rotationZ":-30.150364034309,"group":"EarsWolf0R.001","faces":{"north":{"texture":"#head","uv":[24.0,32.0,21.0,42.0],"autoUv":false,"rotation":180},"east":{"texture":"#head","uv":[6.0,36.0,4.0,48.0],"autoUv":false,"rotation":180},"south":{"texture":"#head","uv":[6.0,36.0,9.0,48.0],"autoUv":false,"rotation":180},"west":{"texture":"#head","uv":[11.0,36.0,9.0,48.0],"autoUv":false,"rotation":180},"up":{"texture":"#head","uv":[9.0,48.0,6.0,50.0],"autoUv":false},"down":{"texture":"#head","uv":[6.0,36.0,9.0,34.0],"autoUv":false}},"children":[]},{"name":"EarsWolf0LFluff.009","from":[-1.049134303485,0.207151956182,-0.486188425376],"to":[-0.011439751233,0.524445771313,0.189001203435],"rotationOrigin":[-0.530287027359,0.365798950195,-0.148593664169],"stepParentName":"b_EarR","rotationX":-8.024264185056,"rotationY":11.196636898848,"rotationZ":109.716736902311,"group":"EarsWolf0R.001","faces":{"north":{"texture":"#head","uv":[22.0,36.0,21.0,43.0],"autoUv":false,"rotation":90},"east":{"texture":"head","uv":[49.0,57.0,55.0,63.0],"autoUv":false,"rotation":90,"enabled":false},"south":{"texture":"#head","uv":[20.0,36.0,21.0,42.0],"autoUv":false,"rotation":270},"west":{"texture":"#head","uv":[17.0,34.0,18.0,37.0],"autoUv":false,"rotation":270},"up":{"texture":"#head","uv":[26.0,37.0,29.0,43.0],"autoUv":false,"rotation":270},"down":{"texture":"#head","uv":[19.0,43.0,22.0,37.0],"autoUv":false,"rotation":270}},"children":[]},{"name":"EarsWolf0LFluff.010","from":[-1.102253019723,0.80979872533,-0.047251408751],"to":[-0.005667810898,1.131047147408,0.446875601519],"rotationOrigin":[-0.553960323334,0.970422744751,0.199811935425],"stepParentName":"b_EarR","rotationX":-20.399630371429,"rotationY":10.741343318964,"rotationZ":117.591186864337,"group":"EarsWolf0R.001","faces":{"north":{"texture":"#head","uv":[21.0,36.0,20.0,43.0],"autoUv":false,"rotation":90},"east":{"texture":"head","uv":[49.0,57.0,55.0,63.0],"autoUv":false,"rotation":90,"enabled":false},"south":{"texture":"#head","uv":[19.0,36.0,20.0,42.0],"autoUv":false,"rotation":270},"west":{"texture":"#head","uv":[17.0,34.0,18.0,37.0],"autoUv":false,"rotation":270},"up":{"texture":"#head","uv":[27.0,37.0,29.0,43.0],"autoUv":false,"rotation":270},"down":{"texture":"#head","uv":[18.0,42.0,20.0,36.0],"autoUv":false,"rotation":270}},"children":[]},{"name":"EarsWolf0LFluff.011","from":[-1.084628913444,0.478137088768,0.145885165177],"to":[-0.073211452356,0.787396125166,0.803977107581],"rotationOrigin":[-0.57892036438,0.632766723633,0.474931240082],"stepParentName":"b_EarR","rotationX":-26.469301883023,"rotationY":5.873893103659,"rotationZ":108.951154658622,"group":"EarsWolf0R.001","faces":{"north":{"texture":"#head","uv":[22.0,36.0,21.0,43.0],"autoUv":false,"rotation":90},"east":{"texture":"head","uv":[49.0,57.0,55.0,63.0],"autoUv":false,"rotation":90,"enabled":false},"south":{"texture":"#head","uv":[20.0,36.0,21.0,42.0],"autoUv":false,"rotation":270},"west":{"texture":"#head","uv":[17.0,34.0,18.0,37.0],"autoUv":false,"rotation":270},"up":{"texture":"#head","uv":[26.0,37.0,29.0,43.0],"autoUv":false,"rotation":270},"down":{"texture":"#head","uv":[19.0,43.0,22.0,37.0],"autoUv":false,"rotation":270}},"children":[]},{"name":"EarsWolf0LFluff.012","from":[-1.012253984459,-0.471242130166,-0.427928168795],"to":[0.025440775692,-0.153948431802,0.247261566413],"rotationOrigin":[-0.493406444788,-0.312595367432,-0.09033370018],"stepParentName":"b_EarR","rotationX":-17.513757626335,"rotationY":4.131794445465,"rotationZ":121.38255657072,"group":"EarsWolf0R.001","faces":{"north":{"texture":"#head","uv":[22.0,36.0,21.0,43.0],"autoUv":false,"rotation":90},"east":{"texture":"head","uv":[49.0,57.0,55.0,63.0],"autoUv":false,"rotation":90,"enabled":false},"south":{"texture":"#head","uv":[20.0,36.0,21.0,42.0],"autoUv":false,"rotation":270},"west":{"texture":"#head","uv":[17.0,34.0,18.0,37.0],"autoUv":false,"rotation":270},"up":{"texture":"#head","uv":[26.0,37.0,29.0,43.0],"autoUv":false,"rotation":270},"down":{"texture":"#head","uv":[19.0,43.0,22.0,37.0],"autoUv":false,"rotation":270}},"children":[]},{"name":"EarsWolf0LFluff.013","from":[-0.957047513223,-0.241254162313,0.300892948253],"to":[0.080647353325,0.07603955724,0.976082683461],"rotationOrigin":[-0.438200026751,-0.082607269287,0.638487815857],"stepParentName":"b_EarR","rotationX":-17.513757626335,"rotationY":4.131791457258,"rotationZ":121.38255657072,"group":"EarsWolf0R.001","faces":{"north":{"texture":"#head","uv":[22.0,36.0,21.0,43.0],"autoUv":false,"rotation":90},"east":{"texture":"head","uv":[49.0,57.0,55.0,63.0],"autoUv":false,"rotation":90,"enabled":false},"south":{"texture":"#head","uv":[20.0,36.0,21.0,42.0],"autoUv":false,"rotation":270},"west":{"texture":"#head","uv":[17.0,34.0,18.0,37.0],"autoUv":false,"rotation":270},"up":{"texture":"#head","uv":[26.0,37.0,29.0,43.0],"autoUv":false,"rotation":270},"down":{"texture":"#head","uv":[19.0,43.0,22.0,37.0],"autoUv":false,"rotation":270}},"children":[]},{"name":"EarsWolf0LFluff.014","from":[-1.154665127426,0.706974042691,-0.631649176625],"to":[0.028794965788,1.053672893185,-0.098375654524],"rotationOrigin":[-0.562935113907,0.880323410034,-0.365012407303],"stepParentName":"b_EarR","rotationX":6.224239119398,"rotationY":20.663670116816,"rotationZ":103.667812090321,"group":"EarsWolf0R.001","faces":{"north":{"texture":"#head","uv":[21.0,36.0,20.0,43.0],"autoUv":false,"rotation":90},"east":{"texture":"head","uv":[49.0,57.0,55.0,63.0],"autoUv":false,"rotation":90,"enabled":false},"south":{"texture":"#head","uv":[19.0,36.0,20.0,42.0],"autoUv":false,"rotation":270},"west":{"texture":"#head","uv":[17.0,34.0,18.0,37.0],"autoUv":false,"rotation":270},"up":{"texture":"#head","uv":[27.0,37.0,29.0,43.0],"autoUv":false,"rotation":270},"down":{"texture":"#head","uv":[18.0,42.0,20.0,36.0],"autoUv":false,"rotation":270}},"children":[]},{"name":"EarsWolf0L.002","from":[-0.451335806512,1.139685256682,-0.138746318997],"to":[0.050663235805,2.109292372977,0.654973118964],"rotationOrigin":[-0.200336277485,1.624488830566,0.258113384247],"stepParentName":"b_EarL","rotationX":94.828393002354,"rotationY":2.395777216954,"rotationZ":2.011053791905,"group":"EarsWolf0L.001","faces":{"north":{"texture":"#head","uv":[6.0,33.0,9.0,35.0],"autoUv":false,"rotation":270},"east":{"texture":"#head","uv":[9.0,35.0,6.0,36.0],"autoUv":false,"rotation":90},"south":{"texture":"#head","uv":[6.0,36.0,9.0,38.0],"autoUv":false,"rotation":270},"west":{"texture":"#head","uv":[21.0,32.0,24.0,42.0],"autoUv":false,"rotation":270},"up":{"texture":"#head","uv":[9.0,35.0,11.0,36.0],"autoUv":false},"down":{"texture":"#head","uv":[6.0,36.0,4.0,35.0],"autoUv":false,"rotation":180}},"children":[]},{"name":"EarsWolf0L.003","from":[-0.329246958961,-0.767576078616,-1.049987731716],"to":[0.324733306388,1.53179310523,0.412175692493],"rotationOrigin":[-0.002256721258,0.382108688354,-0.318905949593],"stepParentName":"b_EarL","rotationX":32.501762524018,"rotationY":-1.615830018224,"rotationZ":4.904054906615,"group":"EarsWolf0L.001","faces":{"north":{"texture":"#head","uv":[4.0,35.0,6.0,47.0],"autoUv":false},"east":{"texture":"#head","uv":[6.0,35.0,9.0,47.0],"autoUv":false},"south":{"texture":"#head","uv":[9.0,35.0,11.0,47.0],"autoUv":false},"west":{"texture":"#head","uv":[21.0,32.0,24.0,42.0],"autoUv":false},"up":{"texture":"#head","uv":[6.0,33.0,9.0,35.0],"autoUv":false,"rotation":90},"down":{"texture":"#head","uv":[9.0,49.0,6.0,47.0],"autoUv":false,"rotation":270}},"children":[]},{"name":"EarsWolf0L.004","from":[-0.628022863468,1.214996846792,-0.379611518705],"to":[-0.163507764492,2.912257639292,0.169487502897],"rotationOrigin":[-0.395765304565,2.063627243042,-0.105062007904],"stepParentName":"b_EarL","rotationX":35.648550202954,"rotationY":-94.715408013104,"rotationZ":-7.063538314138,"group":"EarsWolf0L.001","faces":{"north":{"texture":"#head","uv":[15.0,35.0,14.0,43.0],"autoUv":false},"east":{"texture":"#head","uv":[9.0,35.0,11.0,43.0],"autoUv":false},"south":{"texture":"#head","uv":[11.0,35.0,12.0,43.0],"autoUv":false},"west":{"texture":"#head","uv":[12.0,35.0,14.0,43.0],"autoUv":false},"up":{"texture":"#head","uv":[12.0,34.0,14.0,35.0],"autoUv":false},"down":{"texture":"#head","uv":[14.0,44.0,12.0,43.0],"autoUv":false}},"children":[]},{"name":"EarsWolf0LFluff.003","from":[-0.688933858075,0.028204082591,-0.370253558758],"to":[-0.371640077434,0.703393764601,0.667440887097],"rotationOrigin":[-0.530286967754,0.365798950195,0.148593664169],"stepParentName":"b_EarL","rotationX":-85.956516855452,"rotationY":-19.326356643368,"rotationZ":-11.874729541911,"group":"EarsWolf0L.001","faces":{"north":{"texture":"#head","uv":[18.0,34.0,17.0,37.0],"autoUv":false,"rotation":180},"east":{"texture":"#head","uv":[19.0,37.0,22.0,43.0],"autoUv":false,"rotation":90},"south":{"texture":"head","uv":[55.0,57.0,49.0,63.0],"autoUv":false,"rotation":180,"enabled":false},"west":{"texture":"#head","uv":[29.0,37.0,26.0,43.0],"autoUv":false,"rotation":270},"up":{"texture":"#head","uv":[21.0,36.0,20.0,42.0],"autoUv":false},"down":{"texture":"#head","uv":[22.0,43.0,21.0,36.0],"autoUv":false,"rotation":180}},"children":[]},{"name":"EarsWolf0LFluff.004","from":[-0.714584572696,0.723359233981,-0.748105399318],"to":[-0.393336073971,1.217486240192,0.348479621119],"rotationOrigin":[-0.553960323334,0.970422744751,-0.199812889099],"stepParentName":"b_EarL","rotationX":-75.163342645971,"rotationY":-27.067781841119,"rotationZ":-12.081372646381,"group":"EarsWolf0L.001","faces":{"north":{"texture":"#head","uv":[18.0,34.0,17.0,37.0],"autoUv":false,"rotation":180},"east":{"texture":"#head","uv":[18.0,36.0,20.0,42.0],"autoUv":false,"rotation":90},"south":{"texture":"head","uv":[55.0,57.0,49.0,63.0],"autoUv":false,"rotation":180,"enabled":false},"west":{"texture":"#head","uv":[29.0,37.0,27.0,43.0],"autoUv":false,"rotation":270},"up":{"texture":"#head","uv":[20.0,36.0,19.0,42.0],"autoUv":false},"down":{"texture":"#head","uv":[21.0,43.0,20.0,36.0],"autoUv":false,"rotation":180}},"children":[]},{"name":"EarsWolf0L.008","from":[-0.321716346576,-0.326895349179,-1.031449307736],"to":[0.280897536113,0.817171624781,0.784307501946],"rotationOrigin":[-0.020409405231,0.245138168335,0.187778949738],"stepParentName":"b_EarL","rotationX":89.353654873131,"rotationY":3.201719902222,"rotationZ":5.526399545672,"group":"EarsWolf0L.001","faces":{"north":{"texture":"#head","uv":[6.0,34.0,9.0,36.0],"autoUv":false,"rotation":270},"east":{"texture":"#head","uv":[9.0,36.0,6.0,48.0],"autoUv":false,"rotation":90},"south":{"texture":"#head","uv":[6.0,48.0,9.0,50.0],"autoUv":false,"rotation":270},"west":{"texture":"#head","uv":[21.0,32.0,24.0,42.0],"autoUv":false,"rotation":270},"up":{"texture":"#head","uv":[9.0,36.0,11.0,48.0],"autoUv":false},"down":{"texture":"#head","uv":[6.0,48.0,4.0,36.0],"autoUv":false,"rotation":180}},"children":[]},{"name":"EarsWolf0LFluff.005","from":[-0.733550167639,0.303722614688,-0.98063961978],"to":[-0.424291157167,0.961814595423,0.030777616454],"rotationOrigin":[-0.578920662403,0.632768630981,-0.474931001663],"stepParentName":"b_EarL","rotationX":-65.543287577386,"rotationY":-18.847903599556,"rotationZ":-6.207970889456,"group":"EarsWolf0L.001","faces":{"north":{"texture":"#head","uv":[18.0,34.0,17.0,37.0],"autoUv":false,"rotation":180},"east":{"texture":"#head","uv":[19.0,37.0,22.0,43.0],"autoUv":false,"rotation":90},"south":{"texture":"head","uv":[55.0,57.0,49.0,63.0],"autoUv":false,"rotation":180,"enabled":false},"west":{"texture":"#head","uv":[29.0,37.0,26.0,43.0],"autoUv":false,"rotation":270},"up":{"texture":"#head","uv":[21.0,36.0,20.0,42.0],"autoUv":false},"down":{"texture":"#head","uv":[22.0,43.0,21.0,36.0],"autoUv":false,"rotation":180}},"children":[]},{"name":"EarsWolf0L.010","from":[-0.719265938245,-1.85529545208,0.172286370579],"to":[-0.327979827585,0.306298227188,0.72346947256],"rotationOrigin":[-0.523623108864,-0.518571853638,0.447877883911],"stepParentName":"b_EarL","rotationX":26.601011835883,"rotationY":-94.660623065771,"rotationZ":-6.376154906257,"group":"EarsWolf0L.001","faces":{"north":{"texture":"#head","uv":[14.0,48.0,13.0,52.0],"autoUv":false},"east":{"texture":"#head","uv":[8.0,48.0,10.0,52.0],"autoUv":false},"south":{"texture":"#head","uv":[10.0,48.0,11.0,52.0],"autoUv":false},"west":{"texture":"#head","uv":[11.0,48.0,13.0,52.0],"autoUv":false},"up":{"texture":"#head","uv":[11.0,47.0,13.0,48.0],"autoUv":false},"down":{"texture":"#head","uv":[13.0,53.0,11.0,52.0],"autoUv":false}},"children":[]},{"name":"EarsWolf0L.011","from":[-0.705485761605,0.075383478186,0.597372392002],"to":[-0.314199650946,1.340151494959,1.148555493983],"rotationOrigin":[-0.509842932224,0.707767486572,0.872963905334],"stepParentName":"b_EarL","rotationX":26.600957194369,"rotationY":-94.660616235582,"rotationZ":26.227892261903,"group":"EarsWolf0L.001","faces":{"north":{"texture":"#head","uv":[14.0,48.0,13.0,52.0],"autoUv":false},"east":{"texture":"#head","uv":[8.0,48.0,10.0,52.0],"autoUv":false},"south":{"texture":"#head","uv":[10.0,48.0,11.0,52.0],"autoUv":false},"west":{"texture":"#head","uv":[11.0,48.0,13.0,52.0],"autoUv":false},"up":{"texture":"#head","uv":[11.0,47.0,13.0,48.0],"autoUv":false},"down":{"texture":"#head","uv":[13.0,53.0,11.0,52.0],"autoUv":false}},"children":[]},{"name":"EarsWolf0L.012","from":[-0.641515952212,1.266173313645,0.412514069858],"to":[-0.250229878467,2.915913630935,0.96369717184],"rotationOrigin":[-0.445873141289,2.09104347229,0.688105583191],"stepParentName":"b_EarL","rotationX":26.600996467957,"rotationY":-94.660616235582,"rotationZ":40.438691641478,"group":"EarsWolf0L.001","faces":{"north":{"texture":"#head","uv":[14.0,35.0,13.0,42.0],"autoUv":false},"east":{"texture":"#head","uv":[8.0,35.0,10.0,42.0],"autoUv":false},"south":{"texture":"#head","uv":[10.0,35.0,11.0,42.0],"autoUv":false},"west":{"texture":"#head","uv":[11.0,35.0,13.0,42.0],"autoUv":false},"up":{"texture":"#head","uv":[11.0,34.0,13.0,35.0],"autoUv":false},"down":{"texture":"#head","uv":[13.0,43.0,11.0,42.0],"autoUv":false}},"children":[]},{"name":"EarsWolf0L.013","from":[-0.627928449711,-0.501111897783,-1.458592202986],"to":[-0.163413350734,1.62347975667,-0.909493181383],"rotationOrigin":[-0.395670890808,0.561183929443,-1.184042692184],"stepParentName":"b_EarL","rotationX":35.648615089751,"rotationY":-94.715408013104,"rotationZ":5.649674214907,"group":"EarsWolf0L.001","faces":{"north":{"texture":"#head","uv":[15.0,48.0,14.0,53.0],"autoUv":false},"east":{"texture":"#head","uv":[9.0,48.0,11.0,53.0],"autoUv":false},"south":{"texture":"#head","uv":[11.0,48.0,12.0,53.0],"autoUv":false},"west":{"texture":"#head","uv":[12.0,48.0,14.0,53.0],"autoUv":false},"up":{"texture":"#head","uv":[12.0,47.0,14.0,48.0],"autoUv":false},"down":{"texture":"#head","uv":[14.0,54.0,12.0,53.0],"autoUv":false}},"children":[]},{"name":"EarsWolf0L.014","from":[-0.469625518414,1.882565796434,0.079629821331],"to":[-0.134200716905,2.530436196696,0.60997591259],"rotationOrigin":[-0.301913112402,2.20650100708,0.344802856445],"stepParentName":"b_EarL","rotationX":94.828393002354,"rotationY":2.395777430398,"rotationZ":2.011055499453,"group":"EarsWolf0L.001","faces":{"north":{"texture":"#head","uv":[6.0,33.0,9.0,35.0],"autoUv":false,"rotation":270},"east":{"texture":"#head","uv":[9.0,35.0,6.0,36.0],"autoUv":false,"rotation":90},"south":{"texture":"#head","uv":[6.0,36.0,9.0,38.0],"autoUv":false,"rotation":270},"west":{"texture":"#head","uv":[21.0,32.0,24.0,42.0],"autoUv":false,"rotation":270},"up":{"texture":"#head","uv":[9.0,35.0,11.0,36.0],"autoUv":false},"down":{"texture":"#head","uv":[6.0,36.0,4.0,35.0],"autoUv":false,"rotation":180}},"children":[]},{"name":"EarsWolf0LFluff.006","from":[-0.652053294712,-0.650192142384,-0.428513999585],"to":[-0.33475953526,0.024997539625,0.60918044627],"rotationOrigin":[-0.493406414986,-0.31259727478,0.090333223343],"stepParentName":"b_EarL","rotationX":-75.002792219341,"rotationY":-31.291777437078,"rotationZ":-4.836708814512,"group":"EarsWolf0L.001","faces":{"north":{"texture":"#head","uv":[18.0,34.0,17.0,37.0],"autoUv":false,"rotation":180},"east":{"texture":"#head","uv":[19.0,37.0,22.0,43.0],"autoUv":false,"rotation":90},"south":{"texture":"head","uv":[55.0,57.0,49.0,63.0],"autoUv":false,"rotation":180,"enabled":false},"west":{"texture":"#head","uv":[29.0,37.0,26.0,43.0],"autoUv":false,"rotation":270},"up":{"texture":"#head","uv":[21.0,36.0,20.0,42.0],"autoUv":false},"down":{"texture":"#head","uv":[22.0,43.0,21.0,36.0],"autoUv":false,"rotation":180}},"children":[]},{"name":"EarsWolf0LFluff.007","from":[-0.596844969326,-0.420202136891,-1.157335038785],"to":[-0.279551209874,0.254987545118,-0.119640592929],"rotationOrigin":[-0.4381980896,-0.082607269287,-0.638487815857],"stepParentName":"b_EarL","rotationX":-75.002792219341,"rotationY":-31.291777437078,"rotationZ":-4.836708814512,"group":"EarsWolf0L.001","faces":{"north":{"texture":"#head","uv":[18.0,34.0,17.0,37.0],"autoUv":false,"rotation":180},"east":{"texture":"#head","uv":[19.0,37.0,22.0,43.0],"autoUv":false,"rotation":90},"south":{"texture":"head","uv":[55.0,57.0,49.0,63.0],"autoUv":false,"rotation":180,"enabled":false},"west":{"texture":"#head","uv":[29.0,37.0,26.0,43.0],"autoUv":false,"rotation":270},"up":{"texture":"#head","uv":[21.0,36.0,20.0,42.0],"autoUv":false},"down":{"texture":"#head","uv":[22.0,43.0,21.0,36.0],"autoUv":false,"rotation":180}},"children":[]},{"name":"EarsWolf0LFluff.008","from":[-0.736284956018,0.613688668326,-0.226717542681],"to":[-0.38958622547,1.146961949895,0.956742357287],"rotationOrigin":[-0.562935590744,0.880325317383,0.365012407303],"stepParentName":"b_EarL","rotationX":-101.128982964503,"rotationY":-12.773107738537,"rotationZ":-21.212982958172,"group":"EarsWolf0L.001","faces":{"north":{"texture":"#head","uv":[18.0,34.0,17.0,37.0],"autoUv":false,"rotation":180},"east":{"texture":"#head","uv":[18.0,36.0,20.0,42.0],"autoUv":false,"rotation":90},"south":{"texture":"head","uv":[55.0,57.0,49.0,63.0],"autoUv":false,"rotation":180,"enabled":false},"west":{"texture":"#head","uv":[29.0,37.0,27.0,43.0],"autoUv":false,"rotation":270},"up":{"texture":"#head","uv":[20.0,36.0,19.0,42.0],"autoUv":false},"down":{"texture":"#head","uv":[21.0,43.0,20.0,36.0],"autoUv":false,"rotation":180}},"children":[]},{"name":"EarsWolf0L.024","from":[-0.284610876794,-2.499886622648,-1.082509822498],"to":[0.318002737309,-1.879780410591,0.292640372311],"rotationOrigin":[0.07992208004,-1.548341751099,0.208011865616],"stepParentName":"b_EarL","rotationX":129.077297425494,"rotationY":3.837987881902,"rotationZ":3.237768146557,"group":"EarsWolf0L.001","faces":{"north":{"texture":"#head","uv":[6.0,43.0,9.0,45.0],"autoUv":false,"rotation":270},"east":{"texture":"#head","uv":[9.0,45.0,6.0,48.0],"autoUv":false,"rotation":90},"south":{"texture":"#head","uv":[6.0,48.0,9.0,50.0],"autoUv":false,"rotation":270},"west":{"texture":"#head","uv":[21.0,32.0,24.0,42.0],"autoUv":false,"rotation":270},"up":{"texture":"#head","uv":[9.0,45.0,11.0,48.0],"autoUv":false},"down":{"texture":"#head","uv":[6.0,48.0,4.0,45.0],"autoUv":false,"rotation":180}},"children":[]}],"groups":[]}