{"textureWidth":64,"textureHeight":64,"textures":{},"textureSizes":{"head":[64,64]},"elements":[{"name":"EarShark.121","from":[-0.67035128964,-0.082788930609,-2.054458654831],"to":[-0.079091467495,1.606268816227,-1.205974421063],"rotationOrigin":[-0.374721348286,0.761739730835,-1.630216598511],"stepParentName":"b_EarR","rotationX":47.557951492638,"rotationY":78.934276426357,"rotationZ":113.227508777211,"group":"EarsDragon0R.004","faces":{"north":{"texture":"#head","uv":[7.0,49.0,6.0,52.0],"autoUv":false,"rotation":180},"east":{"texture":"#head","uv":[9.0,49.0,7.0,52.0],"autoUv":false,"rotation":180},"south":{"texture":"#head","uv":[10.0,49.0,9.0,52.0],"autoUv":false,"rotation":180},"west":{"texture":"#head","uv":[6.0,49.0,4.0,52.0],"autoUv":false,"rotation":180},"up":{"texture":"#head","uv":[7.0,52.0,6.0,53.0],"autoUv":false},"down":{"texture":"#head","uv":[6.0,49.0,7.0,48.0],"autoUv":false}},"children":[]},{"name":"EarShark.122","from":[-0.992658963319,-1.647201015558,-1.102891885563],"to":[-0.401399292584,0.440750084054,-0.254408062859],"rotationOrigin":[-0.697029173374,-0.603225708008,-0.678650140762],"stepParentName":"b_EarR","rotationX":47.557934417166,"rotationY":78.934269596168,"rotationZ":83.32720138351,"group":"EarsDragon0R.004","faces":{"north":{"texture":"#head","uv":[7.0,49.0,6.0,52.0],"autoUv":false,"rotation":180},"east":{"texture":"#head","uv":[9.0,49.0,7.0,52.0],"autoUv":false,"rotation":180},"south":{"texture":"#head","uv":[10.0,49.0,9.0,52.0],"autoUv":false,"rotation":180},"west":{"texture":"#head","uv":[6.0,49.0,4.0,52.0],"autoUv":false,"rotation":180},"up":{"texture":"#head","uv":[7.0,52.0,6.0,53.0],"autoUv":false},"down":{"texture":"#head","uv":[6.0,49.0,7.0,48.0],"autoUv":false}},"children":[]},{"name":"EarShark.123","from":[-0.45402210937,1.326009166037,-2.152989082378],"to":[0.137237851509,3.015066670616,-1.304505168828],"rotationOrigin":[-0.15839228034,2.170537948608,-1.728747367859],"stepParentName":"b_EarR","rotationX":47.557787568098,"rotationY":78.934283256546,"rotationZ":143.278025691138,"group":"EarsDragon0R.004","faces":{"north":{"texture":"#head","uv":[7.0,39.0,6.0,42.0],"autoUv":false,"rotation":180},"east":{"texture":"#head","uv":[9.0,39.0,7.0,42.0],"autoUv":false,"rotation":180},"south":{"texture":"#head","uv":[10.0,39.0,9.0,42.0],"autoUv":false,"rotation":180},"west":{"texture":"#head","uv":[6.0,39.0,4.0,42.0],"autoUv":false,"rotation":180},"up":{"texture":"#head","uv":[7.0,42.0,6.0,43.0],"autoUv":false},"down":{"texture":"#head","uv":[6.0,39.0,7.0,38.0],"autoUv":false}},"children":[]},{"name":"EarShark.124","from":[-0.525610527875,2.035979739361,-0.834221917645],"to":[0.065649173142,3.725037288034,0.014262034886],"rotationOrigin":[-0.229980677366,2.880508422852,-0.409979820251],"stepParentName":"b_EarR","rotationX":47.558405700218,"rotationY":78.934269596168,"rotationZ":-104.219103978989,"group":"EarsDragon0R.004","faces":{"north":{"texture":"#head","uv":[8.0,39.0,7.0,42.0],"autoUv":false},"east":{"texture":"#head","uv":[7.0,39.0,5.0,42.0],"autoUv":false},"south":{"texture":"#head","uv":[5.0,39.0,4.0,42.0],"autoUv":false},"west":{"texture":"#head","uv":[10.0,39.0,8.0,42.0],"autoUv":false},"up":{"texture":"#head","uv":[8.0,38.0,7.0,39.0],"autoUv":false,"rotation":180},"down":{"texture":"#head","uv":[7.0,43.0,8.0,42.0],"autoUv":false,"rotation":180}},"children":[]},{"name":"EarShark.125","from":[-0.781506413118,0.941062282352,-0.092625862958],"to":[-0.190246712101,2.630119786932,0.755857829919],"rotationOrigin":[-0.4858764112,1.785591125488,0.331616044044],"stepParentName":"b_EarR","rotationX":47.558456926637,"rotationY":78.934392539573,"rotationZ":-59.167667987205,"group":"EarsDragon0R.004","faces":{"north":{"texture":"#head","uv":[7.0,49.0,6.0,52.0],"autoUv":false,"rotation":180},"east":{"texture":"#head","uv":[9.0,49.0,7.0,52.0],"autoUv":false,"rotation":180},"south":{"texture":"#head","uv":[10.0,49.0,9.0,52.0],"autoUv":false,"rotation":180},"west":{"texture":"#head","uv":[6.0,49.0,4.0,52.0],"autoUv":false,"rotation":180},"up":{"texture":"#head","uv":[7.0,52.0,6.0,53.0],"autoUv":false},"down":{"texture":"#head","uv":[6.0,49.0,7.0,48.0],"autoUv":false}},"children":[]},{"name":"EarShark.126","from":[-1.019217639458,-0.621558001739,-0.000273713006],"to":[-0.427957778229,1.06749980566,0.848210010153],"rotationOrigin":[-0.723587572575,0.222970962524,0.423968315125],"stepParentName":"b_EarR","rotationX":47.558043700192,"rotationY":78.934358388627,"rotationZ":-42.665804593955,"group":"EarsDragon0R.004","faces":{"north":{"texture":"#head","uv":[7.0,49.0,6.0,52.0],"autoUv":false,"rotation":180},"east":{"texture":"#head","uv":[9.0,49.0,7.0,52.0],"autoUv":false,"rotation":180},"south":{"texture":"#head","uv":[10.0,49.0,9.0,52.0],"autoUv":false,"rotation":180},"west":{"texture":"#head","uv":[6.0,49.0,4.0,52.0],"autoUv":false,"rotation":180},"up":{"texture":"#head","uv":[7.0,52.0,6.0,53.0],"autoUv":false},"down":{"texture":"#head","uv":[6.0,49.0,7.0,48.0],"autoUv":false}},"children":[]},{"name":"EarShark.127","from":[-0.344669006797,2.806778552304,-1.771740521248],"to":[0.246590763587,3.747023877366,-0.923256698544],"rotationOrigin":[-0.049039363861,3.276901245117,-1.347498655319],"stepParentName":"b_EarR","rotationX":-132.442053516318,"rotationY":101.06572175241,"rotationZ":-12.895071011451,"group":"EarsDragon0R.004","faces":{"north":{"texture":"#head","uv":[8.0,33.0,7.0,36.0],"autoUv":false,"rotation":180},"east":{"texture":"#head","uv":[10.0,33.0,8.0,36.0],"autoUv":false,"rotation":180},"south":{"texture":"#head","uv":[11.0,33.0,10.0,36.0],"autoUv":false,"rotation":180},"west":{"texture":"#head","uv":[7.0,33.0,5.0,36.0],"autoUv":false,"rotation":180},"up":{"texture":"#head","uv":[8.0,36.0,7.0,37.0],"autoUv":false},"down":{"texture":"#head","uv":[7.0,33.0,8.0,32.0],"autoUv":false}},"children":[]},{"name":"EarShark.128","from":[-0.266533684583,-0.970292667113,-1.106283154905],"to":[0.198951256135,0.673501590453,-0.066837391433],"rotationOrigin":[-0.033791154623,-0.14839553833,-0.586560249329],"stepParentName":"b_EarR","rotationX":-14.903281523671,"rotationY":40.987108020506,"rotationZ":141.933380009616,"group":"EarsDragon0R.004","faces":{"north":{"texture":"#head","uv":[7.0,49.0,6.0,52.0],"autoUv":false,"rotation":180},"east":{"texture":"#head","uv":[9.0,49.0,7.0,52.0],"autoUv":false,"rotation":180},"south":{"texture":"#head","uv":[10.0,49.0,9.0,52.0],"autoUv":false,"rotation":180},"west":{"texture":"#head","uv":[6.0,49.0,4.0,52.0],"autoUv":false,"rotation":180},"up":{"texture":"#head","uv":[7.0,52.0,6.0,53.0],"autoUv":false},"down":{"texture":"#head","uv":[6.0,49.0,7.0,48.0],"autoUv":false}},"children":[]},{"name":"EarShark.129","from":[0.201261715036,0.252915478711,-1.794092016635],"to":[0.666746326297,1.582670496973,-0.535209769728],"rotationOrigin":[0.434003651142,0.917793273926,-1.164650440216],"stepParentName":"b_EarR","rotationX":-6.68871204664,"rotationY":37.720822766946,"rotationZ":163.726478254754,"group":"EarsDragon0R.004","faces":{"north":{"texture":"#head","uv":[7.0,49.0,6.0,52.0],"autoUv":false,"rotation":180},"east":{"texture":"#head","uv":[9.0,49.0,7.0,52.0],"autoUv":false,"rotation":180},"south":{"texture":"#head","uv":[10.0,49.0,9.0,52.0],"autoUv":false,"rotation":180},"west":{"texture":"#head","uv":[6.0,49.0,4.0,52.0],"autoUv":false,"rotation":180},"up":{"texture":"#head","uv":[7.0,52.0,6.0,53.0],"autoUv":false},"down":{"texture":"#head","uv":[6.0,49.0,7.0,48.0],"autoUv":false}},"children":[]},{"name":"EarShark.130","from":[0.250493311495,1.339021016113,-1.834330351649],"to":[0.715978408252,2.668776225098,-0.674506346886],"rotationOrigin":[0.483235895634,2.003898620605,-1.254418373108],"stepParentName":"b_EarR","rotationX":3.576466128441,"rotationY":37.163783274091,"rotationZ":-171.525857607613,"group":"EarsDragon0R.004","faces":{"north":{"texture":"#head","uv":[7.0,49.0,6.0,52.0],"autoUv":false,"rotation":180},"east":{"texture":"#head","uv":[9.0,49.0,7.0,52.0],"autoUv":false,"rotation":180},"south":{"texture":"#head","uv":[10.0,49.0,9.0,52.0],"autoUv":false,"rotation":180},"west":{"texture":"#head","uv":[6.0,49.0,4.0,52.0],"autoUv":false,"rotation":180},"up":{"texture":"#head","uv":[7.0,52.0,6.0,53.0],"autoUv":false},"down":{"texture":"#head","uv":[6.0,49.0,7.0,48.0],"autoUv":false}},"children":[]},{"name":"EarShark.131","from":[0.08510954341,2.49904312641,-1.491840552231],"to":[0.550594449445,3.239276270563,-0.573620177365],"rotationOrigin":[0.317852079868,2.869159698486,-1.032730340958],"stepParentName":"b_EarR","rotationX":10.970461160899,"rotationY":39.024787841772,"rotationZ":-153.050154921594,"group":"EarsDragon0R.004","faces":{"north":{"texture":"#head","uv":[7.0,49.0,6.0,52.0],"autoUv":false,"rotation":180},"east":{"texture":"#head","uv":[9.0,49.0,7.0,52.0],"autoUv":false,"rotation":180},"south":{"texture":"#head","uv":[10.0,49.0,9.0,52.0],"autoUv":false,"rotation":180},"west":{"texture":"#head","uv":[6.0,49.0,4.0,52.0],"autoUv":false,"rotation":180},"up":{"texture":"#head","uv":[7.0,52.0,6.0,53.0],"autoUv":false},"down":{"texture":"#head","uv":[6.0,49.0,7.0,48.0],"autoUv":false}},"children":[]},{"name":"EarShark.132","from":[-0.323490571828,-0.971719241411,-0.501269382365],"to":[0.14199436889,0.672074675835,0.400012201188],"rotationOrigin":[-0.090748041868,-0.149822235107,-0.050628662109],"stepParentName":"b_EarR","rotationX":-12.99807367923,"rotationY":-39.366140205922,"rotationZ":-37.127214441275,"group":"EarsDragon0R.004","faces":{"north":{"texture":"#head","uv":[7.0,49.0,6.0,52.0],"autoUv":false},"east":{"texture":"#head","uv":[9.0,49.0,7.0,52.0],"autoUv":false},"south":{"texture":"#head","uv":[10.0,49.0,9.0,52.0],"autoUv":false},"west":{"texture":"#head","uv":[6.0,49.0,4.0,52.0],"autoUv":false},"up":{"texture":"#head","uv":[7.0,52.0,6.0,53.0],"autoUv":false,"rotation":180},"down":{"texture":"#head","uv":[6.0,49.0,7.0,48.0],"autoUv":false,"rotation":180}},"children":[]},{"name":"EarShark.133","from":[0.158712202436,0.417054514779,-0.657384853243],"to":[0.624196928592,1.74680943024,0.503981141921],"rotationOrigin":[0.391454398632,1.081932067871,-0.076701879501],"stepParentName":"b_EarR","rotationX":-12.996800702723,"rotationY":-41.452602487915,"rotationZ":-10.236159476062,"group":"EarsDragon0R.004","faces":{"north":{"texture":"#head","uv":[7.0,49.0,6.0,52.0],"autoUv":false},"east":{"texture":"#head","uv":[9.0,49.0,7.0,52.0],"autoUv":false},"south":{"texture":"#head","uv":[10.0,49.0,9.0,52.0],"autoUv":false},"west":{"texture":"#head","uv":[6.0,49.0,4.0,52.0],"autoUv":false},"up":{"texture":"#head","uv":[7.0,52.0,6.0,53.0],"autoUv":false,"rotation":180},"down":{"texture":"#head","uv":[6.0,49.0,7.0,48.0],"autoUv":false,"rotation":180}},"children":[]},{"name":"EarShark.134","from":[0.137664120447,1.449763438321,-0.995355943976],"to":[0.603148824916,2.779518797787,0.107443813611],"rotationOrigin":[0.370406448841,2.114641189575,-0.443956136703],"stepParentName":"b_EarR","rotationX":-23.913388746543,"rotationY":-41.686355466975,"rotationZ":13.507129385618,"group":"EarsDragon0R.004","faces":{"north":{"texture":"#head","uv":[7.0,49.0,6.0,52.0],"autoUv":false},"east":{"texture":"#head","uv":[9.0,49.0,7.0,52.0],"autoUv":false},"south":{"texture":"#head","uv":[10.0,49.0,9.0,52.0],"autoUv":false},"west":{"texture":"#head","uv":[6.0,49.0,4.0,52.0],"autoUv":false},"up":{"texture":"#head","uv":[7.0,52.0,6.0,53.0],"autoUv":false,"rotation":180},"down":{"texture":"#head","uv":[6.0,49.0,7.0,48.0],"autoUv":false,"rotation":180}},"children":[]},{"name":"EarShark.135","from":[-0.138810098565,2.46999395338,-1.277427117923],"to":[0.326675188915,3.210227103591,-0.609435875302],"rotationOrigin":[0.093932390213,2.840110778809,-0.943431377411],"stepParentName":"b_EarR","rotationX":-31.617369139718,"rotationY":-44.018390370387,"rotationZ":31.30426985307,"group":"EarsDragon0R.004","faces":{"north":{"texture":"#head","uv":[7.0,49.0,6.0,52.0],"autoUv":false},"east":{"texture":"#head","uv":[9.0,49.0,7.0,52.0],"autoUv":false},"south":{"texture":"#head","uv":[10.0,49.0,9.0,52.0],"autoUv":false},"west":{"texture":"#head","uv":[6.0,49.0,4.0,52.0],"autoUv":false},"up":{"texture":"#head","uv":[7.0,52.0,6.0,53.0],"autoUv":false,"rotation":180},"down":{"texture":"#head","uv":[6.0,49.0,7.0,48.0],"autoUv":false,"rotation":180}},"children":[]},{"name":"EarShark.136","from":[-0.819480242784,-0.434606239697,-1.378395807399],"to":[-0.580131093114,2.192548439404,0.382096657424],"rotationOrigin":[-0.699805557728,0.878971099854,-0.498149633408],"stepParentName":"b_EarR","rotationX":-10.597609671844,"rotationY":-6.522100254008,"rotationZ":-13.162678676906,"group":"EarsDragon0R.004","faces":{"north":{"texture":"#head","uv":[25.0,34.0,24.0,37.0],"autoUv":false},"east":{"texture":"#head","uv":[27.0,34.0,25.0,37.0],"autoUv":false},"south":{"texture":"#head","uv":[28.0,34.0,27.0,37.0],"autoUv":false},"west":{"texture":"#head","uv":[24.0,34.0,22.0,37.0],"autoUv":false},"up":{"texture":"#head","uv":[25.0,37.0,24.0,38.0],"autoUv":false,"rotation":180},"down":{"texture":"#head","uv":[24.0,34.0,25.0,33.0],"autoUv":false,"rotation":180}},"children":[]},{"name":"EarShark.137","from":[-0.508701294498,1.280631405409,-1.746660430536],"to":[-0.323040566826,3.126198846455,-0.028228826656],"rotationOrigin":[-0.415870755911,2.203414916992,-0.887444496155],"stepParentName":"b_EarR","rotationX":-69.834750074418,"rotationY":-0.7855260759,"rotationZ":-14.194826982201,"group":"EarsDragon0R.004","faces":{"north":{"texture":"#head","uv":[25.0,34.0,24.0,37.0],"autoUv":false},"east":{"texture":"#head","uv":[27.0,34.0,25.0,37.0],"autoUv":false},"south":{"texture":"#head","uv":[28.0,34.0,27.0,37.0],"autoUv":false},"west":{"texture":"#head","uv":[24.0,34.0,22.0,37.0],"autoUv":false},"up":{"texture":"#head","uv":[25.0,37.0,24.0,38.0],"autoUv":false,"rotation":180},"down":{"texture":"#head","uv":[24.0,34.0,25.0,33.0],"autoUv":false,"rotation":180}},"children":[]},{"name":"EarShark.107","from":[-1.120402540024,-0.89884415351,-0.367482737638],"to":[-0.271918808166,-0.307584404604,1.720468119718],"rotationOrigin":[-0.696160674095,-0.603214263916,0.67649269104],"stepParentName":"b_EarL","rotationX":139.240195438745,"rotationY":-10.989846091537,"rotationZ":1.30184067255,"group":"EarsDragon0L.004","faces":{"north":{"texture":"#head","uv":[6.0,48.0,7.0,49.0],"autoUv":false,"rotation":270},"east":{"texture":"#head","uv":[9.0,49.0,10.0,52.0],"autoUv":false,"rotation":90},"south":{"texture":"#head","uv":[6.0,52.0,7.0,53.0],"autoUv":false,"rotation":270},"west":{"texture":"#head","uv":[6.0,49.0,7.0,52.0],"autoUv":false,"rotation":270},"up":{"texture":"#head","uv":[4.0,49.0,6.0,52.0],"autoUv":false},"down":{"texture":"#head","uv":[9.0,52.0,7.0,49.0],"autoUv":false,"rotation":180}},"children":[]},{"name":"EarShark.100","from":[-0.798093949908,0.466119447352,0.783530604635],"to":[0.050389682406,1.057379057522,2.472588169779],"rotationOrigin":[-0.373852133751,0.761749267578,1.628059387207],"stepParentName":"b_EarL","rotationX":108.822323630497,"rotationY":-10.158839173336,"rotationZ":-4.410486654169,"group":"EarsDragon0L.004","faces":{"north":{"texture":"#head","uv":[6.0,48.0,7.0,49.0],"autoUv":false,"rotation":270},"east":{"texture":"#head","uv":[9.0,49.0,10.0,52.0],"autoUv":false,"rotation":90},"south":{"texture":"#head","uv":[6.0,52.0,7.0,53.0],"autoUv":false,"rotation":270},"west":{"texture":"#head","uv":[6.0,49.0,7.0,52.0],"autoUv":false,"rotation":270},"up":{"texture":"#head","uv":[4.0,49.0,6.0,52.0],"autoUv":false},"down":{"texture":"#head","uv":[9.0,52.0,7.0,49.0],"autoUv":false,"rotation":180}},"children":[]},{"name":"EarShark.101","from":[-0.581765805834,1.874921445139,0.882059705053],"to":[0.266717826479,2.466181124677,2.571117270197],"rotationOrigin":[-0.157523989677,2.170551300049,1.726588487625],"stepParentName":"b_EarL","rotationX":78.650270330479,"rotationY":-6.590034596153,"rotationZ":-8.90909384769,"group":"EarsDragon0L.004","faces":{"north":{"texture":"#head","uv":[6.0,38.0,7.0,39.0],"autoUv":false,"rotation":270},"east":{"texture":"#head","uv":[9.0,39.0,10.0,42.0],"autoUv":false,"rotation":90},"south":{"texture":"#head","uv":[6.0,42.0,7.0,43.0],"autoUv":false,"rotation":270},"west":{"texture":"#head","uv":[6.0,39.0,7.0,42.0],"autoUv":false,"rotation":270},"up":{"texture":"#head","uv":[4.0,39.0,6.0,42.0],"autoUv":false},"down":{"texture":"#head","uv":[9.0,42.0,7.0,39.0],"autoUv":false,"rotation":180}},"children":[]},{"name":"EarShark.102","from":[-0.653353924807,2.584893826731,-0.436706412043],"to":[0.195129807051,3.176153506269,1.252351153101],"rotationOrigin":[-0.229112058878,2.880523681641,0.407822370529],"stepParentName":"b_EarL","rotationX":-33.081205037351,"rotationY":10.722614086486,"rotationZ":-2.750319316722,"group":"EarsDragon0L.004","faces":{"north":{"texture":"#head","uv":[7.0,42.0,8.0,43.0],"autoUv":false,"rotation":90},"east":{"texture":"#head","uv":[4.0,39.0,5.0,42.0],"autoUv":false,"rotation":270},"south":{"texture":"#head","uv":[7.0,38.0,8.0,39.0],"autoUv":false,"rotation":90},"west":{"texture":"#head","uv":[7.0,39.0,8.0,42.0],"autoUv":false,"rotation":90},"up":{"texture":"#head","uv":[8.0,39.0,10.0,42.0],"autoUv":false,"rotation":180},"down":{"texture":"#head","uv":[7.0,42.0,5.0,39.0],"autoUv":false}},"children":[]},{"name":"EarShark.103","from":[-0.909250602483,1.489974622019,-1.178302058048],"to":[-0.060766771079,2.081234301557,0.510755308933],"rotationOrigin":[-0.485008686781,1.785604476929,-0.333773374557],"stepParentName":"b_EarL","rotationX":-78.866090647873,"rotationY":9.486082615563,"rotationZ":5.723807807497,"group":"EarsDragon0L.004","faces":{"north":{"texture":"#head","uv":[6.0,48.0,7.0,49.0],"autoUv":false,"rotation":270},"east":{"texture":"#head","uv":[9.0,49.0,10.0,52.0],"autoUv":false,"rotation":90},"south":{"texture":"#head","uv":[6.0,52.0,7.0,53.0],"autoUv":false,"rotation":270},"west":{"texture":"#head","uv":[6.0,49.0,7.0,52.0],"autoUv":false,"rotation":270},"up":{"texture":"#head","uv":[4.0,49.0,6.0,52.0],"autoUv":false},"down":{"texture":"#head","uv":[9.0,52.0,7.0,49.0],"autoUv":false,"rotation":180}},"children":[]},{"name":"EarShark.104","from":[-1.146961644648,-0.072641795615,-1.270655381884],"to":[-0.298477813245,0.518618022657,0.41840218326],"rotationOrigin":[-0.722719728947,0.222988128662,-0.426126599312],"stepParentName":"b_EarL","rotationX":-95.427639649185,"rotationY":7.474066834202,"rotationZ":8.183331606862,"group":"EarsDragon0L.004","faces":{"north":{"texture":"#head","uv":[6.0,48.0,7.0,49.0],"autoUv":false,"rotation":270},"east":{"texture":"#head","uv":[9.0,49.0,10.0,52.0],"autoUv":false,"rotation":90},"south":{"texture":"#head","uv":[6.0,52.0,7.0,53.0],"autoUv":false,"rotation":270},"west":{"texture":"#head","uv":[6.0,49.0,7.0,52.0],"autoUv":false,"rotation":270},"up":{"texture":"#head","uv":[4.0,49.0,6.0,52.0],"autoUv":false},"down":{"texture":"#head","uv":[9.0,52.0,7.0,49.0],"autoUv":false,"rotation":180}},"children":[]},{"name":"EarShark.105","from":[-0.472410952204,2.981282834299,0.875220187123],"to":[0.376072680109,3.572542513837,1.815465561931],"rotationOrigin":[-0.048169136047,3.276912689209,1.345342874527],"stepParentName":"b_EarL","rotationX":55.10520465757,"rotationY":-2.454925374506,"rotationZ":-10.793328742511,"group":"EarsDragon0L.004","faces":{"north":{"texture":"#head","uv":[7.0,32.0,8.0,33.0],"autoUv":false,"rotation":270},"east":{"texture":"#head","uv":[10.0,33.0,11.0,36.0],"autoUv":false,"rotation":90},"south":{"texture":"#head","uv":[7.0,36.0,8.0,37.0],"autoUv":false,"rotation":270},"west":{"texture":"#head","uv":[7.0,33.0,8.0,36.0],"autoUv":false,"rotation":270},"up":{"texture":"#head","uv":[5.0,33.0,7.0,36.0],"autoUv":false},"down":{"texture":"#head","uv":[10.0,36.0,8.0,33.0],"autoUv":false,"rotation":180}},"children":[]},{"name":"EarShark.106","from":[-0.552646636772,-0.381126511495,-0.237494840135],"to":[0.486799061108,0.084358323019,1.406299485674],"rotationOrigin":[-0.032923787832,-0.148384094238,0.584402322769],"stepParentName":"b_EarL","rotationX":132.091323302438,"rotationY":-27.737937804366,"rotationZ":-42.179423408064,"group":"EarsDragon0L.004","faces":{"north":{"texture":"#head","uv":[6.0,48.0,7.0,49.0],"autoUv":false,"rotation":270},"east":{"texture":"#head","uv":[9.0,49.0,10.0,52.0],"autoUv":false,"rotation":90},"south":{"texture":"#head","uv":[6.0,52.0,7.0,53.0],"autoUv":false,"rotation":270},"west":{"texture":"#head","uv":[6.0,49.0,7.0,52.0],"autoUv":false,"rotation":270},"up":{"texture":"#head","uv":[4.0,49.0,6.0,52.0],"autoUv":false},"down":{"texture":"#head","uv":[9.0,52.0,7.0,49.0],"autoUv":false,"rotation":180}},"children":[]},{"name":"EarShark.108","from":[-0.19457003478,0.685068040148,0.497615532763],"to":[1.064312070646,1.150552816138,1.827370448224],"rotationOrigin":[0.434871017933,0.917810440063,1.162492990494],"stepParentName":"b_EarL","rotationX":106.815012995701,"rotationY":-12.806396373004,"rotationZ":-51.13984954246,"group":"EarsDragon0L.004","faces":{"north":{"texture":"#head","uv":[6.0,48.0,7.0,49.0],"autoUv":false,"rotation":270},"east":{"texture":"#head","uv":[9.0,49.0,10.0,52.0],"autoUv":false,"rotation":90},"south":{"texture":"#head","uv":[6.0,52.0,7.0,53.0],"autoUv":false,"rotation":270},"west":{"texture":"#head","uv":[6.0,49.0,7.0,52.0],"autoUv":false,"rotation":270},"up":{"texture":"#head","uv":[4.0,49.0,6.0,52.0],"autoUv":false},"down":{"texture":"#head","uv":[9.0,52.0,7.0,49.0],"autoUv":false,"rotation":180}},"children":[]},{"name":"EarShark.109","from":[-0.095807161925,1.77116764744,0.587382124941],"to":[1.064016786216,2.236652481954,1.917137337645],"rotationOrigin":[0.484104812145,2.003910064697,1.252259731293],"stepParentName":"b_EarL","rotationX":81.280555689283,"rotationY":6.744064753447,"rotationZ":-52.533057868981,"group":"EarsDragon0L.004","faces":{"north":{"texture":"#head","uv":[6.0,48.0,7.0,49.0],"autoUv":false,"rotation":270},"east":{"texture":"#head","uv":[9.0,49.0,10.0,52.0],"autoUv":false,"rotation":90},"south":{"texture":"#head","uv":[6.0,52.0,7.0,53.0],"autoUv":false,"rotation":270},"west":{"texture":"#head","uv":[6.0,49.0,7.0,52.0],"autoUv":false,"rotation":270},"up":{"texture":"#head","uv":[4.0,49.0,6.0,52.0],"autoUv":false},"down":{"texture":"#head","uv":[9.0,52.0,7.0,49.0],"autoUv":false,"rotation":180}},"children":[]},{"name":"EarShark.110","from":[-0.140388846905,2.63643245331,0.660456883882],"to":[0.777831316502,3.101917437401,1.400689876103],"rotationOrigin":[0.318721234798,2.869174957275,1.030573368073],"stepParentName":"b_EarL","rotationX":61.278005195442,"rotationY":20.615015264263,"rotationZ":-47.721736013841,"group":"EarsDragon0L.004","faces":{"north":{"texture":"#head","uv":[6.0,48.0,7.0,49.0],"autoUv":false,"rotation":270},"east":{"texture":"#head","uv":[9.0,49.0,10.0,52.0],"autoUv":false,"rotation":90},"south":{"texture":"#head","uv":[6.0,52.0,7.0,53.0],"autoUv":false,"rotation":270},"west":{"texture":"#head","uv":[6.0,49.0,7.0,52.0],"autoUv":false,"rotation":270},"up":{"texture":"#head","uv":[4.0,49.0,6.0,52.0],"autoUv":false},"down":{"texture":"#head","uv":[9.0,52.0,7.0,49.0],"autoUv":false,"rotation":180}},"children":[]},{"name":"EarShark.111","from":[-0.540521234398,-0.382553208272,-0.773427741928],"to":[0.360760301475,0.082931626241,0.870366828842],"rotationOrigin":[-0.089880466461,-0.149810791016,0.048469543457],"stepParentName":"b_EarL","rotationX":-102.650899375743,"rotationY":27.816264706221,"rotationZ":135.818899041972,"group":"EarsDragon0L.004","faces":{"north":{"texture":"#head","uv":[6.0,48.0,7.0,49.0],"autoUv":false,"rotation":270},"east":{"texture":"#head","uv":[10.0,49.0,9.0,52.0],"autoUv":false,"rotation":270},"south":{"texture":"#head","uv":[6.0,52.0,7.0,53.0],"autoUv":false,"rotation":270},"west":{"texture":"#head","uv":[7.0,49.0,6.0,52.0],"autoUv":false,"rotation":90},"up":{"texture":"#head","uv":[6.0,49.0,4.0,52.0],"autoUv":false,"rotation":180},"down":{"texture":"#head","uv":[7.0,52.0,9.0,49.0],"autoUv":false}},"children":[]},{"name":"EarShark.112","from":[-0.188360573419,0.849204933244,-0.590334080707],"to":[0.973005296357,1.314689743917,0.739421032916],"rotationOrigin":[0.392322361469,1.08194732666,0.074543476105],"stepParentName":"b_EarL","rotationX":-83.820197607612,"rotationY":7.654048295247,"rotationZ":131.909162157273,"group":"EarsDragon0L.004","faces":{"north":{"texture":"#head","uv":[6.0,48.0,7.0,49.0],"autoUv":false,"rotation":270},"east":{"texture":"#head","uv":[10.0,49.0,9.0,52.0],"autoUv":false,"rotation":270},"south":{"texture":"#head","uv":[6.0,52.0,7.0,53.0],"autoUv":false,"rotation":270},"west":{"texture":"#head","uv":[7.0,49.0,6.0,52.0],"autoUv":false,"rotation":90},"up":{"texture":"#head","uv":[6.0,49.0,4.0,52.0],"autoUv":false,"rotation":180},"down":{"texture":"#head","uv":[7.0,52.0,9.0,49.0],"autoUv":false}},"children":[]},{"name":"EarShark.113","from":[-0.180127640769,1.881910233752,-0.223077250441],"to":[0.92267241101,2.347395009742,1.106677962263],"rotationOrigin":[0.37127238512,2.114652633667,0.441800355911],"stepParentName":"b_EarL","rotationX":-57.010277605776,"rotationY":-10.045243735929,"rotationZ":132.485643783601,"group":"EarsDragon0L.004","faces":{"north":{"texture":"#head","uv":[6.0,48.0,7.0,49.0],"autoUv":false,"rotation":270},"east":{"texture":"#head","uv":[10.0,49.0,9.0,52.0],"autoUv":false,"rotation":270},"south":{"texture":"#head","uv":[6.0,52.0,7.0,53.0],"autoUv":false,"rotation":270},"west":{"texture":"#head","uv":[7.0,49.0,6.0,52.0],"autoUv":false,"rotation":90},"up":{"texture":"#head","uv":[6.0,49.0,4.0,52.0],"autoUv":false,"rotation":180},"down":{"texture":"#head","uv":[7.0,52.0,9.0,49.0],"autoUv":false}},"children":[]},{"name":"EarShark.114","from":[-0.239194554051,2.607383585657,0.571156783398],"to":[0.428796690663,3.072868465698,1.311389641468],"rotationOrigin":[0.094801068306,2.840126037598,0.941273212433],"stepParentName":"b_EarL","rotationX":-35.475196586724,"rotationY":-21.940314434961,"rotationZ":138.516523235804,"group":"EarsDragon0L.004","faces":{"north":{"texture":"#head","uv":[6.0,48.0,7.0,49.0],"autoUv":false,"rotation":270},"east":{"texture":"#head","uv":[10.0,49.0,9.0,52.0],"autoUv":false,"rotation":270},"south":{"texture":"#head","uv":[6.0,52.0,7.0,53.0],"autoUv":false,"rotation":270},"west":{"texture":"#head","uv":[7.0,49.0,6.0,52.0],"autoUv":false,"rotation":90},"up":{"texture":"#head","uv":[6.0,49.0,4.0,52.0],"autoUv":false,"rotation":180},"down":{"texture":"#head","uv":[7.0,52.0,9.0,49.0],"autoUv":false}},"children":[]},{"name":"EarShark.115","from":[-1.506739062835,0.761895441877,-0.767641203706],"to":[0.168616247546,0.992838646098,1.826263087099],"rotationOrigin":[-0.669061541557,0.877367019653,0.529310941696],"stepParentName":"b_EarL","rotationX":-73.871890477705,"rotationY":12.411853910693,"rotationZ":95.003204863972,"group":"EarsDragon0L.004","faces":{"north":{"texture":"#head","uv":[24.0,33.0,25.0,34.0],"autoUv":false,"rotation":90},"east":{"texture":"#head","uv":[27.0,34.0,28.0,37.0],"autoUv":false,"rotation":270},"south":{"texture":"#head","uv":[24.0,37.0,25.0,38.0],"autoUv":false,"rotation":90},"west":{"texture":"#head","uv":[24.0,34.0,25.0,37.0],"autoUv":false,"rotation":90},"up":{"texture":"#head","uv":[22.0,34.0,24.0,37.0],"autoUv":false,"rotation":180},"down":{"texture":"#head","uv":[27.0,37.0,25.0,34.0],"autoUv":false}},"children":[]},{"name":"EarShark.116","from":[-1.248494503894,2.118270689781,0.036808971494],"to":[0.418490005852,2.288582032386,1.733767587755],"rotationOrigin":[-0.415002316236,2.203426361084,0.885288238525],"stepParentName":"b_EarL","rotationX":-33.275240466387,"rotationY":4.43674446266,"rotationZ":89.068159796013,"group":"EarsDragon0L.004","faces":{"north":{"texture":"#head","uv":[24.0,33.0,25.0,34.0],"autoUv":false,"rotation":90},"east":{"texture":"#head","uv":[27.0,34.0,28.0,37.0],"autoUv":false,"rotation":270},"south":{"texture":"#head","uv":[24.0,37.0,25.0,38.0],"autoUv":false,"rotation":90},"west":{"texture":"#head","uv":[24.0,34.0,25.0,37.0],"autoUv":false,"rotation":90},"up":{"texture":"#head","uv":[22.0,34.0,24.0,37.0],"autoUv":false,"rotation":180},"down":{"texture":"#head","uv":[27.0,37.0,25.0,34.0],"autoUv":false}},"children":[]}],"groups":[]}