{"textureWidth":64,"textureHeight":64,"textures":{},"textureSizes":{"head":[64,64]},"elements":[{"name":"EarsWolf0R.002","from":[-0.614914671159,-1.007007010844,-0.377145463888],"to":[0.639219389388,1.666045554545,0.283444101278],"rotationOrigin":[0.012152493,0.329519271851,-0.046850681305],"stepParentName":"b_EarR","rotationX":-146.911618027693,"rotationY":84.159118424418,"rotationZ":-31.987442449327,"group":"EarsWolf0R","faces":{"north":{"texture":"#head","uv":[24.0,32.0,21.0,42.0],"autoUv":false,"rotation":180},"east":{"texture":"#head","uv":[6.0,36.0,4.0,48.0],"autoUv":false,"rotation":180},"south":{"texture":"#head","uv":[6.0,36.0,9.0,48.0],"autoUv":false,"rotation":180},"west":{"texture":"#head","uv":[11.0,36.0,9.0,48.0],"autoUv":false,"rotation":180},"up":{"texture":"#head","uv":[9.0,48.0,6.0,50.0],"autoUv":false},"down":{"texture":"#head","uv":[6.0,36.0,9.0,34.0],"autoUv":false}},"children":[]},{"name":"EarsWolf0R.003","from":[-0.588328779224,1.391980981362,-0.459431236743],"to":[0.236672944711,2.719335770872,0.109383612731],"rotationOrigin":[-0.175827845931,2.055658340454,-0.175023794174],"stepParentName":"b_EarR","rotationX":45.141150526532,"rotationY":93.127593936751,"rotationZ":103.656986240486,"group":"EarsWolf0R","faces":{"north":{"texture":"#head","uv":[24.0,32.0,21.0,42.0],"autoUv":false,"rotation":180},"east":{"texture":"#head","uv":[6.0,35.0,4.0,36.0],"autoUv":false,"rotation":180},"south":{"texture":"#head","uv":[6.0,35.0,9.0,36.0],"autoUv":false,"rotation":180},"west":{"texture":"#head","uv":[11.0,35.0,9.0,36.0],"autoUv":false,"rotation":180},"up":{"texture":"#head","uv":[9.0,36.0,6.0,38.0],"autoUv":false},"down":{"texture":"#head","uv":[6.0,35.0,9.0,33.0],"autoUv":false}},"children":[]},{"name":"EarsWolf0R.004","from":[-1.224331549233,-0.324272785129,0.152109011782],"to":[1.296253067622,1.278560960775,0.869006537829],"rotationOrigin":[0.035960912704,0.477144241333,0.510557889938],"stepParentName":"b_EarR","rotationX":-118.925054507349,"rotationY":84.956338104341,"rotationZ":-3.868789473738,"group":"EarsWolf0R","faces":{"north":{"texture":"#head","uv":[24.0,32.0,21.0,42.0],"autoUv":false,"rotation":90},"east":{"texture":"#head","uv":[9.0,47.0,6.0,49.0],"autoUv":false,"rotation":90},"south":{"texture":"#head","uv":[9.0,35.0,6.0,47.0],"autoUv":false,"rotation":270},"west":{"texture":"#head","uv":[9.0,33.0,6.0,35.0],"autoUv":false,"rotation":90},"up":{"texture":"#head","uv":[11.0,35.0,9.0,47.0],"autoUv":false,"rotation":270},"down":{"texture":"#head","uv":[4.0,47.0,6.0,35.0],"autoUv":false,"rotation":270}},"children":[]},{"name":"EarsWolf0R.008","from":[-0.713567546543,-1.221498065737,-0.940841395159],"to":[-0.284637128212,3.490547133212,-0.336630639948],"rotationOrigin":[-0.508401930332,0.9817943573,-0.6431620121],"stepParentName":"b_EarR","rotationX":153.399054644776,"rotationY":85.339388773374,"rotationZ":25.519386494014,"group":"EarsWolf0R","faces":{"north":{"texture":"#head","uv":[11.0,36.0,10.0,48.0],"autoUv":false,"rotation":180},"east":{"texture":"#head","uv":[13.0,36.0,11.0,48.0],"autoUv":false,"rotation":180},"south":{"texture":"#head","uv":[13.0,36.0,14.0,48.0],"autoUv":false,"rotation":180},"west":{"texture":"#head","uv":[10.0,36.0,8.0,48.0],"autoUv":false,"rotation":180},"up":{"texture":"#head","uv":[13.0,48.0,11.0,49.0],"autoUv":false},"down":{"texture":"#head","uv":[11.0,36.0,13.0,35.0],"autoUv":false}},"children":[]},{"name":"EarsWolf0R.010","from":[-0.616486188786,-0.267633281831,0.201040420592],"to":[-0.107281527348,4.713977406775,0.802966618545],"rotationOrigin":[-0.361883878708,1.736396789551,0.502003550529],"stepParentName":"b_EarR","rotationX":144.35134893807,"rotationY":85.284590165663,"rotationZ":-1.123748719306,"group":"EarsWolf0R","faces":{"north":{"texture":"#head","uv":[12.000000953674,35.0,11.0,49.914779663086],"autoUv":false,"rotation":180},"east":{"texture":"#head","uv":[14.000000953674,35.0,12.0,49.91478061676],"autoUv":false,"rotation":180},"south":{"texture":"#head","uv":[14.000000953674,35.0,15.0,49.91478061676],"autoUv":false,"rotation":180},"west":{"texture":"#head","uv":[11.0,35.0,9.0,49.914779663086],"autoUv":false,"rotation":180},"up":{"texture":"#head","uv":[14.0,47.0,12.0,48.0],"autoUv":false},"down":{"texture":"#head","uv":[12.0,35.0,14.0,34.0],"autoUv":false}},"children":[]},{"name":"EarsWolf0RFluff.003","from":[-1.148966236197,0.413578253533,-0.3506258615],"to":[-0.01143767239,0.761398124503,0.389521887015],"rotationOrigin":[-0.580201983452,0.587488174438,0.019448041916],"stepParentName":"b_EarR","rotationX":-0.557525236699,"rotationY":13.698251738973,"rotationZ":108.104730295918,"group":"EarsWolf0R","faces":{"north":{"texture":"#head","uv":[22.0,36.0,21.0,43.0],"autoUv":false,"rotation":90},"east":{"texture":"head","uv":[49.0,57.0,55.0,63.0],"autoUv":false,"rotation":90,"enabled":false},"south":{"texture":"#head","uv":[20.0,36.0,21.0,42.0],"autoUv":false,"rotation":270},"west":{"texture":"#head","uv":[17.0,34.0,18.0,37.0],"autoUv":false,"rotation":270},"up":{"texture":"#head","uv":[26.0,37.0,29.0,43.0],"autoUv":false,"rotation":270},"down":{"texture":"#head","uv":[19.0,43.0,22.0,37.0],"autoUv":false,"rotation":270}},"children":[]},{"name":"EarsWolf0RFluff.004","from":[-1.364977191267,0.933837744422,-0.25153298021],"to":[0.111532758055,1.366386539137,0.413790195369],"rotationOrigin":[-0.626722216606,1.1501121521,0.08112859726],"stepParentName":"b_EarR","rotationX":-20.695032637937,"rotationY":14.236604688033,"rotationZ":111.053760092719,"group":"EarsWolf0R","faces":{"north":{"texture":"#head","uv":[21.0,36.0,20.0,43.0],"autoUv":false,"rotation":90},"east":{"texture":"head","uv":[49.0,57.0,55.0,63.0],"autoUv":false,"rotation":90,"enabled":false},"south":{"texture":"#head","uv":[19.0,36.0,20.0,42.0],"autoUv":false,"rotation":270},"west":{"texture":"#head","uv":[17.0,34.0,18.0,37.0],"autoUv":false,"rotation":270},"up":{"texture":"#head","uv":[27.0,37.0,29.0,43.0],"autoUv":false,"rotation":270},"down":{"texture":"#head","uv":[18.0,42.0,20.0,36.0],"autoUv":false,"rotation":270}},"children":[]},{"name":"EarsWolf0RFluff.005","from":[-1.191460349514,0.701378085085,0.281025826035],"to":[-0.082737705754,1.040389826636,1.002430976333],"rotationOrigin":[-0.637099027634,0.87088394165,0.641728401184],"stepParentName":"b_EarR","rotationX":-26.469308713212,"rotationY":5.873887127243,"rotationZ":108.951161488811,"group":"EarsWolf0R","faces":{"north":{"texture":"#head","uv":[22.0,36.0,21.0,43.0],"autoUv":false,"rotation":90},"east":{"texture":"head","uv":[49.0,57.0,55.0,63.0],"autoUv":false,"rotation":90,"enabled":false},"south":{"texture":"#head","uv":[20.0,36.0,21.0,42.0],"autoUv":false,"rotation":270},"west":{"texture":"#head","uv":[17.0,34.0,18.0,37.0],"autoUv":false,"rotation":270},"up":{"texture":"#head","uv":[26.0,37.0,29.0,43.0],"autoUv":false,"rotation":270},"down":{"texture":"#head","uv":[19.0,43.0,22.0,37.0],"autoUv":false,"rotation":270}},"children":[]},{"name":"EarsWolf0R.001","from":[-0.713567546543,2.970886282622,-0.940841395159],"to":[0.609006612744,3.490547133212,-0.336630639948],"rotationOrigin":[-0.508401930332,0.9817943573,-0.6431620121],"stepParentName":"b_EarR","rotationX":153.399054644776,"rotationY":85.339388773374,"rotationZ":25.519386494014,"group":"EarsWolf0R","faces":{"north":{"texture":"#head","uv":[11.0,46.676593780518,7.916574478149,48.0],"autoUv":false,"rotation":180},"east":{"texture":"#head","uv":[13.0,46.676599502563,11.0,48.0],"autoUv":false,"rotation":180},"south":{"texture":"#head","uv":[10.916577339172,46.676599502563,13.999999046326,47.999998092651],"autoUv":false,"rotation":180},"west":{"texture":"#head","uv":[10.0,46.676599502563,8.0,48.0],"autoUv":false,"rotation":180},"up":{"texture":"#head","uv":[13.0,48.0,6.833152770996,49.0],"autoUv":false},"down":{"texture":"#head","uv":[7.0,47.0,13.0,46.0],"autoUv":false}},"children":[]},{"name":"EarsWolf0L.005","from":[-0.376413064644,0.092891607013,-2.759960852838],"to":[0.192401612261,0.917893509262,-1.432606023264],"rotationOrigin":[0.164756298065,0.623188018799,-0.479398846626],"stepParentName":"b_EarL","rotationX":121.181967575175,"rotationY":3.039056385817,"rotationZ":0.739147117084,"group":"EarsWolf0L","faces":{"north":{"texture":"#head","uv":[6.0,33.0,9.0,35.0],"autoUv":false,"rotation":270},"east":{"texture":"#head","uv":[9.0,35.0,6.0,36.0],"autoUv":false,"rotation":90},"south":{"texture":"#head","uv":[6.0,36.0,9.0,38.0],"autoUv":false,"rotation":270},"west":{"texture":"#head","uv":[21.0,32.0,24.0,42.0],"autoUv":false,"rotation":270},"up":{"texture":"#head","uv":[9.0,35.0,11.0,36.0],"autoUv":false},"down":{"texture":"#head","uv":[6.0,36.0,4.0,35.0],"autoUv":false,"rotation":180}},"children":[]},{"name":"EarsWolf0L.006","from":[-0.330270889736,-0.879871053282,-1.204079085737],"to":[0.38662693135,1.640713486818,0.398754698545],"rotationOrigin":[0.099369972944,0.490705490112,-0.24284029007],"stepParentName":"b_EarL","rotationX":32.303284056927,"rotationY":0.697761506799,"rotationZ":4.902463472538,"group":"EarsWolf0L","faces":{"north":{"texture":"#head","uv":[4.0,35.0,6.0,47.0],"autoUv":false},"east":{"texture":"#head","uv":[6.0,35.0,9.0,47.0],"autoUv":false},"south":{"texture":"#head","uv":[9.0,35.0,11.0,47.0],"autoUv":false},"west":{"texture":"#head","uv":[21.0,32.0,24.0,42.0],"autoUv":false},"up":{"texture":"#head","uv":[6.0,33.0,9.0,35.0],"autoUv":false,"rotation":90},"down":{"texture":"#head","uv":[9.0,49.0,6.0,47.0],"autoUv":false,"rotation":270}},"children":[]},{"name":"EarsWolf0L.009","from":[-0.11633261494,-1.196222516429,-0.60608639202],"to":[0.392872113504,3.852121540285,-0.004160214707],"rotationOrigin":[0.133653849363,1.181085586548,-0.800884008408],"stepParentName":"b_EarL","rotationX":35.648563863332,"rotationY":-94.715408013104,"rotationZ":-1.123835163887,"group":"EarsWolf0L","faces":{"north":{"texture":"#head","uv":[15.0,35.0,13.999999046326,50.114583015442],"autoUv":false},"east":{"texture":"#head","uv":[9.0,35.0,11.0,50.114580154419],"autoUv":false},"south":{"texture":"#head","uv":[11.0,35.0,12.0,50.114580154419],"autoUv":false},"west":{"texture":"#head","uv":[12.0,35.0,14.0,50.114580154419],"autoUv":false},"up":{"texture":"#head","uv":[12.0,34.0,14.0,35.0],"autoUv":false},"down":{"texture":"#head","uv":[14.0,48.0,12.0,47.0],"autoUv":false}},"children":[]},{"name":"EarsWolf0LFluff.002","from":[-0.558641627543,-0.394603250449,0.165369486737],"to":[-0.210821971185,0.345544394658,1.302897436376],"rotationOrigin":[-0.384731799364,-0.081714630127,0.165369510651],"stepParentName":"b_EarL","rotationX":-93.869632518371,"rotationY":-17.572715819251,"rotationZ":-14.382860382504,"group":"EarsWolf0L","faces":{"north":{"texture":"#head","uv":[18.0,34.0,17.0,37.0],"autoUv":false,"rotation":180},"east":{"texture":"#head","uv":[19.0,37.0,22.0,43.0],"autoUv":false,"rotation":90},"south":{"texture":"head","uv":[55.0,57.0,49.0,63.0],"autoUv":false,"rotation":180,"enabled":false},"west":{"texture":"#head","uv":[29.0,37.0,26.0,43.0],"autoUv":false,"rotation":270},"up":{"texture":"#head","uv":[21.0,36.0,20.0,42.0],"autoUv":false},"down":{"texture":"#head","uv":[22.0,43.0,21.0,36.0],"autoUv":false,"rotation":180}},"children":[]},{"name":"EarsWolf0LFluff","from":[-0.560724374824,0.138332547763,-0.378244907902],"to":[-0.128175559468,0.803655698038,1.098265034406],"rotationOrigin":[-0.344449967146,0.419589996338,-0.378244876862],"stepParentName":"b_EarL","rotationX":-74.71288484002,"rotationY":-20.37791549251,"rotationZ":-15.209265460751,"group":"EarsWolf0L","faces":{"north":{"texture":"#head","uv":[18.0,34.0,17.0,37.0],"autoUv":false,"rotation":180},"east":{"texture":"#head","uv":[18.0,36.0,20.0,42.0],"autoUv":false,"rotation":90},"south":{"texture":"head","uv":[55.0,57.0,49.0,63.0],"autoUv":false,"rotation":180,"enabled":false},"west":{"texture":"#head","uv":[29.0,37.0,27.0,43.0],"autoUv":false,"rotation":270},"up":{"texture":"#head","uv":[20.0,36.0,19.0,42.0],"autoUv":false},"down":{"texture":"#head","uv":[21.0,43.0,20.0,36.0],"autoUv":false,"rotation":180}},"children":[]},{"name":"EarsWolf0L.001","from":[-0.351377569447,-0.582625369833,-0.810054945436],"to":[0.309212023996,0.671508924245,1.862997919627],"rotationOrigin":[0.187460303307,0.389114379883,0.478658676147],"stepParentName":"b_EarL","rotationX":89.353654873131,"rotationY":3.201719902222,"rotationZ":5.526392715482,"group":"EarsWolf0L","faces":{"north":{"texture":"#head","uv":[6.0,34.0,9.0,36.0],"autoUv":false,"rotation":270},"east":{"texture":"#head","uv":[9.0,36.0,6.0,48.0],"autoUv":false,"rotation":90},"south":{"texture":"#head","uv":[6.0,48.0,9.0,50.0],"autoUv":false,"rotation":270},"west":{"texture":"#head","uv":[21.0,32.0,24.0,42.0],"autoUv":false,"rotation":270},"up":{"texture":"#head","uv":[9.0,36.0,11.0,48.0],"autoUv":false},"down":{"texture":"#head","uv":[6.0,48.0,4.0,36.0],"autoUv":false,"rotation":180}},"children":[]},{"name":"EarsWolf0LFluff.001","from":[-0.592341056808,-0.054774670476,-0.777861022415],"to":[-0.253329166428,0.666630366142,0.330861669572],"rotationOrigin":[-0.422835111618,0.250190734863,-0.777860999107],"stepParentName":"b_EarL","rotationX":-65.543287577386,"rotationY":-18.847903599556,"rotationZ":-6.207970889456,"group":"EarsWolf0L","faces":{"north":{"texture":"#head","uv":[18.0,34.0,17.0,37.0],"autoUv":false,"rotation":180},"east":{"texture":"#head","uv":[19.0,37.0,22.0,43.0],"autoUv":false,"rotation":90},"south":{"texture":"head","uv":[55.0,57.0,49.0,63.0],"autoUv":false,"rotation":180,"enabled":false},"west":{"texture":"#head","uv":[29.0,37.0,26.0,43.0],"autoUv":false,"rotation":270},"up":{"texture":"#head","uv":[21.0,36.0,20.0,42.0],"autoUv":false},"down":{"texture":"#head","uv":[22.0,43.0,21.0,36.0],"autoUv":false,"rotation":180}},"children":[]},{"name":"EarsWolf0L.007","from":[5.118831842416,-1.408728404614,-5.886426254757],"to":[5.547762409597,3.303318341161,-5.282215489624],"rotationOrigin":[-0.508401930332,0.9817943573,-5.153593063354],"stepParentName":"b_EarL","rotationX":26.600975977389,"rotationY":-94.660616235582,"rotationZ":25.519424060054,"group":"EarsWolf0L","faces":{"north":{"texture":"#head","uv":[14.0,36.0,13.0,48.0],"autoUv":false},"east":{"texture":"#head","uv":[8.0,36.0,10.0,48.0],"autoUv":false},"south":{"texture":"#head","uv":[10.0,36.0,11.0,48.0],"autoUv":false},"west":{"texture":"#head","uv":[11.0,36.0,13.0,48.0],"autoUv":false},"up":{"texture":"#head","uv":[11.0,35.0,13.0,36.0],"autoUv":false},"down":{"texture":"#head","uv":[13.0,49.0,11.0,48.0],"autoUv":false}},"children":[]},{"name":"EarsWolf0L.026","from":[3.973220222443,-1.408728404614,-5.886426254757],"to":[5.547762409597,-0.806625357064,-5.282215489624],"rotationOrigin":[-0.508401930332,0.9817943573,-5.153593063354],"stepParentName":"b_EarL","rotationX":26.600975977389,"rotationY":-94.660616235582,"rotationZ":25.519424060054,"group":"EarsWolf0L","faces":{"north":{"texture":"#head","uv":[14.0,46.466646194458,10.32914352417,48.000003814697],"autoUv":false},"east":{"texture":"#head","uv":[8.0,46.466646194458,10.0,48.0],"autoUv":false},"south":{"texture":"#head","uv":[7.329138755798,46.466648101807,11.0,48.0],"autoUv":false},"west":{"texture":"#head","uv":[11.0,46.466646194458,13.0,48.0],"autoUv":false},"up":{"texture":"#head","uv":[5.0,45.0,12.0,46.0],"autoUv":false},"down":{"texture":"#head","uv":[13.0,49.0,5.658281326294,48.000001907349],"autoUv":false}},"children":[]}],"groups":[]}