{"textureWidth":64,"textureHeight":64,"textures":{},"textureSizes":{"head":[64,64]},"elements":[{"name":"EarShark.096","from":[-1.903097500904,4.541996509399,0.487903382332],"to":[-1.427839393439,6.74643992078,1.587647252001],"rotationOrigin":[-1.665468215942,5.644218444824,1.03777551651],"stepParentName":"b_EarR","rotationX":1.159213089189,"rotationY":3.233773766553,"rotationZ":-79.044392736156,"group":"EarsDragon0R.003","faces":{"north":{"texture":"#head","uv":[24.0,33.0,23.0,39.0],"autoUv":false,"rotation":180},"east":{"texture":"#head","uv":[25.0,33.0,24.0,39.0],"autoUv":false,"rotation":180},"south":{"texture":"#head","uv":[25.0,33.0,27.0,39.0],"autoUv":false,"rotation":180},"west":{"texture":"#head","uv":[23.0,33.0,21.0,39.0],"autoUv":false,"rotation":180},"up":{"texture":"#head","uv":[23.0,39.0,24.0,39.0],"autoUv":false,"rotation":180},"down":{"texture":"#head","uv":[24.0,33.0,23.0,33.0],"autoUv":false,"rotation":180}},"children":[]},{"name":"EarShark.097","from":[-0.704653334461,-0.4873211154,0.65978243929],"to":[-0.103653476506,2.149632454818,1.637504513593],"rotationOrigin":[-0.404152810574,0.831155776978,1.148643493652],"stepParentName":"b_EarR","rotationX":-6.678256307681,"rotationY":0.657313926947,"rotationZ":174.070362620631,"group":"EarsDragon0R.003","faces":{"north":{"texture":"#head","uv":[8.0,47.0,6.0,53.0],"autoUv":false,"rotation":180},"east":{"texture":"#head","uv":[10.0,47.0,8.0,53.0],"autoUv":false,"rotation":180},"south":{"texture":"#head","uv":[10.0,47.0,12.0,53.0],"autoUv":false,"rotation":180},"west":{"texture":"#head","uv":[6.0,47.0,4.0,53.0],"autoUv":false,"rotation":180},"up":{"texture":"#head","uv":[8.0,53.0,6.0,55.0],"autoUv":false},"down":{"texture":"#head","uv":[6.0,47.0,8.0,45.0],"autoUv":false}},"children":[]},{"name":"EarShark.098","from":[-0.640065987727,1.996282226836,0.476822037057],"to":[-0.079073067141,4.016847644012,1.400746248491],"rotationOrigin":[-0.359569489956,3.006565093994,0.93878364563],"stepParentName":"b_EarR","rotationX":-3.187815131176,"rotationY":1.332653470165,"rotationZ":-173.697516254219,"group":"EarsDragon0R.003","faces":{"north":{"texture":"#head","uv":[9.0,39.0,8.0,43.0],"autoUv":false,"rotation":180},"east":{"texture":"#head","uv":[10.0,39.0,9.0,43.0],"autoUv":false,"rotation":180},"south":{"texture":"#head","uv":[10.0,39.0,11.0,43.0],"autoUv":false,"rotation":180},"west":{"texture":"#head","uv":[8.0,39.0,7.0,43.0],"autoUv":false,"rotation":180},"up":{"texture":"#head","uv":[8.0,43.0,9.0,43.0],"autoUv":false,"rotation":180},"down":{"texture":"#head","uv":[9.0,39.0,8.0,39.0],"autoUv":false,"rotation":180}},"children":[]},{"name":"EarShark.099","from":[-1.035708333588,3.866687813468,0.443302759899],"to":[-0.433582243055,5.945918786789,1.46652150201],"rotationOrigin":[-0.734645307064,4.906303405762,0.954911231995],"stepParentName":"b_EarR","rotationX":2.905447853811,"rotationY":0.428498320883,"rotationZ":-164.877132903469,"group":"EarsDragon0R.003","faces":{"north":{"texture":"#head","uv":[9.0,34.0,8.0,38.0],"autoUv":false,"rotation":180},"east":{"texture":"#head","uv":[10.0,34.0,9.0,38.0],"autoUv":false,"rotation":180},"south":{"texture":"#head","uv":[10.0,34.0,11.0,38.0],"autoUv":false,"rotation":180},"west":{"texture":"#head","uv":[8.0,34.0,7.0,38.0],"autoUv":false,"rotation":180},"up":{"texture":"#head","uv":[9.0,38.0,8.0,39.0],"autoUv":false},"down":{"texture":"#head","uv":[8.0,34.0,9.0,33.0],"autoUv":false}},"children":[]},{"name":"EarShark.117","from":[-0.825774651555,0.530814191023,-2.444966965152],"to":[0.017471181103,1.131489677737,0.147679262592],"rotationOrigin":[-0.404151707888,0.83115196228,-1.14864385128],"stepParentName":"b_EarL","rotationX":97.166482868466,"rotationY":-6.11563441584,"rotationZ":-91.224839837769,"group":"EarsDragon0L.003","faces":{"north":{"texture":"#head","uv":[6.0,45.0,8.0,47.0],"autoUv":false,"rotation":270},"east":{"texture":"#head","uv":[12.0,47.0,10.0,53.0],"autoUv":false,"rotation":90},"south":{"texture":"#head","uv":[6.0,53.0,8.0,55.0],"autoUv":false,"rotation":270},"west":{"texture":"#head","uv":[6.0,47.0,8.0,53.0],"autoUv":false,"rotation":270},"up":{"texture":"#head","uv":[4.0,47.0,6.0,53.0],"autoUv":false},"down":{"texture":"#head","uv":[10.0,53.0,8.0,47.0],"autoUv":false,"rotation":180}},"children":[]},{"name":"EarShark.118","from":[-0.80160656412,2.726133157707,-1.945946637954],"to":[0.082467107371,3.287012214097,0.068376856674],"rotationOrigin":[-0.359569728374,3.006572723389,-0.938784837723],"stepParentName":"b_EarL","rotationX":93.777541077791,"rotationY":5.722601852222,"rotationZ":-91.33460780792,"group":"EarsDragon0L.003","faces":{"north":{"texture":"#head","uv":[8.0,39.0,9.0,39.0],"autoUv":false},"east":{"texture":"#head","uv":[11.0,39.0,10.0,43.0],"autoUv":false,"rotation":90},"south":{"texture":"#head","uv":[8.0,43.0,9.0,43.0],"autoUv":false},"west":{"texture":"#head","uv":[8.0,39.0,9.0,43.0],"autoUv":false,"rotation":270},"up":{"texture":"#head","uv":[7.0,39.0,8.0,43.0],"autoUv":false},"down":{"texture":"#head","uv":[10.0,43.0,9.0,39.0],"autoUv":false,"rotation":180}},"children":[]},{"name":"EarShark.119","from":[-1.216499849122,4.605245255018,-1.990623243778],"to":[-0.252788912644,5.207346297717,0.080799349277],"rotationOrigin":[-0.73464435339,4.906295776367,-0.95491194725],"stepParentName":"b_EarL","rotationX":87.232826494328,"rotationY":14.488347531593,"rotationZ":-89.020628509579,"group":"EarsDragon0L.003","faces":{"north":{"texture":"#head","uv":[8.0,33.0,9.0,34.0],"autoUv":false,"rotation":270},"east":{"texture":"#head","uv":[11.0,34.0,10.0,38.0],"autoUv":false,"rotation":90},"south":{"texture":"#head","uv":[8.0,38.0,9.0,39.0],"autoUv":false,"rotation":270},"west":{"texture":"#head","uv":[8.0,34.0,9.0,38.0],"autoUv":false,"rotation":270},"up":{"texture":"#head","uv":[7.0,34.0,8.0,38.0],"autoUv":false},"down":{"texture":"#head","uv":[10.0,38.0,9.0,34.0],"autoUv":false,"rotation":180}},"children":[]},{"name":"EarShark.120","from":[-2.205480074695,5.406768735723,-2.101842860279],"to":[-1.125457408277,5.8816680723,0.102530936298],"rotationOrigin":[-1.66546869278,5.644218444824,-0.99965596199],"stepParentName":"b_EarL","rotationX":-94.032785247075,"rotationY":78.71362716522,"rotationZ":95.346148662198,"group":"EarsDragon0L.003","faces":{"north":{"texture":"#head","uv":[23.0,33.0,24.0,33.0],"autoUv":false},"east":{"texture":"#head","uv":[27.0,33.0,25.0,39.0],"autoUv":false,"rotation":90},"south":{"texture":"#head","uv":[23.0,39.0,24.0,39.0],"autoUv":false},"west":{"texture":"#head","uv":[23.0,33.0,24.0,39.0],"autoUv":false,"rotation":270},"up":{"texture":"#head","uv":[21.0,33.0,23.0,39.0],"autoUv":false},"down":{"texture":"#head","uv":[25.0,39.0,24.0,33.0],"autoUv":false,"rotation":180}},"children":[]}],"groups":[]}