{"textureWidth":64,"textureHeight":64,"textures":{},"textureSizes":{"head":[64,64]},"elements":[{"name":"EarDragon0R.001","from":[2.519335578752,-1.429379454027,-1.82598267558],"to":[3.23415352982,-0.487781240569,2.473567765287],"rotationOrigin":[2.817078113556,-0.998598098755,-0.119001626968],"stepParentName":"b_EarR","rotationX":62.700296467449,"rotationY":145.800578476164,"rotationZ":-49.166884513905,"group":"EarsDragon0R","faces":{"north":{"texture":"#head","uv":[10.0,46.0,8.0,47.0],"autoUv":false,"rotation":270},"east":{"texture":"#head","uv":[24.0,32.0,22.0,42.0],"autoUv":false,"rotation":270},"south":{"texture":"#head","uv":[10.0,33.0,8.0,34.0],"autoUv":false,"rotation":270},"west":{"texture":"#head","uv":[8.0,34.0,10.0,46.0],"autoUv":false,"rotation":90},"up":{"texture":"#head","uv":[8.0,34.0,6.0,46.0],"autoUv":false,"rotation":180},"down":{"texture":"#head","uv":[10.0,46.0,12.0,34.0],"autoUv":false}},"children":[]},{"name":"EarDragon0R.005","from":[2.289223041927,-2.235405343867,-0.45790383734],"to":[3.028579490174,2.353081126018,0.416337748735],"rotationOrigin":[2.635917186737,0.056089401245,-0.0441801548],"stepParentName":"b_EarR","rotationX":-76.732401022863,"rotationY":-20.306843959101,"rotationZ":126.735471445907,"group":"EarsDragon0R","faces":{"north":{"texture":"#head","uv":[10.0,34.0,8.0,46.0],"autoUv":false,"rotation":180},"east":{"texture":"#head","uv":[24.0,32.0,22.0,42.0],"autoUv":false,"rotation":180},"south":{"texture":"#head","uv":[6.0,34.0,4.0,46.0],"autoUv":false,"rotation":180},"west":{"texture":"#head","uv":[8.0,34.0,6.0,46.0],"autoUv":false,"rotation":180},"up":{"texture":"#head","uv":[8.0,46.0,6.0,47.0],"autoUv":false,"rotation":90},"down":{"texture":"#head","uv":[6.0,34.0,8.0,33.0],"autoUv":false,"rotation":270}},"children":[]},{"name":"EarDragon0R.002","from":[2.642945978281,-2.694472906047,-1.145898783456],"to":[3.108461241146,1.443398134921,-0.334275317641],"rotationOrigin":[2.827133655548,-1.290874481201,-0.329160451889],"stepParentName":"b_EarR","rotationX":7.238563619167,"rotationY":26.206214949025,"rotationZ":-45.386781204559,"group":"EarsDragon0R","faces":{"north":{"texture":"#head","uv":[9.0,34.0,8.0,45.0],"autoUv":false},"east":{"texture":"#head","uv":[8.0,34.0,6.0,45.0],"autoUv":false},"south":{"texture":"#head","uv":[12.0,34.0,11.0,45.0],"autoUv":false},"west":{"texture":"#head","uv":[11.0,34.0,9.0,45.0],"autoUv":false},"up":{"texture":"#head","uv":[9.0,33.0,8.0,34.0],"autoUv":false,"rotation":180},"down":{"texture":"#head","uv":[8.0,46.0,9.0,45.0],"autoUv":false,"rotation":180}},"children":[]},{"name":"EarDragon0R","from":[4.243725377726,0.593737812418,-1.463233985889],"to":[4.900870137961,1.088827565317,-0.449381966532],"rotationOrigin":[4.305860042572,0.888521194458,-1.036701917648],"stepParentName":"b_EarR","rotationX":-77.221531359896,"rotationY":-11.832391760567,"rotationZ":116.676938723175,"group":"EarsDragon0R","faces":{"north":{"texture":"#head","uv":[7.0,35.0,3.0,36.0],"autoUv":false,"rotation":180},"east":{"texture":"#head","uv":[7.0,35.0,11.0,36.0],"autoUv":false},"south":{"texture":"#head","uv":[7.0,35.0,3.0,36.0],"autoUv":false,"rotation":180},"west":{"texture":"#head","uv":[11.0,35.0,7.0,36.0],"autoUv":false,"rotation":180},"up":{"texture":"#head","uv":[11.0,33.0,7.0,35.0],"autoUv":false},"down":{"texture":"#head","uv":[7.0,35.0,11.0,33.0],"autoUv":false}},"children":[]},{"name":"EarDragon0R.003","from":[2.009682998297,-2.027594986469,-0.587094486724],"to":[2.700351293482,3.300692599032,0.066171738335],"rotationOrigin":[2.193870544434,0.56641960144,0.277584195137],"stepParentName":"b_EarR","rotationX":7.238564472941,"rotationY":26.206214949025,"rotationZ":-77.102296747555,"group":"EarsDragon0R","faces":{"north":{"texture":"#head","uv":[8.0,34.0,6.0,48.0],"autoUv":false},"east":{"texture":"#head","uv":[6.0,34.0,4.0,48.0],"autoUv":false},"south":{"texture":"#head","uv":[10.0,34.0,12.0,48.0],"autoUv":false},"west":{"texture":"#head","uv":[10.0,34.0,8.0,48.0],"autoUv":false},"up":{"texture":"#head","uv":[8.0,32.0,6.0,34.0],"autoUv":false,"rotation":180},"down":{"texture":"#head","uv":[6.0,50.0,8.0,48.0],"autoUv":false,"rotation":180}},"children":[]},{"name":"EarDragon0R.006","from":[1.609848283901,-1.568211672856,-0.918949370824],"to":[2.324668190002,-0.626613695075,2.052055602245],"rotationOrigin":[1.905762195587,-1.137439727783,0.567372322083],"stepParentName":"b_EarR","rotationX":48.822919602398,"rotationY":135.208444054713,"rotationZ":-40.241695325436,"group":"EarsDragon0R","faces":{"north":{"texture":"#head","uv":[8.0,48.0,6.0,49.0],"autoUv":false,"rotation":270},"east":{"texture":"#head","uv":[24.0,32.0,22.0,42.0],"autoUv":false,"rotation":270},"south":{"texture":"#head","uv":[8.0,40.0,6.0,41.0],"autoUv":false,"rotation":270},"west":{"texture":"#head","uv":[6.0,40.0,8.0,48.0],"autoUv":false,"rotation":90},"up":{"texture":"#head","uv":[10.0,40.0,8.0,48.0],"autoUv":false,"rotation":180},"down":{"texture":"#head","uv":[4.0,48.0,6.0,40.0],"autoUv":false}},"children":[]},{"name":"EarDragon0R.004","from":[0.029174527038,-2.556919283867,-0.065517408634],"to":[0.494689789903,-0.681301953915,0.865796024586],"rotationOrigin":[0.261931717396,-2.5569190979,0.400139451027],"stepParentName":"b_EarR","rotationX":7.238561057846,"rotationY":26.20621153393,"rotationZ":-83.592110270469,"group":"EarsDragon0R","faces":{"north":{"texture":"#head","uv":[10.0,45.0,9.0,51.0],"autoUv":false},"east":{"texture":"#head","uv":[9.0,45.0,7.0,51.0],"autoUv":false},"south":{"texture":"#head","uv":[13.0,45.0,12.0,51.0],"autoUv":false,"rotation":180},"west":{"texture":"#head","uv":[12.0,45.0,10.0,51.0],"autoUv":false},"up":{"texture":"#head","uv":[10.0,45.0,9.0,47.0],"autoUv":false,"rotation":180},"down":{"texture":"#head","uv":[9.0,53.0,10.0,51.0],"autoUv":false,"rotation":180}},"children":[]},{"name":"EarsDragon0RFluff.001","from":[0.654949251875,-2.176531130986,-1.418707731727],"to":[1.187496956125,-0.733117601285,0.405501165592],"rotationOrigin":[0.921223104,-1.566345214844,0.405501127243],"stepParentName":"b_EarR","rotationX":33.459256007911,"rotationY":-27.736814238248,"rotationZ":19.616047164183,"group":"EarsDragon0R","faces":{"north":{"texture":"head","uv":[57.0,57.0,63.0,63.0],"autoUv":false,"rotation":180,"enabled":false},"east":{"texture":"#head","uv":[22.0,37.0,19.0,43.0],"autoUv":false,"rotation":270},"south":{"texture":"#head","uv":[17.0,34.0,18.0,37.0],"autoUv":false,"rotation":180},"west":{"texture":"#head","uv":[27.0,37.0,30.0,43.0],"autoUv":false,"rotation":90},"up":{"texture":"#head","uv":[19.0,36.0,20.0,42.0],"autoUv":false,"rotation":180},"down":{"texture":"#head","uv":[20.0,43.0,21.0,36.0],"autoUv":false}},"children":[]},{"name":"EarsDragon0RFluff","from":[1.37346470649,-1.356582203821,-1.833551529464],"to":[1.841253873756,-0.32322010429,-0.005741557797],"rotationOrigin":[1.607359290123,-0.91974067688,-0.005741596222],"stepParentName":"b_EarR","rotationX":37.993487333708,"rotationY":-37.881250250172,"rotationZ":21.282514283923,"group":"EarsDragon0R","faces":{"north":{"texture":"head","uv":[57.0,57.0,63.0,63.0],"autoUv":false,"rotation":180,"enabled":false},"east":{"texture":"#head","uv":[21.0,36.0,19.0,42.0],"autoUv":false,"rotation":270},"south":{"texture":"#head","uv":[17.0,34.0,18.0,37.0],"autoUv":false,"rotation":180},"west":{"texture":"#head","uv":[28.0,37.0,30.0,43.0],"autoUv":false,"rotation":90},"up":{"texture":"#head","uv":[19.0,36.0,20.0,42.0],"autoUv":false,"rotation":180},"down":{"texture":"#head","uv":[20.0,43.0,21.0,36.0],"autoUv":false}},"children":[]},{"name":"EarDragon0L.004","from":[2.400002697292,-1.509414995,-2.473567765287],"to":[3.11482064836,-0.567816711387,1.82598267558],"rotationOrigin":[2.817078113556,-0.998598098755,0.119001626968],"stepParentName":"b_EarL","rotationX":117.299715371696,"rotationY":-34.199436778076,"rotationZ":-49.168814042346,"group":"EarsDragon0L","faces":{"north":{"texture":"#head","uv":[8.0,33.0,10.0,34.0],"autoUv":false,"rotation":270},"east":{"texture":"#head","uv":[10.0,34.0,8.0,46.0],"autoUv":false,"rotation":90},"south":{"texture":"#head","uv":[8.0,46.0,10.0,47.0],"autoUv":false,"rotation":270},"west":{"texture":"#head","uv":[22.0,32.0,24.0,42.0],"autoUv":false,"rotation":270},"up":{"texture":"#head","uv":[10.0,34.0,12.0,46.0],"autoUv":false},"down":{"texture":"#head","uv":[8.0,46.0,6.0,34.0],"autoUv":false,"rotation":180}},"children":[]},{"name":"EarDragon0L.003","from":[2.2432548833,-2.240902323528,-0.416337748735],"to":[2.982611331547,2.347584146357,0.45790383734],"rotationOrigin":[2.635917186737,0.056089401245,0.0441801548],"stepParentName":"b_EarL","rotationX":76.732421513431,"rotationY":20.306850789291,"rotationZ":-53.2645642989,"group":"EarsDragon0L","faces":{"north":{"texture":"#head","uv":[4.0,34.0,6.0,46.0],"autoUv":false},"east":{"texture":"#head","uv":[6.0,34.0,8.0,46.0],"autoUv":false},"south":{"texture":"#head","uv":[8.0,34.0,10.0,46.0],"autoUv":false},"west":{"texture":"#head","uv":[22.0,32.0,24.0,42.0],"autoUv":false},"up":{"texture":"#head","uv":[6.0,33.0,8.0,34.0],"autoUv":false,"rotation":90},"down":{"texture":"#head","uv":[8.0,47.0,6.0,46.0],"autoUv":false,"rotation":270}},"children":[]},{"name":"EarDragon0L.002","from":[2.642945978281,-2.694472906047,0.334275317641],"to":[3.108461241146,1.443398134921,1.145898783456],"rotationOrigin":[2.827133655548,-1.290874481201,0.329160451889],"stepParentName":"b_EarL","rotationX":-7.238563619167,"rotationY":-26.206213241477,"rotationZ":-45.386784619653,"group":"EarsDragon0L","faces":{"north":{"texture":"#head","uv":[11.0,34.0,12.0,45.0],"autoUv":false},"east":{"texture":"#head","uv":[6.0,34.0,8.0,45.0],"autoUv":false},"south":{"texture":"#head","uv":[8.0,34.0,9.0,45.0],"autoUv":false},"west":{"texture":"#head","uv":[9.0,34.0,11.0,45.0],"autoUv":false},"up":{"texture":"#head","uv":[8.0,33.0,9.0,34.0],"autoUv":false},"down":{"texture":"#head","uv":[9.0,46.0,8.0,45.0],"autoUv":false}},"children":[]},{"name":"EarDragon0L.001","from":[3.710849991515,0.688214823599,0.449381966532],"to":[4.367994702788,1.183304576498,1.463233985889],"rotationOrigin":[4.305860042572,0.888521194458,1.036701917648],"stepParentName":"b_EarL","rotationX":77.221551850463,"rotationY":11.832390053019,"rotationZ":-63.323086776349,"group":"EarsDragon0L","faces":{"north":{"texture":"#head","uv":[3.0,35.0,7.0,36.0],"autoUv":false},"east":{"texture":"#head","uv":[7.0,35.0,11.0,36.0],"autoUv":false},"south":{"texture":"#head","uv":[3.0,35.0,7.0,36.0],"autoUv":false},"west":{"texture":"#head","uv":[11.0,35.0,7.0,36.0],"autoUv":false,"rotation":180},"up":{"texture":"#head","uv":[7.0,33.0,11.0,35.0],"autoUv":false},"down":{"texture":"#head","uv":[11.0,35.0,7.0,33.0],"autoUv":false}},"children":[]},{"name":"EarDragon0L.005","from":[2.009682998297,-2.027594986469,-0.066171722584],"to":[2.700351293482,3.300692599032,0.587094551147],"rotationOrigin":[2.193870544434,0.56641960144,-0.277584195137],"stepParentName":"b_EarL","rotationX":-7.238564472941,"rotationY":-26.206214949025,"rotationZ":-77.102289917365,"group":"EarsDragon0L","faces":{"north":{"texture":"#head","uv":[12.0,34.0,10.0,48.0],"autoUv":false},"east":{"texture":"#head","uv":[4.0,34.0,6.0,48.0],"autoUv":false},"south":{"texture":"#head","uv":[6.0,34.0,8.0,48.0],"autoUv":false},"west":{"texture":"#head","uv":[8.0,34.0,10.0,48.0],"autoUv":false},"up":{"texture":"#head","uv":[6.0,32.0,8.0,34.0],"autoUv":false},"down":{"texture":"#head","uv":[8.0,50.0,6.0,48.0],"autoUv":false}},"children":[]},{"name":"EarDragon0L.006","from":[1.486856320382,-1.648265760492,-2.052055602245],"to":[2.201676226483,-0.70666778271,0.918949370824],"rotationOrigin":[1.905762314796,-1.137439727783,-0.567372322083],"stepParentName":"b_EarL","rotationX":131.177047840518,"rotationY":-44.791567784432,"rotationZ":-40.242883778352,"group":"EarsDragon0L","faces":{"north":{"texture":"#head","uv":[6.0,40.0,8.0,41.0],"autoUv":false,"rotation":270},"east":{"texture":"#head","uv":[8.0,40.0,6.0,48.0],"autoUv":false,"rotation":90},"south":{"texture":"#head","uv":[6.0,48.0,8.0,49.0],"autoUv":false,"rotation":270},"west":{"texture":"#head","uv":[22.0,32.0,24.0,42.0],"autoUv":false,"rotation":270},"up":{"texture":"#head","uv":[4.0,40.0,6.0,48.0],"autoUv":false},"down":{"texture":"#head","uv":[10.0,48.0,8.0,40.0],"autoUv":false,"rotation":180}},"children":[]},{"name":"EarDragon0L","from":[0.029174527038,-2.556919283867,-0.865796024586],"to":[0.494689789903,-0.681302233404,0.065517408634],"rotationOrigin":[0.261931717396,-2.5569190979,-0.400139451027],"stepParentName":"b_EarL","rotationX":-7.238562765393,"rotationY":-26.206213241477,"rotationZ":-83.592110270469,"group":"EarsDragon0L","faces":{"north":{"texture":"#head","uv":[12.0,45.0,13.0,51.0],"autoUv":false,"rotation":180},"east":{"texture":"#head","uv":[7.0,45.0,9.0,51.0],"autoUv":false},"south":{"texture":"#head","uv":[9.0,45.0,10.0,51.0],"autoUv":false},"west":{"texture":"#head","uv":[10.0,45.0,12.0,51.0],"autoUv":false},"up":{"texture":"#head","uv":[9.0,45.0,10.0,47.0],"autoUv":false},"down":{"texture":"#head","uv":[10.0,53.0,9.0,51.0],"autoUv":false}},"children":[]},{"name":"EarsDragon0LFluff.001","from":[0.654949291553,-2.176531130986,-0.405501165592],"to":[1.187496916447,-0.733117601285,1.418707731727],"rotationOrigin":[0.921223104,-1.566345214844,-0.405501127243],"stepParentName":"b_EarL","rotationX":-33.459256007911,"rotationY":27.736815945795,"rotationZ":19.616045456635,"group":"EarsDragon0L","faces":{"north":{"texture":"#head","uv":[18.0,34.0,17.0,37.0],"autoUv":false,"rotation":180},"east":{"texture":"#head","uv":[19.0,37.0,22.0,43.0],"autoUv":false,"rotation":90},"south":{"texture":"head","uv":[63.0,57.0,57.0,63.0],"autoUv":false,"rotation":180,"enabled":false},"west":{"texture":"#head","uv":[29.0,37.0,26.0,43.0],"autoUv":false,"rotation":270},"up":{"texture":"#head","uv":[20.0,36.0,19.0,42.0],"autoUv":false},"down":{"texture":"#head","uv":[21.0,43.0,20.0,36.0],"autoUv":false,"rotation":180}},"children":[]},{"name":"EarsDragon0LFluff","from":[1.373464825699,-1.356582203821,0.005741557797],"to":[1.841253992965,-0.32322010429,1.833551529464],"rotationOrigin":[1.607359409332,-0.91974067688,0.005741596222],"stepParentName":"b_EarL","rotationX":-37.993477088424,"rotationY":37.881240004888,"rotationZ":21.282505746186,"group":"EarsDragon0L","faces":{"north":{"texture":"#head","uv":[18.0,34.0,17.0,37.0],"autoUv":false,"rotation":180},"east":{"texture":"#head","uv":[19.0,36.0,21.0,42.0],"autoUv":false,"rotation":90},"south":{"texture":"head","uv":[63.0,57.0,57.0,63.0],"autoUv":false,"rotation":180,"enabled":false},"west":{"texture":"#head","uv":[30.0,37.0,28.0,43.0],"autoUv":false,"rotation":270},"up":{"texture":"#head","uv":[20.0,36.0,19.0,42.0],"autoUv":false},"down":{"texture":"#head","uv":[21.0,43.0,20.0,36.0],"autoUv":false,"rotation":180}},"children":[]},{"name":"EarsWolf0R.005","from":[-0.016467658323,-0.376317659134,-2.859988931727],"to":[0.705289412573,0.573540543311,2.836823447608],"rotationOrigin":[0.28231805563,0.058233261108,-0.010011911392],"stepParentName":"b_EarR","rotationX":-105.997186635051,"rotationY":-3.036784280701,"rotationZ":141.959321068084,"group":"EarsWolf0R","faces":{"north":{"texture":"#head","uv":[9.0,48.0,6.0,50.0],"autoUv":false,"rotation":270},"east":{"texture":"#head","uv":[24.0,32.0,21.0,42.0],"autoUv":false,"rotation":270},"south":{"texture":"#head","uv":[9.0,34.0,6.0,36.0],"autoUv":false,"rotation":270},"west":{"texture":"#head","uv":[6.0,36.0,9.0,48.0],"autoUv":false,"rotation":90},"up":{"texture":"#head","uv":[6.0,36.0,4.0,48.0],"autoUv":false,"rotation":180},"down":{"texture":"#head","uv":[9.0,48.0,11.0,36.0],"autoUv":false}},"children":[]},{"name":"EarsWolf0R.006","from":[-0.642292069828,-1.539145184454,0.034565652451],"to":[0.104437401342,3.377508935195,0.940867185229],"rotationOrigin":[-0.292140632868,0.916236877441,0.463461279869],"stepParentName":"b_EarR","rotationX":-42.524641659284,"rotationY":-35.152258412577,"rotationZ":167.312068021822,"group":"EarsWolf0R","faces":{"north":{"texture":"#head","uv":[11.0,35.0,9.0,47.0],"autoUv":false,"rotation":180},"east":{"texture":"#head","uv":[24.0,32.0,21.0,42.0],"autoUv":false,"rotation":180},"south":{"texture":"#head","uv":[6.0,35.0,4.0,47.0],"autoUv":false,"rotation":180},"west":{"texture":"#head","uv":[9.0,35.0,6.0,47.0],"autoUv":false,"rotation":180},"up":{"texture":"#head","uv":[9.0,47.0,6.0,49.0],"autoUv":false,"rotation":90},"down":{"texture":"#head","uv":[6.0,35.0,9.0,33.0],"autoUv":false,"rotation":270}},"children":[]},{"name":"EarsWolf0R.007","from":[0.139839058188,-3.039042382827,-1.11856690546],"to":[0.60921432403,2.835816527497,-0.459363037269],"rotationOrigin":[0.325553953648,-0.178936004639,-0.29752612114],"stepParentName":"b_EarR","rotationX":-3.598246961374,"rotationY":52.12732072662,"rotationZ":-7.171502260575,"group":"EarsWolf0R","faces":{"north":{"texture":"#head","uv":[11.0,36.0,10.0,48.0],"autoUv":false},"east":{"texture":"#head","uv":[10.0,36.0,8.0,48.0],"autoUv":false},"south":{"texture":"#head","uv":[13.0,36.0,14.0,48.0],"autoUv":false},"west":{"texture":"#head","uv":[13.0,36.0,11.0,48.0],"autoUv":false},"up":{"texture":"#head","uv":[13.0,35.0,11.0,36.0],"autoUv":false,"rotation":180},"down":{"texture":"#head","uv":[11.0,49.0,13.0,48.0],"autoUv":false,"rotation":180}},"children":[]},{"name":"EarsWolf0R","from":[0.154845840222,2.454082559227,-1.10231471467],"to":[0.81545214161,2.980247121989,-0.214726945075],"rotationOrigin":[0.217307806015,2.76736831665,-0.728902578354],"stepParentName":"b_EarR","rotationX":-49.126965473301,"rotationY":-28.970117591015,"rotationZ":153.993294762946,"group":"EarsWolf0R","faces":{"north":{"texture":"#head","uv":[8.0,36.0,4.0,37.0],"autoUv":false,"rotation":180},"east":{"texture":"#head","uv":[8.0,36.0,12.0,37.0],"autoUv":false},"south":{"texture":"#head","uv":[8.0,36.0,4.0,37.0],"autoUv":false,"rotation":180},"west":{"texture":"#head","uv":[12.0,36.0,8.0,37.0],"autoUv":false,"rotation":180},"up":{"texture":"#head","uv":[12.0,34.0,8.0,36.0],"autoUv":false},"down":{"texture":"#head","uv":[8.0,36.0,12.0,34.0],"autoUv":false}},"children":[]},{"name":"EarsWolf0R.009","from":[-0.914682912001,-0.452856436123,0.192252491079],"to":[-0.425537749775,3.988898171015,0.848959975643],"rotationOrigin":[-0.721145808697,1.084596633911,1.061486124992],"stepParentName":"b_EarR","rotationX":-3.598248242034,"rotationY":52.127313896431,"rotationZ":-38.886995605456,"group":"EarsWolf0R","faces":{"north":{"texture":"#head","uv":[12.0,35.0,11.0,47.0],"autoUv":false},"east":{"texture":"#head","uv":[11.0,35.0,9.0,47.0],"autoUv":false},"south":{"texture":"#head","uv":[14.0,35.0,15.0,47.0],"autoUv":false},"west":{"texture":"#head","uv":[14.0,35.0,12.0,47.0],"autoUv":false},"up":{"texture":"#head","uv":[14.0,34.0,12.0,35.0],"autoUv":false,"rotation":180},"down":{"texture":"#head","uv":[12.0,48.0,14.0,47.0],"autoUv":false,"rotation":180}},"children":[]},{"name":"EarsWolf0RFluff.002","from":[-0.559285139712,-0.516265339175,-1.622536931762],"to":[0.000448202761,0.649398700141,0.206730642628],"rotationOrigin":[-0.279418468475,-0.023494720459,0.206730604172],"stepParentName":"b_EarR","rotationX":47.824581587268,"rotationY":31.276108983122,"rotationZ":25.881053548303,"group":"EarsWolf0R","faces":{"north":{"texture":"head","uv":[57.0,57.0,63.0,63.0],"autoUv":false,"rotation":180,"enabled":false},"east":{"texture":"#head","uv":[22.0,37.0,19.0,43.0],"autoUv":false,"rotation":270},"south":{"texture":"#head","uv":[17.0,34.0,18.0,37.0],"autoUv":false,"rotation":180},"west":{"texture":"#head","uv":[27.0,37.0,30.0,43.0],"autoUv":false,"rotation":90},"up":{"texture":"#head","uv":[19.0,36.0,20.0,42.0],"autoUv":false,"rotation":180},"down":{"texture":"#head","uv":[20.0,43.0,21.0,36.0],"autoUv":false}},"children":[]},{"name":"EarsWolf0RFluff.003","from":[-0.522186850792,0.267926907932,-1.770283214672],"to":[-0.040564501995,1.009366721571,-0.0623716949],"rotationOrigin":[-0.281375676394,0.58136177063,-0.062371730804],"stepParentName":"b_EarR","rotationX":53.712419802778,"rotationY":17.254227513348,"rotationZ":22.404731440029,"group":"EarsWolf0R","faces":{"north":{"texture":"head","uv":[57.0,57.0,63.0,63.0],"autoUv":false,"rotation":180,"enabled":false},"east":{"texture":"#head","uv":[21.0,36.0,19.0,42.0],"autoUv":false,"rotation":270},"south":{"texture":"#head","uv":[17.0,34.0,18.0,37.0],"autoUv":false,"rotation":180},"west":{"texture":"#head","uv":[28.0,37.0,30.0,43.0],"autoUv":false,"rotation":90},"up":{"texture":"#head","uv":[19.0,36.0,20.0,42.0],"autoUv":false,"rotation":180},"down":{"texture":"#head","uv":[20.0,43.0,21.0,36.0],"autoUv":false}},"children":[]},{"name":"EarsWolf0L.005","from":[-0.140653268095,-0.457073980587,-2.836823447608],"to":[0.581103746117,0.492784147191,2.859988931727],"rotationOrigin":[0.28231805563,0.058233261108,0.010011911392],"stepParentName":"b_EarL","rotationX":105.99719346524,"rotationY":3.036779371503,"rotationZ":-38.047708790434,"group":"EarsWolf0L","faces":{"north":{"texture":"#head","uv":[6.0,34.0,9.0,36.0],"autoUv":false,"rotation":270},"east":{"texture":"#head","uv":[9.0,36.0,6.0,48.0],"autoUv":false,"rotation":90},"south":{"texture":"#head","uv":[6.0,48.0,9.0,50.0],"autoUv":false,"rotation":270},"west":{"texture":"#head","uv":[21.0,32.0,24.0,42.0],"autoUv":false,"rotation":270},"up":{"texture":"#head","uv":[9.0,36.0,11.0,48.0],"autoUv":false},"down":{"texture":"#head","uv":[6.0,48.0,4.0,36.0],"autoUv":false,"rotation":180}},"children":[]},{"name":"EarsWolf0L.006","from":[-0.688718667078,-1.545035362458,-0.940867148711],"to":[0.058010804092,3.371619121047,-0.034565685258],"rotationOrigin":[-0.292140632868,0.916236877441,-0.463461279869],"stepParentName":"b_EarL","rotationX":42.524655319662,"rotationY":35.152265242766,"rotationZ":-12.67116375008,"group":"EarsWolf0L","faces":{"north":{"texture":"#head","uv":[4.0,35.0,6.0,47.0],"autoUv":false},"east":{"texture":"#head","uv":[6.0,35.0,9.0,47.0],"autoUv":false},"south":{"texture":"#head","uv":[9.0,35.0,11.0,47.0],"autoUv":false},"west":{"texture":"#head","uv":[21.0,32.0,24.0,42.0],"autoUv":false},"up":{"texture":"#head","uv":[6.0,33.0,9.0,35.0],"autoUv":false,"rotation":90},"down":{"texture":"#head","uv":[9.0,49.0,6.0,47.0],"autoUv":false,"rotation":270}},"children":[]},{"name":"EarsWolf0L.007","from":[0.139839072794,-3.039042382827,0.459363037269],"to":[0.609214301721,2.835816527497,1.11856690546],"rotationOrigin":[0.325553953648,-0.178936004639,0.29752612114],"stepParentName":"b_EarL","rotationX":3.5982461076,"rotationY":-52.12732072662,"rotationZ":-7.171503968122,"group":"EarsWolf0L","faces":{"north":{"texture":"#head","uv":[14.0,36.0,13.0,48.0],"autoUv":false},"east":{"texture":"#head","uv":[8.0,36.0,10.0,48.0],"autoUv":false},"south":{"texture":"#head","uv":[10.0,36.0,11.0,48.0],"autoUv":false},"west":{"texture":"#head","uv":[11.0,36.0,13.0,48.0],"autoUv":false},"up":{"texture":"#head","uv":[11.0,35.0,13.0,36.0],"autoUv":false},"down":{"texture":"#head","uv":[13.0,49.0,11.0,48.0],"autoUv":false}},"children":[]},{"name":"EarsWolf0L","from":[-0.380837279597,2.554489511312,0.214726276392],"to":[0.279769126011,3.080654074074,1.102313965591],"rotationOrigin":[0.217307150364,2.76736831665,0.728901863098],"stepParentName":"b_EarL","rotationX":49.126958643112,"rotationY":28.970121006109,"rotationZ":-26.002774349501,"group":"EarsWolf0L","faces":{"north":{"texture":"#head","uv":[4.0,36.0,8.0,37.0],"autoUv":false},"east":{"texture":"#head","uv":[8.0,36.0,12.0,37.0],"autoUv":false},"south":{"texture":"#head","uv":[4.0,36.0,8.0,37.0],"autoUv":false},"west":{"texture":"#head","uv":[12.0,36.0,8.0,37.0],"autoUv":false,"rotation":180},"up":{"texture":"#head","uv":[8.0,34.0,12.0,36.0],"autoUv":false},"down":{"texture":"#head","uv":[12.0,36.0,8.0,34.0],"autoUv":false}},"children":[]},{"name":"EarsWolf0L.009","from":[-0.914682823185,-0.452856436123,-0.848959975643],"to":[-0.425537734788,3.988898171015,-0.192252491079],"rotationOrigin":[-0.721145749092,1.084596633911,-1.061486124992],"stepParentName":"b_EarL","rotationX":3.598242265619,"rotationY":-52.127330971904,"rotationZ":-38.887016096024,"group":"EarsWolf0L","faces":{"north":{"texture":"#head","uv":[15.0,35.0,14.0,47.0],"autoUv":false},"east":{"texture":"#head","uv":[9.0,35.0,11.0,47.0],"autoUv":false},"south":{"texture":"#head","uv":[11.0,35.0,12.0,47.0],"autoUv":false},"west":{"texture":"#head","uv":[12.0,35.0,14.0,47.0],"autoUv":false},"up":{"texture":"#head","uv":[12.0,34.0,14.0,35.0],"autoUv":false},"down":{"texture":"#head","uv":[14.0,48.0,12.0,47.0],"autoUv":false}},"children":[]},{"name":"EarsWolf0LFluff.002","from":[-0.559285109909,-0.516265339175,-0.206730642628],"to":[0.000448232563,0.649398700141,1.622536654564],"rotationOrigin":[-0.279418438673,-0.023494720459,-0.206730604172],"stepParentName":"b_EarL","rotationX":-47.824585002363,"rotationY":-31.276112398216,"rotationZ":25.881058670944,"group":"EarsWolf0L","faces":{"north":{"texture":"#head","uv":[18.0,34.0,17.0,37.0],"autoUv":false,"rotation":180},"east":{"texture":"#head","uv":[19.0,37.0,22.0,43.0],"autoUv":false,"rotation":90},"south":{"texture":"head","uv":[63.0,57.0,57.0,63.0],"autoUv":false,"rotation":180,"enabled":false},"west":{"texture":"#head","uv":[29.0,37.0,26.0,43.0],"autoUv":false,"rotation":270},"up":{"texture":"#head","uv":[21.0,36.0,20.0,42.0],"autoUv":false},"down":{"texture":"#head","uv":[22.0,43.0,21.0,36.0],"autoUv":false,"rotation":180}},"children":[]},{"name":"EarsWolf0LFluff","from":[-0.522186869405,0.267926907932,0.0623716949],"to":[-0.040564483382,1.009366721571,1.770283214672],"rotationOrigin":[-0.281375676394,0.58136177063,0.062371730804],"stepParentName":"b_EarL","rotationX":-53.712419802778,"rotationY":-17.254227513348,"rotationZ":22.404736562671,"group":"EarsWolf0L","faces":{"north":{"texture":"#head","uv":[18.0,34.0,17.0,37.0],"autoUv":false,"rotation":180},"east":{"texture":"#head","uv":[18.0,36.0,20.0,42.0],"autoUv":false,"rotation":90},"south":{"texture":"head","uv":[63.0,57.0,57.0,63.0],"autoUv":false,"rotation":180,"enabled":false},"west":{"texture":"#head","uv":[29.0,37.0,27.0,43.0],"autoUv":false,"rotation":270},"up":{"texture":"#head","uv":[20.0,36.0,19.0,42.0],"autoUv":false},"down":{"texture":"#head","uv":[21.0,43.0,20.0,36.0],"autoUv":false,"rotation":180}},"children":[]}],"groups":[]}