{"textureWidth":64,"textureHeight":64,"textures":{},"textureSizes":{"head":[64,64]},"elements":[{"name":"EarShark.114","from":[1.954053562849,-1.392768528638,3.282452121501],"to":[2.321107362872,2.065795416768,3.787709129165],"rotationOrigin":[-0.230435401201,1.3034324646,3.534126281738],"stepParentName":"b_EarR","rotationX":90.929509288247,"rotationY":-88.681154447451,"rotationZ":-66.859403558745,"group":"EarsDragon0R.006","faces":{"north":{"texture":"#head","uv":[10.0,36.886363983154,9.0,44.0],"autoUv":false,"rotation":180},"east":{"texture":"#head","uv":[9.0,36.886360168457,6.999999523163,44.0],"autoUv":false,"rotation":180},"south":{"texture":"#head","uv":[7.0,36.886363983154,6.000000476837,44.0],"autoUv":false,"rotation":180},"west":{"texture":"#head","uv":[12.0,36.886367797852,10.0,44.0],"autoUv":false,"rotation":180},"up":{"texture":"#head","uv":[10.0,44.0,9.0,45.0],"autoUv":false},"down":{"texture":"#head","uv":[9.0,41.0,10.0,40.0],"autoUv":false}},"children":[]},{"name":"EarShark.115","from":[-4.116694618121,4.166783289369,3.842549706494],"to":[-3.602819501702,4.698865386637,4.549909419411],"rotationOrigin":[-0.26846820116,2.966415405273,4.194784641266],"stepParentName":"b_EarR","rotationX":-89.072346701975,"rotationY":-91.318795919992,"rotationZ":-66.861268200388,"group":"EarsDragon0R.006","faces":{"north":{"texture":"#head","uv":[9.0,35.0,8.0,37.0],"autoUv":false,"rotation":180},"east":{"texture":"#head","uv":[11.0,35.0,9.0,37.0],"autoUv":false,"rotation":180},"south":{"texture":"#head","uv":[12.0,35.0,11.0,37.0],"autoUv":false,"rotation":180},"west":{"texture":"#head","uv":[8.0,35.0,6.0,37.0],"autoUv":false,"rotation":180},"up":{"texture":"#head","uv":[9.0,37.0,8.0,38.0],"autoUv":false},"down":{"texture":"#head","uv":[8.0,35.0,9.0,34.0],"autoUv":false}},"children":[]},{"name":"EarShark.105","from":[-0.483063928159,1.119905509648,-2.705587175043],"to":[0.022193125757,1.486959419551,0.752977071148],"rotationOrigin":[-0.230435401201,1.3034324646,-0.976305127144],"stepParentName":"b_EarL","rotationX":-67.783418870421,"rotationY":178.787277601064,"rotationZ":-0.518354101809,"group":"EarsDragon0L.006","faces":{"north":{"texture":"#head","uv":[9.0,40.0,10.0,41.0],"autoUv":false,"rotation":270},"east":{"texture":"#head","uv":[6.000000476837,36.886363983154,7.0,44.0],"autoUv":false,"rotation":90},"south":{"texture":"#head","uv":[9.0,44.0,10.0,45.0],"autoUv":false,"rotation":270},"west":{"texture":"#head","uv":[9.0,36.886363983154,10.0,44.0],"autoUv":false,"rotation":270},"up":{"texture":"#head","uv":[10.0,36.886367797852,12.0,44.0],"autoUv":false},"down":{"texture":"#head","uv":[9.0,44.0,6.999999523163,36.886360168457],"autoUv":false,"rotation":180}},"children":[]},{"name":"EarShark.109","from":[-0.622148110256,2.709477732812,-0.581687791163],"to":[0.085211707935,3.223353077735,-0.04960574407],"rotationOrigin":[-0.26846820116,2.966415405273,-0.315646767616],"stepParentName":"b_EarL","rotationX":-67.783432530799,"rotationY":-1.212715241618,"rotationZ":-179.481689273601,"group":"EarsDragon0L.006","faces":{"north":{"texture":"#head","uv":[8.0,34.0,9.0,35.0],"autoUv":false,"rotation":270},"east":{"texture":"#head","uv":[11.0,35.0,12.0,37.0],"autoUv":false,"rotation":90},"south":{"texture":"#head","uv":[8.0,37.0,9.0,38.0],"autoUv":false,"rotation":270},"west":{"texture":"#head","uv":[8.0,35.0,9.0,37.0],"autoUv":false,"rotation":270},"up":{"texture":"#head","uv":[6.0,35.0,8.0,37.0],"autoUv":false},"down":{"texture":"#head","uv":[11.0,37.0,9.0,35.0],"autoUv":false,"rotation":180}},"children":[]}],"groups":[]}