{"textureWidth": 32, "textureHeight": 32, "textures": {"headphone": "kemono:entity/horse/clothing/headphones"}, "textureSizes": {"headphone": [32, 32]}, "elements": [{"name": "headphoneback", "from": [2.21702313, -2.47909284, -2.3719945], "to": [5.60079408, -0.20664907, 2.3719945], "rotationOrigin": [3.90890861, -1.34287095, 0.0], "stepParentName": "b_Neck", "rotationX": -0.0, "rotationY": 0.0, "rotationZ": -61.5363571, "group": "neck-headphones", "faces": {"north": {"texture": "#headphone", "uv": [1.0, 1.0, 3.0, 3.0], "autoUv": false, "rotation": 270}, "east": {"texture": "#headphone", "uv": [1.0, 1.0, 3.0, 3.0], "autoUv": false, "rotation": 270}, "south": {"texture": "#headphone", "uv": [1.0, 1.0, 3.0, 3.0], "autoUv": false, "rotation": 270}, "west": {"texture": "#headphone", "uv": [1.0, 1.0, 3.0, 3.0], "autoUv": false, "rotation": 270}, "up": {"texture": "#headphone", "uv": [1.0, 1.0, 3.0, 3.0], "autoUv": false, "rotation": 270}, "down": {"texture": "#headphone", "uv": [3.0, 3.0, 1.0, 1.0], "autoUv": false, "rotation": 270}}, "children": []}, {"name": "Cube", "from": [1.10327375, -1.2357868, 1.44478071], "to": [4.35465348, 2.01559293, 3.06519759], "rotationOrigin": [2.72896361, 0.38990307, 2.25498915], "stepParentName": "b_Neck", "rotationX": -0.0, "rotationY": -0.0, "rotationZ": -82.24766949, "group": "earphone_left", "faces": {"north": {"texture": "#headphone", "uv": [1.0, 1.0, 3.0, 3.0], "autoUv": false, "rotation": 270}, "east": {"texture": "#headphone", "uv": [1.0, 1.0, 3.0, 3.0], "autoUv": false, "rotation": 270}, "south": {"texture": "#headphone", "uv": [1.0, 1.0, 3.0, 3.0], "autoUv": false, "rotation": 270}, "west": {"texture": "#headphone", "uv": [1.0, 1.0, 3.0, 3.0], "autoUv": false, "rotation": 270}, "up": {"texture": "#headphone", "uv": [1.0, 1.0, 3.0, 3.0], "autoUv": false, "rotation": 270}, "down": {"texture": "#headphone", "uv": [3.0, 3.0, 1.0, 1.0], "autoUv": false, "rotation": 270}}, "children": []}, {"name": "Cube.001", "from": [1.50307393, -0.83598661, 2.117791], "to": [3.9548533, 1.61579275, 3.45789164], "rotationOrigin": [2.72896361, 0.38990307, 2.78784132], "stepParentName": "b_Neck", "rotationX": -0.0, "rotationY": -0.0, "rotationZ": -82.24766949, "group": "earphone_left", "faces": {"north": {"texture": "#headphone", "uv": [1.0, 1.0, 3.0, 3.0], "autoUv": false, "rotation": 270}, "east": {"texture": "#headphone", "uv": [1.0, 1.0, 3.0, 3.0], "autoUv": false, "rotation": 270}, "south": {"texture": "#headphone", "uv": [1.0, 1.0, 3.0, 3.0], "autoUv": false, "rotation": 270}, "west": {"texture": "#headphone", "uv": [1.0, 1.0, 3.0, 3.0], "autoUv": false, "rotation": 270}, "up": {"texture": "#headphone", "uv": [1.0, 1.0, 3.0, 3.0], "autoUv": false, "rotation": 270}, "down": {"texture": "#headphone", "uv": [3.0, 3.0, 1.0, 1.0], "autoUv": false, "rotation": 270}}, "children": []}, {"name": "Cube.002", "from": [2.72527629, 0.48810288, 2.97294784], "to": [3.96865624, 0.74870494, 3.51203322], "rotationOrigin": [3.34696627, 0.61840391, 3.24249053], "stepParentName": "b_Neck", "rotationX": -0.0, "rotationY": -0.0, "rotationZ": -82.24766949, "group": "earphone_left", "faces": {"north": {"texture": "#headphone", "uv": [5.0, 1.0, 7.0, 3.0], "autoUv": false, "glow": 255, "rotation": 270}, "east": {"texture": "#headphone", "uv": [5.0, 1.0, 7.0, 3.0], "autoUv": false, "glow": 255, "rotation": 270}, "south": {"texture": "#headphone", "uv": [5.0, 1.0, 7.0, 3.0], "autoUv": false, "glow": 255, "rotation": 270}, "west": {"texture": "#headphone", "uv": [5.0, 1.0, 7.0, 3.0], "autoUv": false, "glow": 255, "rotation": 270}, "up": {"texture": "#headphone", "uv": [5.0, 1.0, 7.0, 3.0], "autoUv": false, "glow": 255, "rotation": 270}, "down": {"texture": "#headphone", "uv": [7.0, 3.0, 5.0, 1.0], "autoUv": false, "glow": 255, "rotation": 270}}, "children": []}, {"name": "Cube.003", "from": [1.66955253, 0.49297084, 2.97294784], "to": [2.33145455, 0.92508374, 3.51203322], "rotationOrigin": [2.00050354, 0.70902729, 3.24249053], "stepParentName": "b_Neck", "rotationX": -0.0, "rotationY": -0.0, "rotationZ": -82.24766949, "group": "earphone_left", "faces": {"north": {"texture": "#headphone", "uv": [5.0, 1.0, 7.0, 3.0], "autoUv": false, "glow": 255, "rotation": 270}, "east": {"texture": "#headphone", "uv": [5.0, 1.0, 7.0, 3.0], "autoUv": false, "glow": 255, "rotation": 270}, "south": {"texture": "#headphone", "uv": [5.0, 1.0, 7.0, 3.0], "autoUv": false, "glow": 255, "rotation": 270}, "west": {"texture": "#headphone", "uv": [5.0, 1.0, 7.0, 3.0], "autoUv": false, "glow": 255, "rotation": 270}, "up": {"texture": "#headphone", "uv": [5.0, 1.0, 7.0, 3.0], "autoUv": false, "glow": 255, "rotation": 270}, "down": {"texture": "#headphone", "uv": [7.0, 3.0, 5.0, 1.0], "autoUv": false, "glow": 255, "rotation": 270}}, "children": []}, {"name": "Cube.004", "from": [1.84724188, 0.98076782, 2.97294784], "to": [3.38538599, 1.18336525, 3.51203322], "rotationOrigin": [2.61631393, 1.08206654, 3.24249053], "stepParentName": "b_Neck", "rotationX": -0.0, "rotationY": -0.0, "rotationZ": 7.75234496, "group": "earphone_left", "faces": {"north": {"texture": "#headphone", "uv": [5.0, 1.0, 7.0, 3.0], "autoUv": false, "glow": 255, "rotation": 270}, "east": {"texture": "#headphone", "uv": [5.0, 1.0, 7.0, 3.0], "autoUv": false, "glow": 255, "rotation": 270}, "south": {"texture": "#headphone", "uv": [5.0, 1.0, 7.0, 3.0], "autoUv": false, "glow": 255, "rotation": 270}, "west": {"texture": "#headphone", "uv": [5.0, 1.0, 7.0, 3.0], "autoUv": false, "glow": 255, "rotation": 270}, "up": {"texture": "#headphone", "uv": [5.0, 1.0, 7.0, 3.0], "autoUv": false, "glow": 255, "rotation": 270}, "down": {"texture": "#headphone", "uv": [7.0, 3.0, 5.0, 1.0], "autoUv": false, "glow": 255, "rotation": 270}}, "children": []}, {"name": "Cube.005", "from": [1.81657335, -0.58698617, 2.97294784], "to": [2.47847536, -0.15487327, 3.51203322], "rotationOrigin": [2.14752436, -0.37092972, 3.24249053], "stepParentName": "b_Neck", "rotationX": -0.0, "rotationY": -0.0, "rotationZ": -82.24766949, "group": "earphone_left", "faces": {"north": {"texture": "#headphone", "uv": [5.0, 1.0, 7.0, 3.0], "autoUv": false, "glow": 255, "rotation": 270}, "east": {"texture": "#headphone", "uv": [5.0, 1.0, 7.0, 3.0], "autoUv": false, "glow": 255, "rotation": 270}, "south": {"texture": "#headphone", "uv": [5.0, 1.0, 7.0, 3.0], "autoUv": false, "glow": 255, "rotation": 270}, "west": {"texture": "#headphone", "uv": [5.0, 1.0, 7.0, 3.0], "autoUv": false, "glow": 255, "rotation": 270}, "up": {"texture": "#headphone", "uv": [5.0, 1.0, 7.0, 3.0], "autoUv": false, "glow": 255, "rotation": 270}, "down": {"texture": "#headphone", "uv": [7.0, 3.0, 5.0, 1.0], "autoUv": false, "glow": 255, "rotation": 270}}, "children": []}, {"name": "Cube.006", "from": [1.99426222, -0.09918895, 2.97294784], "to": [3.53240633, 0.10340848, 3.51203322], "rotationOrigin": [2.76333427, 0.00210977, 3.24249053], "stepParentName": "b_Neck", "rotationX": -0.0, "rotationY": -0.0, "rotationZ": 7.75234496, "group": "earphone_left", "faces": {"north": {"texture": "#headphone", "uv": [5.0, 1.0, 7.0, 3.0], "autoUv": false, "glow": 255, "rotation": 270}, "east": {"texture": "#headphone", "uv": [5.0, 1.0, 7.0, 3.0], "autoUv": false, "glow": 255, "rotation": 270}, "south": {"texture": "#headphone", "uv": [5.0, 1.0, 7.0, 3.0], "autoUv": false, "glow": 255, "rotation": 270}, "west": {"texture": "#headphone", "uv": [5.0, 1.0, 7.0, 3.0], "autoUv": false, "glow": 255, "rotation": 270}, "up": {"texture": "#headphone", "uv": [5.0, 1.0, 7.0, 3.0], "autoUv": false, "glow": 255, "rotation": 270}, "down": {"texture": "#headphone", "uv": [7.0, 3.0, 5.0, 1.0], "autoUv": false, "glow": 255, "rotation": 270}}, "children": []}, {"name": "Cube.008", "from": [1.10327375, -1.2357868, -3.06519759], "to": [4.35465348, 2.01559293, -1.44478071], "rotationOrigin": [2.72896361, 0.38990307, -2.25498915], "stepParentName": "b_Neck", "rotationX": -0.0, "rotationY": -0.0, "rotationZ": -82.24766949, "group": "earphone_right", "faces": {"north": {"texture": "#headphone", "uv": [1.0, 1.0, 3.0, 3.0], "autoUv": false, "rotation": 270}, "east": {"texture": "#headphone", "uv": [1.0, 1.0, 3.0, 3.0], "autoUv": false, "rotation": 270}, "south": {"texture": "#headphone", "uv": [1.0, 1.0, 3.0, 3.0], "autoUv": false, "rotation": 270}, "west": {"texture": "#headphone", "uv": [1.0, 1.0, 3.0, 3.0], "autoUv": false, "rotation": 270}, "up": {"texture": "#headphone", "uv": [1.0, 1.0, 3.0, 3.0], "autoUv": false, "rotation": 270}, "down": {"texture": "#headphone", "uv": [3.0, 3.0, 1.0, 1.0], "autoUv": false, "rotation": 270}}, "children": []}, {"name": "Cube.009", "from": [1.50307393, -0.83598661, -3.45789164], "to": [3.9548533, 1.61579275, -2.117791], "rotationOrigin": [2.72896361, 0.38990307, -2.78784132], "stepParentName": "b_Neck", "rotationX": -0.0, "rotationY": -0.0, "rotationZ": -82.24766949, "group": "earphone_right", "faces": {"north": {"texture": "#headphone", "uv": [1.0, 1.0, 3.0, 3.0], "autoUv": false, "rotation": 270}, "east": {"texture": "#headphone", "uv": [1.0, 1.0, 3.0, 3.0], "autoUv": false, "rotation": 270}, "south": {"texture": "#headphone", "uv": [1.0, 1.0, 3.0, 3.0], "autoUv": false, "rotation": 270}, "west": {"texture": "#headphone", "uv": [1.0, 1.0, 3.0, 3.0], "autoUv": false, "rotation": 270}, "up": {"texture": "#headphone", "uv": [1.0, 1.0, 3.0, 3.0], "autoUv": false, "rotation": 270}, "down": {"texture": "#headphone", "uv": [3.0, 3.0, 1.0, 1.0], "autoUv": false, "rotation": 270}}, "children": []}, {"name": "Cube.010", "from": [2.80420047, 0.11483333, -3.5029881], "to": [4.04758042, 0.37543538, -2.96390271], "rotationOrigin": [3.42589045, 0.24513435, -3.23344541], "stepParentName": "b_Neck", "rotationX": -0.0, "rotationY": -0.0, "rotationZ": -82.24765583, "group": "earphone_right", "faces": {"north": {"texture": "#headphone", "uv": [5.0, 1.0, 7.0, 3.0], "autoUv": false, "glow": 255, "rotation": 270}, "east": {"texture": "#headphone", "uv": [5.0, 1.0, 7.0, 3.0], "autoUv": false, "glow": 255, "rotation": 270}, "south": {"texture": "#headphone", "uv": [5.0, 1.0, 7.0, 3.0], "autoUv": false, "glow": 255, "rotation": 270}, "west": {"texture": "#headphone", "uv": [5.0, 1.0, 7.0, 3.0], "autoUv": false, "glow": 255, "rotation": 270}, "up": {"texture": "#headphone", "uv": [5.0, 1.0, 7.0, 3.0], "autoUv": false, "glow": 255, "rotation": 90}, "down": {"texture": "#headphone", "uv": [7.0, 3.0, 5.0, 1.0], "autoUv": false, "glow": 255, "rotation": 90}}, "children": []}, {"name": "Cube.011", "from": [1.82170174, -0.41818057, -3.5029881], "to": [2.48360375, 0.01393233, -2.96390271], "rotationOrigin": [2.15265274, -0.20212412, -3.23344541], "stepParentName": "b_Neck", "rotationX": -0.0, "rotationY": -0.0, "rotationZ": -82.24765583, "group": "earphone_right", "faces": {"north": {"texture": "#headphone", "uv": [5.0, 1.0, 7.0, 3.0], "autoUv": false, "glow": 255, "rotation": 270}, "east": {"texture": "#headphone", "uv": [5.0, 1.0, 7.0, 3.0], "autoUv": false, "glow": 255, "rotation": 270}, "south": {"texture": "#headphone", "uv": [5.0, 1.0, 7.0, 3.0], "autoUv": false, "glow": 255, "rotation": 270}, "west": {"texture": "#headphone", "uv": [5.0, 1.0, 7.0, 3.0], "autoUv": false, "glow": 255, "rotation": 270}, "up": {"texture": "#headphone", "uv": [5.0, 1.0, 7.0, 3.0], "autoUv": false, "glow": 255, "rotation": 90}, "down": {"texture": "#headphone", "uv": [7.0, 3.0, 5.0, 1.0], "autoUv": false, "glow": 255, "rotation": 90}}, "children": []}, {"name": "Cube.012", "from": [2.07670069, -0.49826994, -3.5029881], "to": [3.6148448, -0.29567251, -2.96390271], "rotationOrigin": [2.84577274, -0.39697123, -3.23344541], "stepParentName": "b_Neck", "rotationX": -0.0, "rotationY": -0.0, "rotationZ": -172.24763102, "group": "earphone_right", "faces": {"north": {"texture": "#headphone", "uv": [5.0, 1.0, 7.0, 3.0], "autoUv": false, "glow": 255, "rotation": 270}, "east": {"texture": "#headphone", "uv": [5.0, 1.0, 7.0, 3.0], "autoUv": false, "glow": 255, "rotation": 270}, "south": {"texture": "#headphone", "uv": [5.0, 1.0, 7.0, 3.0], "autoUv": false, "glow": 255, "rotation": 270}, "west": {"texture": "#headphone", "uv": [5.0, 1.0, 7.0, 3.0], "autoUv": false, "glow": 255, "rotation": 270}, "up": {"texture": "#headphone", "uv": [5.0, 1.0, 7.0, 3.0], "autoUv": false, "glow": 255, "rotation": 90}, "down": {"texture": "#headphone", "uv": [7.0, 3.0, 5.0, 1.0], "autoUv": false, "glow": 255, "rotation": 90}}, "children": []}, {"name": "Cube.013", "from": [1.67468116, 0.66177644, -3.5029881], "to": [2.33658317, 1.09388934, -2.96390271], "rotationOrigin": [2.00563216, 0.87783289, -3.23344541], "stepParentName": "b_Neck", "rotationX": -0.0, "rotationY": -0.0, "rotationZ": -82.24765583, "group": "earphone_right", "faces": {"north": {"texture": "#headphone", "uv": [5.0, 1.0, 7.0, 3.0], "autoUv": false, "glow": 255, "rotation": 270}, "east": {"texture": "#headphone", "uv": [5.0, 1.0, 7.0, 3.0], "autoUv": false, "glow": 255, "rotation": 270}, "south": {"texture": "#headphone", "uv": [5.0, 1.0, 7.0, 3.0], "autoUv": false, "glow": 255, "rotation": 270}, "west": {"texture": "#headphone", "uv": [5.0, 1.0, 7.0, 3.0], "autoUv": false, "glow": 255, "rotation": 270}, "up": {"texture": "#headphone", "uv": [5.0, 1.0, 7.0, 3.0], "autoUv": false, "glow": 255, "rotation": 90}, "down": {"texture": "#headphone", "uv": [7.0, 3.0, 5.0, 1.0], "autoUv": false, "glow": 255, "rotation": 90}}, "children": []}, {"name": "Cube.014", "from": [1.92967892, 0.58168612, -3.5029881], "to": [3.46782303, 0.78428354, -2.96390271], "rotationOrigin": [2.69875097, 0.68298483, -3.23344541], "stepParentName": "b_Neck", "rotationX": -0.0, "rotationY": -0.0, "rotationZ": -172.24763102, "group": "earphone_right", "faces": {"north": {"texture": "#headphone", "uv": [5.0, 1.0, 7.0, 3.0], "autoUv": false, "glow": 255, "rotation": 270}, "east": {"texture": "#headphone", "uv": [5.0, 1.0, 7.0, 3.0], "autoUv": false, "glow": 255, "rotation": 270}, "south": {"texture": "#headphone", "uv": [5.0, 1.0, 7.0, 3.0], "autoUv": false, "glow": 255, "rotation": 270}, "west": {"texture": "#headphone", "uv": [5.0, 1.0, 7.0, 3.0], "autoUv": false, "glow": 255, "rotation": 270}, "up": {"texture": "#headphone", "uv": [5.0, 1.0, 7.0, 3.0], "autoUv": false, "glow": 255, "rotation": 90}, "down": {"texture": "#headphone", "uv": [7.0, 3.0, 5.0, 1.0], "autoUv": false, "glow": 255, "rotation": 90}}, "children": []}], "groups": []}