{"textureWidth": 32, "textureHeight": 32, "textures": {"blackcollar": "kemono:entity/horse/clothing/blackcollar"}, "textureSizes": {"blackcollar": [32, 32]}, "elements": [{"name": "blackchoker", "from": [1.63566875, -0.40937248, -1.85838985], "to": [5.29872417, 0.36132255, 1.85838985], "rotationOrigin": [3.46719646, -0.02402496, 0.0], "stepParentName": "b_Neck", "rotationX": -0.0, "rotationY": -0.0, "rotationZ": -83.22547255, "group": "neck-blackchoker", "faces": {"north": {"texture": "#blackcollar", "uv": [1.0, 28.0, 7.0, 31.0], "autoUv": false}, "east": {"texture": "#blackcollar", "uv": [19.0, 28.0, 25.0, 31.0], "autoUv": false}, "south": {"texture": "#blackcollar", "uv": [13.0, 28.0, 19.0, 31.0], "autoUv": false}, "west": {"texture": "#blackcollar", "uv": [7.0, 28.0, 13.0, 31.0], "autoUv": false}, "up": {"texture": "#blackcollar", "uv": [27.0, 28.0, 30.0, 31.0], "autoUv": false, "rotation": 90}, "down": {"texture": "#blackcollar", "uv": [30.0, 31.0, 27.0, 28.0], "autoUv": false, "rotation": 270}}, "children": []}], "groups": []}