{"textureWidth": 32, "textureHeight": 32, "textures": {"bowtie": "kemono:entity/horse/clothing/bowtie"}, "textureSizes": {"bowtie": [32, 32]}, "elements": [{"name": "bowtie_neck", "from": [1.63566899, -0.5513674, -1.85838985], "to": [5.29872394, 0.50331748, 1.85838985], "rotationOrigin": [3.46719646, -0.02402496, 0.0], "stepParentName": "b_Neck", "rotationX": -0.0, "rotationY": -0.0, "rotationZ": -83.22547255, "group": "neck-bowtie", "faces": {"north": {"texture": "#bowtie", "uv": [1.0, 1.0, 3.0, 3.0], "autoUv": false, "rotation": 270}, "east": {"texture": "#bowtie", "uv": [1.0, 1.0, 3.0, 3.0], "autoUv": false, "rotation": 270}, "south": {"texture": "#bowtie", "uv": [1.0, 1.0, 3.0, 3.0], "autoUv": false, "rotation": 270}, "west": {"texture": "#bowtie", "uv": [1.0, 1.0, 3.0, 3.0], "autoUv": false, "rotation": 270}, "up": {"texture": "#bowtie", "uv": [1.0, 1.0, 3.0, 3.0], "autoUv": false, "rotation": 270}, "down": {"texture": "#bowtie", "uv": [3.0, 3.0, 1.0, 1.0], "autoUv": false, "rotation": 270}}, "children": []}, {"name": "bowtie.002", "from": [2.74814564, 1.12824267, -0.52378941], "to": [3.76016563, 2.41049749, 0.52378941], "rotationOrigin": [3.25415564, 1.76937008, -0.0], "stepParentName": "b_Neck", "rotationX": -0.0, "rotationY": -0.0, "rotationZ": -83.22547255, "group": "neck-bowtie", "faces": {"north": {"texture": "#bowtie", "uv": [2.0, 27.0, 5.0, 31.0], "autoUv": false}, "east": {"texture": "#bowtie", "uv": [2.0, 27.0, 5.0, 31.0], "autoUv": false}, "south": {"texture": "#bowtie", "uv": [2.0, 27.0, 5.0, 31.0], "autoUv": false}, "west": {"texture": "#bowtie", "uv": [2.0, 27.0, 5.0, 31.0], "autoUv": false}, "up": {"texture": "#bowtie", "uv": [2.0, 27.0, 5.0, 31.0], "autoUv": false}, "down": {"texture": "#bowtie", "uv": [5.0, 31.0, 2.0, 27.0], "autoUv": false}}, "children": []}, {"name": "bowtie.003", "from": [3.16116546, 1.51933068, 0.19136035], "to": [3.60117795, 2.54742271, 1.88070714], "rotationOrigin": [3.3811717, 2.03337669, 1.03603375], "stepParentName": "b_Neck", "rotationX": -1.45769054, "rotationY": 14.75310957, "rotationZ": -83.13456956, "group": "neck-bowtie", "faces": {"north": {"texture": "#bowtie", "uv": [8.0, 28.0, 12.0, 31.0], "autoUv": false}, "east": {"texture": "#bowtie", "uv": [8.0, 28.0, 12.0, 31.0], "autoUv": false}, "south": {"texture": "#bowtie", "uv": [8.0, 28.0, 12.0, 31.0], "autoUv": false}, "west": {"texture": "#bowtie", "uv": [8.0, 28.0, 12.0, 31.0], "autoUv": false}, "up": {"texture": "#bowtie", "uv": [8.0, 28.0, 12.0, 31.0], "autoUv": false}, "down": {"texture": "#bowtie", "uv": [12.0, 31.0, 8.0, 28.0], "autoUv": false}}, "children": []}, {"name": "bowtie.004", "from": [2.79751159, 1.47884834, 0.448497], "to": [3.23752402, 2.44655621, 1.80280048], "rotationOrigin": [3.01751781, 1.96270227, 1.12564874], "stepParentName": "b_Neck", "rotationX": 1.38506205, "rotationY": -18.79712114, "rotationZ": -82.13912413, "group": "neck-bowtie", "faces": {"north": {"texture": "#bowtie", "uv": [13.0, 28.0, 9.0, 31.0], "autoUv": false, "rotation": 180}, "east": {"texture": "#bowtie", "uv": [13.0, 28.0, 9.0, 31.0], "autoUv": false, "rotation": 180}, "south": {"texture": "#bowtie", "uv": [13.0, 28.0, 9.0, 31.0], "autoUv": false, "rotation": 180}, "west": {"texture": "#bowtie", "uv": [13.0, 28.0, 9.0, 31.0], "autoUv": false, "rotation": 180}, "up": {"texture": "#bowtie", "uv": [13.0, 28.0, 9.0, 31.0], "autoUv": false, "rotation": 180}, "down": {"texture": "#bowtie", "uv": [9.0, 31.0, 13.0, 28.0], "autoUv": false, "rotation": 180}}, "children": []}, {"name": "bowtie.005", "from": [3.12796168, 1.51318002, -1.734878], "to": [3.53884645, 2.54127192, -0.04553145], "rotationOrigin": [3.33340406, 2.02722597, -0.89020473], "stepParentName": "b_Neck", "rotationX": 1.46149208, "rotationY": -13.5202314, "rotationZ": -82.92516962, "group": "neck-bowtie", "faces": {"north": {"texture": "#bowtie", "uv": [12.0, 28.0, 8.0, 31.0], "autoUv": false}, "east": {"texture": "#bowtie", "uv": [12.0, 28.0, 8.0, 31.0], "autoUv": false}, "south": {"texture": "#bowtie", "uv": [12.0, 28.0, 8.0, 31.0], "autoUv": false}, "west": {"texture": "#bowtie", "uv": [12.0, 28.0, 8.0, 31.0], "autoUv": false}, "up": {"texture": "#bowtie", "uv": [12.0, 28.0, 8.0, 31.0], "autoUv": false}, "down": {"texture": "#bowtie", "uv": [8.0, 31.0, 12.0, 28.0], "autoUv": false}}, "children": []}, {"name": "bowtie", "from": [2.79290903, 1.54638863, -1.68520671], "to": [3.20387137, 2.38225842, -0.33108109], "rotationOrigin": [2.9983902, 1.96432352, -1.0081439], "stepParentName": "b_Neck", "rotationX": -1.97632164, "rotationY": 12.73165959, "rotationZ": -81.58768881, "group": "neck-bowtie", "faces": {"north": {"texture": "#bowtie", "uv": [9.0, 28.0, 13.0, 31.0], "autoUv": false, "rotation": 180}, "east": {"texture": "#bowtie", "uv": [9.0, 28.0, 13.0, 31.0], "autoUv": false, "rotation": 180}, "south": {"texture": "#bowtie", "uv": [9.0, 28.0, 13.0, 31.0], "autoUv": false, "rotation": 180}, "west": {"texture": "#bowtie", "uv": [9.0, 28.0, 13.0, 31.0], "autoUv": false, "rotation": 180}, "up": {"texture": "#bowtie", "uv": [9.0, 28.0, 13.0, 31.0], "autoUv": false, "rotation": 180}, "down": {"texture": "#bowtie", "uv": [13.0, 31.0, 9.0, 28.0], "autoUv": false, "rotation": 180}}, "children": []}], "groups": []}