{"textureWidth": 32, "textureHeight": 32, "textures": {"blackcollar": "kemono:entity/horse/clothing/blackcollar"}, "textureSizes": {"blackcollar": [32, 32]}, "elements": [{"name": "bowtie_neck.001", "from": [1.55171502, -0.76015204, -1.94357467], "to": [5.38267791, 0.71210212, 1.94357467], "rotationOrigin": [3.46719646, -0.02402496, 0.0], "stepParentName": "b_Neck", "rotationX": -0.0, "rotationY": -0.0, "rotationZ": -83.22547255, "group": "neck-blackspikecollar", "faces": {"north": {"texture": "#blackcollar", "uv": [1.0, 27.0, 7.0, 31.0], "autoUv": false}, "east": {"texture": "#blackcollar", "uv": [19.0, 27.0, 25.0, 31.0], "autoUv": false}, "south": {"texture": "#blackcollar", "uv": [13.0, 27.0, 19.0, 31.0], "autoUv": false}, "west": {"texture": "#blackcollar", "uv": [7.0, 27.0, 13.0, 31.0], "autoUv": false}, "up": {"texture": "#blackcollar", "uv": [27.0, 28.0, 30.0, 31.0], "autoUv": false, "rotation": 90}, "down": {"texture": "#blackcollar", "uv": [30.0, 31.0, 27.0, 28.0], "autoUv": false, "rotation": 270}}, "children": []}, {"name": "bowtie_neck.002", "from": [2.81169137, 1.59801713, -1.05288708], "to": [3.67872801, 2.09132823, -0.61167037], "rotationOrigin": [3.24520969, 1.84467268, -0.83227873], "stepParentName": "b_Neck", "rotationX": -0.0, "rotationY": -0.0, "rotationZ": -83.22547255, "group": "neck-blackspikecollar", "faces": {"north": {"texture": "#blackcollar", "uv": [1.0, 4.0, 5.0, 6.0], "autoUv": false}, "east": {"texture": "#blackcollar", "uv": [11.0, 4.0, 13.0, 6.0], "autoUv": false}, "south": {"texture": "#blackcollar", "uv": [7.0, 4.0, 11.0, 6.0], "autoUv": false}, "west": {"texture": "#blackcollar", "uv": [5.0, 4.0, 7.0, 6.0], "autoUv": false}, "up": {"texture": "#blackcollar", "uv": [5.0, 1.0, 7.0, 4.0], "autoUv": false, "rotation": 90}, "down": {"texture": "#blackcollar", "uv": [9.0, 4.0, 7.0, 1.0], "autoUv": false, "rotation": 270}}, "children": []}, {"name": "bowtie_neck.003", "from": [2.81169137, 1.59801713, 0.77482283], "to": [3.67872801, 2.09132823, 1.21603954], "rotationOrigin": [3.24520969, 1.84467268, 0.99543118], "stepParentName": "b_Neck", "rotationX": -0.0, "rotationY": -0.0, "rotationZ": -83.22547255, "group": "neck-blackspikecollar", "faces": {"north": {"texture": "#blackcollar", "uv": [1.0, 4.0, 5.0, 6.0], "autoUv": false}, "east": {"texture": "#blackcollar", "uv": [11.0, 4.0, 13.0, 6.0], "autoUv": false}, "south": {"texture": "#blackcollar", "uv": [7.0, 4.0, 11.0, 6.0], "autoUv": false}, "west": {"texture": "#blackcollar", "uv": [5.0, 4.0, 7.0, 6.0], "autoUv": false}, "up": {"texture": "#blackcollar", "uv": [5.0, 1.0, 7.0, 4.0], "autoUv": false, "rotation": 90}, "down": {"texture": "#blackcollar", "uv": [9.0, 4.0, 7.0, 1.0], "autoUv": false, "rotation": 270}}, "children": []}, {"name": "bowtie_neck.004", "from": [2.92363033, 0.65570727, -2.11359835], "to": [3.79066697, 1.14901838, -1.67238164], "rotationOrigin": [3.35714865, 0.90236282, -1.89298999], "stepParentName": "b_Neck", "rotationX": 89.99999567, "rotationY": 6.77452782, "rotationZ": -89.99994103, "group": "neck-blackspikecollar", "faces": {"north": {"texture": "#blackcollar", "uv": [1.0, 4.0, 5.0, 6.0], "autoUv": false}, "east": {"texture": "#blackcollar", "uv": [11.0, 4.0, 13.0, 6.0], "autoUv": false}, "south": {"texture": "#blackcollar", "uv": [7.0, 4.0, 11.0, 6.0], "autoUv": false}, "west": {"texture": "#blackcollar", "uv": [5.0, 4.0, 7.0, 6.0], "autoUv": false}, "up": {"texture": "#blackcollar", "uv": [5.0, 1.0, 7.0, 4.0], "autoUv": false, "rotation": 90}, "down": {"texture": "#blackcollar", "uv": [9.0, 4.0, 7.0, 1.0], "autoUv": false, "rotation": 270}}, "children": []}, {"name": "bowtie_neck.005", "from": [3.12834987, -1.06763586, 1.67237997], "to": [3.99538651, -0.57432476, 2.11359668], "rotationOrigin": [3.56186819, -0.82098031, 1.89298832], "stepParentName": "b_Neck", "rotationX": 89.99999567, "rotationY": 6.77452782, "rotationZ": -89.99994103, "group": "neck-blackspikecollar", "faces": {"north": {"texture": "#blackcollar", "uv": [1.0, 4.0, 5.0, 6.0], "autoUv": false}, "east": {"texture": "#blackcollar", "uv": [11.0, 4.0, 13.0, 6.0], "autoUv": false}, "south": {"texture": "#blackcollar", "uv": [7.0, 4.0, 11.0, 6.0], "autoUv": false}, "west": {"texture": "#blackcollar", "uv": [5.0, 4.0, 7.0, 6.0], "autoUv": false}, "up": {"texture": "#blackcollar", "uv": [5.0, 1.0, 7.0, 4.0], "autoUv": false, "rotation": 90}, "down": {"texture": "#blackcollar", "uv": [9.0, 4.0, 7.0, 1.0], "autoUv": false, "rotation": 270}}, "children": []}, {"name": "bowtie_neck.006", "from": [2.92363033, 0.65570727, 1.67238009], "to": [3.79066697, 1.14901838, 2.1135968], "rotationOrigin": [3.35714865, 0.90236282, 1.89298844], "stepParentName": "b_Neck", "rotationX": 89.99999567, "rotationY": 6.77452782, "rotationZ": -89.99994103, "group": "neck-blackspikecollar", "faces": {"north": {"texture": "#blackcollar", "uv": [1.0, 4.0, 5.0, 6.0], "autoUv": false}, "east": {"texture": "#blackcollar", "uv": [11.0, 4.0, 13.0, 6.0], "autoUv": false}, "south": {"texture": "#blackcollar", "uv": [7.0, 4.0, 11.0, 6.0], "autoUv": false}, "west": {"texture": "#blackcollar", "uv": [5.0, 4.0, 7.0, 6.0], "autoUv": false}, "up": {"texture": "#blackcollar", "uv": [5.0, 1.0, 7.0, 4.0], "autoUv": false, "rotation": 90}, "down": {"texture": "#blackcollar", "uv": [9.0, 4.0, 7.0, 1.0], "autoUv": false, "rotation": 270}}, "children": []}, {"name": "bowtie_neck.007", "from": [3.12834987, -1.06763586, -2.11359835], "to": [3.99538651, -0.57432476, -1.67238164], "rotationOrigin": [3.56186819, -0.82098031, -1.89298999], "stepParentName": "b_Neck", "rotationX": 89.99999567, "rotationY": 6.77452782, "rotationZ": -89.99994103, "group": "neck-blackspikecollar", "faces": {"north": {"texture": "#blackcollar", "uv": [1.0, 4.0, 5.0, 6.0], "autoUv": false}, "east": {"texture": "#blackcollar", "uv": [11.0, 4.0, 13.0, 6.0], "autoUv": false}, "south": {"texture": "#blackcollar", "uv": [7.0, 4.0, 11.0, 6.0], "autoUv": false}, "west": {"texture": "#blackcollar", "uv": [5.0, 4.0, 7.0, 6.0], "autoUv": false}, "up": {"texture": "#blackcollar", "uv": [5.0, 1.0, 7.0, 4.0], "autoUv": false, "rotation": 90}, "down": {"texture": "#blackcollar", "uv": [9.0, 4.0, 7.0, 1.0], "autoUv": false, "rotation": 270}}, "children": []}, {"name": "bowtie_neck.008", "from": [3.25637302, -2.14535233, -1.05288708], "to": [4.12340966, -1.65204123, -0.61167037], "rotationOrigin": [3.68989134, -1.89869678, -0.83227873], "stepParentName": "b_Neck", "rotationX": -0.0, "rotationY": -0.0, "rotationZ": -83.22547255, "group": "neck-blackspikecollar", "faces": {"north": {"texture": "#blackcollar", "uv": [1.0, 4.0, 5.0, 6.0], "autoUv": false}, "east": {"texture": "#blackcollar", "uv": [11.0, 4.0, 13.0, 6.0], "autoUv": false}, "south": {"texture": "#blackcollar", "uv": [7.0, 4.0, 11.0, 6.0], "autoUv": false}, "west": {"texture": "#blackcollar", "uv": [5.0, 4.0, 7.0, 6.0], "autoUv": false}, "up": {"texture": "#blackcollar", "uv": [5.0, 1.0, 7.0, 4.0], "autoUv": false, "rotation": 90}, "down": {"texture": "#blackcollar", "uv": [9.0, 4.0, 7.0, 1.0], "autoUv": false, "rotation": 270}}, "children": []}, {"name": "bowtie_neck.009", "from": [3.25637302, -2.14535233, 0.77482283], "to": [4.12340966, -1.65204123, 1.21603954], "rotationOrigin": [3.68989134, -1.89869678, 0.99543118], "stepParentName": "b_Neck", "rotationX": -0.0, "rotationY": -0.0, "rotationZ": -83.22547255, "group": "neck-blackspikecollar", "faces": {"north": {"texture": "#blackcollar", "uv": [1.0, 4.0, 5.0, 6.0], "autoUv": false}, "east": {"texture": "#blackcollar", "uv": [11.0, 4.0, 13.0, 6.0], "autoUv": false}, "south": {"texture": "#blackcollar", "uv": [7.0, 4.0, 11.0, 6.0], "autoUv": false}, "west": {"texture": "#blackcollar", "uv": [5.0, 4.0, 7.0, 6.0], "autoUv": false}, "up": {"texture": "#blackcollar", "uv": [5.0, 1.0, 7.0, 4.0], "autoUv": false, "rotation": 90}, "down": {"texture": "#blackcollar", "uv": [9.0, 4.0, 7.0, 1.0], "autoUv": false, "rotation": 270}}, "children": []}, {"name": "bowtie_neck.010", "from": [2.93791303, 2.0938866, -0.96464373], "to": [3.45813504, 2.38987328, -0.69991373], "rotationOrigin": [3.19802403, 2.24187994, -0.83227873], "stepParentName": "b_Neck", "rotationX": -0.0, "rotationY": -0.0, "rotationZ": -83.22547255, "group": "neck-blackspikecollar", "faces": {"north": {"texture": "#blackcollar", "uv": [1.0, 4.0, 5.0, 6.0], "autoUv": false}, "east": {"texture": "#blackcollar", "uv": [11.0, 4.0, 13.0, 6.0], "autoUv": false}, "south": {"texture": "#blackcollar", "uv": [7.0, 4.0, 11.0, 6.0], "autoUv": false}, "west": {"texture": "#blackcollar", "uv": [5.0, 4.0, 7.0, 6.0], "autoUv": false}, "up": {"texture": "#blackcollar", "uv": [5.0, 1.0, 7.0, 4.0], "autoUv": false, "rotation": 90}, "down": {"texture": "#blackcollar", "uv": [9.0, 4.0, 7.0, 1.0], "autoUv": false, "rotation": 270}}, "children": []}, {"name": "bowtie_neck.011", "from": [2.93791303, 2.0938866, 0.86306624], "to": [3.45813504, 2.38987328, 1.12779625], "rotationOrigin": [3.19802403, 2.24187994, 0.99543124], "stepParentName": "b_Neck", "rotationX": -0.0, "rotationY": -0.0, "rotationZ": -83.22547255, "group": "neck-blackspikecollar", "faces": {"north": {"texture": "#blackcollar", "uv": [1.0, 4.0, 5.0, 6.0], "autoUv": false}, "east": {"texture": "#blackcollar", "uv": [11.0, 4.0, 13.0, 6.0], "autoUv": false}, "south": {"texture": "#blackcollar", "uv": [7.0, 4.0, 11.0, 6.0], "autoUv": false}, "west": {"texture": "#blackcollar", "uv": [5.0, 4.0, 7.0, 6.0], "autoUv": false}, "up": {"texture": "#blackcollar", "uv": [5.0, 1.0, 7.0, 4.0], "autoUv": false, "rotation": 90}, "down": {"texture": "#blackcollar", "uv": [9.0, 4.0, 7.0, 1.0], "autoUv": false, "rotation": 270}}, "children": []}, {"name": "bowtie_neck.012", "from": [3.30175719, -0.96897365, 2.16062328], "to": [3.82197919, -0.67298697, 2.42535332], "rotationOrigin": [3.56186819, -0.82098031, 2.2929883], "stepParentName": "b_Neck", "rotationX": 89.99999567, "rotationY": 6.77452782, "rotationZ": -89.99994103, "group": "neck-blackspikecollar", "faces": {"north": {"texture": "#blackcollar", "uv": [1.0, 4.0, 5.0, 6.0], "autoUv": false}, "east": {"texture": "#blackcollar", "uv": [11.0, 4.0, 13.0, 6.0], "autoUv": false}, "south": {"texture": "#blackcollar", "uv": [7.0, 4.0, 11.0, 6.0], "autoUv": false}, "west": {"texture": "#blackcollar", "uv": [5.0, 4.0, 7.0, 6.0], "autoUv": false}, "up": {"texture": "#blackcollar", "uv": [5.0, 1.0, 7.0, 4.0], "autoUv": false, "rotation": 90}, "down": {"texture": "#blackcollar", "uv": [9.0, 4.0, 7.0, 1.0], "autoUv": false, "rotation": 270}}, "children": []}, {"name": "bowtie_neck.013", "from": [3.09703764, 0.75436948, 2.16062352], "to": [3.61725965, 1.05035616, 2.42535356], "rotationOrigin": [3.35714865, 0.90236282, 2.29298854], "stepParentName": "b_Neck", "rotationX": 89.99999567, "rotationY": 6.77452782, "rotationZ": -89.99994103, "group": "neck-blackspikecollar", "faces": {"north": {"texture": "#blackcollar", "uv": [1.0, 4.0, 5.0, 6.0], "autoUv": false}, "east": {"texture": "#blackcollar", "uv": [11.0, 4.0, 13.0, 6.0], "autoUv": false}, "south": {"texture": "#blackcollar", "uv": [7.0, 4.0, 11.0, 6.0], "autoUv": false}, "west": {"texture": "#blackcollar", "uv": [5.0, 4.0, 7.0, 6.0], "autoUv": false}, "up": {"texture": "#blackcollar", "uv": [5.0, 1.0, 7.0, 4.0], "autoUv": false, "rotation": 90}, "down": {"texture": "#blackcollar", "uv": [9.0, 4.0, 7.0, 1.0], "autoUv": false, "rotation": 270}}, "children": []}, {"name": "bowtie_neck.014", "from": [3.09703764, 0.75436948, -2.42535499], "to": [3.61725965, 1.05035616, -2.16062495], "rotationOrigin": [3.35714865, 0.90236282, -2.29298997], "stepParentName": "b_Neck", "rotationX": 89.99999567, "rotationY": 6.77452782, "rotationZ": -89.99994103, "group": "neck-blackspikecollar", "faces": {"north": {"texture": "#blackcollar", "uv": [1.0, 4.0, 5.0, 6.0], "autoUv": false}, "east": {"texture": "#blackcollar", "uv": [11.0, 4.0, 13.0, 6.0], "autoUv": false}, "south": {"texture": "#blackcollar", "uv": [7.0, 4.0, 11.0, 6.0], "autoUv": false}, "west": {"texture": "#blackcollar", "uv": [5.0, 4.0, 7.0, 6.0], "autoUv": false}, "up": {"texture": "#blackcollar", "uv": [5.0, 1.0, 7.0, 4.0], "autoUv": false, "rotation": 90}, "down": {"texture": "#blackcollar", "uv": [9.0, 4.0, 7.0, 1.0], "autoUv": false, "rotation": 270}}, "children": []}, {"name": "bowtie_neck.015", "from": [3.30175719, -0.96897365, -2.42535499], "to": [3.82197919, -0.67298697, -2.16062495], "rotationOrigin": [3.56186819, -0.82098031, -2.29298997], "stepParentName": "b_Neck", "rotationX": 89.99999567, "rotationY": 6.77452782, "rotationZ": -89.99994103, "group": "neck-blackspikecollar", "faces": {"north": {"texture": "#blackcollar", "uv": [1.0, 4.0, 5.0, 6.0], "autoUv": false}, "east": {"texture": "#blackcollar", "uv": [11.0, 4.0, 13.0, 6.0], "autoUv": false}, "south": {"texture": "#blackcollar", "uv": [7.0, 4.0, 11.0, 6.0], "autoUv": false}, "west": {"texture": "#blackcollar", "uv": [5.0, 4.0, 7.0, 6.0], "autoUv": false}, "up": {"texture": "#blackcollar", "uv": [5.0, 1.0, 7.0, 4.0], "autoUv": false, "rotation": 90}, "down": {"texture": "#blackcollar", "uv": [9.0, 4.0, 7.0, 1.0], "autoUv": false, "rotation": 270}}, "children": []}, {"name": "bowtie_neck.016", "from": [3.47696623, -2.44389726, -0.96464373], "to": [3.99718824, -2.14791058, -0.69991373], "rotationOrigin": [3.73707724, -2.29590392, -0.83227873], "stepParentName": "b_Neck", "rotationX": -0.0, "rotationY": -0.0, "rotationZ": -83.22547255, "group": "neck-blackspikecollar", "faces": {"north": {"texture": "#blackcollar", "uv": [1.0, 4.0, 5.0, 6.0], "autoUv": false}, "east": {"texture": "#blackcollar", "uv": [11.0, 4.0, 13.0, 6.0], "autoUv": false}, "south": {"texture": "#blackcollar", "uv": [7.0, 4.0, 11.0, 6.0], "autoUv": false}, "west": {"texture": "#blackcollar", "uv": [5.0, 4.0, 7.0, 6.0], "autoUv": false}, "up": {"texture": "#blackcollar", "uv": [5.0, 1.0, 7.0, 4.0], "autoUv": false, "rotation": 90}, "down": {"texture": "#blackcollar", "uv": [9.0, 4.0, 7.0, 1.0], "autoUv": false, "rotation": 270}}, "children": []}, {"name": "bowtie_neck.017", "from": [3.47696623, -2.44389702, 0.86306624], "to": [3.99718824, -2.14791034, 1.12779625], "rotationOrigin": [3.73707724, -2.29590368, 0.99543124], "stepParentName": "b_Neck", "rotationX": -0.0, "rotationY": -0.0, "rotationZ": -83.22547255, "group": "neck-blackspikecollar", "faces": {"north": {"texture": "#blackcollar", "uv": [1.0, 4.0, 5.0, 6.0], "autoUv": false}, "east": {"texture": "#blackcollar", "uv": [11.0, 4.0, 13.0, 6.0], "autoUv": false}, "south": {"texture": "#blackcollar", "uv": [7.0, 4.0, 11.0, 6.0], "autoUv": false}, "west": {"texture": "#blackcollar", "uv": [5.0, 4.0, 7.0, 6.0], "autoUv": false}, "up": {"texture": "#blackcollar", "uv": [5.0, 1.0, 7.0, 4.0], "autoUv": false, "rotation": 90}, "down": {"texture": "#blackcollar", "uv": [9.0, 4.0, 7.0, 1.0], "autoUv": false, "rotation": 270}}, "children": []}], "groups": []}