{"textureWidth": 32, "textureHeight": 32, "textures": {"redcollar": "kemono:entity/horse/clothing/redcollar"}, "textureSizes": {"redcollar": [32, 32]}, "elements": [{"name": "bowtie_neck.001", "from": [1.55171502, -0.76015204, -1.94357467], "to": [5.38267791, 0.71210212, 1.94357467], "rotationOrigin": [3.46719646, -0.02402496, 0.0], "stepParentName": "b_Neck", "rotationX": -0.0, "rotationY": -0.0, "rotationZ": -83.22547255, "group": "neck-redcollar", "faces": {"north": {"texture": "#redcollar", "uv": [1.0, 27.0, 7.0, 31.0], "autoUv": false}, "east": {"texture": "#redcollar", "uv": [19.0, 27.0, 25.0, 31.0], "autoUv": false}, "south": {"texture": "#redcollar", "uv": [13.0, 27.0, 19.0, 31.0], "autoUv": false}, "west": {"texture": "#redcollar", "uv": [7.0, 27.0, 13.0, 31.0], "autoUv": false}, "up": {"texture": "#redcollar", "uv": [27.0, 28.0, 30.0, 31.0], "autoUv": false, "rotation": 90}, "down": {"texture": "#redcollar", "uv": [30.0, 31.0, 27.0, 28.0], "autoUv": false, "rotation": 270}}, "children": []}, {"name": "bowtie_neck.002", "from": [2.85561362, 0.85849732, -0.86204264], "to": [3.67426133, 2.49870616, -0.471553], "rotationOrigin": [3.2649374, 1.67860174, -0.66679782], "stepParentName": "b_Neck", "rotationX": -0.0, "rotationY": -0.0, "rotationZ": -83.22547255, "group": "neck-redcollar", "faces": {"north": {"texture": "#redcollar", "uv": [1.0, 21.0, 7.0, 25.0], "autoUv": false}, "east": {"texture": "#redcollar", "uv": [21.0, 21.0, 23.0, 25.0], "autoUv": false}, "south": {"texture": "#redcollar", "uv": [13.0, 21.0, 19.0, 25.0], "autoUv": false}, "west": {"texture": "#redcollar", "uv": [9.0, 21.0, 11.0, 25.0], "autoUv": false}, "up": {"texture": "#redcollar", "uv": [27.0, 22.0, 30.0, 25.0], "autoUv": false, "rotation": 90}, "down": {"texture": "#redcollar", "uv": [30.0, 25.0, 27.0, 22.0], "autoUv": false, "rotation": 270}}, "children": []}, {"name": "bowtie_neck.003", "from": [2.85561362, 0.85849732, 0.45297936], "to": [3.67426133, 2.49870616, 0.84346899], "rotationOrigin": [3.2649374, 1.67860174, 0.64822417], "stepParentName": "b_Neck", "rotationX": -0.0, "rotationY": -0.0, "rotationZ": -83.22547255, "group": "neck-redcollar", "faces": {"north": {"texture": "#redcollar", "uv": [1.0, 21.0, 7.0, 25.0], "autoUv": false}, "east": {"texture": "#redcollar", "uv": [21.0, 21.0, 23.0, 25.0], "autoUv": false}, "south": {"texture": "#redcollar", "uv": [13.0, 21.0, 19.0, 25.0], "autoUv": false}, "west": {"texture": "#redcollar", "uv": [9.0, 21.0, 11.0, 25.0], "autoUv": false}, "up": {"texture": "#redcollar", "uv": [27.0, 22.0, 30.0, 25.0], "autoUv": false, "rotation": 90}, "down": {"texture": "#redcollar", "uv": [30.0, 25.0, 27.0, 22.0], "autoUv": false, "rotation": 270}}, "children": []}, {"name": "bowtie_neck.004", "from": [3.47579241, 1.56701395, -0.72944605], "to": [4.29443967, 1.93753412, 0.72944606], "rotationOrigin": [3.8851161, 1.75227404, 0.0], "stepParentName": "b_Neck", "rotationX": -0.0, "rotationY": -0.0, "rotationZ": -83.22547255, "group": "neck-redcollar", "faces": {"north": {"texture": "#redcollar", "uv": [1.0, 21.0, 7.0, 25.0], "autoUv": false}, "east": {"texture": "#redcollar", "uv": [21.0, 21.0, 23.0, 25.0], "autoUv": false}, "south": {"texture": "#redcollar", "uv": [13.0, 21.0, 19.0, 25.0], "autoUv": false}, "west": {"texture": "#redcollar", "uv": [9.0, 21.0, 11.0, 25.0], "autoUv": false}, "up": {"texture": "#redcollar", "uv": [27.0, 22.0, 30.0, 25.0], "autoUv": false, "rotation": 90}, "down": {"texture": "#redcollar", "uv": [30.0, 25.0, 27.0, 22.0], "autoUv": false, "rotation": 270}}, "children": []}, {"name": "bowtie_neck.007", "from": [2.22913074, 1.41892025, -0.72944605], "to": [3.04777801, 1.78944042, 0.72944606], "rotationOrigin": [2.63845444, 1.60418034, 0.0], "stepParentName": "b_Neck", "rotationX": -0.0, "rotationY": -0.0, "rotationZ": -83.22547255, "group": "neck-redcollar", "faces": {"north": {"texture": "#redcollar", "uv": [1.0, 21.0, 7.0, 25.0], "autoUv": false}, "east": {"texture": "#redcollar", "uv": [21.0, 21.0, 23.0, 25.0], "autoUv": false}, "south": {"texture": "#redcollar", "uv": [13.0, 21.0, 19.0, 25.0], "autoUv": false}, "west": {"texture": "#redcollar", "uv": [9.0, 21.0, 11.0, 25.0], "autoUv": false}, "up": {"texture": "#redcollar", "uv": [27.0, 22.0, 30.0, 25.0], "autoUv": false, "rotation": 90}, "down": {"texture": "#redcollar", "uv": [30.0, 25.0, 27.0, 22.0], "autoUv": false, "rotation": 270}}, "children": []}, {"name": "bowtie_neck.010", "from": [2.82707977, 1.58333544, -0.70270589], "to": [3.64572731, 1.76708837, 0.04188797], "rotationOrigin": [3.23640347, 1.67521191, -0.33040896], "stepParentName": "b_Neck", "rotationX": -0.0, "rotationY": -0.0, "rotationZ": -83.22547255, "group": "neck-redcollar", "faces": {"north": {"texture": "#redcollar", "uv": [1.0, 21.0, 7.0, 25.0], "autoUv": false}, "east": {"texture": "#redcollar", "uv": [21.0, 21.0, 23.0, 25.0], "autoUv": false}, "south": {"texture": "#redcollar", "uv": [13.0, 21.0, 19.0, 25.0], "autoUv": false}, "west": {"texture": "#redcollar", "uv": [9.0, 21.0, 11.0, 25.0], "autoUv": false}, "up": {"texture": "#redcollar", "uv": [27.0, 22.0, 30.0, 25.0], "autoUv": false, "rotation": 90}, "down": {"texture": "#redcollar", "uv": [30.0, 25.0, 27.0, 22.0], "autoUv": false, "rotation": 270}}, "children": []}, {"name": "bowtie_neck.011", "from": [1.55798924, -0.81296587, 1.95995574], "to": [3.30917609, 0.65928841, 2.38308969], "rotationOrigin": [3.47347069, -0.07683873, 1.88425243], "stepParentName": "b_Neck", "rotationX": -10.94987924, "rotationY": -1.2926355, "rotationZ": -83.34937218, "group": "neck-redcollar", "faces": {"north": {"texture": "#redcollar", "uv": [1.0, 27.0, 7.0, 31.0], "autoUv": false}, "east": {"texture": "#redcollar", "uv": [19.0, 27.0, 25.0, 31.0], "autoUv": false}, "south": {"texture": "#redcollar", "uv": [13.0, 27.0, 19.0, 31.0], "autoUv": false}, "west": {"texture": "#redcollar", "uv": [7.0, 27.0, 13.0, 31.0], "autoUv": false}, "up": {"texture": "#redcollar", "uv": [27.0, 28.0, 30.0, 31.0], "autoUv": false, "rotation": 90}, "down": {"texture": "#redcollar", "uv": [30.0, 31.0, 27.0, 28.0], "autoUv": false, "rotation": 270}}, "children": []}], "groups": []}