{"textureWidth": 16, "textureHeight": 16, "textures": {}, "textureSizes": {}, "elements": [{"name": "MeshFootLowerL.004", "from": [-0.56287742, -8.05916739, 0.90531671], "to": [2.87531543, -0.40126537, 3.90414095], "rotationOrigin": [1.15621901, -0.4012661, 2.40472841], "stepParentName": "b_FootLowerL", "rotationX": 90.02512394, "rotationY": 0.38481763, "rotationZ": 75.05658679, "group": "leg-avali0", "faces": {"north": {"texture": "#main", "uv": [32.0, 105.0, 40.0, 119.0], "autoUv": false}, "east": {"texture": "#main", "uv": [54.0, 105.0, 60.0, 119.0], "autoUv": false}, "south": {"texture": "#main", "uv": [46.0, 105.0, 54.0, 119.0], "autoUv": false}, "west": {"texture": "#main", "uv": [40.0, 105.0, 46.0, 119.0], "autoUv": false}, "up": {"texture": "#main", "uv": [40.0, 104.0, 46.0, 112.0], "autoUv": false, "rotation": 90}, "down": {"texture": "#main", "uv": [46.0, 127.0, 40.0, 119.0], "autoUv": false, "rotation": 90}}, "children": []}, {"name": "MeshFootLowerR.004", "from": [-0.56290269, 0.39994375, 0.90473962], "to": [2.87527919, 8.052396, 3.90473747], "rotationOrigin": [1.15618825, 0.39994448, 2.4047389], "stepParentName": "b_FootLowerR", "rotationX": 90.10028334, "rotationY": -0.38566375, "rotationZ": -104.93830924, "group": "leg-avali0", "faces": {"north": {"texture": "#main", "uv": [8.0, 105.0, 16.0, 119.0], "autoUv": false, "rotation": 180}, "east": {"texture": "#main", "uv": [16.0, 105.0, 22.0, 119.0], "autoUv": false, "rotation": 180}, "south": {"texture": "#main", "uv": [22.0, 105.0, 30.0, 119.0], "autoUv": false, "rotation": 180}, "west": {"texture": "#main", "uv": [2.0, 105.0, 8.0, 119.0], "autoUv": false, "rotation": 180}, "up": {"texture": "#main", "uv": [16.0, 119.0, 22.0, 127.0], "autoUv": false, "rotation": 270}, "down": {"texture": "#main", "uv": [22.0, 112.0, 16.0, 104.0], "autoUv": false, "rotation": 270}}, "children": []}, {"name": "MeshFootUpperL.004", "from": [-3.4675411, -8.52873299, -0.87239403], "to": [1.00318372, -0.07353475, 2.6607694], "rotationOrigin": [-1.23217833, -0.07353565, 0.89418763], "stepParentName": "b_FootUpperL", "rotationX": 89.65744803, "rotationY": -1.90548233, "rotationZ": 75.43553251, "group": "leg-avali0", "faces": {"north": {"texture": "#main", "uv": [32.0, 74.0, 40.0, 92.0], "autoUv": false}, "east": {"texture": "#main", "uv": [54.0, 74.0, 60.0, 92.0], "autoUv": false}, "south": {"texture": "#main", "uv": [46.0, 74.0, 54.0, 92.0], "autoUv": false}, "west": {"texture": "#main", "uv": [40.0, 74.0, 46.0, 92.0], "autoUv": false}, "up": {"texture": "#main", "uv": [40.0, 66.0, 46.0, 74.0], "autoUv": false, "rotation": 90}, "down": {"texture": "#main", "uv": [46.0, 100.0, 40.0, 92.0], "autoUv": false, "rotation": 90}}, "children": []}, {"name": "MeshFootUpperR.004", "from": [-3.46753502, 0.07673359, -0.8670879], "to": [1.00317788, 8.58777232, 2.65492493], "rotationOrigin": [-1.23217893, 0.07673449, 0.89391857], "stepParentName": "b_FootUpperR", "rotationX": 89.83057966, "rotationY": 1.90691539, "rotationZ": -104.57061283, "group": "leg-avali0", "faces": {"north": {"texture": "#main", "uv": [8.0, 74.0, 16.0, 92.0], "autoUv": false, "rotation": 180}, "east": {"texture": "#main", "uv": [16.0, 74.0, 22.0, 92.0], "autoUv": false, "rotation": 180}, "south": {"texture": "#main", "uv": [22.0, 74.0, 30.0, 92.0], "autoUv": false, "rotation": 180}, "west": {"texture": "#main", "uv": [2.0, 74.0, 8.0, 92.0], "autoUv": false, "rotation": 180}, "up": {"texture": "#main", "uv": [16.0, 92.0, 22.0, 100.0], "autoUv": false, "rotation": 270}, "down": {"texture": "#main", "uv": [22.0, 74.0, 16.0, 66.0], "autoUv": false, "rotation": 270}}, "children": []}, {"name": "LowerFootL", "from": [9.58090973, 1.28064024, -2.39977908], "to": [9.58090973, 1.28064024, -2.39977908], "rotationOrigin": [9.58090973, 1.28064024, -2.39977908], "rotationX": 90.02511711, "rotationY": 0.38481766, "rotationZ": 75.05666192, "faces": {"north": {"texture": "#null", "uv": [0.0, 0.0, 0.0, 0.0], "enabled": false}, "east": {"texture": "#null", "uv": [0.0, 0.0, 0.0, 0.0], "enabled": false}, "south": {"texture": "#null", "uv": [0.0, 0.0, 0.0, 0.0], "enabled": false}, "west": {"texture": "#null", "uv": [0.0, 0.0, 0.0, 0.0], "enabled": false}, "up": {"texture": "#null", "uv": [0.0, 0.0, 0.0, 0.0], "enabled": false}, "down": {"texture": "#null", "uv": [0.0, 0.0, 0.0, 0.0], "enabled": false}}, "children": [], "scaleY": 1.100000023841858, "scaleZ": 1.0499999523162842, "stepParentName": "b_FootLowerL"}, {"name": "LowerFootR", "from": [9.65475559, 1.7897402, -2.34617758], "to": [9.65475559, 1.7897402, -2.34617758], "rotationOrigin": [9.65475559, 1.7897402, -2.34617758], "rotationX": 90.100297, "rotationY": -0.38565719, "rotationZ": 75.06024094, "faces": {"north": {"texture": "#null", "uv": [0.0, 0.0, 0.0, 0.0], "enabled": false}, "east": {"texture": "#null", "uv": [0.0, 0.0, 0.0, 0.0], "enabled": false}, "south": {"texture": "#null", "uv": [0.0, 0.0, 0.0, 0.0], "enabled": false}, "west": {"texture": "#null", "uv": [0.0, 0.0, 0.0, 0.0], "enabled": false}, "up": {"texture": "#null", "uv": [0.0, 0.0, 0.0, 0.0], "enabled": false}, "down": {"texture": "#null", "uv": [0.0, 0.0, 0.0, 0.0], "enabled": false}}, "children": [], "scaleY": 1.100000023841858, "scaleZ": 1.0499999523162842, "stepParentName": "b_FootLowerR"}, {"name": "UpperFootL", "from": [7.42979574, 1.37869108, -3.66067696], "to": [7.42979574, 1.37869108, -3.66067696], "rotationOrigin": [7.42979574, 1.37869108, -3.66067696], "rotationX": 89.65744803, "rotationY": -1.90548233, "rotationZ": 75.43553251, "faces": {"north": {"texture": "#null", "uv": [0.0, 0.0, 0.0, 0.0], "enabled": false}, "east": {"texture": "#null", "uv": [0.0, 0.0, 0.0, 0.0], "enabled": false}, "south": {"texture": "#null", "uv": [0.0, 0.0, 0.0, 0.0], "enabled": false}, "west": {"texture": "#null", "uv": [0.0, 0.0, 0.0, 0.0], "enabled": false}, "up": {"texture": "#null", "uv": [0.0, 0.0, 0.0, 0.0], "enabled": false}, "down": {"texture": "#null", "uv": [0.0, 0.0, 0.0, 0.0], "enabled": false}}, "children": [], "scaleX": 1.100000023841858, "scaleY": 1.0499999523162842, "scaleZ": 1.100000023841858, "stepParentName": "b_FootUpperL"}, {"name": "UpperFootR", "from": [7.36143398, 2.11128044, -3.67193031], "to": [7.36143398, 2.11128044, -3.67193031], "rotationOrigin": [7.36143398, 2.11128044, -3.67193031], "rotationX": 89.83057966, "rotationY": 1.9069092, "rotationZ": 75.4296927, "faces": {"north": {"texture": "#null", "uv": [0.0, 0.0, 0.0, 0.0], "enabled": false}, "east": {"texture": "#null", "uv": [0.0, 0.0, 0.0, 0.0], "enabled": false}, "south": {"texture": "#null", "uv": [0.0, 0.0, 0.0, 0.0], "enabled": false}, "west": {"texture": "#null", "uv": [0.0, 0.0, 0.0, 0.0], "enabled": false}, "up": {"texture": "#null", "uv": [0.0, 0.0, 0.0, 0.0], "enabled": false}, "down": {"texture": "#null", "uv": [0.0, 0.0, 0.0, 0.0], "enabled": false}}, "children": [], "scaleX": 1.100000023841858, "scaleY": 1.0499999523162842, "scaleZ": 1.100000023841858, "stepParentName": "b_FootUpperR"}, {"name": "MeshFootUpperL.005", "from": [-2.96130082, -6.65866698, -3.51264454], "to": [0.61025808, -0.20156506, -0.57734023], "rotationOrigin": [-1.17552114, -0.20156574, -2.04499245], "stepParentName": "b_FootLowerL", "rotationX": 91.55407545, "rotationY": -1.31065514, "rotationZ": 139.88577126, "group": "leg-avali0", "faces": {"north": {"texture": "#main", "uv": [32.0, 100.0, 40.0, 109.0], "autoUv": false}, "east": {"texture": "#main", "uv": [54.0, 100.0, 60.0, 109.0], "autoUv": false}, "south": {"texture": "#main", "uv": [46.0, 100.0, 54.0, 109.0], "autoUv": false}, "west": {"texture": "#main", "uv": [40.0, 100.0, 46.0, 109.0], "autoUv": false}, "up": {"texture": "#main", "uv": [40.0, 92.0, 46.0, 100.0], "autoUv": false, "rotation": 90}, "down": {"texture": "#main", "uv": [46.0, 117.0, 40.0, 109.0], "autoUv": false, "rotation": 90}}, "children": []}, {"name": "MeshFootUpperR.005", "from": [-2.96145859, 0.20150955, -3.50707844], "to": [0.61012902, 6.70190917, -0.58290705], "rotationOrigin": [-1.17566502, 0.20151024, -2.04499269], "stepParentName": "b_FootLowerR", "rotationX": 88.35691171, "rotationY": 1.13686695, "rotationZ": -40.12147717, "group": "leg-avali0", "faces": {"north": {"texture": "#main", "uv": [8.0, 100.0, 16.0, 109.0], "autoUv": false, "rotation": 180}, "east": {"texture": "#main", "uv": [16.0, 100.0, 22.0, 109.0], "autoUv": false, "rotation": 180}, "south": {"texture": "#main", "uv": [22.0, 100.0, 30.0, 109.0], "autoUv": false, "rotation": 180}, "west": {"texture": "#main", "uv": [2.0, 100.0, 8.0, 109.0], "autoUv": false, "rotation": 180}, "up": {"texture": "#main", "uv": [16.0, 109.0, 22.0, 117.0], "autoUv": false, "rotation": 270}, "down": {"texture": "#main", "uv": [22.0, 100.0, 16.0, 92.0], "autoUv": false, "rotation": 270}}, "children": []}, {"name": "MeshFootLowerL.005", "from": [7.81136382, -0.2733685, -1.14883479], "to": [11.4268049, 1.47171804, 1.92231014], "rotationOrigin": [9.61908436, -0.27336863, 0.3867375], "stepParentName": "b_FootLowerL", "rotationX": 89.00020624, "rotationY": 1.40725248, "rotationZ": 90.02472096, "group": "leg-avali0", "faces": {"north": {"texture": "#main", "uv": [32.0, 117.0, 40.0, 120.0], "autoUv": false}, "east": {"texture": "#main", "uv": [54.0, 117.0, 60.0, 120.0], "autoUv": false}, "south": {"texture": "#main", "uv": [46.0, 117.0, 54.0, 120.0], "autoUv": false}, "west": {"texture": "#main", "uv": [40.0, 117.0, 46.0, 120.0], "autoUv": false}, "up": {"texture": "#main", "uv": [40.0, 109.0, 46.0, 117.0], "autoUv": false, "rotation": 90}, "down": {"texture": "#main", "uv": [46.0, 128.0, 40.0, 120.0], "autoUv": false, "rotation": 90}}, "children": []}, {"name": "MeshFootLowerR.005", "from": [7.80975425, -1.47175753, -1.14943659], "to": [11.42518365, 0.27208769, 1.92291009], "rotationOrigin": [9.61746883, 0.27208769, 0.38673663], "stepParentName": "b_FootLowerR", "rotationX": 90.99986707, "rotationY": -1.40730093, "rotationZ": -89.97516111, "group": "leg-avali0", "faces": {"north": {"texture": "#main", "uv": [8.0, 117.0, 16.0, 120.0], "autoUv": false, "rotation": 180}, "east": {"texture": "#main", "uv": [16.0, 117.0, 22.0, 120.0], "autoUv": false, "rotation": 180}, "south": {"texture": "#main", "uv": [22.0, 117.0, 30.0, 120.0], "autoUv": false, "rotation": 180}, "west": {"texture": "#main", "uv": [2.0, 117.0, 8.0, 120.0], "autoUv": false, "rotation": 180}, "up": {"texture": "#main", "uv": [16.0, 120.0, 22.0, 128.0], "autoUv": false, "rotation": 270}, "down": {"texture": "#main", "uv": [22.0, 117.0, 16.0, 109.0], "autoUv": false, "rotation": 270}}, "children": []}], "groups": []}