{"textureWidth": 16, "textureHeight": 16, "textures": {}, "textureSizes": {}, "elements": [{"name": "MeshFootLowerL", "from": [-2.51678669, -10.08007979, -1.23701325], "to": [1.48321521, -0.08008075, 1.76298687], "rotationOrigin": [-0.51678574, -0.0800817, 0.26298639], "stepParentName": "b_FootLowerL", "rotationX": 90.22722924, "rotationY": 0.40988648, "rotationZ": 90.00173737, "group": "leg-human0", "faces": {"north": {"texture": "#main", "uv": [32.0, 100.0, 40.0, 120.0], "autoUv": false}, "east": {"texture": "#main", "uv": [54.0, 100.0, 60.0, 120.0], "autoUv": false}, "south": {"texture": "#main", "uv": [46.0, 100.0, 54.0, 120.0], "autoUv": false}, "west": {"texture": "#main", "uv": [40.0, 100.0, 46.0, 120.0], "autoUv": false}, "up": {"texture": "#main", "uv": [40.0, 92.0, 46.0, 100.0], "autoUv": false, "rotation": 90}, "down": {"texture": "#main", "uv": [46.0, 128.0, 40.0, 120.0], "autoUv": false, "rotation": 90}}, "children": []}, {"name": "MeshFootLowerR", "from": [-2.51678336, 0.08008008, -1.23701361], "to": [1.48321855, 10.08007722, 1.76298568], "rotationOrigin": [-0.5167824, 0.08008103, 0.26298639], "stepParentName": "b_FootLowerR", "rotationX": 89.7728509, "rotationY": -0.40989075, "rotationZ": -89.99869111, "group": "leg-human0", "faces": {"north": {"texture": "#main", "uv": [8.0, 100.0, 16.0, 120.0], "autoUv": false, "rotation": 180}, "east": {"texture": "#main", "uv": [16.0, 100.0, 22.0, 120.0], "autoUv": false, "rotation": 180}, "south": {"texture": "#main", "uv": [22.0, 100.0, 30.0, 120.0], "autoUv": false, "rotation": 180}, "west": {"texture": "#main", "uv": [2.0, 100.0, 8.0, 120.0], "autoUv": false, "rotation": 180}, "up": {"texture": "#main", "uv": [16.0, 120.0, 22.0, 128.0], "autoUv": false, "rotation": 270}, "down": {"texture": "#main", "uv": [22.0, 100.0, 16.0, 92.0], "autoUv": false, "rotation": 270}}, "children": []}, {"name": "MeshFootUpperL", "from": [-4.5898335, -9.09250616, -1.32178032], "to": [-0.38983297, -0.09250616, 1.8782196], "rotationOrigin": [-2.48983288, -0.09250712, 0.27821958], "stepParentName": "b_FootUpperL", "rotationX": 90.15411889, "rotationY": 0.10333002, "rotationZ": 89.89033016, "group": "leg-human0", "faces": {"north": {"texture": "#main", "uv": [32.0, 74.0, 40.0, 92.0], "autoUv": false}, "east": {"texture": "#main", "uv": [54.0, 74.0, 60.0, 92.0], "autoUv": false}, "south": {"texture": "#main", "uv": [46.0, 74.0, 54.0, 92.0], "autoUv": false}, "west": {"texture": "#main", "uv": [40.0, 74.0, 46.0, 92.0], "autoUv": false}, "up": {"texture": "#main", "uv": [40.0, 66.0, 46.0, 74.0], "autoUv": false, "rotation": 90}, "down": {"texture": "#main", "uv": [46.0, 100.0, 40.0, 92.0], "autoUv": false, "rotation": 90}}, "children": []}, {"name": "MeshFootUpperR", "from": [-4.58983302, 0.09350047, -1.32211375], "to": [-0.3898325, 9.09350047, 1.87788713], "rotationOrigin": [-2.48983312, 0.09350143, 0.27788675], "stepParentName": "b_FootUpperR", "rotationX": 89.64087116, "rotationY": -0.10334115, "rotationZ": -90.10630757, "group": "leg-human0", "faces": {"north": {"texture": "#main", "uv": [8.0, 74.0, 16.0, 92.0], "autoUv": false, "rotation": 180}, "east": {"texture": "#main", "uv": [16.0, 74.0, 22.0, 92.0], "autoUv": false, "rotation": 180}, "south": {"texture": "#main", "uv": [22.0, 74.0, 30.0, 92.0], "autoUv": false, "rotation": 180}, "west": {"texture": "#main", "uv": [2.0, 74.0, 8.0, 92.0], "autoUv": false, "rotation": 180}, "up": {"texture": "#main", "uv": [16.0, 92.0, 22.0, 100.0], "autoUv": false, "rotation": 270}, "down": {"texture": "#main", "uv": [22.0, 74.0, 16.0, 66.0], "autoUv": false, "rotation": 270}}, "children": []}, {"name": "LowerFootL", "from": [9.47225571, 1.49937367, -1.73059511], "to": [9.47225571, 1.49937367, -1.73059511], "rotationOrigin": [9.47225571, 1.49937367, -1.73059511], "rotationX": 90.22725656, "rotationY": 0.40989104, "rotationZ": 89.99976345, "faces": {"north": {"texture": "#null", "uv": [0.0, 0.0, 0.0, 0.0], "enabled": false}, "east": {"texture": "#null", "uv": [0.0, 0.0, 0.0, 0.0], "enabled": false}, "south": {"texture": "#null", "uv": [0.0, 0.0, 0.0, 0.0], "enabled": false}, "west": {"texture": "#null", "uv": [0.0, 0.0, 0.0, 0.0], "enabled": false}, "up": {"texture": "#null", "uv": [0.0, 0.0, 0.0, 0.0], "enabled": false}, "down": {"texture": "#null", "uv": [0.0, 0.0, 0.0, 0.0], "enabled": false}}, "children": [], "scaleY": 0.9999999403953552, "scaleZ": 0.9999999403953552, "stepParentName": "b_FootLowerL"}, {"name": "LowerFootR", "from": [9.49373531, 1.50051296, -1.74246764], "to": [9.49373531, 1.50051296, -1.74246764], "rotationOrigin": [9.49373531, 1.50051296, -1.74246764], "rotationX": 89.7728509, "rotationY": -0.4098868, "rotationZ": 90.0019013, "faces": {"north": {"texture": "#null", "uv": [0.0, 0.0, 0.0, 0.0], "enabled": false}, "east": {"texture": "#null", "uv": [0.0, 0.0, 0.0, 0.0], "enabled": false}, "south": {"texture": "#null", "uv": [0.0, 0.0, 0.0, 0.0], "enabled": false}, "west": {"texture": "#null", "uv": [0.0, 0.0, 0.0, 0.0], "enabled": false}, "up": {"texture": "#null", "uv": [0.0, 0.0, 0.0, 0.0], "enabled": false}, "down": {"texture": "#null", "uv": [0.0, 0.0, 0.0, 0.0], "enabled": false}}, "children": [], "scaleY": 0.9999999403953552, "scaleZ": 0.9999999403953552, "stepParentName": "b_FootLowerR"}, {"name": "UpperFootL", "from": [6.50332355, 1.52943254, -1.83422673], "to": [6.50332355, 1.52943254, -1.83422673], "rotationOrigin": [6.50332355, 1.52943254, -1.83422673], "rotationX": 90.15410523, "rotationY": 0.10333592, "rotationZ": 89.89471514, "faces": {"north": {"texture": "#null", "uv": [0.0, 0.0, 0.0, 0.0], "enabled": false}, "east": {"texture": "#null", "uv": [0.0, 0.0, 0.0, 0.0], "enabled": false}, "south": {"texture": "#null", "uv": [0.0, 0.0, 0.0, 0.0], "enabled": false}, "west": {"texture": "#null", "uv": [0.0, 0.0, 0.0, 0.0], "enabled": false}, "up": {"texture": "#null", "uv": [0.0, 0.0, 0.0, 0.0], "enabled": false}, "down": {"texture": "#null", "uv": [0.0, 0.0, 0.0, 0.0], "enabled": false}}, "children": [], "stepParentName": "b_FootUpperL"}, {"name": "UpperFootR", "from": [6.50911474, 1.66393065, -1.84877396], "to": [6.50911474, 1.66393065, -1.84877396], "rotationOrigin": [6.50911474, 1.66393065, -1.84877396], "rotationX": 89.64089848, "rotationY": -0.10334062, "rotationZ": 89.8951591, "faces": {"north": {"texture": "#null", "uv": [0.0, 0.0, 0.0, 0.0], "enabled": false}, "east": {"texture": "#null", "uv": [0.0, 0.0, 0.0, 0.0], "enabled": false}, "south": {"texture": "#null", "uv": [0.0, 0.0, 0.0, 0.0], "enabled": false}, "west": {"texture": "#null", "uv": [0.0, 0.0, 0.0, 0.0], "enabled": false}, "up": {"texture": "#null", "uv": [0.0, 0.0, 0.0, 0.0], "enabled": false}, "down": {"texture": "#null", "uv": [0.0, 0.0, 0.0, 0.0], "enabled": false}}, "children": [], "scaleY": 0.9999999403953552, "stepParentName": "b_FootUpperR"}], "groups": []}