{"textureWidth": 64, "textureHeight": 64, "textures": {"tail": "kemono:entity/horse/tail/horse-tailextra"}, "textureSizes": {"tail": [64, 64], "disable": [64, 64]}, "elements": [{"name": "TailExtraVinylMid_1", "from": [-0.06544065, -0.61723095, -0.93454844], "to": [3.32979369, 0.04605001, 0.93454844], "rotationOrigin": [-0.06544065, -0.28559017, 0.0], "stepParentName": "b_Tail1", "rotationZ": -0.0, "group": "tailextra-vinylscratch", "faces": {"north": {"texture": "#tail", "uv": [49.0, 43.0, 39.0, 45.0], "autoUv": false}, "east": {"texture": "#tail", "uv": [6.0, 38.0, 11.0, 44.0], "autoUv": false}, "south": {"texture": "#tail", "uv": [24.0, 43.0, 35.0, 45.0], "autoUv": false}, "west": {"texture": "#tail", "uv": [3.0, 41.0, 8.0, 44.0], "autoUv": false}, "up": {"texture": "#tail", "uv": [24.0, 38.0, 38.0, 43.0], "autoUv": false}, "down": {"texture": "#tail", "uv": [37.0, 47.0, 23.0, 40.0], "autoUv": false}}, "children": []}, {"name": "TailExtraVinylMid_3", "from": [-0.3118124, -0.95474505, -1.55433595], "to": [5.56025505, 0.17606723, 1.55433595], "rotationOrigin": [-0.3118124, -0.38933945, 0.0], "stepParentName": "b_Tail3", "rotationZ": -0.0, "group": "tailextra-vinylscratch", "faces": {"north": {"texture": "#tail", "uv": [45.0, 45.0, 31.0, 48.0], "autoUv": false}, "east": {"texture": "#tail", "uv": [13.0, 44.0, 7.0, 52.0], "autoUv": false}, "south": {"texture": "#tail", "uv": [31.0, 45.0, 45.0, 48.0], "autoUv": false}, "west": {"texture": "#tail", "uv": [3.0, 44.0, 11.0, 47.0], "autoUv": false}, "up": {"texture": "#tail", "uv": [29.0, 34.0, 50.0, 42.0], "autoUv": false}, "down": {"texture": "#tail", "uv": [53.0, 47.0, 41.0, 42.0], "autoUv": false}}, "children": []}, {"name": "TailExtraVinylMid_4", "from": [-0.52643776, -0.87461382, -1.42685044], "to": [3.64458132, 0.15815556, 1.42685044], "rotationOrigin": [-0.52643776, -0.35822964, 0.0], "stepParentName": "b_Tail4", "rotationZ": -0.0, "group": "tailextra-vinylscratch", "faces": {"north": {"texture": "#tail", "uv": [52.0, 39.0, 42.0, 42.0], "autoUv": false}, "east": {"texture": "#tail", "uv": [61.0, 45.0, 63.0, 47.0], "autoUv": false, "enabled": false}, "south": {"texture": "#tail", "uv": [42.0, 39.0, 52.0, 42.0], "autoUv": false}, "west": {"texture": "#tail", "uv": [3.0, 38.0, 10.0, 47.0], "autoUv": false}, "up": {"texture": "#tail", "uv": [28.0, 33.0, 43.0, 40.0], "autoUv": false}, "down": {"texture": "#tail", "uv": [52.0, 48.0, 41.0, 42.0], "autoUv": false}}, "children": []}, {"name": "TailExtraVinylMid_2", "from": [-0.16771984, -0.78382441, -1.22779918], "to": [5.22719717, 0.13116124, 1.22779918], "rotationOrigin": [-0.16771984, -0.32633114, 0.0], "stepParentName": "b_Tail2", "rotationZ": -0.0, "group": "tailextra-vinylscratch", "faces": {"north": {"texture": "#tail", "uv": [44.0, 45.0, 30.0, 48.0], "autoUv": false}, "east": {"texture": "#tail", "uv": [4.0, 36.0, 13.0, 47.0], "autoUv": false}, "south": {"texture": "#tail", "uv": [27.0, 45.0, 41.0, 48.0], "autoUv": false}, "west": {"texture": "#tail", "uv": [4.0, 43.0, 11.0, 47.0], "autoUv": false}, "up": {"texture": "#tail", "uv": [27.0, 34.0, 47.0, 41.0], "autoUv": false}, "down": {"texture": "#tail", "uv": [50.0, 47.0, 34.0, 40.0], "autoUv": false}}, "children": []}, {"name": "TailExtraVinylMid_0", "from": [0.02896952, -0.5902853, -0.6805436], "to": [3.40549206, -0.06237733, 0.6805436], "rotationOrigin": [0.02896952, -0.32633105, 0.0], "stepParentName": "b_Tail0", "rotationZ": 1.07e-06, "group": "tailextra-vinylscratch", "faces": {"north": {"texture": "#tail", "uv": [45.0, 43.0, 31.0, 45.0], "autoUv": false}, "east": {"texture": "#tail", "uv": [8.0, 40.0, 13.0, 46.0], "autoUv": false}, "south": {"texture": "#tail", "uv": [31.0, 43.0, 45.0, 45.0], "autoUv": false}, "west": {"texture": "#tail", "uv": [4.0, 40.0, 9.0, 46.0], "autoUv": false}, "up": {"texture": "#tail", "uv": [23.0, 41.0, 35.0, 45.0], "autoUv": false}, "down": {"texture": "#tail", "uv": [31.0, 47.0, 20.0, 43.0], "autoUv": false}}, "children": []}, {"name": "TailExtraVinylMid_0Stub", "from": [-1.68421471, -0.57295591, -0.62910807], "to": [0.2913425, -0.05347964, 0.62910813], "rotationOrigin": [0.2913425, -0.31321803, 6e-08], "stepParentName": "b_Tail0", "rotationZ": 23.2825576, "group": "tailextra-vinylscratch", "faces": {"north": {"texture": "#tail", "uv": [43.0, 41.0, 35.0, 43.0], "autoUv": false}, "east": {"texture": "#tail", "uv": [3.0, 40.0, 8.0, 46.0], "autoUv": false}, "south": {"texture": "#tail", "uv": [35.0, 43.0, 43.0, 45.0], "autoUv": false}, "west": {"texture": "#tail", "uv": [4.0, 44.0, 8.0, 46.0], "autoUv": false}, "up": {"texture": "#tail", "uv": [22.0, 41.0, 30.0, 45.0], "autoUv": false}, "down": {"texture": "#tail", "uv": [25.0, 47.0, 19.0, 43.0], "autoUv": false}}, "children": []}, {"name": "TailExtraVinylMid_5", "from": [2.6382885, -0.78775659, -1.2549938], "to": [5.14361262, 0.14543113, 1.2549938], "rotationOrigin": [2.6382885, -0.32116318, 0.0], "stepParentName": "b_Tail4", "rotationZ": -0.0, "group": "tailextra-vinylscratch", "faces": {"north": {"texture": "#tail", "uv": [51.0, 45.0, 45.0, 47.0], "autoUv": false}, "east": {"texture": "#tail", "uv": [60.0, 44.0, 63.0, 47.0], "autoUv": false, "enabled": false}, "south": {"texture": "#tail", "uv": [45.0, 44.0, 51.0, 46.0], "autoUv": false}, "west": {"texture": "#tail", "uv": [3.0, 41.0, 9.0, 47.0], "autoUv": false}, "up": {"texture": "#tail", "uv": [32.0, 36.0, 42.0, 42.0], "autoUv": false}, "down": {"texture": "#tail", "uv": [53.0, 48.0, 43.0, 42.0], "autoUv": false}}, "children": []}, {"name": "TailExtraVinylMid_6", "from": [4.34118843, -0.9154337, -0.97141922], "to": [7.16619635, 0.14588439, 0.97141922], "rotationOrigin": [4.34118843, -0.38477516, 0.0], "stepParentName": "b_Tail4", "rotationZ": 30.96768496, "group": "tailextra-vinylscratch", "faces": {"north": {"texture": "#tail", "uv": [54.0, 40.0, 47.0, 42.0], "autoUv": false}, "east": {"texture": "#tail", "uv": [60.0, 44.0, 63.0, 47.0], "autoUv": false, "enabled": false}, "south": {"texture": "#tail", "uv": [47.0, 40.0, 54.0, 42.0], "autoUv": false}, "west": {"texture": "#tail", "uv": [3.0, 42.0, 8.0, 47.0], "autoUv": false}, "up": {"texture": "#tail", "uv": [25.0, 39.0, 35.0, 44.0], "autoUv": false}, "down": {"texture": "#tail", "uv": [53.0, 48.0, 45.0, 43.0], "autoUv": false}}, "children": []}, {"name": "TailExtraVinylMid_7", "from": [6.21509361, 0.20052481, -0.75144261], "to": [9.21820641, 1.0741877, 0.75144261], "rotationOrigin": [6.21509361, 0.6373558, 0.0], "stepParentName": "b_Tail4", "rotationZ": 69.22833173, "group": "tailextra-vinylscratch", "faces": {"north": {"texture": "#tail", "uv": [52.0, 46.0, 44.0, 48.0], "autoUv": false}, "east": {"texture": "#tail", "uv": [61.0, 45.0, 63.0, 47.0], "autoUv": false, "rotation": 90, "enabled": false}, "south": {"texture": "#tail", "uv": [44.0, 43.0, 52.0, 45.0], "autoUv": false}, "west": {"texture": "#tail", "uv": [7.0, 39.0, 12.0, 44.0], "autoUv": false, "rotation": 90}, "up": {"texture": "#tail", "uv": [46.0, 43.0, 52.0, 46.0], "autoUv": false}, "down": {"texture": "#tail", "uv": [52.0, 48.0, 44.0, 45.0], "autoUv": false}}, "children": []}, {"name": "TailExtraVinylTop_4", "from": [-0.48866463, 0.24196947, -0.72521472], "to": [2.78390741, 1.74531001, 0.72521472], "rotationOrigin": [-0.48866463, 0.99363899, 0.0], "stepParentName": "b_Tail3", "rotationZ": 28.18240553, "group": "tailextra-vinylscratch", "faces": {"north": {"texture": "#tail", "uv": [52.0, 44.0, 46.0, 47.0], "autoUv": false}, "east": {"texture": "#tail", "uv": [61.0, 45.0, 63.0, 47.0], "autoUv": false, "rotation": 90, "enabled": false}, "south": {"texture": "#tail", "uv": [46.0, 42.0, 52.0, 45.0], "autoUv": false}, "west": {"texture": "#tail", "uv": [7.0, 39.0, 12.0, 44.0], "autoUv": false, "rotation": 90}, "up": {"texture": "#tail", "uv": [46.0, 42.0, 52.0, 45.0], "autoUv": false}, "down": {"texture": "#tail", "uv": [52.0, 47.0, 44.0, 44.0], "autoUv": false}}, "children": []}, {"name": "TailExtraVinylTop_5", "from": [0.33040857, -0.06954145, -0.64744484], "to": [3.07677102, 1.24675828, 0.64744484], "rotationOrigin": [0.33040857, 0.58860779, 0.0], "stepParentName": "b_Tail1", "rotationZ": 37.97710512, "group": "tailextra-vinylscratch", "faces": {"north": {"texture": "#tail", "uv": [52.0, 45.0, 46.0, 48.0], "autoUv": false}, "east": {"texture": "#tail", "uv": [61.0, 45.0, 63.0, 47.0], "autoUv": false, "rotation": 90, "enabled": false}, "south": {"texture": "#tail", "uv": [46.0, 43.0, 52.0, 46.0], "autoUv": false}, "west": {"texture": "#tail", "uv": [7.0, 39.0, 12.0, 44.0], "autoUv": false, "rotation": 90}, "up": {"texture": "#tail", "uv": [46.0, 43.0, 52.0, 46.0], "autoUv": false}, "down": {"texture": "#tail", "uv": [52.0, 48.0, 44.0, 45.0], "autoUv": false}}, "children": []}, {"name": "TailExtraVinylTop_3", "from": [-0.43970966, 0.79215673, -0.81059468], "to": [4.95520735, 1.70714238, 0.81059468], "rotationOrigin": [-0.43970966, 1.24965, 0.0], "stepParentName": "b_Tail2", "rotationZ": -0.0, "group": "tailextra-vinylscratch", "faces": {"north": {"texture": "#tail", "uv": [44.0, 45.0, 30.0, 48.0], "autoUv": false}, "east": {"texture": "#tail", "uv": [4.0, 36.0, 13.0, 47.0], "autoUv": false}, "south": {"texture": "#tail", "uv": [27.0, 45.0, 41.0, 48.0], "autoUv": false}, "west": {"texture": "#tail", "uv": [4.0, 43.0, 11.0, 47.0], "autoUv": false}, "up": {"texture": "#tail", "uv": [27.0, 35.0, 47.0, 40.0], "autoUv": false}, "down": {"texture": "#tail", "uv": [50.0, 47.0, 34.0, 40.0], "autoUv": false}}, "children": []}, {"name": "TailExtraVinylTop_2", "from": [-0.19260073, 0.54387334, -0.65211231], "to": [3.3695097, 1.458859, 0.65211231], "rotationOrigin": [-0.19260073, 1.00136662, 0.0], "stepParentName": "b_Tail1", "rotationZ": -0.0, "group": "tailextra-vinylscratch", "faces": {"north": {"texture": "#tail", "uv": [44.0, 45.0, 30.0, 48.0], "autoUv": false}, "east": {"texture": "#tail", "uv": [4.0, 36.0, 13.0, 47.0], "autoUv": false}, "south": {"texture": "#tail", "uv": [27.0, 45.0, 41.0, 48.0], "autoUv": false}, "west": {"texture": "#tail", "uv": [4.0, 43.0, 11.0, 47.0], "autoUv": false}, "up": {"texture": "#tail", "uv": [27.0, 35.0, 47.0, 39.0], "autoUv": false}, "down": {"texture": "#tail", "uv": [50.0, 47.0, 34.0, 40.0], "autoUv": false}}, "children": []}, {"name": "TailExtraVinylTop_1", "from": [-0.12387064, 0.31380996, -0.45421293], "to": [3.43823978, 1.22879562, 0.45421293], "rotationOrigin": [-0.12387064, 0.77130324, 0.0], "stepParentName": "b_Tail0", "rotationZ": 1.07e-06, "group": "tailextra-vinylscratch", "faces": {"north": {"texture": "#tail", "uv": [44.0, 45.0, 30.0, 48.0], "autoUv": false}, "east": {"texture": "#tail", "uv": [4.0, 36.0, 13.0, 47.0], "autoUv": false}, "south": {"texture": "#tail", "uv": [27.0, 45.0, 41.0, 48.0], "autoUv": false}, "west": {"texture": "#tail", "uv": [4.0, 43.0, 11.0, 47.0], "autoUv": false}, "up": {"texture": "#tail", "uv": [27.0, 36.0, 47.0, 39.0], "autoUv": false}, "down": {"texture": "#tail", "uv": [50.0, 47.0, 34.0, 40.0], "autoUv": false}}, "children": []}, {"name": "TailExtraVinylTop_0", "from": [-2.02154639, -0.06664169, -0.41438642], "to": [0.11298105, 1.21363497, 0.41438651], "rotationOrigin": [0.11298105, 0.78481871, 6e-08], "stepParentName": "b_Tail0", "rotationZ": 23.2825576, "group": "tailextra-vinylscratch", "faces": {"north": {"texture": "#tail", "uv": [29.0, 41.0, 21.0, 47.0], "autoUv": false}, "east": {"texture": "#tail", "uv": [3.0, 40.0, 8.0, 46.0], "autoUv": false}, "south": {"texture": "#tail", "uv": [19.0, 41.0, 27.0, 47.0], "autoUv": false}, "west": {"texture": "#tail", "uv": [4.0, 40.0, 8.0, 46.0], "autoUv": false}, "up": {"texture": "#tail", "uv": [22.0, 41.0, 30.0, 44.0], "autoUv": false}, "down": {"texture": "#tail", "uv": [25.0, 47.0, 19.0, 43.0], "autoUv": false}}, "children": []}], "groups": []}