{"textureWidth": 64, "textureHeight": 64, "textures": {"tail": "kemono:entity/horse/tail/horse-tailextra"}, "textureSizes": {"tail": [64, 64], "disable": [64, 64]}, "elements": [{"name": "TailExtraStripe0_1", "from": [-0.06544065, -0.19468743, -0.93454844], "to": [3.73930597, 0.46859354, 0.93454844], "rotationOrigin": [-0.06544065, 0.13695335, 0.0], "stepParentName": "b_Tail1", "rotationZ": -0.0, "group": "tailextra-stripe0", "faces": {"north": {"texture": "#tail", "uv": [49.0, 43.0, 39.0, 45.0], "autoUv": false}, "east": {"texture": "#tail", "uv": [6.0, 38.0, 11.0, 44.0], "autoUv": false}, "south": {"texture": "#tail", "uv": [24.0, 43.0, 35.0, 45.0], "autoUv": false}, "west": {"texture": "#tail", "uv": [3.0, 41.0, 8.0, 44.0], "autoUv": false}, "up": {"texture": "#tail", "uv": [24.0, 38.0, 38.0, 43.0], "autoUv": false}, "down": {"texture": "#tail", "uv": [37.0, 47.0, 23.0, 40.0], "autoUv": false}}, "children": []}, {"name": "TailExtraStripe0_3", "from": [-0.3118124, -0.49146056, -1.55433595], "to": [5.56025505, 0.63935173, 1.55433595], "rotationOrigin": [-0.3118124, 0.07394505, 0.0], "stepParentName": "b_Tail3", "rotationZ": -0.0, "group": "tailextra-stripe0", "faces": {"north": {"texture": "#tail", "uv": [45.0, 45.0, 31.0, 48.0], "autoUv": false}, "east": {"texture": "#tail", "uv": [13.0, 44.0, 7.0, 52.0], "autoUv": false}, "south": {"texture": "#tail", "uv": [31.0, 45.0, 45.0, 48.0], "autoUv": false}, "west": {"texture": "#tail", "uv": [3.0, 44.0, 11.0, 47.0], "autoUv": false}, "up": {"texture": "#tail", "uv": [29.0, 34.0, 50.0, 42.0], "autoUv": false}, "down": {"texture": "#tail", "uv": [53.0, 47.0, 41.0, 42.0], "autoUv": false}}, "children": []}, {"name": "TailExtraStripe0_4", "from": [-0.52643776, -0.2801379, -1.42685044], "to": [3.64458132, 0.67257771, 1.42685044], "rotationOrigin": [-0.52643776, 0.19621944, 0.0], "stepParentName": "b_Tail4", "rotationZ": -0.0, "group": "tailextra-stripe0", "faces": {"north": {"texture": "#tail", "uv": [52.0, 39.0, 42.0, 42.0], "autoUv": false}, "east": {"texture": "#tail", "uv": [61.0, 45.0, 63.0, 47.0], "autoUv": false, "enabled": false}, "south": {"texture": "#tail", "uv": [42.0, 39.0, 52.0, 42.0], "autoUv": false}, "west": {"texture": "#tail", "uv": [3.0, 38.0, 10.0, 47.0], "autoUv": false}, "up": {"texture": "#tail", "uv": [28.0, 33.0, 43.0, 40.0], "autoUv": false}, "down": {"texture": "#tail", "uv": [52.0, 48.0, 41.0, 42.0], "autoUv": false}}, "children": []}, {"name": "TailExtraStripe0_2", "from": [-0.16771984, -0.32053992, -1.22779918], "to": [5.22719717, 0.59444574, 1.22779918], "rotationOrigin": [-0.16771984, 0.13695335, 0.0], "stepParentName": "b_Tail2", "rotationZ": -0.0, "group": "tailextra-stripe0", "faces": {"north": {"texture": "#tail", "uv": [44.0, 45.0, 30.0, 48.0], "autoUv": false}, "east": {"texture": "#tail", "uv": [4.0, 36.0, 13.0, 47.0], "autoUv": false}, "south": {"texture": "#tail", "uv": [27.0, 45.0, 41.0, 48.0], "autoUv": false}, "west": {"texture": "#tail", "uv": [4.0, 43.0, 11.0, 47.0], "autoUv": false}, "up": {"texture": "#tail", "uv": [27.0, 34.0, 47.0, 41.0], "autoUv": false}, "down": {"texture": "#tail", "uv": [50.0, 47.0, 34.0, 40.0], "autoUv": false}}, "children": []}, {"name": "TailExtraStripe0_0", "from": [0.02896951, -0.12700082, -0.6805436], "to": [3.40549205, 0.40090714, 0.6805436], "rotationOrigin": [0.02896951, 0.13695343, 0.0], "stepParentName": "b_Tail0", "rotationZ": 1.07e-06, "group": "tailextra-stripe0", "faces": {"north": {"texture": "#tail", "uv": [45.0, 43.0, 31.0, 45.0], "autoUv": false}, "east": {"texture": "#tail", "uv": [8.0, 40.0, 13.0, 46.0], "autoUv": false}, "south": {"texture": "#tail", "uv": [31.0, 43.0, 45.0, 45.0], "autoUv": false}, "west": {"texture": "#tail", "uv": [4.0, 40.0, 9.0, 46.0], "autoUv": false}, "up": {"texture": "#tail", "uv": [23.0, 41.0, 35.0, 45.0], "autoUv": false}, "down": {"texture": "#tail", "uv": [31.0, 47.0, 20.0, 43.0], "autoUv": false}}, "children": []}, {"name": "TailExtraStripe0_Stub", "from": [-1.68421474, -0.10967141, -0.62910807], "to": [0.29134247, 0.40980485, 0.62910813], "rotationOrigin": [0.29134247, 0.15006647, 6e-08], "stepParentName": "b_Tail0", "rotationZ": 23.2825576, "group": "tailextra-stripe0", "faces": {"north": {"texture": "#tail", "uv": [43.0, 41.0, 35.0, 43.0], "autoUv": false}, "east": {"texture": "#tail", "uv": [3.0, 40.0, 8.0, 46.0], "autoUv": false}, "south": {"texture": "#tail", "uv": [35.0, 43.0, 43.0, 45.0], "autoUv": false}, "west": {"texture": "#tail", "uv": [4.0, 44.0, 8.0, 46.0], "autoUv": false}, "up": {"texture": "#tail", "uv": [22.0, 41.0, 30.0, 45.0], "autoUv": false}, "down": {"texture": "#tail", "uv": [25.0, 47.0, 19.0, 43.0], "autoUv": false}}, "children": []}, {"name": "TailExtraStripe0_5", "from": [1.70284462, -0.18092361, -1.2549938], "to": [5.16873646, 0.65150738, 1.2549938], "rotationOrigin": [1.70284462, 0.23529148, 0.0], "stepParentName": "b_Tail4", "rotationZ": -0.0, "group": "tailextra-stripe0", "faces": {"north": {"texture": "#tail", "uv": [51.0, 44.0, 42.0, 46.0], "autoUv": false}, "east": {"texture": "#tail", "uv": [60.0, 44.0, 63.0, 47.0], "autoUv": false, "enabled": false}, "south": {"texture": "#tail", "uv": [42.0, 44.0, 51.0, 46.0], "autoUv": false}, "west": {"texture": "#tail", "uv": [3.0, 41.0, 9.0, 47.0], "autoUv": false}, "up": {"texture": "#tail", "uv": [27.0, 35.0, 42.0, 42.0], "autoUv": false}, "down": {"texture": "#tail", "uv": [53.0, 48.0, 43.0, 42.0], "autoUv": false}}, "children": []}, {"name": "TailExtraStripe0_6", "from": [4.34118843, -0.36435652, -0.97141922], "to": [7.16619658, 0.52137601, 0.97141922], "rotationOrigin": [4.34118843, 0.07850933, 0.0], "stepParentName": "b_Tail4", "rotationZ": 30.96768496, "group": "tailextra-stripe0", "faces": {"north": {"texture": "#tail", "uv": [54.0, 40.0, 47.0, 42.0], "autoUv": false}, "east": {"texture": "#tail", "uv": [60.0, 44.0, 63.0, 47.0], "autoUv": false, "enabled": false}, "south": {"texture": "#tail", "uv": [47.0, 40.0, 54.0, 42.0], "autoUv": false}, "west": {"texture": "#tail", "uv": [3.0, 42.0, 8.0, 47.0], "autoUv": false}, "up": {"texture": "#tail", "uv": [25.0, 39.0, 35.0, 44.0], "autoUv": false}, "down": {"texture": "#tail", "uv": [53.0, 48.0, 45.0, 43.0], "autoUv": false}}, "children": []}, {"name": "TailExtraStripe0_7", "from": [6.09036446, 0.46355468, -0.75144261], "to": [9.16042233, 1.08004412, 0.75144261], "rotationOrigin": [6.09036446, 0.77179909, 0.0], "stepParentName": "b_Tail4", "rotationZ": 69.22833173, "group": "tailextra-stripe0", "faces": {"north": {"texture": "#tail", "uv": [52.0, 46.0, 44.0, 48.0], "autoUv": false}, "east": {"texture": "#tail", "uv": [61.0, 45.0, 63.0, 47.0], "autoUv": false, "rotation": 90, "enabled": false}, "south": {"texture": "#tail", "uv": [44.0, 43.0, 52.0, 45.0], "autoUv": false}, "west": {"texture": "#tail", "uv": [7.0, 39.0, 12.0, 44.0], "autoUv": false, "rotation": 90}, "up": {"texture": "#tail", "uv": [46.0, 43.0, 52.0, 46.0], "autoUv": false}, "down": {"texture": "#tail", "uv": [52.0, 48.0, 44.0, 45.0], "autoUv": false}}, "children": []}], "groups": []}