{"textureWidth": 64, "textureHeight": 64, "textures": {"tail": "kemono:entity/horse/tail/horse-tailextra"}, "textureSizes": {"tail": [64, 64], "disable": [64, 64]}, "elements": [{"name": "TailExtraStripe1_1", "from": [-0.06544065, -0.19468743, -0.93454844], "to": [3.73930597, 0.46859354, 0.93454844], "rotationOrigin": [-0.06544065, 0.13695335, 0.0], "stepParentName": "b_Tail1", "rotationZ": -0.0, "group": "tailextra-stripe1", "faces": {"north": {"texture": "#tail", "uv": [49.0, 43.0, 39.0, 45.0], "autoUv": false}, "east": {"texture": "#tail", "uv": [6.0, 38.0, 11.0, 44.0], "autoUv": false}, "south": {"texture": "#tail", "uv": [24.0, 43.0, 35.0, 45.0], "autoUv": false}, "west": {"texture": "#tail", "uv": [3.0, 41.0, 8.0, 44.0], "autoUv": false}, "up": {"texture": "#tail", "uv": [24.0, 38.0, 38.0, 43.0], "autoUv": false}, "down": {"texture": "#tail", "uv": [37.0, 47.0, 23.0, 40.0], "autoUv": false}}, "children": []}, {"name": "TailExtraStripe1_3", "from": [-0.3118124, -0.54740596, -1.4135263], "to": [5.56025505, 0.58340633, 1.4135263], "rotationOrigin": [-0.3118124, 0.01799965, 0.0], "stepParentName": "b_Tail3", "rotationZ": -0.0, "group": "tailextra-stripe1", "faces": {"north": {"texture": "#tail", "uv": [45.0, 45.0, 31.0, 48.0], "autoUv": false}, "east": {"texture": "#tail", "uv": [13.0, 44.0, 7.0, 52.0], "autoUv": false}, "south": {"texture": "#tail", "uv": [31.0, 45.0, 45.0, 48.0], "autoUv": false}, "west": {"texture": "#tail", "uv": [3.0, 44.0, 11.0, 47.0], "autoUv": false}, "up": {"texture": "#tail", "uv": [29.0, 34.0, 50.0, 42.0], "autoUv": false}, "down": {"texture": "#tail", "uv": [53.0, 47.0, 41.0, 42.0], "autoUv": false}}, "children": []}, {"name": "TailExtraStripe1_4", "from": [-0.68098068, -0.67120469, -1.61657071], "to": [4.53782845, 0.52083999, 1.61657071], "rotationOrigin": [-0.68098068, -0.07518291, 0.0], "stepParentName": "b_Tail4", "rotationZ": -0.0, "group": "tailextra-stripe1", "faces": {"north": {"texture": "#tail", "uv": [52.0, 39.0, 42.0, 42.0], "autoUv": false}, "east": {"texture": "#tail", "uv": [61.0, 45.0, 63.0, 47.0], "autoUv": false, "enabled": false}, "south": {"texture": "#tail", "uv": [42.0, 39.0, 52.0, 42.0], "autoUv": false}, "west": {"texture": "#tail", "uv": [3.0, 38.0, 10.0, 47.0], "autoUv": false}, "up": {"texture": "#tail", "uv": [43.0, 41.0, 54.0, 48.0], "autoUv": false}, "down": {"texture": "#tail", "uv": [54.0, 48.0, 43.0, 42.0], "autoUv": false}}, "children": []}, {"name": "TailExtraStripe1_2", "from": [-0.16771984, -0.32053992, -1.22779918], "to": [5.22719717, 0.59444574, 1.22779918], "rotationOrigin": [-0.16771984, 0.13695335, 0.0], "stepParentName": "b_Tail2", "rotationZ": -0.0, "group": "tailextra-stripe1", "faces": {"north": {"texture": "#tail", "uv": [44.0, 45.0, 30.0, 48.0], "autoUv": false}, "east": {"texture": "#tail", "uv": [4.0, 36.0, 13.0, 47.0], "autoUv": false}, "south": {"texture": "#tail", "uv": [27.0, 45.0, 41.0, 48.0], "autoUv": false}, "west": {"texture": "#tail", "uv": [4.0, 43.0, 11.0, 47.0], "autoUv": false}, "up": {"texture": "#tail", "uv": [27.0, 34.0, 47.0, 41.0], "autoUv": false}, "down": {"texture": "#tail", "uv": [50.0, 47.0, 34.0, 40.0], "autoUv": false}}, "children": []}, {"name": "TailExtraStripe1_0", "from": [0.02896951, -0.12700082, -0.6805436], "to": [3.40549205, 0.40090714, 0.6805436], "rotationOrigin": [0.02896951, 0.13695343, 0.0], "stepParentName": "b_Tail0", "rotationZ": 1.07e-06, "group": "tailextra-stripe1", "faces": {"north": {"texture": "#tail", "uv": [45.0, 43.0, 31.0, 45.0], "autoUv": false}, "east": {"texture": "#tail", "uv": [8.0, 40.0, 13.0, 46.0], "autoUv": false}, "south": {"texture": "#tail", "uv": [31.0, 43.0, 45.0, 45.0], "autoUv": false}, "west": {"texture": "#tail", "uv": [4.0, 40.0, 9.0, 46.0], "autoUv": false}, "up": {"texture": "#tail", "uv": [23.0, 41.0, 35.0, 45.0], "autoUv": false}, "down": {"texture": "#tail", "uv": [31.0, 47.0, 20.0, 43.0], "autoUv": false}}, "children": []}, {"name": "TailExtraStripe1_Stub", "from": [-1.68421474, -0.10967141, -0.62910807], "to": [0.29134247, 0.40980485, 0.62910813], "rotationOrigin": [0.29134247, 0.15006647, 6e-08], "stepParentName": "b_Tail0", "rotationZ": 23.2825576, "group": "tailextra-stripe1", "faces": {"north": {"texture": "#tail", "uv": [43.0, 41.0, 35.0, 43.0], "autoUv": false}, "east": {"texture": "#tail", "uv": [3.0, 40.0, 8.0, 46.0], "autoUv": false}, "south": {"texture": "#tail", "uv": [35.0, 43.0, 43.0, 45.0], "autoUv": false}, "west": {"texture": "#tail", "uv": [4.0, 44.0, 8.0, 46.0], "autoUv": false}, "up": {"texture": "#tail", "uv": [22.0, 41.0, 30.0, 45.0], "autoUv": false}, "down": {"texture": "#tail", "uv": [25.0, 47.0, 19.0, 43.0], "autoUv": false}}, "children": []}, {"name": "TailExtraStripe1_5", "from": [1.77562904, -0.80275398, -1.76035655], "to": [6.33825922, 0.48026454, 1.76035655], "rotationOrigin": [1.77562904, -0.16124535, 0.0], "stepParentName": "b_Tail4", "rotationZ": -0.0, "group": "tailextra-stripe1", "faces": {"north": {"texture": "#tail", "uv": [51.0, 45.0, 42.0, 47.0], "autoUv": false}, "east": {"texture": "#tail", "uv": [60.0, 44.0, 63.0, 47.0], "autoUv": false, "enabled": false}, "south": {"texture": "#tail", "uv": [42.0, 45.0, 51.0, 47.0], "autoUv": false}, "west": {"texture": "#tail", "uv": [3.0, 41.0, 9.0, 47.0], "autoUv": false}, "up": {"texture": "#tail", "uv": [45.0, 41.0, 55.0, 48.0], "autoUv": false}, "down": {"texture": "#tail", "uv": [55.0, 48.0, 45.0, 42.0], "autoUv": false}}, "children": []}], "groups": []}