{"textureWidth": 128, "textureHeight": 128, "textures": {}, "textureSizes": {}, "elements": [{"name": "WingSkeleton2L", "from": [1.88521945, -0.40141886, 0.56414926], "to": [4.64851153, 0.59508151, 1.38410056], "rotationOrigin": [3.26686549, 0.09683132, 0.97412491], "stepParentName": "b_WingInner0L", "rotationX": -7.11357841, "rotationY": 160.01182523, "rotationZ": 0.23372961, "group": "WingBatL", "faces": {"north": {"texture": "#main", "uv": [42.0, 26.0, 50.0, 28.0], "autoUv": false}, "east": {"texture": "#main", "uv": [40.0, 26.0, 42.0, 28.0], "autoUv": false}, "south": {"texture": "#main", "uv": [42.0, 26.0, 50.0, 28.0], "autoUv": false}, "west": {"texture": "#main", "uv": [50.0, 26.0, 52.0, 28.0], "autoUv": false}, "up": {"texture": "#main", "uv": [42.0, 26.0, 50.0, 28.0], "autoUv": false}, "down": {"texture": "#main", "uv": [42.0, 30.0, 50.0, 28.0], "autoUv": false, "rotation": 180}}, "children": []}, {"name": "WingSkeleton9L", "from": [3.13035429, 0.52447438, 0.80319789], "to": [5.97965777, 1.41808772, 1.51820561], "rotationOrigin": [4.55500603, 0.97128105, 1.16070175], "stepParentName": "b_WingInner0L", "rotationX": -12.86866892, "rotationY": 161.29124261, "rotationZ": -39.3750536, "group": "WingBatL", "faces": {"north": {"texture": "#main", "uv": [42.0, 26.0, 50.0, 28.0], "autoUv": false}, "east": {"texture": "#main", "uv": [40.0, 26.0, 42.0, 28.0], "autoUv": false}, "south": {"texture": "#main", "uv": [42.0, 26.0, 50.0, 28.0], "autoUv": false}, "west": {"texture": "#main", "uv": [50.0, 26.0, 52.0, 28.0], "autoUv": false}, "up": {"texture": "#main", "uv": [42.0, 26.0, 50.0, 28.0], "autoUv": false}, "down": {"texture": "#main", "uv": [42.0, 30.0, 50.0, 28.0], "autoUv": false, "rotation": 180}}, "children": []}, {"name": "WingSkeleton5L", "from": [-0.97901405, -0.81180329, 0.26705192], "to": [2.60813905, 0.09643693, 1.00148036], "rotationOrigin": [0.8145625, -0.35768318, 0.63426614], "stepParentName": "b_WingInner2L", "rotationX": -8.55662877, "rotationY": 162.09813384, "rotationZ": -47.65889827, "group": "WingBatL", "faces": {"north": {"texture": "#main", "uv": [42.0, 26.0, 50.0, 28.0], "autoUv": false}, "east": {"texture": "#main", "uv": [40.0, 26.0, 42.0, 28.0], "autoUv": false}, "south": {"texture": "#main", "uv": [42.0, 26.0, 50.0, 28.0], "autoUv": false}, "west": {"texture": "#main", "uv": [50.0, 26.0, 52.0, 28.0], "autoUv": false}, "up": {"texture": "#main", "uv": [42.0, 26.0, 50.0, 28.0], "autoUv": false}, "down": {"texture": "#main", "uv": [42.0, 30.0, 50.0, 28.0], "autoUv": false, "rotation": 180}}, "children": []}, {"name": "WingSkeleton0L", "from": [-1.37993968, -3.12635032, -0.21171471], "to": [-0.23453403, 0.5390052, 0.59079024], "rotationOrigin": [-0.80723685, -1.29367256, 0.18953776], "stepParentName": "b_WingInner3L", "rotationX": -19.98070072, "rotationY": 162.91293442, "rotationZ": -34.17783289, "group": "WingBatL", "faces": {"north": {"texture": "#main", "uv": [42.0, 26.0, 50.0, 28.0], "autoUv": false, "rotation": 90}, "east": {"texture": "#main", "uv": [42.0, 28.0, 50.0, 30.0], "autoUv": false, "rotation": 90}, "south": {"texture": "#main", "uv": [42.0, 26.0, 50.0, 28.0], "autoUv": false, "rotation": 90}, "west": {"texture": "#main", "uv": [42.0, 28.0, 50.0, 30.0], "autoUv": false, "rotation": 270}, "up": {"texture": "#main", "uv": [40.0, 26.0, 42.0, 28.0], "autoUv": false}, "down": {"texture": "#main", "uv": [52.0, 28.0, 50.0, 26.0], "autoUv": false, "rotation": 180}}, "children": []}, {"name": "WingBatInner1L", "from": [-1.02957679, -0.180649, 0.52177851], "to": [2.72571172, 0.93675823, 0.64728172], "rotationOrigin": [0.84806746, 0.37805462, 0.58453012], "stepParentName": "b_WingInner2L", "rotationX": -13.21533346, "rotationY": 158.98791157, "rotationZ": -54.055951, "group": "WingBatL", "faces": {"north": {"texture": "#main", "uv": [42.0, 31.0, 50.0, 34.0], "autoUv": false}, "east": {"texture": "#main", "uv": [40.0, 31.0, 42.0, 34.0], "autoUv": false}, "south": {"texture": "#main", "uv": [42.0, 31.0, 50.0, 34.0], "autoUv": false}, "west": {"texture": "#main", "uv": [50.0, 31.0, 52.0, 34.0], "autoUv": false}, "up": {"texture": "#main", "uv": [42.0, 31.0, 50.0, 33.0], "autoUv": false}, "down": {"texture": "#main", "uv": [42.0, 36.0, 50.0, 34.0], "autoUv": false, "rotation": 180}}, "children": []}, {"name": "WingSkeleton1L", "from": [0.69321507, -1.61076069, -0.11998609], "to": [1.71932632, 1.51837635, 0.79761317], "rotationOrigin": [1.20627069, -0.04619217, 0.33881354], "stepParentName": "b_WingInner0L", "rotationX": -5.5789967, "rotationY": 165.75396527, "rotationZ": -93.68287466, "group": "WingBatL", "faces": {"north": {"texture": "#main", "uv": [42.0, 26.0, 50.0, 28.0], "autoUv": false, "rotation": 90}, "east": {"texture": "#main", "uv": [42.0, 28.0, 50.0, 30.0], "autoUv": false, "rotation": 90}, "south": {"texture": "#main", "uv": [42.0, 26.0, 50.0, 28.0], "autoUv": false, "rotation": 90}, "west": {"texture": "#main", "uv": [50.0, 26.0, 42.0, 28.0], "autoUv": false, "rotation": 90}, "up": {"texture": "#main", "uv": [40.0, 26.0, 42.0, 28.0], "autoUv": false}, "down": {"texture": "#main", "uv": [52.0, 28.0, 50.0, 26.0], "autoUv": false, "rotation": 180}}, "children": []}, {"name": "WingBatInner8L", "from": [2.41994119, 1.7288121, 1.08528412], "to": [8.41147208, 2.90795243, 1.31585991], "rotationOrigin": [5.41570663, 2.31838226, 1.20057201], "stepParentName": "b_WingInner0L", "rotationX": -14.42593839, "rotationY": 160.90823292, "rotationZ": -41.89833722, "group": "WingBatL", "faces": {"north": {"texture": "#main", "uv": [42.0, 31.0, 50.0, 34.0], "autoUv": false}, "east": {"texture": "#main", "uv": [40.0, 31.0, 42.0, 34.0], "autoUv": false}, "south": {"texture": "#main", "uv": [42.0, 31.0, 50.0, 34.0], "autoUv": false}, "west": {"texture": "#main", "uv": [50.0, 31.0, 52.0, 34.0], "autoUv": false}, "up": {"texture": "#main", "uv": [42.0, 31.0, 50.0, 33.0], "autoUv": false}, "down": {"texture": "#main", "uv": [42.0, 36.0, 50.0, 34.0], "autoUv": false, "rotation": 180}}, "children": []}, {"name": "WingSkeleton7L", "from": [0.05777214, -0.04011731, 0.24649828], "to": [4.4688802, 0.80006413, 1.05245287], "rotationOrigin": [2.26332617, 0.37997341, 0.64947557], "stepParentName": "b_WingInner1L", "rotationX": -7.37137836, "rotationY": 165.08298114, "rotationZ": -34.14670772, "group": "WingBatL", "faces": {"north": {"texture": "#main", "uv": [42.0, 26.0, 50.0, 28.0], "autoUv": false}, "east": {"texture": "#main", "uv": [40.0, 26.0, 42.0, 28.0], "autoUv": false}, "south": {"texture": "#main", "uv": [42.0, 26.0, 50.0, 28.0], "autoUv": false}, "west": {"texture": "#main", "uv": [50.0, 26.0, 52.0, 28.0], "autoUv": false}, "up": {"texture": "#main", "uv": [42.0, 26.0, 50.0, 28.0], "autoUv": false}, "down": {"texture": "#main", "uv": [42.0, 30.0, 50.0, 28.0], "autoUv": false, "rotation": 180}}, "children": []}, {"name": "WingBatInner2L", "from": [-1.24167901, 0.82327562, 0.1295619], "to": [2.55756217, 1.99839301, 0.36023665], "rotationOrigin": [0.65794158, 1.41083431, 0.24489927], "stepParentName": "b_WingInner1L", "rotationX": -6.1322194, "rotationY": 161.65254595, "rotationZ": -62.53687736, "group": "WingBatL", "faces": {"north": {"texture": "#main", "uv": [42.0, 31.0, 50.0, 34.0], "autoUv": false}, "east": {"texture": "#main", "uv": [40.0, 31.0, 42.0, 34.0], "autoUv": false}, "south": {"texture": "#main", "uv": [42.0, 31.0, 50.0, 34.0], "autoUv": false}, "west": {"texture": "#main", "uv": [50.0, 31.0, 52.0, 34.0], "autoUv": false}, "up": {"texture": "#main", "uv": [42.0, 31.0, 50.0, 33.0], "autoUv": false}, "down": {"texture": "#main", "uv": [42.0, 36.0, 50.0, 34.0], "autoUv": false, "rotation": 180}}, "children": []}, {"name": "WingSkeleton3L", "from": [4.21954557, -0.17798796, 1.26591942], "to": [5.24982527, 0.47282591, 1.73857144], "rotationOrigin": [4.73468542, 0.14741898, 1.50224543], "stepParentName": "b_WingInner0L", "rotationX": -15.29007343, "rotationY": 160.23045959, "rotationZ": -6.82260424, "group": "WingBatL", "faces": {"north": {"texture": "#main", "uv": [42.0, 26.0, 50.0, 28.0], "autoUv": false}, "east": {"texture": "#main", "uv": [40.0, 26.0, 42.0, 28.0], "autoUv": false}, "south": {"texture": "#main", "uv": [42.0, 26.0, 50.0, 28.0], "autoUv": false}, "west": {"texture": "#main", "uv": [50.0, 26.0, 52.0, 28.0], "autoUv": false}, "up": {"texture": "#main", "uv": [42.0, 26.0, 50.0, 28.0], "autoUv": false}, "down": {"texture": "#main", "uv": [42.0, 30.0, 50.0, 28.0], "autoUv": false, "rotation": 180}}, "children": []}, {"name": "WingSkeleton10L", "from": [5.02809322, 2.28035626, 1.14004683], "to": [7.60350144, 2.93281856, 1.65748429], "rotationOrigin": [6.31579733, 2.60658741, 1.39876556], "stepParentName": "b_WingInner0L", "rotationX": -12.86864586, "rotationY": 161.29125627, "rotationZ": -42.12547174, "group": "WingBatL", "faces": {"north": {"texture": "#main", "uv": [42.0, 26.0, 50.0, 28.0], "autoUv": false}, "east": {"texture": "#main", "uv": [40.0, 26.0, 42.0, 28.0], "autoUv": false}, "south": {"texture": "#main", "uv": [42.0, 26.0, 50.0, 28.0], "autoUv": false}, "west": {"texture": "#main", "uv": [50.0, 26.0, 52.0, 28.0], "autoUv": false}, "up": {"texture": "#main", "uv": [42.0, 26.0, 50.0, 28.0], "autoUv": false}, "down": {"texture": "#main", "uv": [42.0, 30.0, 50.0, 28.0], "autoUv": false, "rotation": 180}}, "children": []}, {"name": "WingSkeleton11L", "from": [6.74107319, 3.62270033, 1.34886381], "to": [8.29416603, 3.9408468, 1.74668387], "rotationOrigin": [7.51761961, 3.78177357, 1.54777384], "stepParentName": "b_WingInner0L", "rotationX": -12.86864501, "rotationY": 161.29126993, "rotationZ": -47.9128652, "group": "WingBatL", "faces": {"north": {"texture": "#main", "uv": [42.0, 26.0, 50.0, 28.0], "autoUv": false}, "east": {"texture": "#main", "uv": [40.0, 26.0, 42.0, 28.0], "autoUv": false}, "south": {"texture": "#main", "uv": [42.0, 26.0, 50.0, 28.0], "autoUv": false}, "west": {"texture": "#main", "uv": [50.0, 26.0, 52.0, 28.0], "autoUv": false}, "up": {"texture": "#main", "uv": [42.0, 26.0, 50.0, 28.0], "autoUv": false}, "down": {"texture": "#main", "uv": [42.0, 30.0, 50.0, 28.0], "autoUv": false, "rotation": 180}}, "children": []}, {"name": "WingSkeleton4L", "from": [5.04456413, 0.14865753, 1.47389528], "to": [5.69613183, 0.53479698, 1.89806631], "rotationOrigin": [5.37034798, 0.34172726, 1.6859808], "stepParentName": "b_WingInner0L", "rotationX": -15.29006831, "rotationY": 160.23045959, "rotationZ": -12.96822831, "group": "WingBatL", "faces": {"north": {"texture": "#main", "uv": [42.0, 26.0, 50.0, 28.0], "autoUv": false}, "east": {"texture": "#main", "uv": [40.0, 26.0, 42.0, 28.0], "autoUv": false}, "south": {"texture": "#main", "uv": [42.0, 26.0, 50.0, 28.0], "autoUv": false}, "west": {"texture": "#main", "uv": [50.0, 26.0, 52.0, 28.0], "autoUv": false}, "up": {"texture": "#main", "uv": [42.0, 26.0, 50.0, 28.0], "autoUv": false}, "down": {"texture": "#main", "uv": [42.0, 30.0, 50.0, 28.0], "autoUv": false, "rotation": 180}}, "children": []}, {"name": "WingSkeleton8L", "from": [3.7093128, 1.67150904, 0.76503494], "to": [5.19078791, 2.24193739, 1.32876275], "rotationOrigin": [4.45005035, 1.95672321, 1.04689884], "stepParentName": "b_WingInner1L", "rotationX": -6.91320286, "rotationY": 163.2232026, "rotationZ": -42.44353999, "group": "WingBatL", "faces": {"north": {"texture": "#main", "uv": [42.0, 26.0, 50.0, 28.0], "autoUv": false}, "east": {"texture": "#main", "uv": [40.0, 26.0, 42.0, 28.0], "autoUv": false}, "south": {"texture": "#main", "uv": [42.0, 26.0, 50.0, 28.0], "autoUv": false}, "west": {"texture": "#main", "uv": [50.0, 26.0, 52.0, 28.0], "autoUv": false}, "up": {"texture": "#main", "uv": [42.0, 26.0, 50.0, 28.0], "autoUv": false}, "down": {"texture": "#main", "uv": [42.0, 30.0, 50.0, 28.0], "autoUv": false, "rotation": 180}}, "children": []}, {"name": "WingSkeleton6L", "from": [1.46859386, 1.12088533, 0.58104197], "to": [3.22896072, 1.69327788, 1.15877612], "rotationOrigin": [2.34877729, 1.4070816, 0.86990905], "stepParentName": "b_WingInner2L", "rotationX": -8.55662108, "rotationY": 162.09812018, "rotationZ": -49.1046854, "group": "WingBatL", "faces": {"north": {"texture": "#main", "uv": [42.0, 26.0, 50.0, 28.0], "autoUv": false}, "east": {"texture": "#main", "uv": [40.0, 26.0, 42.0, 28.0], "autoUv": false}, "south": {"texture": "#main", "uv": [42.0, 26.0, 50.0, 28.0], "autoUv": false}, "west": {"texture": "#main", "uv": [50.0, 26.0, 52.0, 28.0], "autoUv": false}, "up": {"texture": "#main", "uv": [42.0, 26.0, 50.0, 28.0], "autoUv": false}, "down": {"texture": "#main", "uv": [42.0, 30.0, 50.0, 28.0], "autoUv": false, "rotation": 180}}, "children": []}, {"name": "WingBatInner6L", "from": [1.618361, 1.23297733, 0.67828453], "to": [5.41524649, 2.80441624, 0.90886032], "rotationOrigin": [3.51680374, 2.01869678, 0.79357243], "stepParentName": "b_WingInner0L", "rotationX": -6.7972207, "rotationY": 167.4281949, "rotationZ": -75.52899682, "group": "WingBatL", "faces": {"north": {"texture": "#main", "uv": [42.0, 31.0, 50.0, 34.0], "autoUv": false}, "east": {"texture": "#main", "uv": [40.0, 31.0, 42.0, 34.0], "autoUv": false}, "south": {"texture": "#main", "uv": [42.0, 31.0, 50.0, 34.0], "autoUv": false}, "west": {"texture": "#main", "uv": [50.0, 31.0, 52.0, 34.0], "autoUv": false}, "up": {"texture": "#main", "uv": [42.0, 31.0, 50.0, 33.0], "autoUv": false}, "down": {"texture": "#main", "uv": [42.0, 36.0, 50.0, 34.0], "autoUv": false, "rotation": 180}}, "children": []}, {"name": "WingBatInner7L", "from": [4.21267778, 1.93173187, 0.95206778], "to": [6.05736846, 3.70950157, 1.18264349], "rotationOrigin": [5.13502312, 2.82061672, 1.06735563], "stepParentName": "b_WingInner0L", "rotationX": -10.66911748, "rotationY": 164.09963881, "rotationZ": -87.93981255, "group": "WingBatL", "faces": {"north": {"texture": "#main", "uv": [42.0, 31.0, 50.0, 34.0], "autoUv": false}, "east": {"texture": "#main", "uv": [40.0, 31.0, 42.0, 34.0], "autoUv": false}, "south": {"texture": "#main", "uv": [42.0, 31.0, 50.0, 34.0], "autoUv": false}, "west": {"texture": "#main", "uv": [50.0, 31.0, 52.0, 34.0], "autoUv": false}, "up": {"texture": "#main", "uv": [42.0, 31.0, 50.0, 33.0], "autoUv": false}, "down": {"texture": "#main", "uv": [42.0, 36.0, 50.0, 34.0], "autoUv": false, "rotation": 180}}, "children": []}, {"name": "WingBatInner0L", "from": [-1.65478856, 0.11624509, -0.01686628], "to": [2.12128032, 1.24584597, 0.15103586], "rotationOrigin": [0.23324588, 0.68104553, 0.06708479], "stepParentName": "b_WingInner2L", "rotationX": -28.13619418, "rotationY": 146.39891671, "rotationZ": -32.31575598, "group": "WingBatL", "faces": {"north": {"texture": "#main", "uv": [50.0, 31.0, 42.0, 34.0], "autoUv": false}, "east": {"texture": "#main", "uv": [42.0, 31.0, 40.0, 34.0], "autoUv": false}, "south": {"texture": "#main", "uv": [50.0, 31.0, 42.0, 34.0], "autoUv": false}, "west": {"texture": "#main", "uv": [52.0, 31.0, 50.0, 34.0], "autoUv": false}, "up": {"texture": "#main", "uv": [50.0, 31.0, 42.0, 33.0], "autoUv": false, "rotation": 180}, "down": {"texture": "#main", "uv": [50.0, 36.0, 42.0, 34.0], "autoUv": false}}, "children": []}, {"name": "WingBatInner4L", "from": [0.36174933, 0.30522579, 0.43411205], "to": [4.16099056, 1.32907063, 0.66478684], "rotationOrigin": [2.26136994, 0.81714821, 0.54944944], "stepParentName": "b_WingInner1L", "rotationX": -8.6362628, "rotationY": 165.1398493, "rotationZ": -40.05654939, "group": "WingBatL", "faces": {"north": {"texture": "#main", "uv": [42.0, 31.0, 50.0, 34.0], "autoUv": false}, "east": {"texture": "#main", "uv": [40.0, 31.0, 42.0, 34.0], "autoUv": false}, "south": {"texture": "#main", "uv": [42.0, 31.0, 50.0, 34.0], "autoUv": false}, "west": {"texture": "#main", "uv": [50.0, 31.0, 52.0, 34.0], "autoUv": false}, "up": {"texture": "#main", "uv": [42.0, 31.0, 50.0, 33.0], "autoUv": false}, "down": {"texture": "#main", "uv": [42.0, 36.0, 50.0, 34.0], "autoUv": false, "rotation": 180}}, "children": []}, {"name": "WingBatInner5L", "from": [-0.09247644, 1.26497592, 0.40143877], "to": [4.30810888, 2.99681722, 0.6321134], "rotationOrigin": [2.10781622, 2.13089657, 0.51677608], "stepParentName": "b_WingInner0L", "rotationX": -8.59037673, "rotationY": 163.95373231, "rotationZ": -66.92071134, "group": "WingBatL", "faces": {"north": {"texture": "#main", "uv": [42.0, 31.0, 50.0, 34.0], "autoUv": false}, "east": {"texture": "#main", "uv": [40.0, 31.0, 42.0, 34.0], "autoUv": false}, "south": {"texture": "#main", "uv": [42.0, 31.0, 50.0, 34.0], "autoUv": false}, "west": {"texture": "#main", "uv": [50.0, 31.0, 52.0, 34.0], "autoUv": false}, "up": {"texture": "#main", "uv": [42.0, 31.0, 50.0, 33.0], "autoUv": false}, "down": {"texture": "#main", "uv": [42.0, 36.0, 50.0, 34.0], "autoUv": false, "rotation": 180}}, "children": []}, {"name": "WingBatInner3L", "from": [-0.22824358, 0.21406797, 0.30341287], "to": [3.35119628, 1.62450358, 0.46183162], "rotationOrigin": [1.56147635, 0.91928577, 0.38262224], "stepParentName": "b_WingInner1L", "rotationX": -1.24304768, "rotationY": 173.53126945, "rotationZ": -57.92464186, "group": "WingBatL", "faces": {"north": {"texture": "#main", "uv": [42.0, 31.0, 50.0, 34.0], "autoUv": false}, "east": {"texture": "#main", "uv": [40.0, 31.0, 42.0, 34.0], "autoUv": false}, "south": {"texture": "#main", "uv": [42.0, 31.0, 50.0, 34.0], "autoUv": false}, "west": {"texture": "#main", "uv": [50.0, 31.0, 52.0, 34.0], "autoUv": false}, "up": {"texture": "#main", "uv": [42.0, 31.0, 50.0, 33.0], "autoUv": false}, "down": {"texture": "#main", "uv": [42.0, 36.0, 50.0, 34.0], "autoUv": false, "rotation": 180}}, "children": []}, {"name": "WingSkeleton2R", "from": [1.88521945, -0.40141886, -1.38410056], "to": [4.64851153, 0.59508151, -0.56414926], "rotationOrigin": [3.26686549, 0.09683132, -0.97412491], "stepParentName": "b_WingInner0R", "rotationX": -172.88641763, "rotationY": -19.98819173, "rotationZ": 0.23373721, "group": "WingBatR", "faces": {"north": {"texture": "#main", "uv": [50.0, 26.0, 42.0, 28.0], "autoUv": false, "rotation": 180}, "east": {"texture": "#main", "uv": [52.0, 26.0, 50.0, 28.0], "autoUv": false, "rotation": 180}, "south": {"texture": "#main", "uv": [50.0, 26.0, 42.0, 28.0], "autoUv": false, "rotation": 180}, "west": {"texture": "#main", "uv": [42.0, 26.0, 40.0, 28.0], "autoUv": false, "rotation": 180}, "up": {"texture": "#main", "uv": [42.0, 28.0, 50.0, 30.0], "autoUv": false, "rotation": 180}, "down": {"texture": "#main", "uv": [42.0, 28.0, 50.0, 26.0], "autoUv": false}}, "children": []}, {"name": "WingSkeleton9R", "from": [3.13035381, 0.52447438, -1.51820558], "to": [5.97965729, 1.41808772, -0.80319792], "rotationOrigin": [4.55500555, 0.97128105, -1.16070175], "stepParentName": "b_WingInner0R", "rotationX": -167.1313139, "rotationY": -18.70879484, "rotationZ": -39.37503994, "group": "WingBatR", "faces": {"north": {"texture": "#main", "uv": [50.0, 26.0, 42.0, 28.0], "autoUv": false, "rotation": 180}, "east": {"texture": "#main", "uv": [52.0, 26.0, 50.0, 28.0], "autoUv": false, "rotation": 180}, "south": {"texture": "#main", "uv": [50.0, 26.0, 42.0, 28.0], "autoUv": false, "rotation": 180}, "west": {"texture": "#main", "uv": [42.0, 26.0, 40.0, 28.0], "autoUv": false, "rotation": 180}, "up": {"texture": "#main", "uv": [42.0, 28.0, 50.0, 30.0], "autoUv": false, "rotation": 180}, "down": {"texture": "#main", "uv": [42.0, 28.0, 50.0, 26.0], "autoUv": false}}, "children": []}, {"name": "WingSkeleton5R", "from": [-0.9790141, -0.81180421, -1.0014804], "to": [2.6081391, 0.09643593, -0.26705188], "rotationOrigin": [0.8145625, -0.35768414, -0.63426614], "stepParentName": "b_WingInner2R", "rotationX": -171.44337624, "rotationY": -17.90186947, "rotationZ": -47.6589051, "group": "WingBatR", "faces": {"north": {"texture": "#main", "uv": [50.0, 26.0, 42.0, 28.0], "autoUv": false, "rotation": 180}, "east": {"texture": "#main", "uv": [52.0, 26.0, 50.0, 28.0], "autoUv": false, "rotation": 180}, "south": {"texture": "#main", "uv": [50.0, 26.0, 42.0, 28.0], "autoUv": false, "rotation": 180}, "west": {"texture": "#main", "uv": [42.0, 26.0, 40.0, 28.0], "autoUv": false, "rotation": 180}, "up": {"texture": "#main", "uv": [42.0, 28.0, 50.0, 30.0], "autoUv": false, "rotation": 180}, "down": {"texture": "#main", "uv": [42.0, 28.0, 50.0, 26.0], "autoUv": false}}, "children": []}, {"name": "WingSkeleton0R", "from": [-1.37993973, -3.12634945, -0.59078989], "to": [-0.23453397, 0.53900433, 0.21171532], "rotationOrigin": [-0.80723685, -1.29367256, -0.18953729], "stepParentName": "b_WingInner3R", "rotationX": -160.0192838, "rotationY": -17.08703814, "rotationZ": -34.17779532, "group": "WingBatR", "faces": {"north": {"texture": "#main", "uv": [50.0, 26.0, 42.0, 28.0], "autoUv": false, "rotation": 90}, "east": {"texture": "#main", "uv": [50.0, 28.0, 42.0, 30.0], "autoUv": false, "rotation": 270}, "south": {"texture": "#main", "uv": [50.0, 26.0, 42.0, 28.0], "autoUv": false, "rotation": 90}, "west": {"texture": "#main", "uv": [50.0, 28.0, 42.0, 30.0], "autoUv": false, "rotation": 90}, "up": {"texture": "#main", "uv": [52.0, 26.0, 50.0, 28.0], "autoUv": false, "rotation": 180}, "down": {"texture": "#main", "uv": [40.0, 28.0, 42.0, 26.0], "autoUv": false}}, "children": []}, {"name": "WingBatInner1R", "from": [-1.05408853, 0.94188392, -0.30971368], "to": [2.70120007, 2.05929101, -0.18421046], "rotationOrigin": [0.82355577, 1.50058746, -0.24696207], "stepParentName": "b_WingInner1R", "rotationX": -166.78466813, "rotationY": -21.01207807, "rotationZ": -54.05591343, "group": "WingBatR", "faces": {"north": {"texture": "#main", "uv": [50.0, 31.0, 42.0, 34.0], "autoUv": false, "rotation": 180}, "east": {"texture": "#main", "uv": [52.0, 31.0, 50.0, 34.0], "autoUv": false, "rotation": 180}, "south": {"texture": "#main", "uv": [50.0, 31.0, 42.0, 34.0], "autoUv": false, "rotation": 180}, "west": {"texture": "#main", "uv": [42.0, 31.0, 40.0, 34.0], "autoUv": false, "rotation": 180}, "up": {"texture": "#main", "uv": [42.0, 34.0, 50.0, 36.0], "autoUv": false, "rotation": 180}, "down": {"texture": "#main", "uv": [42.0, 33.0, 50.0, 31.0], "autoUv": false}}, "children": []}, {"name": "WingSkeleton1R", "from": [0.69321525, -1.61076069, -0.79761312], "to": [1.71932638, 1.51837635, 0.11998603], "rotationOrigin": [1.20627081, -0.04619217, -0.33881354], "stepParentName": "b_WingInner0R", "rotationX": 5.5790031, "rotationY": -165.75392429, "rotationZ": 86.31715084, "group": "WingBatR", "faces": {"north": {"texture": "#main", "uv": [50.0, 26.0, 42.0, 28.0], "autoUv": false, "rotation": 90}, "east": {"texture": "#main", "uv": [42.0, 26.0, 50.0, 28.0], "autoUv": false, "rotation": 90}, "south": {"texture": "#main", "uv": [50.0, 26.0, 42.0, 28.0], "autoUv": false, "rotation": 90}, "west": {"texture": "#main", "uv": [50.0, 28.0, 42.0, 30.0], "autoUv": false, "rotation": 90}, "up": {"texture": "#main", "uv": [52.0, 26.0, 50.0, 28.0], "autoUv": false, "rotation": 180}, "down": {"texture": "#main", "uv": [40.0, 28.0, 42.0, 26.0], "autoUv": false}}, "children": []}, {"name": "WingBatInner8R", "from": [2.41994119, 1.7288121, -1.31585895], "to": [8.41147208, 2.90795243, -1.08528317], "rotationOrigin": [5.41570663, 2.31838226, -1.20057106], "stepParentName": "b_WingInner0R", "rotationX": -165.57407175, "rotationY": -19.09177892, "rotationZ": -41.89828941, "group": "WingBatR", "faces": {"north": {"texture": "#main", "uv": [50.0, 31.0, 42.0, 34.0], "autoUv": false, "rotation": 180}, "east": {"texture": "#main", "uv": [52.0, 31.0, 50.0, 34.0], "autoUv": false, "rotation": 180}, "south": {"texture": "#main", "uv": [50.0, 31.0, 42.0, 34.0], "autoUv": false, "rotation": 180}, "west": {"texture": "#main", "uv": [42.0, 31.0, 40.0, 34.0], "autoUv": false, "rotation": 180}, "up": {"texture": "#main", "uv": [42.0, 34.0, 50.0, 36.0], "autoUv": false, "rotation": 180}, "down": {"texture": "#main", "uv": [42.0, 33.0, 50.0, 31.0], "autoUv": false}}, "children": []}, {"name": "WingSkeleton7R", "from": [0.05777277, -0.0401172, -1.05245206], "to": [4.46888052, 0.80006403, -0.24649718], "rotationOrigin": [2.26332664, 0.37997341, -0.64947462], "stepParentName": "b_WingInner1R", "rotationX": -172.62863263, "rotationY": -14.91701533, "rotationZ": -34.14664625, "group": "WingBatR", "faces": {"north": {"texture": "#main", "uv": [50.0, 26.0, 42.0, 28.0], "autoUv": false, "rotation": 180}, "east": {"texture": "#main", "uv": [52.0, 26.0, 50.0, 28.0], "autoUv": false, "rotation": 180}, "south": {"texture": "#main", "uv": [50.0, 26.0, 42.0, 28.0], "autoUv": false, "rotation": 180}, "west": {"texture": "#main", "uv": [42.0, 26.0, 40.0, 28.0], "autoUv": false, "rotation": 180}, "up": {"texture": "#main", "uv": [42.0, 28.0, 50.0, 30.0], "autoUv": false, "rotation": 180}, "down": {"texture": "#main", "uv": [42.0, 28.0, 50.0, 26.0], "autoUv": false}}, "children": []}, {"name": "WingBatInner2R", "from": [-1.21716696, -0.29925698, -0.69780426], "to": [2.58207411, 0.87585992, -0.46712942], "rotationOrigin": [0.68245357, 0.28830147, -0.58246684], "stepParentName": "b_WingInner2R", "rotationX": -173.86780653, "rotationY": -18.34747101, "rotationZ": -62.53685004, "group": "WingBatR", "faces": {"north": {"texture": "#main", "uv": [50.0, 31.0, 42.0, 34.0], "autoUv": false, "rotation": 180}, "east": {"texture": "#main", "uv": [52.0, 31.0, 50.0, 34.0], "autoUv": false, "rotation": 180}, "south": {"texture": "#main", "uv": [50.0, 31.0, 42.0, 34.0], "autoUv": false, "rotation": 180}, "west": {"texture": "#main", "uv": [42.0, 31.0, 40.0, 34.0], "autoUv": false, "rotation": 180}, "up": {"texture": "#main", "uv": [42.0, 34.0, 50.0, 36.0], "autoUv": false, "rotation": 180}, "down": {"texture": "#main", "uv": [42.0, 33.0, 50.0, 31.0], "autoUv": false}}, "children": []}, {"name": "WingSkeleton3R", "from": [4.21954554, -0.17798796, -1.73857142], "to": [5.2498253, 0.47282591, -1.26591943], "rotationOrigin": [4.73468542, 0.14741898, -1.50224543], "stepParentName": "b_WingInner0R", "rotationX": -164.70992987, "rotationY": -19.76956933, "rotationZ": -6.8225876, "group": "WingBatR", "faces": {"north": {"texture": "#main", "uv": [50.0, 26.0, 42.0, 28.0], "autoUv": false, "rotation": 180}, "east": {"texture": "#main", "uv": [52.0, 26.0, 50.0, 28.0], "autoUv": false, "rotation": 180}, "south": {"texture": "#main", "uv": [50.0, 26.0, 42.0, 28.0], "autoUv": false, "rotation": 180}, "west": {"texture": "#main", "uv": [42.0, 26.0, 40.0, 28.0], "autoUv": false, "rotation": 180}, "up": {"texture": "#main", "uv": [42.0, 28.0, 50.0, 30.0], "autoUv": false, "rotation": 180}, "down": {"texture": "#main", "uv": [42.0, 28.0, 50.0, 26.0], "autoUv": false}}, "children": []}, {"name": "WingSkeleton10R", "from": [5.0280937, 2.28035629, -1.65748428], "to": [7.60350192, 2.93281853, -1.14004685], "rotationOrigin": [6.31579781, 2.60658741, -1.39876556], "stepParentName": "b_WingInner0R", "rotationX": -167.13134122, "rotationY": -18.70877948, "rotationZ": -42.12546833, "group": "WingBatR", "faces": {"north": {"texture": "#main", "uv": [50.0, 26.0, 42.0, 28.0], "autoUv": false, "rotation": 180}, "east": {"texture": "#main", "uv": [52.0, 26.0, 50.0, 28.0], "autoUv": false, "rotation": 180}, "south": {"texture": "#main", "uv": [50.0, 26.0, 42.0, 28.0], "autoUv": false, "rotation": 180}, "west": {"texture": "#main", "uv": [42.0, 26.0, 40.0, 28.0], "autoUv": false, "rotation": 180}, "up": {"texture": "#main", "uv": [42.0, 28.0, 50.0, 30.0], "autoUv": false, "rotation": 180}, "down": {"texture": "#main", "uv": [42.0, 28.0, 50.0, 26.0], "autoUv": false}}, "children": []}, {"name": "WingSkeleton11R", "from": [6.74107324, 3.62270033, -1.74668385], "to": [8.29416598, 3.9408468, -1.34886382], "rotationOrigin": [7.51761961, 3.78177357, -1.54777384], "stepParentName": "b_WingInner0R", "rotationX": -167.13135488, "rotationY": -18.70877948, "rotationZ": -47.91283105, "group": "WingBatR", "faces": {"north": {"texture": "#main", "uv": [50.0, 26.0, 42.0, 28.0], "autoUv": false, "rotation": 180}, "east": {"texture": "#main", "uv": [52.0, 26.0, 50.0, 28.0], "autoUv": false, "rotation": 180}, "south": {"texture": "#main", "uv": [50.0, 26.0, 42.0, 28.0], "autoUv": false, "rotation": 180}, "west": {"texture": "#main", "uv": [42.0, 26.0, 40.0, 28.0], "autoUv": false, "rotation": 180}, "up": {"texture": "#main", "uv": [42.0, 28.0, 50.0, 30.0], "autoUv": false, "rotation": 180}, "down": {"texture": "#main", "uv": [42.0, 28.0, 50.0, 26.0], "autoUv": false}}, "children": []}, {"name": "WingSkeleton4R", "from": [5.04456463, 0.14865753, -1.8980663], "to": [5.69613227, 0.53479698, -1.47389529], "rotationOrigin": [5.37034845, 0.34172726, -1.6859808], "stepParentName": "b_WingInner0R", "rotationX": -164.70991621, "rotationY": -19.76957445, "rotationZ": -12.96821124, "group": "WingBatR", "faces": {"north": {"texture": "#main", "uv": [50.0, 26.0, 42.0, 28.0], "autoUv": false, "rotation": 180}, "east": {"texture": "#main", "uv": [52.0, 26.0, 50.0, 28.0], "autoUv": false, "rotation": 180}, "south": {"texture": "#main", "uv": [50.0, 26.0, 42.0, 28.0], "autoUv": false, "rotation": 180}, "west": {"texture": "#main", "uv": [42.0, 26.0, 40.0, 28.0], "autoUv": false, "rotation": 180}, "up": {"texture": "#main", "uv": [42.0, 28.0, 50.0, 30.0], "autoUv": false, "rotation": 180}, "down": {"texture": "#main", "uv": [42.0, 28.0, 50.0, 26.0], "autoUv": false}}, "children": []}, {"name": "WingSkeleton8R", "from": [3.7093128, 1.67150916, -1.32876143], "to": [5.19078791, 2.24193726, -0.76503339], "rotationOrigin": [4.45005035, 1.95672321, -1.04689741], "stepParentName": "b_WingInner1R", "rotationX": -173.08681538, "rotationY": -16.77679558, "rotationZ": -42.44350926, "group": "WingBatR", "faces": {"north": {"texture": "#main", "uv": [50.0, 26.0, 42.0, 28.0], "autoUv": false, "rotation": 180}, "east": {"texture": "#main", "uv": [52.0, 26.0, 50.0, 28.0], "autoUv": false, "rotation": 180}, "south": {"texture": "#main", "uv": [50.0, 26.0, 42.0, 28.0], "autoUv": false, "rotation": 180}, "west": {"texture": "#main", "uv": [42.0, 26.0, 40.0, 28.0], "autoUv": false, "rotation": 180}, "up": {"texture": "#main", "uv": [42.0, 28.0, 50.0, 30.0], "autoUv": false, "rotation": 180}, "down": {"texture": "#main", "uv": [42.0, 28.0, 50.0, 26.0], "autoUv": false}}, "children": []}, {"name": "WingSkeleton6R", "from": [1.46859384, 1.12088637, -1.15877662], "to": [3.22896075, 1.69327874, -0.58104243], "rotationOrigin": [2.34877729, 1.40708256, -0.86990952], "stepParentName": "b_WingInner2R", "rotationX": -171.4433899, "rotationY": -17.90186605, "rotationZ": -49.1046854, "group": "WingBatR", "faces": {"north": {"texture": "#main", "uv": [50.0, 26.0, 42.0, 28.0], "autoUv": false, "rotation": 180}, "east": {"texture": "#main", "uv": [52.0, 26.0, 50.0, 28.0], "autoUv": false, "rotation": 180}, "south": {"texture": "#main", "uv": [50.0, 26.0, 42.0, 28.0], "autoUv": false, "rotation": 180}, "west": {"texture": "#main", "uv": [42.0, 26.0, 40.0, 28.0], "autoUv": false, "rotation": 180}, "up": {"texture": "#main", "uv": [42.0, 28.0, 50.0, 30.0], "autoUv": false, "rotation": 180}, "down": {"texture": "#main", "uv": [42.0, 28.0, 50.0, 26.0], "autoUv": false}}, "children": []}, {"name": "WingBatInner6R", "from": [1.61836123, 1.23297733, -0.90885936], "to": [5.41524673, 2.80441624, -0.67828359], "rotationOrigin": [3.51680398, 2.01869678, -0.79357147], "stepParentName": "b_WingInner0R", "rotationX": -173.20276467, "rotationY": -12.57184597, "rotationZ": -75.52899682, "group": "WingBatR", "faces": {"north": {"texture": "#main", "uv": [50.0, 31.0, 42.0, 34.0], "autoUv": false, "rotation": 180}, "east": {"texture": "#main", "uv": [52.0, 31.0, 50.0, 34.0], "autoUv": false, "rotation": 180}, "south": {"texture": "#main", "uv": [50.0, 31.0, 42.0, 34.0], "autoUv": false, "rotation": 180}, "west": {"texture": "#main", "uv": [42.0, 31.0, 40.0, 34.0], "autoUv": false, "rotation": 180}, "up": {"texture": "#main", "uv": [42.0, 34.0, 50.0, 36.0], "autoUv": false, "rotation": 180}, "down": {"texture": "#main", "uv": [42.0, 33.0, 50.0, 31.0], "autoUv": false}}, "children": []}, {"name": "WingBatInner7R", "from": [4.21267778, 1.93173193, -1.18264445], "to": [6.05736846, 3.70950151, -0.95206872], "rotationOrigin": [5.13502312, 2.82061672, -1.06735659], "stepParentName": "b_WingInner0R", "rotationX": 10.66911834, "rotationY": -164.09959783, "rotationZ": 92.06019929, "group": "WingBatR", "faces": {"north": {"texture": "#main", "uv": [50.0, 31.0, 42.0, 34.0], "autoUv": false, "rotation": 180}, "east": {"texture": "#main", "uv": [52.0, 31.0, 50.0, 34.0], "autoUv": false, "rotation": 180}, "south": {"texture": "#main", "uv": [50.0, 31.0, 42.0, 34.0], "autoUv": false, "rotation": 180}, "west": {"texture": "#main", "uv": [42.0, 31.0, 40.0, 34.0], "autoUv": false, "rotation": 180}, "up": {"texture": "#main", "uv": [42.0, 34.0, 50.0, 36.0], "autoUv": false, "rotation": 180}, "down": {"texture": "#main", "uv": [42.0, 33.0, 50.0, 31.0], "autoUv": false}}, "children": []}, {"name": "WingBatInner0R", "from": [-1.65478859, 0.1162461, -0.15103442], "to": [2.12127963, 1.24584687, 0.01686771], "rotationOrigin": [0.23324552, 0.68104649, -0.06708336], "stepParentName": "b_WingInner2R", "rotationX": -151.8638057, "rotationY": -33.60109855, "rotationZ": -32.31572866, "group": "WingBatR", "faces": {"north": {"texture": "#main", "uv": [42.0, 31.0, 50.0, 34.0], "autoUv": false, "rotation": 180}, "east": {"texture": "#main", "uv": [50.0, 31.0, 52.0, 34.0], "autoUv": false, "rotation": 180}, "south": {"texture": "#main", "uv": [42.0, 31.0, 50.0, 34.0], "autoUv": false, "rotation": 180}, "west": {"texture": "#main", "uv": [40.0, 31.0, 42.0, 34.0], "autoUv": false, "rotation": 180}, "up": {"texture": "#main", "uv": [50.0, 34.0, 42.0, 36.0], "autoUv": false}, "down": {"texture": "#main", "uv": [50.0, 33.0, 42.0, 31.0], "autoUv": false, "rotation": 180}}, "children": []}, {"name": "WingBatInner4R", "from": [0.36174953, 0.30522501, -0.66478688], "to": [4.16099036, 1.3290695, -0.43411201], "rotationOrigin": [2.26136994, 0.81714725, -0.54944944], "stepParentName": "b_WingInner1R", "rotationX": -171.36376356, "rotationY": -14.86016254, "rotationZ": -40.05653231, "group": "WingBatR", "faces": {"north": {"texture": "#main", "uv": [50.0, 31.0, 42.0, 34.0], "autoUv": false, "rotation": 180}, "east": {"texture": "#main", "uv": [52.0, 31.0, 50.0, 34.0], "autoUv": false, "rotation": 180}, "south": {"texture": "#main", "uv": [50.0, 31.0, 42.0, 34.0], "autoUv": false, "rotation": 180}, "west": {"texture": "#main", "uv": [42.0, 31.0, 40.0, 34.0], "autoUv": false, "rotation": 180}, "up": {"texture": "#main", "uv": [42.0, 34.0, 50.0, 36.0], "autoUv": false, "rotation": 180}, "down": {"texture": "#main", "uv": [42.0, 33.0, 50.0, 31.0], "autoUv": false}}, "children": []}, {"name": "WingBatInner5R", "from": [-0.09247624, 1.26497739, -0.63211392], "to": [4.30810915, 2.99681766, -0.4014392], "rotationOrigin": [2.10781646, 2.13089752, -0.51677656], "stepParentName": "b_WingInner0R", "rotationX": -171.40964877, "rotationY": -16.04624026, "rotationZ": -66.92067036, "group": "WingBatR", "faces": {"north": {"texture": "#main", "uv": [50.0, 31.0, 42.0, 34.0], "autoUv": false, "rotation": 180}, "east": {"texture": "#main", "uv": [52.0, 31.0, 50.0, 34.0], "autoUv": false, "rotation": 180}, "south": {"texture": "#main", "uv": [50.0, 31.0, 42.0, 34.0], "autoUv": false, "rotation": 180}, "west": {"texture": "#main", "uv": [42.0, 31.0, 40.0, 34.0], "autoUv": false, "rotation": 180}, "up": {"texture": "#main", "uv": [42.0, 34.0, 50.0, 36.0], "autoUv": false, "rotation": 180}, "down": {"texture": "#main", "uv": [42.0, 33.0, 50.0, 31.0], "autoUv": false}}, "children": []}, {"name": "WingBatInner3R", "from": [-0.22824383, 0.21406716, -0.46183116], "to": [3.35119605, 1.62450248, -0.30341237], "rotationOrigin": [1.56147611, 0.91928482, -0.38262177], "stepParentName": "b_WingInner1R", "rotationX": -178.7570062, "rotationY": -6.46873342, "rotationZ": -57.92458722, "group": "WingBatR", "faces": {"north": {"texture": "#main", "uv": [50.0, 31.0, 42.0, 34.0], "autoUv": false, "rotation": 180}, "east": {"texture": "#main", "uv": [52.0, 31.0, 50.0, 34.0], "autoUv": false, "rotation": 180}, "south": {"texture": "#main", "uv": [50.0, 31.0, 42.0, 34.0], "autoUv": false, "rotation": 180}, "west": {"texture": "#main", "uv": [42.0, 31.0, 40.0, 34.0], "autoUv": false, "rotation": 180}, "up": {"texture": "#main", "uv": [42.0, 34.0, 50.0, 36.0], "autoUv": false, "rotation": 180}, "down": {"texture": "#main", "uv": [42.0, 33.0, 50.0, 31.0], "autoUv": false}}, "children": []}], "groups": []}