{"textureWidth": 128, "textureHeight": 128, "textures": {}, "textureSizes": {}, "elements": [{"name": "WingEdgeL.009", "from": [-0.55342069, -4.23279881, -0.64164712], "to": [-0.08628438, -1.69933558, -0.17520316], "rotationOrigin": [-0.31985268, -0.920331, -0.40842485], "stepParentName": "b_WingChangelingL", "rotationX": 3.89262257, "rotationY": -29.28686761, "rotationZ": 148.1389757, "group": "WingChrysalisL", "faces": {"north": {"texture": "#main", "uv": [54.0, 31.0, 59.0, 33.0], "autoUv": false, "rotation": 90}, "east": {"texture": "#main", "uv": [54.0, 33.0, 59.0, 35.0], "autoUv": false, "rotation": 90}, "south": {"texture": "#main", "uv": [54.0, 31.0, 59.0, 33.0], "autoUv": false, "rotation": 90}, "west": {"texture": "#main", "uv": [54.0, 33.0, 59.0, 35.0], "autoUv": false, "rotation": 270}, "up": {"texture": "#main", "uv": [52.0, 31.0, 54.0, 33.0], "autoUv": false}, "down": {"texture": "#main", "uv": [61.0, 33.0, 59.0, 31.0], "autoUv": false, "rotation": 180}}, "children": []}, {"name": "WingEdgeL.010", "from": [0.94339232, -0.60328555, 0.36738788], "to": [1.43105124, 1.79517269, 0.81059498], "rotationOrigin": [1.187222, 1.79517269, 0.5889914], "stepParentName": "b_WingChangelingL", "rotationX": 3.55738642, "rotationY": -28.1934619, "rotationZ": 136.57527419, "group": "WingChrysalisL", "faces": {"north": {"texture": "#main", "uv": [54.0, 31.0, 59.0, 33.0], "autoUv": false, "rotation": 90}, "east": {"texture": "#main", "uv": [54.0, 33.0, 59.0, 35.0], "autoUv": false, "rotation": 90}, "south": {"texture": "#main", "uv": [54.0, 31.0, 59.0, 33.0], "autoUv": false, "rotation": 90}, "west": {"texture": "#main", "uv": [59.0, 31.0, 54.0, 33.0], "autoUv": false, "rotation": 90}, "up": {"texture": "#main", "uv": [52.0, 31.0, 54.0, 33.0], "autoUv": false}, "down": {"texture": "#main", "uv": [61.0, 33.0, 59.0, 31.0], "autoUv": false, "rotation": 180}}, "children": []}, {"name": "WingEdgeL.013", "from": [2.39600399, 1.21470642, 1.2112183], "to": [2.81489547, 3.43897343, 1.65465987], "rotationOrigin": [2.60544991, 3.43897343, 1.43293905], "stepParentName": "b_WingChangelingL", "rotationX": 4.4319629, "rotationY": -28.01468853, "rotationZ": 123.94572166, "group": "WingChrysalisL", "faces": {"north": {"texture": "#main", "uv": [54.0, 31.0, 59.0, 33.0], "autoUv": false, "rotation": 90}, "east": {"texture": "#main", "uv": [54.0, 33.0, 59.0, 35.0], "autoUv": false, "rotation": 90}, "south": {"texture": "#main", "uv": [54.0, 31.0, 59.0, 33.0], "autoUv": false, "rotation": 90}, "west": {"texture": "#main", "uv": [59.0, 31.0, 54.0, 33.0], "autoUv": false, "rotation": 90}, "up": {"texture": "#main", "uv": [52.0, 31.0, 54.0, 33.0], "autoUv": false}, "down": {"texture": "#main", "uv": [61.0, 33.0, 59.0, 31.0], "autoUv": false, "rotation": 180}}, "children": []}, {"name": "WingEdgeL.014", "from": [3.95235604, 2.29716325, 2.08750765], "to": [4.2779541, 4.51975346, 2.53069223], "rotationOrigin": [4.11515522, 4.51975346, 2.30909991], "stepParentName": "b_WingChangelingL", "rotationX": 2.42986797, "rotationY": -28.4599349, "rotationZ": 110.36129502, "group": "WingChrysalisL", "faces": {"north": {"texture": "#main", "uv": [54.0, 31.0, 59.0, 33.0], "autoUv": false, "rotation": 90}, "east": {"texture": "#main", "uv": [54.0, 33.0, 59.0, 35.0], "autoUv": false, "rotation": 90}, "south": {"texture": "#main", "uv": [54.0, 31.0, 59.0, 33.0], "autoUv": false, "rotation": 90}, "west": {"texture": "#main", "uv": [59.0, 31.0, 54.0, 33.0], "autoUv": false, "rotation": 90}, "up": {"texture": "#main", "uv": [52.0, 31.0, 54.0, 33.0], "autoUv": false}, "down": {"texture": "#main", "uv": [61.0, 33.0, 59.0, 31.0], "autoUv": false, "rotation": 180}}, "children": []}, {"name": "WingEdgeL.018", "from": [-0.50515568, -5.47956848, -0.80173515], "to": [-0.0811476, -2.08064711, -0.33524808], "rotationOrigin": [-0.29315177, -1.03552628, -0.56849134], "stepParentName": "b_WingChangelingL", "rotationX": 5.36959932, "rotationY": -29.66754821, "rotationZ": 84.93603195, "group": "WingChrysalisL", "faces": {"north": {"texture": "#main", "uv": [54.0, 31.0, 59.0, 33.0], "autoUv": false, "rotation": 90}, "east": {"texture": "#main", "uv": [54.0, 33.0, 59.0, 35.0], "autoUv": false, "rotation": 90}, "south": {"texture": "#main", "uv": [54.0, 31.0, 59.0, 33.0], "autoUv": false, "rotation": 90}, "west": {"texture": "#main", "uv": [54.0, 33.0, 59.0, 35.0], "autoUv": false, "rotation": 270}, "up": {"texture": "#main", "uv": [52.0, 31.0, 54.0, 33.0], "autoUv": false}, "down": {"texture": "#main", "uv": [61.0, 33.0, 59.0, 31.0], "autoUv": false, "rotation": 180}}, "children": []}, {"name": "WingEdgeL.019", "from": [3.36071251, -4.27540803, 1.31634536], "to": [3.71319453, -1.66568947, 1.7595624], "rotationOrigin": [3.53695369, -1.66568947, 1.53795385], "stepParentName": "b_WingChangelingL", "rotationX": 5.01624845, "rotationY": -28.578215, "rotationZ": 91.74227448, "group": "WingChrysalisL", "faces": {"north": {"texture": "#main", "uv": [54.0, 31.0, 59.0, 33.0], "autoUv": false, "rotation": 90}, "east": {"texture": "#main", "uv": [54.0, 33.0, 59.0, 35.0], "autoUv": false, "rotation": 90}, "south": {"texture": "#main", "uv": [54.0, 31.0, 59.0, 33.0], "autoUv": false, "rotation": 90}, "west": {"texture": "#main", "uv": [59.0, 31.0, 54.0, 33.0], "autoUv": false, "rotation": 90}, "up": {"texture": "#main", "uv": [52.0, 31.0, 54.0, 33.0], "autoUv": false}, "down": {"texture": "#main", "uv": [61.0, 33.0, 59.0, 31.0], "autoUv": false, "rotation": 180}}, "children": []}, {"name": "WingEdgeL.020", "from": [5.63402359, -4.47818995, 2.53154603], "to": [5.93543606, -1.72236061, 2.97473064], "rotationOrigin": [5.78472996, -1.72236061, 2.7531383], "stepParentName": "b_WingChangelingL", "rotationX": 3.63032324, "rotationY": -28.26864863, "rotationZ": 111.46464378, "group": "WingChrysalisL", "faces": {"north": {"texture": "#main", "uv": [54.0, 31.0, 59.0, 33.0], "autoUv": false, "rotation": 90}, "east": {"texture": "#main", "uv": [54.0, 33.0, 59.0, 35.0], "autoUv": false, "rotation": 90}, "south": {"texture": "#main", "uv": [54.0, 31.0, 59.0, 33.0], "autoUv": false, "rotation": 90}, "west": {"texture": "#main", "uv": [59.0, 31.0, 54.0, 33.0], "autoUv": false, "rotation": 90}, "up": {"texture": "#main", "uv": [52.0, 31.0, 54.0, 33.0], "autoUv": false}, "down": {"texture": "#main", "uv": [61.0, 33.0, 59.0, 31.0], "autoUv": false, "rotation": 180}}, "children": []}, {"name": "WingEdgeL.021", "from": [7.80434744, -3.81387949, 3.75496051], "to": [8.09324007, -0.81803608, 4.198145], "rotationOrigin": [7.94879389, -0.81803608, 3.97655272], "stepParentName": "b_WingChangelingL", "rotationX": 3.63032879, "rotationY": -28.26865375, "rotationZ": 137.28762194, "group": "WingChrysalisL", "faces": {"north": {"texture": "#main", "uv": [54.0, 31.0, 59.0, 33.0], "autoUv": false, "rotation": 90}, "east": {"texture": "#main", "uv": [54.0, 33.0, 59.0, 35.0], "autoUv": false, "rotation": 90}, "south": {"texture": "#main", "uv": [54.0, 31.0, 59.0, 33.0], "autoUv": false, "rotation": 90}, "west": {"texture": "#main", "uv": [59.0, 31.0, 54.0, 33.0], "autoUv": false, "rotation": 90}, "up": {"texture": "#main", "uv": [52.0, 31.0, 54.0, 33.0], "autoUv": false}, "down": {"texture": "#main", "uv": [61.0, 33.0, 59.0, 31.0], "autoUv": false, "rotation": 180}}, "children": []}, {"name": "WingEdgeL.022", "from": [5.81053025, 2.24834204, 3.07695767], "to": [6.05431576, 5.25145054, 3.52014217], "rotationOrigin": [5.93242311, 5.25145054, 3.29854989], "stepParentName": "b_WingChangelingL", "rotationX": 2.42213086, "rotationY": -29.16096674, "rotationZ": 99.34892638, "group": "WingChrysalisL", "faces": {"north": {"texture": "#main", "uv": [54.0, 31.0, 59.0, 33.0], "autoUv": false, "rotation": 90}, "east": {"texture": "#main", "uv": [54.0, 33.0, 59.0, 35.0], "autoUv": false, "rotation": 90}, "south": {"texture": "#main", "uv": [54.0, 31.0, 59.0, 33.0], "autoUv": false, "rotation": 90}, "west": {"texture": "#main", "uv": [59.0, 31.0, 54.0, 33.0], "autoUv": false, "rotation": 90}, "up": {"texture": "#main", "uv": [52.0, 31.0, 54.0, 33.0], "autoUv": false}, "down": {"texture": "#main", "uv": [61.0, 33.0, 59.0, 31.0], "autoUv": false, "rotation": 180}}, "children": []}, {"name": "WingMeshL.027", "from": [-0.09262884, -8.87352848, 0.00538194], "to": [1.73652911, -0.47013569, 0.35106008], "rotationOrigin": [0.82195097, -0.47013569, 0.17822099], "stepParentName": "b_WingChangelingL", "rotationX": 4.43195863, "rotationY": -28.01467487, "rotationZ": 89.39384371, "group": "WingChrysalisL", "faces": {"north": {"texture": "#main", "uv": [38.0, 49.0, 15.0, 55.0], "autoUv": false, "rotation": 270}, "east": {"texture": "#main", "uv": [15.0, 49.0, 38.0, 50.0], "autoUv": false, "rotation": 90}, "south": {"texture": "#main", "uv": [15.0, 49.0, 38.0, 55.0], "autoUv": false, "rotation": 90}, "west": {"texture": "#main", "uv": [59.0, 50.0, 57.0, 51.0], "autoUv": false, "rotation": 90}, "up": {"texture": "#main", "uv": [41.0, 31.0, 43.0, 33.0], "autoUv": false}, "down": {"texture": "#main", "uv": [60.0, 42.0, 59.0, 40.0], "autoUv": false, "rotation": 180}}, "children": []}, {"name": "WingMeshL.028", "from": [-0.30197442, -8.85364151, -0.11958404], "to": [1.36700571, -0.10574627, 0.22360706], "rotationOrigin": [0.53251642, -0.10574627, 0.05201149], "stepParentName": "b_WingChangelingL", "rotationX": 4.4319612, "rotationY": -28.01467658, "rotationZ": 99.5366473, "group": "WingChrysalisL", "faces": {"north": {"texture": "#main", "uv": [56.0, 47.0, 38.0, 53.0], "autoUv": false, "rotation": 270}, "east": {"texture": "#main", "uv": [38.0, 47.0, 56.0, 48.0], "autoUv": false, "rotation": 90}, "south": {"texture": "#main", "uv": [38.0, 47.0, 56.0, 53.0], "autoUv": false, "rotation": 90}, "west": {"texture": "#main", "uv": [38.0, 52.0, 56.0, 53.0], "autoUv": false, "rotation": 90}, "up": {"texture": "#main", "uv": [41.0, 31.0, 43.0, 33.0], "autoUv": false}, "down": {"texture": "#main", "uv": [60.0, 51.0, 58.0, 50.0], "autoUv": false, "rotation": 180}}, "children": []}, {"name": "WingMeshL.029", "from": [-0.19045293, -7.82574081, 0.10476625], "to": [1.63207287, 1.5015707, 0.4493715], "rotationOrigin": [0.72081077, 1.5015707, 0.27706885], "stepParentName": "b_WingChangelingL", "rotationX": 4.4319518, "rotationY": -28.01467316, "rotationZ": 100.75888916, "group": "WingChrysalisL", "faces": {"north": {"texture": "#main", "uv": [61.0, 43.0, 38.0, 48.0], "autoUv": false, "rotation": 270}, "east": {"texture": "#main", "uv": [38.0, 43.0, 61.0, 44.0], "autoUv": false, "rotation": 90}, "south": {"texture": "#main", "uv": [38.0, 43.0, 61.0, 48.0], "autoUv": false, "rotation": 90}, "west": {"texture": "#main", "uv": [60.0, 47.0, 39.0, 48.0], "autoUv": false, "rotation": 270}, "up": {"texture": "#main", "uv": [59.0, 40.0, 60.0, 42.0], "autoUv": false}, "down": {"texture": "#main", "uv": [60.0, 42.0, 59.0, 40.0], "autoUv": false, "rotation": 180}}, "children": []}, {"name": "WingMeshL.030", "from": [6.51558554, -2.78608418, 3.50912294], "to": [7.3536694, -0.08154861, 3.87482119], "rotationOrigin": [7.35008574, -0.08154869, 3.69197202], "stepParentName": "b_WingChangelingL", "rotationX": 4.43196034, "rotationY": -28.01468682, "rotationZ": 134.06937341, "group": "WingChrysalisL", "faces": {"north": {"texture": "#main", "uv": [61.0, 52.0, 50.0, 55.0], "autoUv": false, "rotation": 270}, "east": {"texture": "#main", "uv": [50.0, 52.0, 61.0, 53.0], "autoUv": false, "rotation": 90}, "south": {"texture": "#main", "uv": [50.0, 52.0, 61.0, 55.0], "autoUv": false, "rotation": 90}, "west": {"texture": "#main", "uv": [48.0, 31.0, 43.0, 33.0], "autoUv": false, "rotation": 90}, "up": {"texture": "#main", "uv": [41.0, 31.0, 43.0, 33.0], "autoUv": false}, "down": {"texture": "#main", "uv": [60.0, 42.0, 59.0, 40.0], "autoUv": false, "rotation": 180}}, "children": []}, {"name": "WingMeshL.031", "from": [0.43251646, -5.04763794, 0.67423013], "to": [2.21136481, 3.32623005, 1.01883556], "rotationOrigin": [1.52293479, 3.32623005, 0.84653282], "stepParentName": "b_WingChangelingL", "rotationX": 4.43195308, "rotationY": -28.01467658, "rotationZ": 104.62685261, "group": "WingChrysalisL", "faces": {"north": {"texture": "#main", "uv": [61.0, 37.0, 39.0, 42.0], "autoUv": false, "rotation": 270}, "east": {"texture": "#main", "uv": [58.0, 40.0, 60.0, 41.0], "autoUv": false, "rotation": 90}, "south": {"texture": "#main", "uv": [38.0, 37.0, 61.0, 42.0], "autoUv": false, "rotation": 90}, "west": {"texture": "#main", "uv": [47.0, 39.0, 61.0, 40.0], "autoUv": false, "rotation": 90}, "up": {"texture": "#main", "uv": [59.0, 40.0, 60.0, 41.0], "autoUv": false}, "down": {"texture": "#main", "uv": [61.0, 43.0, 59.0, 37.0], "autoUv": false, "rotation": 90}}, "children": []}, {"name": "WingEdgeL.023", "from": [-0.55342069, -4.23279881, 0.17520268], "to": [-0.08628438, -1.69933558, 0.64164664], "rotationOrigin": [-0.31985268, -0.920331, 0.40842438], "stepParentName": "b_WingChangelingR", "rotationX": -3.89262769, "rotationY": 29.28686078, "rotationZ": 148.1389757, "group": "WingChrysalisR", "faces": {"north": {"texture": "#main", "uv": [59.0, 31.0, 54.0, 33.0], "autoUv": false, "rotation": 270}, "east": {"texture": "#main", "uv": [59.0, 33.0, 54.0, 35.0], "autoUv": false, "rotation": 270}, "south": {"texture": "#main", "uv": [59.0, 31.0, 54.0, 33.0], "autoUv": false, "rotation": 270}, "west": {"texture": "#main", "uv": [59.0, 33.0, 54.0, 35.0], "autoUv": false, "rotation": 90}, "up": {"texture": "#main", "uv": [54.0, 31.0, 52.0, 33.0], "autoUv": false, "rotation": 180}, "down": {"texture": "#main", "uv": [59.0, 33.0, 61.0, 31.0], "autoUv": false}}, "children": []}, {"name": "WingEdgeL.024", "from": [0.94339232, -0.60328555, -0.81059498], "to": [1.43105124, 1.79517269, -0.36738788], "rotationOrigin": [1.187222, 1.79517269, -0.5889914], "stepParentName": "b_WingChangelingR", "rotationX": -3.55738471, "rotationY": 28.19347215, "rotationZ": 136.57526053, "group": "WingChrysalisR", "faces": {"north": {"texture": "#main", "uv": [59.0, 31.0, 54.0, 33.0], "autoUv": false, "rotation": 270}, "east": {"texture": "#main", "uv": [59.0, 33.0, 54.0, 35.0], "autoUv": false, "rotation": 270}, "south": {"texture": "#main", "uv": [59.0, 31.0, 54.0, 33.0], "autoUv": false, "rotation": 270}, "west": {"texture": "#main", "uv": [54.0, 31.0, 59.0, 33.0], "autoUv": false, "rotation": 270}, "up": {"texture": "#main", "uv": [54.0, 31.0, 52.0, 33.0], "autoUv": false, "rotation": 180}, "down": {"texture": "#main", "uv": [59.0, 33.0, 61.0, 31.0], "autoUv": false}}, "children": []}, {"name": "WingEdgeL.025", "from": [2.39600423, 1.21470642, -1.65465987], "to": [2.8148957, 3.43897343, -1.2112183], "rotationOrigin": [2.60545015, 3.43897343, -1.43293905], "stepParentName": "b_WingChangelingR", "rotationX": -4.43195778, "rotationY": 28.01468853, "rotationZ": 123.94572166, "group": "WingChrysalisR", "faces": {"north": {"texture": "#main", "uv": [59.0, 31.0, 54.0, 33.0], "autoUv": false, "rotation": 270}, "east": {"texture": "#main", "uv": [59.0, 33.0, 54.0, 35.0], "autoUv": false, "rotation": 270}, "south": {"texture": "#main", "uv": [59.0, 31.0, 54.0, 33.0], "autoUv": false, "rotation": 270}, "west": {"texture": "#main", "uv": [54.0, 31.0, 59.0, 33.0], "autoUv": false, "rotation": 270}, "up": {"texture": "#main", "uv": [54.0, 31.0, 52.0, 33.0], "autoUv": false, "rotation": 180}, "down": {"texture": "#main", "uv": [59.0, 33.0, 61.0, 31.0], "autoUv": false}}, "children": []}, {"name": "WingEdgeL.028", "from": [3.95235604, 2.29716325, -2.53069319], "to": [4.2779541, 4.51975346, -2.0875086], "rotationOrigin": [4.11515522, 4.51975346, -2.30910087], "stepParentName": "b_WingChangelingR", "rotationX": -2.42986861, "rotationY": 28.45993149, "rotationZ": 110.36129502, "group": "WingChrysalisR", "faces": {"north": {"texture": "#main", "uv": [59.0, 31.0, 54.0, 33.0], "autoUv": false, "rotation": 270}, "east": {"texture": "#main", "uv": [59.0, 33.0, 54.0, 35.0], "autoUv": false, "rotation": 270}, "south": {"texture": "#main", "uv": [59.0, 31.0, 54.0, 33.0], "autoUv": false, "rotation": 270}, "west": {"texture": "#main", "uv": [54.0, 31.0, 59.0, 33.0], "autoUv": false, "rotation": 270}, "up": {"texture": "#main", "uv": [54.0, 31.0, 52.0, 33.0], "autoUv": false, "rotation": 180}, "down": {"texture": "#main", "uv": [59.0, 33.0, 61.0, 31.0], "autoUv": false}}, "children": []}, {"name": "WingEdgeL.029", "from": [-0.50515568, -5.47956848, 0.33524761], "to": [-0.0811476, -2.08064711, 0.80173467], "rotationOrigin": [-0.29315177, -1.03552628, 0.56849086], "stepParentName": "b_WingChangelingR", "rotationX": -5.36959206, "rotationY": 29.66753455, "rotationZ": 84.93601829, "group": "WingChrysalisR", "faces": {"north": {"texture": "#main", "uv": [59.0, 31.0, 54.0, 33.0], "autoUv": false, "rotation": 270}, "east": {"texture": "#main", "uv": [59.0, 33.0, 54.0, 35.0], "autoUv": false, "rotation": 270}, "south": {"texture": "#main", "uv": [59.0, 31.0, 54.0, 33.0], "autoUv": false, "rotation": 270}, "west": {"texture": "#main", "uv": [59.0, 33.0, 54.0, 35.0], "autoUv": false, "rotation": 90}, "up": {"texture": "#main", "uv": [54.0, 31.0, 52.0, 33.0], "autoUv": false, "rotation": 180}, "down": {"texture": "#main", "uv": [59.0, 33.0, 61.0, 31.0], "autoUv": false}}, "children": []}, {"name": "WingEdgeL.032", "from": [3.36071251, -4.27540803, -1.7595624], "to": [3.71319453, -1.66568947, -1.31634536], "rotationOrigin": [3.53695369, -1.66568947, -1.53795385], "stepParentName": "b_WingChangelingR", "rotationX": -5.01624503, "rotationY": 28.57822012, "rotationZ": 91.74228814, "group": "WingChrysalisR", "faces": {"north": {"texture": "#main", "uv": [59.0, 31.0, 54.0, 33.0], "autoUv": false, "rotation": 270}, "east": {"texture": "#main", "uv": [59.0, 33.0, 54.0, 35.0], "autoUv": false, "rotation": 270}, "south": {"texture": "#main", "uv": [59.0, 31.0, 54.0, 33.0], "autoUv": false, "rotation": 270}, "west": {"texture": "#main", "uv": [54.0, 31.0, 59.0, 33.0], "autoUv": false, "rotation": 270}, "up": {"texture": "#main", "uv": [54.0, 31.0, 52.0, 33.0], "autoUv": false, "rotation": 180}, "down": {"texture": "#main", "uv": [59.0, 33.0, 61.0, 31.0], "autoUv": false}}, "children": []}, {"name": "WingEdgeL.033", "from": [5.63402359, -4.47818995, -2.97473064], "to": [5.93543606, -1.72236061, -2.53154603], "rotationOrigin": [5.78472996, -1.72236061, -2.7531383], "stepParentName": "b_WingChangelingR", "rotationX": -3.63032494, "rotationY": 28.26865375, "rotationZ": 111.46464378, "group": "WingChrysalisR", "faces": {"north": {"texture": "#main", "uv": [59.0, 31.0, 54.0, 33.0], "autoUv": false, "rotation": 270}, "east": {"texture": "#main", "uv": [59.0, 33.0, 54.0, 35.0], "autoUv": false, "rotation": 270}, "south": {"texture": "#main", "uv": [59.0, 31.0, 54.0, 33.0], "autoUv": false, "rotation": 270}, "west": {"texture": "#main", "uv": [54.0, 31.0, 59.0, 33.0], "autoUv": false, "rotation": 270}, "up": {"texture": "#main", "uv": [54.0, 31.0, 52.0, 33.0], "autoUv": false, "rotation": 180}, "down": {"texture": "#main", "uv": [59.0, 33.0, 61.0, 31.0], "autoUv": false}}, "children": []}, {"name": "WingEdgeL.034", "from": [7.80434744, -3.81387949, -4.198145], "to": [8.09324007, -0.81803608, -3.75496051], "rotationOrigin": [7.94879389, -0.81803608, -3.97655272], "stepParentName": "b_WingChangelingR", "rotationX": -3.63032793, "rotationY": 28.26865546, "rotationZ": 137.28762194, "group": "WingChrysalisR", "faces": {"north": {"texture": "#main", "uv": [59.0, 31.0, 54.0, 33.0], "autoUv": false, "rotation": 270}, "east": {"texture": "#main", "uv": [59.0, 33.0, 54.0, 35.0], "autoUv": false, "rotation": 270}, "south": {"texture": "#main", "uv": [59.0, 31.0, 54.0, 33.0], "autoUv": false, "rotation": 270}, "west": {"texture": "#main", "uv": [54.0, 31.0, 59.0, 33.0], "autoUv": false, "rotation": 270}, "up": {"texture": "#main", "uv": [54.0, 31.0, 52.0, 33.0], "autoUv": false, "rotation": 180}, "down": {"texture": "#main", "uv": [59.0, 33.0, 61.0, 31.0], "autoUv": false}}, "children": []}, {"name": "WingEdgeL.035", "from": [5.81053072, 2.24834204, -3.52014312], "to": [6.05431624, 5.25145054, -3.07695863], "rotationOrigin": [5.93242359, 5.25145054, -3.29855084], "stepParentName": "b_WingChangelingR", "rotationX": -2.42213086, "rotationY": 29.16096674, "rotationZ": 99.34892638, "group": "WingChrysalisR", "faces": {"north": {"texture": "#main", "uv": [59.0, 31.0, 54.0, 33.0], "autoUv": false, "rotation": 270}, "east": {"texture": "#main", "uv": [59.0, 33.0, 54.0, 35.0], "autoUv": false, "rotation": 270}, "south": {"texture": "#main", "uv": [59.0, 31.0, 54.0, 33.0], "autoUv": false, "rotation": 270}, "west": {"texture": "#main", "uv": [54.0, 31.0, 59.0, 33.0], "autoUv": false, "rotation": 270}, "up": {"texture": "#main", "uv": [54.0, 31.0, 52.0, 33.0], "autoUv": false, "rotation": 180}, "down": {"texture": "#main", "uv": [59.0, 33.0, 61.0, 31.0], "autoUv": false}}, "children": []}, {"name": "WingMeshL.032", "from": [-0.09262884, -8.87352848, -0.3510596], "to": [1.73652911, -0.47013569, -0.00538146], "rotationOrigin": [0.82195097, -0.47013569, -0.17822051], "stepParentName": "b_WingChangelingR", "rotationX": -4.43195607, "rotationY": 28.01467829, "rotationZ": 89.39384371, "group": "WingChrysalisR", "faces": {"north": {"texture": "#main", "uv": [38.0, 49.0, 15.0, 55.0], "autoUv": false, "rotation": 270}, "east": {"texture": "#main", "uv": [38.0, 49.0, 15.0, 50.0], "autoUv": false, "rotation": 270}, "south": {"texture": "#main", "uv": [15.0, 49.0, 38.0, 55.0], "autoUv": false, "rotation": 90}, "west": {"texture": "#main", "uv": [57.0, 50.0, 59.0, 51.0], "autoUv": false, "rotation": 270}, "up": {"texture": "#main", "uv": [43.0, 31.0, 41.0, 33.0], "autoUv": false, "rotation": 180}, "down": {"texture": "#main", "uv": [59.0, 42.0, 60.0, 40.0], "autoUv": false}}, "children": []}, {"name": "WingMeshL.033", "from": [-0.30197442, -8.85364151, -0.22360706], "to": [1.36700571, -0.10574627, 0.11958404], "rotationOrigin": [0.53251642, -0.10574627, -0.05201149], "stepParentName": "b_WingChangelingR", "rotationX": -4.43195735, "rotationY": 28.01467999, "rotationZ": 99.5366473, "group": "WingChrysalisR", "faces": {"north": {"texture": "#main", "uv": [56.0, 47.0, 38.0, 53.0], "autoUv": false, "rotation": 270}, "east": {"texture": "#main", "uv": [56.0, 47.0, 38.0, 48.0], "autoUv": false, "rotation": 270}, "south": {"texture": "#main", "uv": [38.0, 47.0, 56.0, 53.0], "autoUv": false, "rotation": 90}, "west": {"texture": "#main", "uv": [56.0, 52.0, 38.0, 53.0], "autoUv": false, "rotation": 270}, "up": {"texture": "#main", "uv": [43.0, 31.0, 41.0, 33.0], "autoUv": false, "rotation": 180}, "down": {"texture": "#main", "uv": [58.0, 51.0, 60.0, 50.0], "autoUv": false}}, "children": []}, {"name": "WingMeshL.034", "from": [-0.19045281, -7.82574081, -0.4493715], "to": [1.63207299, 1.5015707, -0.10476625], "rotationOrigin": [0.72081089, 1.5015707, -0.27706885], "stepParentName": "b_WingChangelingR", "rotationX": -4.43195223, "rotationY": 28.01467487, "rotationZ": 100.75888916, "group": "WingChrysalisR", "faces": {"north": {"texture": "#main", "uv": [61.0, 43.0, 38.0, 48.0], "autoUv": false, "rotation": 270}, "east": {"texture": "#main", "uv": [61.0, 43.0, 38.0, 44.0], "autoUv": false, "rotation": 270}, "south": {"texture": "#main", "uv": [38.0, 43.0, 61.0, 48.0], "autoUv": false, "rotation": 90}, "west": {"texture": "#main", "uv": [39.0, 47.0, 60.0, 48.0], "autoUv": false, "rotation": 90}, "up": {"texture": "#main", "uv": [60.0, 40.0, 59.0, 42.0], "autoUv": false, "rotation": 180}, "down": {"texture": "#main", "uv": [59.0, 42.0, 60.0, 40.0], "autoUv": false}}, "children": []}, {"name": "WingMeshL.035", "from": [6.51558554, -2.78608418, -3.87482309], "to": [7.3536694, -0.08154861, -3.50912485], "rotationOrigin": [7.35008574, -0.08154869, -3.69197392], "stepParentName": "b_WingChangelingR", "rotationX": -4.43195351, "rotationY": 28.01468682, "rotationZ": 134.06934609, "group": "WingChrysalisR", "faces": {"north": {"texture": "#main", "uv": [61.0, 52.0, 50.0, 55.0], "autoUv": false, "rotation": 270}, "east": {"texture": "#main", "uv": [61.0, 52.0, 50.0, 53.0], "autoUv": false, "rotation": 270}, "south": {"texture": "#main", "uv": [50.0, 52.0, 61.0, 55.0], "autoUv": false, "rotation": 90}, "west": {"texture": "#main", "uv": [43.0, 31.0, 48.0, 33.0], "autoUv": false, "rotation": 270}, "up": {"texture": "#main", "uv": [43.0, 31.0, 41.0, 33.0], "autoUv": false, "rotation": 180}, "down": {"texture": "#main", "uv": [59.0, 42.0, 60.0, 40.0], "autoUv": false}}, "children": []}, {"name": "WingMeshL.036", "from": [0.43251669, -5.04763794, -1.01883556], "to": [2.21136504, 3.32623005, -0.67423013], "rotationOrigin": [1.52293503, 3.32623005, -0.84653282], "stepParentName": "b_WingChangelingR", "rotationX": -4.43195095, "rotationY": 28.01468682, "rotationZ": 104.62682529, "group": "WingChrysalisR", "faces": {"north": {"texture": "#main", "uv": [61.0, 37.0, 38.0, 42.0], "autoUv": false, "rotation": 270}, "east": {"texture": "#main", "uv": [60.0, 40.0, 58.0, 41.0], "autoUv": false, "rotation": 270}, "south": {"texture": "#main", "uv": [39.0, 37.0, 61.0, 42.0], "autoUv": false, "rotation": 90}, "west": {"texture": "#main", "uv": [61.0, 39.0, 47.0, 40.0], "autoUv": false, "rotation": 270}, "up": {"texture": "#main", "uv": [60.0, 40.0, 59.0, 41.0], "autoUv": false, "rotation": 180}, "down": {"texture": "#main", "uv": [59.0, 43.0, 61.0, 37.0], "autoUv": false, "rotation": 90}}, "children": []}], "groups": []}