{"textureWidth": 128, "textureHeight": 128, "textures": {}, "textureSizes": {}, "elements": [{"name": "WingTop0L", "from": [-0.35797882, -0.42191863, 0.1448229], "to": [6.13020849, 1.39020324, 0.79685467], "rotationOrigin": [2.88611484, 0.4841423, 0.47083879], "stepParentName": "b_WingInner0L", "rotationX": -12.09096223, "rotationY": 168.73211899, "rotationZ": -8.22195377, "group": "WingL", "faces": {"north": {"texture": "#main", "uv": [43.0, 28.0, 61.0, 33.0], "autoUv": false}, "east": {"texture": "#main", "uv": [40.0, 28.0, 43.0, 33.0], "autoUv": false}, "south": {"texture": "#main", "uv": [43.0, 28.0, 61.0, 33.0], "autoUv": false}, "west": {"texture": "#main", "uv": [61.0, 28.0, 56.0, 33.0], "autoUv": false}, "up": {"texture": "#main", "uv": [61.0, 25.0, 43.0, 28.0], "autoUv": false, "rotation": 180}, "down": {"texture": "#main", "uv": [43.0, 36.0, 61.0, 33.0], "autoUv": false, "rotation": 180}}, "children": []}, {"name": "WingTop1L", "from": [-0.1953938, -0.74685657, 0.43406004], "to": [6.86862588, 1.25859821, 0.98316723], "rotationOrigin": [3.33661604, 0.25587082, 0.70861363], "stepParentName": "b_WingInner1L", "rotationX": -14.80816431, "rotationY": 167.99118007, "rotationZ": -3.89809696, "group": "WingL", "faces": {"north": {"texture": "#main", "uv": [43.0, 28.0, 61.0, 33.0], "autoUv": false}, "east": {"texture": "#main", "uv": [40.0, 28.0, 43.0, 33.0], "autoUv": false}, "south": {"texture": "#main", "uv": [43.0, 28.0, 61.0, 33.0], "autoUv": false}, "west": {"texture": "#main", "uv": [61.0, 28.0, 56.0, 33.0], "autoUv": false}, "up": {"texture": "#main", "uv": [61.0, 25.0, 43.0, 28.0], "autoUv": false, "rotation": 180}, "down": {"texture": "#main", "uv": [43.0, 36.0, 61.0, 33.0], "autoUv": false, "rotation": 180}}, "children": []}, {"name": "WingTop2L", "from": [-0.21899843, -0.69632351, 0.27033049], "to": [6.11473846, 1.13357174, 0.81958574], "rotationOrigin": [2.94787002, 0.21862411, 0.54495811], "stepParentName": "b_WingInner2L", "rotationX": -16.30731912, "rotationY": 169.30126499, "rotationZ": -3.13185304, "group": "WingL", "faces": {"north": {"texture": "#main", "uv": [43.0, 28.0, 60.0, 33.0], "autoUv": false}, "east": {"texture": "#main", "uv": [40.0, 28.0, 43.0, 33.0], "autoUv": false}, "south": {"texture": "#main", "uv": [43.0, 28.0, 60.0, 33.0], "autoUv": false}, "west": {"texture": "#main", "uv": [60.0, 28.0, 55.0, 33.0], "autoUv": false}, "up": {"texture": "#main", "uv": [60.0, 25.0, 43.0, 28.0], "autoUv": false, "rotation": 180}, "down": {"texture": "#main", "uv": [43.0, 36.0, 60.0, 33.0], "autoUv": false, "rotation": 180}}, "children": []}, {"name": "WingOuter0L", "from": [-1.1200906, -2.15541118, 0.19449949], "to": [0.61367917, 0.44880229, 0.99700451], "rotationOrigin": [-0.25320572, -0.85330445, 0.595752], "stepParentName": "b_WingL", "rotationX": -13.86479822, "rotationY": 166.83614044, "rotationZ": 2.29599221, "group": "WingL", "faces": {"north": {"texture": "#main", "uv": [44.0, 28.0, 50.0, 33.0], "autoUv": false}, "east": {"texture": "#main", "uv": [41.0, 28.0, 44.0, 33.0], "autoUv": false}, "south": {"texture": "#main", "uv": [44.0, 28.0, 50.0, 33.0], "autoUv": false}, "west": {"texture": "#main", "uv": [50.0, 28.0, 53.0, 33.0], "autoUv": false}, "up": {"texture": "#main", "uv": [50.0, 25.0, 44.0, 28.0], "autoUv": false, "rotation": 180}, "down": {"texture": "#main", "uv": [44.0, 36.0, 50.0, 33.0], "autoUv": false, "rotation": 180}}, "children": []}, {"name": "WingTop3L", "from": [0.10472679, -0.28195697, 0.13690352], "to": [4.30272484, 0.97414523, 0.70282817], "rotationOrigin": [2.20372581, 0.34609413, 0.41986585], "stepParentName": "b_WingInner3L", "rotationX": -20.58063038, "rotationY": 169.2943665, "rotationZ": -6.01862182, "group": "WingL", "faces": {"north": {"texture": "#main", "uv": [43.0, 28.0, 58.0, 33.0], "autoUv": false}, "east": {"texture": "#main", "uv": [40.0, 28.0, 43.0, 33.0], "autoUv": false}, "south": {"texture": "#main", "uv": [43.0, 28.0, 58.0, 33.0], "autoUv": false}, "west": {"texture": "#main", "uv": [58.0, 28.0, 60.0, 33.0], "autoUv": false}, "up": {"texture": "#main", "uv": [58.0, 25.0, 43.0, 28.0], "autoUv": false, "rotation": 180}, "down": {"texture": "#main", "uv": [43.0, 36.0, 58.0, 33.0], "autoUv": false, "rotation": 180}}, "children": []}, {"name": "WingOuter1L", "from": [-0.82027965, -3.3078441, 0.62101242], "to": [0.91349037, -1.46966511, 1.4235175], "rotationOrigin": [0.04660536, -2.38875461, 1.02226496], "stepParentName": "b_WingL", "rotationX": -15.17017117, "rotationY": 168.09584589, "rotationZ": -30.00539668, "group": "WingL", "faces": {"north": {"texture": "#main", "uv": [44.0, 28.0, 50.0, 33.0], "autoUv": false}, "east": {"texture": "#main", "uv": [41.0, 28.0, 44.0, 33.0], "autoUv": false}, "south": {"texture": "#main", "uv": [44.0, 28.0, 50.0, 33.0], "autoUv": false}, "west": {"texture": "#main", "uv": [50.0, 28.0, 53.0, 33.0], "autoUv": false}, "up": {"texture": "#main", "uv": [50.0, 25.0, 44.0, 28.0], "autoUv": false, "rotation": 180}, "down": {"texture": "#main", "uv": [44.0, 36.0, 50.0, 33.0], "autoUv": false, "rotation": 180}}, "children": []}, {"name": "WingLower0L", "from": [-0.31963778, 0.18675369, -0.61736313], "to": [3.59102297, 1.39357048, -0.1191605], "rotationOrigin": [1.6356926, 0.79016209, -0.36826181], "stepParentName": "b_WingInner0L", "rotationX": -17.09276013, "rotationY": 178.64762755, "rotationZ": -17.82368088, "group": "WingL", "faces": {"north": {"texture": "#main", "uv": [43.0, 28.0, 61.0, 33.0], "autoUv": false}, "east": {"texture": "#main", "uv": [40.0, 28.0, 43.0, 33.0], "autoUv": false}, "south": {"texture": "#main", "uv": [43.0, 28.0, 61.0, 33.0], "autoUv": false}, "west": {"texture": "#main", "uv": [61.0, 28.0, 56.0, 33.0], "autoUv": false}, "up": {"texture": "#main", "uv": [61.0, 25.0, 43.0, 28.0], "autoUv": false, "rotation": 180}, "down": {"texture": "#main", "uv": [43.0, 36.0, 61.0, 33.0], "autoUv": false, "rotation": 180}}, "children": []}, {"name": "WingLower1L", "from": [0.2836597, -0.14285535, -0.56458949], "to": [4.31948161, 1.06284779, -0.06638671], "rotationOrigin": [2.30157065, 0.45999622, -0.3154881], "stepParentName": "b_WingInner1L", "rotationX": -22.33211628, "rotationY": -177.62629571, "rotationZ": -17.86078588, "group": "WingL", "faces": {"north": {"texture": "#main", "uv": [43.0, 28.0, 61.0, 33.0], "autoUv": false}, "east": {"texture": "#main", "uv": [40.0, 28.0, 43.0, 33.0], "autoUv": false}, "south": {"texture": "#main", "uv": [43.0, 28.0, 61.0, 33.0], "autoUv": false}, "west": {"texture": "#main", "uv": [61.0, 28.0, 56.0, 33.0], "autoUv": false}, "up": {"texture": "#main", "uv": [61.0, 25.0, 43.0, 28.0], "autoUv": false, "rotation": 180}, "down": {"texture": "#main", "uv": [43.0, 36.0, 61.0, 33.0], "autoUv": false, "rotation": 180}}, "children": []}, {"name": "WingLower2L", "from": [0.45620716, -0.45024842, -0.36462775], "to": [3.13659322, 0.66995019, 0.13357487], "rotationOrigin": [1.79640019, 0.10985088, -0.11552644], "stepParentName": "b_WingInner2L", "rotationX": -21.11730055, "rotationY": -178.04474042, "rotationZ": -18.47688772, "group": "WingL", "faces": {"north": {"texture": "#main", "uv": [43.0, 28.0, 61.0, 33.0], "autoUv": false}, "east": {"texture": "#main", "uv": [40.0, 28.0, 43.0, 33.0], "autoUv": false}, "south": {"texture": "#main", "uv": [43.0, 28.0, 61.0, 33.0], "autoUv": false}, "west": {"texture": "#main", "uv": [61.0, 28.0, 56.0, 33.0], "autoUv": false}, "up": {"texture": "#main", "uv": [61.0, 25.0, 43.0, 28.0], "autoUv": false, "rotation": 180}, "down": {"texture": "#main", "uv": [43.0, 36.0, 61.0, 33.0], "autoUv": false, "rotation": 180}}, "children": []}, {"name": "WingTop0R", "from": [-0.35797882, -0.42191863, -0.79685566], "to": [6.13020897, 1.39020324, -0.14482382], "rotationOrigin": [2.88611507, 0.4841423, -0.47083974], "stepParentName": "b_WingInner0R", "rotationX": 12.09096138, "rotationY": -168.73210533, "rotationZ": -8.22195633, "group": "WingR", "faces": {"north": {"texture": "#main", "uv": [61.0, 28.0, 43.0, 33.0], "autoUv": false}, "east": {"texture": "#main", "uv": [43.0, 28.0, 40.0, 33.0], "autoUv": false}, "south": {"texture": "#main", "uv": [61.0, 28.0, 43.0, 33.0], "autoUv": false}, "west": {"texture": "#main", "uv": [56.0, 28.0, 61.0, 33.0], "autoUv": false}, "up": {"texture": "#main", "uv": [43.0, 25.0, 61.0, 28.0], "autoUv": false}, "down": {"texture": "#main", "uv": [61.0, 36.0, 43.0, 33.0], "autoUv": false}}, "children": []}, {"name": "WingTop1R", "from": [-0.1953938, -0.74685657, -0.98316723], "to": [6.86862588, 1.25859821, -0.43406004], "rotationOrigin": [3.33661604, 0.25587082, -0.70861363], "stepParentName": "b_WingInner1R", "rotationX": 14.80816772, "rotationY": -167.99115275, "rotationZ": -3.89808757, "group": "WingR", "faces": {"north": {"texture": "#main", "uv": [61.0, 28.0, 43.0, 33.0], "autoUv": false}, "east": {"texture": "#main", "uv": [43.0, 28.0, 40.0, 33.0], "autoUv": false}, "south": {"texture": "#main", "uv": [61.0, 28.0, 43.0, 33.0], "autoUv": false}, "west": {"texture": "#main", "uv": [56.0, 28.0, 61.0, 33.0], "autoUv": false}, "up": {"texture": "#main", "uv": [43.0, 25.0, 61.0, 28.0], "autoUv": false}, "down": {"texture": "#main", "uv": [61.0, 36.0, 43.0, 33.0], "autoUv": false}}, "children": []}, {"name": "WingTop2R", "from": [-0.21899843, -0.69632351, -0.81958574], "to": [6.11473846, 1.13357174, -0.27033049], "rotationOrigin": [2.94787002, 0.21862411, -0.54495811], "stepParentName": "b_WingInner2R", "rotationX": 16.30731741, "rotationY": -169.30125133, "rotationZ": -3.13185048, "group": "WingR", "faces": {"north": {"texture": "#main", "uv": [60.0, 28.0, 43.0, 33.0], "autoUv": false}, "east": {"texture": "#main", "uv": [43.0, 28.0, 40.0, 33.0], "autoUv": false}, "south": {"texture": "#main", "uv": [60.0, 28.0, 43.0, 33.0], "autoUv": false}, "west": {"texture": "#main", "uv": [55.0, 28.0, 60.0, 33.0], "autoUv": false}, "up": {"texture": "#main", "uv": [43.0, 25.0, 60.0, 28.0], "autoUv": false}, "down": {"texture": "#main", "uv": [60.0, 36.0, 43.0, 33.0], "autoUv": false}}, "children": []}, {"name": "WingOuter0R", "from": [-1.12009066, -2.15541118, -0.99700499], "to": [0.61367923, 0.44880229, -0.19449997], "rotationOrigin": [-0.25320572, -0.85330445, -0.59575248], "stepParentName": "b_WingR", "rotationX": 13.86480163, "rotationY": -166.83611312, "rotationZ": 2.2959984, "group": "WingR", "faces": {"north": {"texture": "#main", "uv": [50.0, 28.0, 44.0, 33.0], "autoUv": false}, "east": {"texture": "#main", "uv": [44.0, 28.0, 41.0, 33.0], "autoUv": false}, "south": {"texture": "#main", "uv": [50.0, 28.0, 44.0, 33.0], "autoUv": false}, "west": {"texture": "#main", "uv": [53.0, 28.0, 50.0, 33.0], "autoUv": false}, "up": {"texture": "#main", "uv": [44.0, 25.0, 50.0, 28.0], "autoUv": false}, "down": {"texture": "#main", "uv": [50.0, 36.0, 44.0, 33.0], "autoUv": false}}, "children": []}, {"name": "WingTop3R", "from": [0.10472703, -0.28195691, -0.70282817], "to": [4.3027246, 0.97414517, -0.13690352], "rotationOrigin": [2.20372581, 0.34609413, -0.41986585], "stepParentName": "b_WingInner3R", "rotationX": 20.58063551, "rotationY": -169.29435284, "rotationZ": -6.01861627, "group": "WingR", "faces": {"north": {"texture": "#main", "uv": [58.0, 28.0, 43.0, 33.0], "autoUv": false}, "east": {"texture": "#main", "uv": [43.0, 28.0, 40.0, 33.0], "autoUv": false}, "south": {"texture": "#main", "uv": [58.0, 28.0, 43.0, 33.0], "autoUv": false}, "west": {"texture": "#main", "uv": [60.0, 28.0, 58.0, 33.0], "autoUv": false}, "up": {"texture": "#main", "uv": [43.0, 25.0, 58.0, 28.0], "autoUv": false}, "down": {"texture": "#main", "uv": [58.0, 36.0, 43.0, 33.0], "autoUv": false}}, "children": []}, {"name": "WingOuter1R", "from": [-0.82027965, -3.3078441, -1.42351747], "to": [0.91349037, -1.46966511, -0.62101245], "rotationOrigin": [0.04660536, -2.38875461, -1.02226496], "stepParentName": "b_WingR", "rotationX": 15.17017117, "rotationY": -168.09581857, "rotationZ": -30.0054001, "group": "WingR", "faces": {"north": {"texture": "#main", "uv": [50.0, 28.0, 44.0, 33.0], "autoUv": false}, "east": {"texture": "#main", "uv": [44.0, 28.0, 41.0, 33.0], "autoUv": false}, "south": {"texture": "#main", "uv": [50.0, 28.0, 44.0, 33.0], "autoUv": false}, "west": {"texture": "#main", "uv": [53.0, 28.0, 50.0, 33.0], "autoUv": false}, "up": {"texture": "#main", "uv": [44.0, 25.0, 50.0, 28.0], "autoUv": false}, "down": {"texture": "#main", "uv": [50.0, 36.0, 44.0, 33.0], "autoUv": false}}, "children": []}, {"name": "WingLower0R", "from": [-0.31963789, 0.18675369, 0.11916052], "to": [3.59102309, 1.39357048, 0.61736311], "rotationOrigin": [1.6356926, 0.79016209, 0.36826181], "stepParentName": "b_WingInner0R", "rotationX": 17.09276355, "rotationY": -178.64761389, "rotationZ": -17.82367404, "group": "WingR", "faces": {"north": {"texture": "#main", "uv": [61.0, 28.0, 43.0, 33.0], "autoUv": false}, "east": {"texture": "#main", "uv": [43.0, 28.0, 40.0, 33.0], "autoUv": false}, "south": {"texture": "#main", "uv": [61.0, 28.0, 43.0, 33.0], "autoUv": false}, "west": {"texture": "#main", "uv": [56.0, 28.0, 61.0, 33.0], "autoUv": false}, "up": {"texture": "#main", "uv": [43.0, 25.0, 61.0, 28.0], "autoUv": false}, "down": {"texture": "#main", "uv": [61.0, 36.0, 43.0, 33.0], "autoUv": false}}, "children": []}, {"name": "WingLower1R", "from": [0.28365946, -0.14285541, 0.06638671], "to": [4.31948185, 1.06284785, 0.56458949], "rotationOrigin": [2.30157065, 0.45999622, 0.3154881], "stepParentName": "b_WingInner1R", "rotationX": 22.33211628, "rotationY": 177.62630937, "rotationZ": -17.86078417, "group": "WingR", "faces": {"north": {"texture": "#main", "uv": [61.0, 28.0, 43.0, 33.0], "autoUv": false}, "east": {"texture": "#main", "uv": [43.0, 28.0, 40.0, 33.0], "autoUv": false}, "south": {"texture": "#main", "uv": [61.0, 28.0, 43.0, 33.0], "autoUv": false}, "west": {"texture": "#main", "uv": [56.0, 28.0, 61.0, 33.0], "autoUv": false}, "up": {"texture": "#main", "uv": [43.0, 25.0, 61.0, 28.0], "autoUv": false}, "down": {"texture": "#main", "uv": [61.0, 36.0, 43.0, 33.0], "autoUv": false}}, "children": []}, {"name": "WingLower2R", "from": [0.45620716, -0.45024842, -0.13357487], "to": [3.13659322, 0.66995019, 0.36462775], "rotationOrigin": [1.79640019, 0.10985088, 0.11552644], "stepParentName": "b_WingInner2R", "rotationX": 21.11729884, "rotationY": 178.04475408, "rotationZ": -18.47688089, "group": "WingR", "faces": {"north": {"texture": "#main", "uv": [61.0, 28.0, 43.0, 33.0], "autoUv": false}, "east": {"texture": "#main", "uv": [43.0, 28.0, 40.0, 33.0], "autoUv": false}, "south": {"texture": "#main", "uv": [61.0, 28.0, 43.0, 33.0], "autoUv": false}, "west": {"texture": "#main", "uv": [56.0, 28.0, 61.0, 33.0], "autoUv": false}, "up": {"texture": "#main", "uv": [43.0, 25.0, 61.0, 28.0], "autoUv": false}, "down": {"texture": "#main", "uv": [61.0, 36.0, 43.0, 33.0], "autoUv": false}}, "children": []}], "groups": []}