{"textureWidth": 128, "textureHeight": 128, "textures": {}, "textureSizes": {}, "elements": [{"name": "WingEdgeL", "from": [-1.02899769, -3.50454164, -0.45952442], "to": [-0.38256437, -0.86579019, 0.25793922], "rotationOrigin": [-0.70578122, -0.05441093, -0.10079217], "stepParentName": "b_WingChangelingL", "rotationX": 7.12091361, "rotationY": -19.82124141, "rotationZ": 109.89235473, "group": "WingChangelingL", "faces": {"north": {"texture": "#main", "uv": [54.0, 31.0, 59.0, 33.0], "autoUv": false, "rotation": 90}, "east": {"texture": "#main", "uv": [54.0, 33.0, 59.0, 35.0], "autoUv": false, "rotation": 90}, "south": {"texture": "#main", "uv": [54.0, 31.0, 59.0, 33.0], "autoUv": false, "rotation": 90}, "west": {"texture": "#main", "uv": [54.0, 33.0, 59.0, 35.0], "autoUv": false, "rotation": 270}, "up": {"texture": "#main", "uv": [52.0, 31.0, 54.0, 33.0], "autoUv": false}, "down": {"texture": "#main", "uv": [61.0, 33.0, 59.0, 31.0], "autoUv": false, "rotation": 180}}, "children": []}, {"name": "WingEdgeL.001", "from": [2.00778678, -1.51147294, 0.74557108], "to": [2.58653679, 0.91361237, 1.42764059], "rotationOrigin": [2.29716206, 0.91361237, 1.08660579], "stepParentName": "b_WingChangelingL", "rotationX": 7.03586964, "rotationY": -18.69186451, "rotationZ": 124.62917771, "group": "WingChangelingL", "faces": {"north": {"texture": "#main", "uv": [54.0, 31.0, 59.0, 33.0], "autoUv": false, "rotation": 90}, "east": {"texture": "#main", "uv": [54.0, 33.0, 59.0, 35.0], "autoUv": false, "rotation": 90}, "south": {"texture": "#main", "uv": [54.0, 31.0, 59.0, 33.0], "autoUv": false, "rotation": 90}, "west": {"texture": "#main", "uv": [59.0, 31.0, 54.0, 33.0], "autoUv": false, "rotation": 90}, "up": {"texture": "#main", "uv": [52.0, 31.0, 54.0, 33.0], "autoUv": false}, "down": {"texture": "#main", "uv": [61.0, 33.0, 59.0, 31.0], "autoUv": false, "rotation": 180}}, "children": []}, {"name": "WingEdgeL.002", "from": [4.15310419, 3.08638972, 2.24937791], "to": [5.50406733, 3.59102447, 2.81076798], "rotationOrigin": [5.50406694, 3.34477139, 2.53007293], "stepParentName": "b_WingChangelingL", "rotationX": 7.39995757, "rotationY": -14.08323279, "rotationZ": -118.70361977, "group": "WingChangelingL", "faces": {"north": {"texture": "#main", "uv": [54.0, 31.0, 59.0, 33.0], "autoUv": false}, "east": {"texture": "#main", "uv": [52.0, 31.0, 54.0, 33.0], "autoUv": false}, "south": {"texture": "#main", "uv": [54.0, 31.0, 59.0, 33.0], "autoUv": false}, "west": {"texture": "#main", "uv": [59.0, 31.0, 61.0, 33.0], "autoUv": false}, "up": {"texture": "#main", "uv": [54.0, 31.0, 59.0, 33.0], "autoUv": false}, "down": {"texture": "#main", "uv": [54.0, 35.0, 59.0, 33.0], "autoUv": false, "rotation": 180}}, "children": []}, {"name": "WingEdgeL.003", "from": [5.18788183, 4.21496691, 2.61043672], "to": [6.05247856, 4.56525503, 2.94878407], "rotationOrigin": [6.05247831, 4.39011097, 2.7796104], "stepParentName": "b_WingChangelingL", "rotationX": 5.41644118, "rotationY": -18.01832248, "rotationZ": -112.5890705, "group": "WingChangelingL", "faces": {"north": {"texture": "#main", "uv": [54.0, 31.0, 59.0, 33.0], "autoUv": false}, "east": {"texture": "#main", "uv": [52.0, 31.0, 54.0, 33.0], "autoUv": false}, "south": {"texture": "#main", "uv": [54.0, 31.0, 59.0, 33.0], "autoUv": false}, "west": {"texture": "#main", "uv": [59.0, 31.0, 61.0, 33.0], "autoUv": false}, "up": {"texture": "#main", "uv": [54.0, 31.0, 59.0, 33.0], "autoUv": false}, "down": {"texture": "#main", "uv": [54.0, 35.0, 59.0, 33.0], "autoUv": false, "rotation": 180}}, "children": []}, {"name": "WingEdgeL.004", "from": [3.78378186, 0.06384921, 1.48829889], "to": [4.33407938, 2.11783123, 2.17036065], "rotationOrigin": [4.05893087, 2.11783123, 1.82932973], "stepParentName": "b_WingChangelingL", "rotationX": 7.8712577, "rotationY": -18.66338945, "rotationZ": 131.24350558, "group": "WingChangelingL", "faces": {"north": {"texture": "#main", "uv": [54.0, 31.0, 59.0, 33.0], "autoUv": false, "rotation": 90}, "east": {"texture": "#main", "uv": [54.0, 33.0, 59.0, 35.0], "autoUv": false, "rotation": 90}, "south": {"texture": "#main", "uv": [54.0, 31.0, 59.0, 33.0], "autoUv": false, "rotation": 90}, "west": {"texture": "#main", "uv": [59.0, 31.0, 54.0, 33.0], "autoUv": false, "rotation": 90}, "up": {"texture": "#main", "uv": [52.0, 31.0, 54.0, 33.0], "autoUv": false}, "down": {"texture": "#main", "uv": [61.0, 33.0, 59.0, 31.0], "autoUv": false, "rotation": 180}}, "children": []}, {"name": "WingMeshL", "from": [1.74266559, 0.6119822, -1.05470896], "to": [3.59746355, 0.98346716, 1.10637246], "rotationOrigin": [2.71483016, 0.79772472, 1.23956418], "stepParentName": "b_WingChangelingL", "rotationX": -75.7093548, "rotationY": 22.06701444, "rotationZ": -20.00272808, "group": "WingChangelingL", "faces": {"north": {"texture": "#main", "uv": [40.0, 35.0, 44.0, 36.0], "autoUv": false}, "east": {"texture": "#main", "uv": [54.0, 35.0, 59.0, 36.0], "autoUv": false}, "south": {"texture": "#main", "uv": [50.0, 35.0, 54.0, 36.0], "autoUv": false}, "west": {"texture": "#main", "uv": [44.0, 35.0, 50.0, 36.0], "autoUv": false}, "up": {"texture": "#main", "uv": [44.0, 27.0, 50.0, 35.0], "autoUv": false, "rotation": 90}, "down": {"texture": "#main", "uv": [49.0, 35.0, 44.0, 27.0], "autoUv": false, "rotation": 270}}, "children": []}, {"name": "WingMeshL.001", "from": [3.32400084, 1.62830442, 0.2423681], "to": [6.79561996, 2.04908423, 2.50299412], "rotationOrigin": [3.32400084, 1.81404686, 1.58277464], "stepParentName": "b_WingChangelingL", "rotationX": -56.23761246, "rotationY": 53.87965357, "rotationZ": -32.53151824, "group": "WingChangelingL", "faces": {"north": {"texture": "#main", "uv": [48.0, 26.0, 50.0, 36.0], "autoUv": false, "rotation": 90}, "east": {"texture": "#main", "uv": [52.0, 26.0, 50.0, 36.0], "autoUv": false, "rotation": 270}, "south": {"texture": "#main", "uv": [57.0, 26.0, 58.0, 36.0], "autoUv": false, "rotation": 270}, "west": {"texture": "#main", "uv": [50.0, 26.0, 48.0, 36.0], "autoUv": false, "rotation": 270}, "up": {"texture": "#main", "uv": [40.0, 26.0, 48.0, 36.0], "autoUv": false, "rotation": 270}, "down": {"texture": "#main", "uv": [49.0, 36.0, 42.0, 26.0], "autoUv": false, "rotation": 270}}, "children": []}, {"name": "WingEdgeL.005", "from": [5.0801287, 1.11345863, 2.05862534], "to": [5.61364982, 3.33604908, 2.74085662], "rotationOrigin": [5.3468895, 3.33604908, 2.39974093], "stepParentName": "b_WingChangelingL", "rotationX": 5.84247978, "rotationY": -18.14468781, "rotationZ": 85.09948521, "group": "WingChangelingL", "faces": {"north": {"texture": "#main", "uv": [54.0, 31.0, 59.0, 33.0], "autoUv": false, "rotation": 90}, "east": {"texture": "#main", "uv": [54.0, 33.0, 59.0, 35.0], "autoUv": false, "rotation": 90}, "south": {"texture": "#main", "uv": [54.0, 31.0, 59.0, 33.0], "autoUv": false, "rotation": 90}, "west": {"texture": "#main", "uv": [59.0, 31.0, 54.0, 33.0], "autoUv": false, "rotation": 90}, "up": {"texture": "#main", "uv": [52.0, 31.0, 54.0, 33.0], "autoUv": false}, "down": {"texture": "#main", "uv": [61.0, 33.0, 59.0, 31.0], "autoUv": false, "rotation": 180}}, "children": []}, {"name": "WingEdgeL.006", "from": [7.05910653, 0.86053228, 2.7007615], "to": [7.59269312, 3.08018589, 3.34043494], "rotationOrigin": [7.32590008, 3.08018589, 3.02059817], "stepParentName": "b_WingChangelingL", "rotationX": 5.83375294, "rotationY": -17.94729535, "rotationZ": 74.91363093, "group": "WingChangelingL", "faces": {"north": {"texture": "#main", "uv": [54.0, 31.0, 59.0, 33.0], "autoUv": false, "rotation": 90}, "east": {"texture": "#main", "uv": [54.0, 33.0, 59.0, 35.0], "autoUv": false, "rotation": 90}, "south": {"texture": "#main", "uv": [54.0, 31.0, 59.0, 33.0], "autoUv": false, "rotation": 90}, "west": {"texture": "#main", "uv": [59.0, 31.0, 54.0, 33.0], "autoUv": false, "rotation": 90}, "up": {"texture": "#main", "uv": [52.0, 31.0, 54.0, 33.0], "autoUv": false}, "down": {"texture": "#main", "uv": [61.0, 33.0, 59.0, 31.0], "autoUv": false, "rotation": 180}}, "children": []}, {"name": "WingEdgeL.007", "from": [8.91702092, 1.45107687, 3.28354582], "to": [9.30861996, 2.59820175, 3.80657122], "rotationOrigin": [9.11282063, 2.59820175, 3.54505849], "stepParentName": "b_WingChangelingL", "rotationX": 5.27149859, "rotationY": -20.18985819, "rotationZ": 62.06253438, "group": "WingChangelingL", "faces": {"north": {"texture": "#main", "uv": [54.0, 31.0, 59.0, 33.0], "autoUv": false, "rotation": 90}, "east": {"texture": "#main", "uv": [54.0, 33.0, 59.0, 35.0], "autoUv": false, "rotation": 90}, "south": {"texture": "#main", "uv": [54.0, 31.0, 59.0, 33.0], "autoUv": false, "rotation": 90}, "west": {"texture": "#main", "uv": [59.0, 31.0, 54.0, 33.0], "autoUv": false, "rotation": 90}, "up": {"texture": "#main", "uv": [52.0, 31.0, 54.0, 33.0], "autoUv": false}, "down": {"texture": "#main", "uv": [61.0, 33.0, 59.0, 31.0], "autoUv": false, "rotation": 180}}, "children": []}, {"name": "WingEdgeL.008", "from": [9.69734199, 1.23384225, 3.56077392], "to": [10.00917588, 2.14735889, 3.95907256], "rotationOrigin": [9.85325909, 2.14735889, 3.75992322], "stepParentName": "b_WingChangelingL", "rotationX": 6.19341106, "rotationY": -23.06520903, "rotationZ": 61.19399387, "group": "WingChangelingL", "faces": {"north": {"texture": "#main", "uv": [54.0, 31.0, 59.0, 33.0], "autoUv": false, "rotation": 90}, "east": {"texture": "#main", "uv": [54.0, 33.0, 59.0, 35.0], "autoUv": false, "rotation": 90}, "south": {"texture": "#main", "uv": [54.0, 31.0, 59.0, 33.0], "autoUv": false, "rotation": 90}, "west": {"texture": "#main", "uv": [59.0, 31.0, 54.0, 33.0], "autoUv": false, "rotation": 90}, "up": {"texture": "#main", "uv": [52.0, 31.0, 54.0, 33.0], "autoUv": false}, "down": {"texture": "#main", "uv": [61.0, 33.0, 59.0, 31.0], "autoUv": false, "rotation": 180}}, "children": []}, {"name": "WingMeshL.006", "from": [4.4918975, 2.43504134, 1.5599398], "to": [5.78460801, 2.80652627, 2.51020232], "rotationOrigin": [4.49189806, 2.62078381, 2.03507161], "stepParentName": "b_WingChangelingL", "rotationX": -68.24346626, "rotationY": 38.20697514, "rotationZ": -23.79234755, "group": "WingChangelingL", "faces": {"north": {"texture": "#main", "uv": [47.0, 27.0, 49.0, 32.0], "autoUv": false, "rotation": 90}, "east": {"texture": "#main", "uv": [53.0, 32.0, 55.0, 36.0], "autoUv": false, "rotation": 270}, "south": {"texture": "#main", "uv": [46.0, 27.0, 47.0, 32.0], "autoUv": false, "rotation": 90}, "west": {"texture": "#main", "uv": [46.0, 32.0, 47.0, 36.0], "autoUv": false, "rotation": 90}, "up": {"texture": "#main", "uv": [40.0, 32.0, 46.0, 36.0], "autoUv": false, "rotation": 180}, "down": {"texture": "#main", "uv": [53.0, 36.0, 47.0, 32.0], "autoUv": false}}, "children": []}, {"name": "WingMeshL.007", "from": [4.9986449, 2.8186391, 1.48463881], "to": [8.62580824, 3.20323381, 3.01427621], "rotationOrigin": [4.99864483, 3.01093769, 2.24945903], "stepParentName": "b_WingChangelingL", "rotationX": -71.35436471, "rotationY": 32.18279952, "rotationZ": -21.99656958, "group": "WingChangelingL", "faces": {"north": {"texture": "#main", "uv": [41.0, 27.0, 44.0, 36.0], "autoUv": false, "rotation": 270}, "east": {"texture": "#main", "uv": [48.0, 27.0, 41.0, 29.0], "autoUv": false}, "south": {"texture": "#main", "uv": [41.0, 27.0, 44.0, 36.0], "autoUv": false, "rotation": 270}, "west": {"texture": "#main", "uv": [54.0, 27.0, 48.0, 29.0], "autoUv": false}, "up": {"texture": "#main", "uv": [53.0, 29.0, 42.0, 36.0], "autoUv": false, "rotation": 180}, "down": {"texture": "#main", "uv": [53.0, 36.0, 41.0, 31.0], "autoUv": false, "rotation": 180}}, "children": []}, {"name": "WingMeshL.009", "from": [3.50126243, 0.29462142, 0.78981709], "to": [5.75756145, 0.69971871, 2.22343969], "rotationOrigin": [3.50126243, 0.48036385, 1.48342824], "stepParentName": "b_WingChangelingL", "rotationX": 25.3604053, "rotationY": 70.54685194, "rotationZ": -107.85094096, "group": "WingChangelingL", "faces": {"north": {"texture": "#main", "uv": [46.0, 26.0, 48.0, 35.0], "autoUv": false, "rotation": 90}, "east": {"texture": "#main", "uv": [48.0, 26.0, 50.0, 26.0], "autoUv": false, "rotation": 90}, "south": {"texture": "#main", "uv": [54.0, 26.0, 56.0, 35.0], "autoUv": false, "rotation": 270}, "west": {"texture": "#main", "uv": [46.0, 26.0, 48.0, 26.0], "autoUv": false, "rotation": 90}, "up": {"texture": "#main", "uv": [40.0, 26.0, 46.0, 35.0], "autoUv": false, "rotation": 270}, "down": {"texture": "#main", "uv": [54.0, 35.0, 48.0, 26.0], "autoUv": false, "rotation": 270}}, "children": []}, {"name": "WingMeshL.012", "from": [4.1308341, 2.06036079, 1.06764334], "to": [7.65265393, 2.48114075, 2.78080314], "rotationOrigin": [4.1308341, 2.24610329, 1.8964994], "stepParentName": "b_WingChangelingL", "rotationX": -45.51232691, "rotationY": 61.49428314, "rotationZ": -41.62343576, "group": "WingChangelingL", "faces": {"north": {"texture": "#main", "uv": [48.0, 26.0, 49.0, 36.0], "autoUv": false, "rotation": 90}, "east": {"texture": "#main", "uv": [51.0, 26.0, 49.0, 36.0], "autoUv": false, "rotation": 270}, "south": {"texture": "#main", "uv": [57.0, 26.0, 59.0, 36.0], "autoUv": false, "rotation": 270}, "west": {"texture": "#main", "uv": [49.0, 26.0, 48.0, 36.0], "autoUv": false, "rotation": 270}, "up": {"texture": "#main", "uv": [40.0, 26.0, 48.0, 36.0], "autoUv": false, "rotation": 270}, "down": {"texture": "#main", "uv": [49.0, 36.0, 41.0, 26.0], "autoUv": false, "rotation": 270}}, "children": []}, {"name": "WingMeshL.013", "from": [0.9806065, 0.30267525, -0.55378532], "to": [2.11360705, 0.66968718, 0.81121583], "rotationOrigin": [1.54710674, 0.48618126, 0.81121564], "stepParentName": "b_WingChangelingL", "rotationX": -65.77196914, "rotationY": 42.32862206, "rotationZ": -25.39120604, "group": "WingChangelingL", "faces": {"north": {"texture": "#main", "uv": [46.0, 30.0, 48.0, 35.0], "autoUv": false, "rotation": 90}, "east": {"texture": "#main", "uv": [48.0, 26.0, 49.0, 30.0], "autoUv": false, "rotation": 90}, "south": {"texture": "#main", "uv": [54.0, 30.0, 55.0, 35.0], "autoUv": false, "rotation": 270}, "west": {"texture": "#main", "uv": [46.0, 26.0, 48.0, 30.0], "autoUv": false, "rotation": 90}, "up": {"texture": "#main", "uv": [40.0, 30.0, 46.0, 35.0], "autoUv": false, "rotation": 270}, "down": {"texture": "#main", "uv": [54.0, 35.0, 48.0, 30.0], "autoUv": false, "rotation": 270}}, "children": []}, {"name": "WingMeshL.014", "from": [5.80952634, 3.53065242, 2.06648791], "to": [6.64423633, 3.83166249, 3.04980397], "rotationOrigin": [5.62177896, 3.66352558, 2.55963731], "stepParentName": "b_WingChangelingL", "rotationX": -87.90927477, "rotationY": -12.96269671, "rotationZ": -18.98296205, "group": "WingChangelingL", "faces": {"north": {"texture": "#main", "uv": [45.0, 27.0, 46.0, 31.0], "autoUv": false, "rotation": 90}, "east": {"texture": "#main", "uv": [49.0, 31.0, 50.0, 35.0], "autoUv": false, "rotation": 270}, "south": {"texture": "#main", "uv": [44.0, 27.0, 45.0, 31.0], "autoUv": false, "rotation": 90}, "west": {"texture": "#main", "uv": [44.0, 31.0, 45.0, 35.0], "autoUv": false, "rotation": 90}, "up": {"texture": "#main", "uv": [40.0, 31.0, 44.0, 35.0], "autoUv": false, "rotation": 180}, "down": {"texture": "#main", "uv": [49.0, 35.0, 45.0, 31.0], "autoUv": false}}, "children": []}, {"name": "WingMeshL.015", "from": [6.12486076, 4.48397683, 2.41834107], "to": [6.49202788, 4.77960934, 3.28423575], "rotationOrigin": [6.12486076, 4.6144762, 2.83727574], "stepParentName": "b_WingChangelingL", "rotationX": -82.77291787, "rotationY": 2.16486389, "rotationZ": -18.49528996, "group": "WingChangelingL", "faces": {"north": {"texture": "#main", "uv": [43.0, 30.0, 44.0, 32.0], "autoUv": false, "rotation": 90}, "east": {"texture": "#main", "uv": [45.0, 32.0, 46.0, 35.0], "autoUv": false, "rotation": 270}, "south": {"texture": "#main", "uv": [42.0, 30.0, 43.0, 32.0], "autoUv": false, "rotation": 90}, "west": {"texture": "#main", "uv": [42.0, 32.0, 43.0, 35.0], "autoUv": false, "rotation": 90}, "up": {"texture": "#main", "uv": [40.0, 32.0, 42.0, 35.0], "autoUv": false, "rotation": 180}, "down": {"texture": "#main", "uv": [45.0, 35.0, 43.0, 32.0], "autoUv": false}}, "children": []}, {"name": "WingMeshL.002", "from": [6.61970271, 2.99161413, 2.25688308], "to": [9.03606558, 3.36180085, 3.37049609], "rotationOrigin": [6.61970282, 3.17670727, 2.81368995], "stepParentName": "b_WingChangelingL", "rotationX": -47.08596152, "rotationY": 60.61607107, "rotationZ": -40.24627155, "group": "WingChangelingL", "faces": {"north": {"texture": "#main", "uv": [45.0, 26.0, 47.0, 36.0], "autoUv": false, "rotation": 90}, "east": {"texture": "#main", "uv": [48.0, 26.0, 47.0, 29.0], "autoUv": false, "rotation": 270}, "south": {"texture": "#main", "uv": [51.0, 26.0, 53.0, 36.0], "autoUv": false, "rotation": 270}, "west": {"texture": "#main", "uv": [47.0, 26.0, 45.0, 29.0], "autoUv": false, "rotation": 270}, "up": {"texture": "#main", "uv": [40.0, 26.0, 45.0, 36.0], "autoUv": false, "rotation": 270}, "down": {"texture": "#main", "uv": [51.0, 36.0, 47.0, 26.0], "autoUv": false, "rotation": 270}}, "children": []}, {"name": "WingMeshL.003", "from": [7.66057339, 2.75786236, 2.58634126], "to": [9.87675548, 3.12861079, 3.69995445], "rotationOrigin": [7.66057348, 2.94323635, 3.14314818], "stepParentName": "b_WingChangelingL", "rotationX": -33.2487769, "rotationY": 66.50325017, "rotationZ": -52.66425214, "group": "WingChangelingL", "faces": {"north": {"texture": "#main", "uv": [45.0, 29.0, 47.0, 36.0], "autoUv": false, "rotation": 90}, "east": {"texture": "#main", "uv": [48.0, 29.0, 47.0, 32.0], "autoUv": false, "rotation": 270}, "south": {"texture": "#main", "uv": [51.0, 29.0, 53.0, 36.0], "autoUv": false, "rotation": 270}, "west": {"texture": "#main", "uv": [47.0, 29.0, 45.0, 32.0], "autoUv": false, "rotation": 270}, "up": {"texture": "#main", "uv": [40.0, 29.0, 45.0, 36.0], "autoUv": false, "rotation": 270}, "down": {"texture": "#main", "uv": [51.0, 36.0, 47.0, 29.0], "autoUv": false, "rotation": 270}}, "children": []}, {"name": "WingMeshL.005", "from": [9.08935163, 1.72963881, 2.58491182], "to": [9.76797539, 2.08274335, 4.42625219], "rotationOrigin": [9.08935165, 1.90619087, 3.50558257], "stepParentName": "b_WingChangelingL", "rotationX": -54.03518722, "rotationY": 55.80109848, "rotationZ": -34.33243081, "group": "WingChangelingL", "faces": {"north": {"texture": "#main", "uv": [48.0, 33.0, 50.0, 36.0], "autoUv": false, "rotation": 90}, "east": {"texture": "#main", "uv": [50.0, 27.0, 51.0, 33.0], "autoUv": false, "rotation": 90}, "south": {"texture": "#main", "uv": [58.0, 33.0, 59.0, 36.0], "autoUv": false, "rotation": 270}, "west": {"texture": "#main", "uv": [48.0, 27.0, 50.0, 33.0], "autoUv": false, "rotation": 90}, "up": {"texture": "#main", "uv": [40.0, 33.0, 48.0, 36.0], "autoUv": false, "rotation": 270}, "down": {"texture": "#main", "uv": [58.0, 36.0, 50.0, 33.0], "autoUv": false, "rotation": 270}}, "children": []}, {"name": "WingMeshL.008", "from": [9.01296612, 2.23575768, 2.78848535], "to": [9.89243048, 2.59639989, 4.28753251], "rotationOrigin": [9.01296616, 2.41607857, 3.53800941], "stepParentName": "b_WingChangelingL", "rotationX": 26.87426038, "rotationY": 70.37689634, "rotationZ": -109.27767185, "group": "WingChangelingL", "faces": {"north": {"texture": "#main", "uv": [47.0, 32.0, 48.0, 36.0], "autoUv": false, "rotation": 90}, "east": {"texture": "#main", "uv": [48.0, 28.0, 50.0, 32.0], "autoUv": false, "rotation": 90}, "south": {"texture": "#main", "uv": [55.0, 32.0, 56.0, 36.0], "autoUv": false, "rotation": 270}, "west": {"texture": "#main", "uv": [47.0, 28.0, 48.0, 32.0], "autoUv": false, "rotation": 90}, "up": {"texture": "#main", "uv": [40.0, 32.0, 47.0, 36.0], "autoUv": false, "rotation": 270}, "down": {"texture": "#main", "uv": [55.0, 36.0, 48.0, 32.0], "autoUv": false, "rotation": 270}}, "children": []}, {"name": "WingEdgeR", "from": [-1.02899769, -3.50454164, -0.25793922], "to": [-0.38256437, -0.86579019, 0.45952442], "rotationOrigin": [-0.70578122, -0.05441093, 0.10079217], "stepParentName": "b_WingChangelingR", "rotationX": -7.12090934, "rotationY": 19.82123971, "rotationZ": 109.89233424, "group": "WingChangelingR", "faces": {"north": {"texture": "#main", "uv": [54.0, 32.0, 58.0, 34.0], "autoUv": false, "rotation": 90}, "east": {"texture": "#main", "uv": [54.0, 34.0, 58.0, 36.0], "autoUv": false, "rotation": 270}, "south": {"texture": "#main", "uv": [54.0, 32.0, 58.0, 34.0], "autoUv": false, "rotation": 90}, "west": {"texture": "#main", "uv": [54.0, 34.0, 58.0, 36.0], "autoUv": false, "rotation": 90}, "up": {"texture": "#main", "uv": [58.0, 32.0, 60.0, 34.0], "autoUv": false, "rotation": 180}, "down": {"texture": "#main", "uv": [54.0, 34.0, 52.0, 32.0], "autoUv": false}}, "children": []}, {"name": "WingEdgeR.001", "from": [2.00778702, -1.51147294, -1.42764059], "to": [2.58653703, 0.91361237, -0.74557108], "rotationOrigin": [2.29716229, 0.91361237, -1.08660579], "stepParentName": "b_WingChangelingR", "rotationX": -7.03587434, "rotationY": 18.69186451, "rotationZ": 124.62916405, "group": "WingChangelingR", "faces": {"north": {"texture": "#main", "uv": [54.0, 32.0, 58.0, 34.0], "autoUv": false, "rotation": 90}, "east": {"texture": "#main", "uv": [58.0, 32.0, 54.0, 34.0], "autoUv": false, "rotation": 90}, "south": {"texture": "#main", "uv": [54.0, 32.0, 58.0, 34.0], "autoUv": false, "rotation": 90}, "west": {"texture": "#main", "uv": [54.0, 34.0, 58.0, 36.0], "autoUv": false, "rotation": 90}, "up": {"texture": "#main", "uv": [58.0, 32.0, 60.0, 34.0], "autoUv": false, "rotation": 180}, "down": {"texture": "#main", "uv": [54.0, 34.0, 52.0, 32.0], "autoUv": false}}, "children": []}, {"name": "WingEdgeR.002", "from": [4.15310466, 3.08638972, -2.81076702], "to": [5.50406781, 3.59102447, -2.24937695], "rotationOrigin": [5.50406742, 3.34477139, -2.53007197], "stepParentName": "b_WingChangelingR", "rotationX": -7.39995587, "rotationY": 14.08323108, "rotationZ": -118.70361977, "group": "WingChangelingR", "faces": {"north": {"texture": "#main", "uv": [54.0, 32.0, 58.0, 34.0], "autoUv": false}, "east": {"texture": "#main", "uv": [58.0, 32.0, 60.0, 34.0], "autoUv": false}, "south": {"texture": "#main", "uv": [54.0, 32.0, 58.0, 34.0], "autoUv": false}, "west": {"texture": "#main", "uv": [52.0, 32.0, 54.0, 34.0], "autoUv": false}, "up": {"texture": "#main", "uv": [58.0, 34.0, 54.0, 36.0], "autoUv": false, "rotation": 180}, "down": {"texture": "#main", "uv": [58.0, 34.0, 54.0, 32.0], "autoUv": false}}, "children": []}, {"name": "WingEdgeR.003", "from": [5.18788183, 4.21496691, -2.94878407], "to": [6.05247856, 4.56525503, -2.61043672], "rotationOrigin": [6.05247831, 4.39011097, -2.7796104], "stepParentName": "b_WingChangelingR", "rotationX": -5.41644076, "rotationY": 18.01832078, "rotationZ": -112.5890705, "group": "WingChangelingR", "faces": {"north": {"texture": "#main", "uv": [54.0, 32.0, 58.0, 34.0], "autoUv": false}, "east": {"texture": "#main", "uv": [58.0, 32.0, 60.0, 34.0], "autoUv": false}, "south": {"texture": "#main", "uv": [54.0, 32.0, 58.0, 34.0], "autoUv": false}, "west": {"texture": "#main", "uv": [52.0, 32.0, 54.0, 34.0], "autoUv": false}, "up": {"texture": "#main", "uv": [58.0, 34.0, 54.0, 36.0], "autoUv": false, "rotation": 180}, "down": {"texture": "#main", "uv": [58.0, 34.0, 54.0, 32.0], "autoUv": false}}, "children": []}, {"name": "WingEdgeR.004", "from": [3.78378186, 0.06384921, -2.17036065], "to": [4.33407938, 2.11783123, -1.48829889], "rotationOrigin": [4.05893087, 2.11783123, -1.82932973], "stepParentName": "b_WingChangelingR", "rotationX": -7.87126026, "rotationY": 18.66338945, "rotationZ": 131.24350558, "group": "WingChangelingR", "faces": {"north": {"texture": "#main", "uv": [54.0, 32.0, 58.0, 34.0], "autoUv": false, "rotation": 90}, "east": {"texture": "#main", "uv": [58.0, 32.0, 54.0, 34.0], "autoUv": false, "rotation": 90}, "south": {"texture": "#main", "uv": [54.0, 32.0, 58.0, 34.0], "autoUv": false, "rotation": 90}, "west": {"texture": "#main", "uv": [54.0, 34.0, 58.0, 36.0], "autoUv": false, "rotation": 90}, "up": {"texture": "#main", "uv": [58.0, 32.0, 60.0, 34.0], "autoUv": false, "rotation": 180}, "down": {"texture": "#main", "uv": [54.0, 34.0, 52.0, 32.0], "autoUv": false}}, "children": []}, {"name": "WingMeshR", "from": [1.74266535, 0.6119822, -1.10637341], "to": [3.59746331, 0.98346716, 1.054708], "rotationOrigin": [2.71482992, 0.79772472, -1.23956513], "stepParentName": "b_WingChangelingR", "rotationX": 75.70933431, "rotationY": -22.0670042, "rotationZ": -20.00272979, "group": "WingChangelingR", "faces": {"north": {"texture": "#main", "uv": [40.0, 35.0, 44.0, 36.0], "autoUv": false}, "east": {"texture": "#main", "uv": [44.0, 35.0, 50.0, 36.0], "autoUv": false}, "south": {"texture": "#main", "uv": [50.0, 35.0, 54.0, 36.0], "autoUv": false}, "west": {"texture": "#main", "uv": [54.0, 35.0, 59.0, 36.0], "autoUv": false}, "up": {"texture": "#main", "uv": [44.0, 27.0, 49.0, 35.0], "autoUv": false, "rotation": 270}, "down": {"texture": "#main", "uv": [50.0, 35.0, 44.0, 27.0], "autoUv": false, "rotation": 90}}, "children": []}, {"name": "WingMeshR.001", "from": [3.32400084, 1.62830442, -2.50299507], "to": [6.79561996, 2.04908423, -0.24236906], "rotationOrigin": [3.32400084, 1.81404686, -1.58277559], "stepParentName": "b_WingChangelingR", "rotationX": 56.23761246, "rotationY": -53.87965357, "rotationZ": -32.53151824, "group": "WingChangelingR", "faces": {"north": {"texture": "#main", "uv": [48.0, 26.0, 50.0, 36.0], "autoUv": false, "rotation": 90}, "east": {"texture": "#main", "uv": [50.0, 26.0, 48.0, 36.0], "autoUv": false, "rotation": 270}, "south": {"texture": "#main", "uv": [57.0, 26.0, 58.0, 36.0], "autoUv": false, "rotation": 270}, "west": {"texture": "#main", "uv": [52.0, 26.0, 50.0, 36.0], "autoUv": false, "rotation": 270}, "up": {"texture": "#main", "uv": [42.0, 26.0, 49.0, 36.0], "autoUv": false, "rotation": 270}, "down": {"texture": "#main", "uv": [48.0, 36.0, 40.0, 26.0], "autoUv": false, "rotation": 270}}, "children": []}, {"name": "WingEdgeR.005", "from": [5.08012918, 1.11345863, -2.74085757], "to": [5.61365029, 3.33604908, -2.05862629], "rotationOrigin": [5.34688997, 3.33604908, -2.39974189], "stepParentName": "b_WingChangelingR", "rotationX": -5.8424785, "rotationY": 18.14468269, "rotationZ": 85.0995057, "group": "WingChangelingR", "faces": {"north": {"texture": "#main", "uv": [54.0, 32.0, 58.0, 34.0], "autoUv": false, "rotation": 90}, "east": {"texture": "#main", "uv": [58.0, 32.0, 54.0, 34.0], "autoUv": false, "rotation": 90}, "south": {"texture": "#main", "uv": [54.0, 32.0, 58.0, 34.0], "autoUv": false, "rotation": 90}, "west": {"texture": "#main", "uv": [54.0, 34.0, 58.0, 36.0], "autoUv": false, "rotation": 90}, "up": {"texture": "#main", "uv": [58.0, 32.0, 60.0, 34.0], "autoUv": false, "rotation": 180}, "down": {"texture": "#main", "uv": [54.0, 34.0, 52.0, 32.0], "autoUv": false}}, "children": []}, {"name": "WingEdgeR.006", "from": [7.05910653, 0.86053228, -3.34043494], "to": [7.59269312, 3.08018589, -2.7007615], "rotationOrigin": [7.32590008, 3.08018589, -3.02059817], "stepParentName": "b_WingChangelingR", "rotationX": -5.83375251, "rotationY": 17.94729535, "rotationZ": 74.91363093, "group": "WingChangelingR", "faces": {"north": {"texture": "#main", "uv": [54.0, 32.0, 58.0, 34.0], "autoUv": false, "rotation": 90}, "east": {"texture": "#main", "uv": [58.0, 32.0, 54.0, 34.0], "autoUv": false, "rotation": 90}, "south": {"texture": "#main", "uv": [54.0, 32.0, 58.0, 34.0], "autoUv": false, "rotation": 90}, "west": {"texture": "#main", "uv": [54.0, 34.0, 58.0, 36.0], "autoUv": false, "rotation": 90}, "up": {"texture": "#main", "uv": [58.0, 32.0, 60.0, 34.0], "autoUv": false, "rotation": 180}, "down": {"texture": "#main", "uv": [54.0, 34.0, 52.0, 32.0], "autoUv": false}}, "children": []}, {"name": "WingEdgeR.007", "from": [8.91702092, 1.45107687, -3.80657122], "to": [9.30861996, 2.59820175, -3.28354582], "rotationOrigin": [9.11282063, 2.59820175, -3.54505849], "stepParentName": "b_WingChangelingR", "rotationX": -5.27149689, "rotationY": 20.18985819, "rotationZ": 62.06250706, "group": "WingChangelingR", "faces": {"north": {"texture": "#main", "uv": [54.0, 32.0, 58.0, 34.0], "autoUv": false, "rotation": 90}, "east": {"texture": "#main", "uv": [58.0, 32.0, 54.0, 34.0], "autoUv": false, "rotation": 90}, "south": {"texture": "#main", "uv": [54.0, 32.0, 58.0, 34.0], "autoUv": false, "rotation": 90}, "west": {"texture": "#main", "uv": [54.0, 34.0, 58.0, 36.0], "autoUv": false, "rotation": 90}, "up": {"texture": "#main", "uv": [58.0, 32.0, 60.0, 34.0], "autoUv": false, "rotation": 180}, "down": {"texture": "#main", "uv": [54.0, 34.0, 52.0, 32.0], "autoUv": false}}, "children": []}, {"name": "WingEdgeR.008", "from": [9.69734199, 1.23384225, -3.95907256], "to": [10.00917588, 2.14735889, -3.56077392], "rotationOrigin": [9.85325909, 2.14735889, -3.75992322], "stepParentName": "b_WingChangelingR", "rotationX": -6.19341106, "rotationY": 23.06520903, "rotationZ": 61.19399387, "group": "WingChangelingR", "faces": {"north": {"texture": "#main", "uv": [54.0, 32.0, 58.0, 34.0], "autoUv": false, "rotation": 90}, "east": {"texture": "#main", "uv": [58.0, 32.0, 54.0, 34.0], "autoUv": false, "rotation": 90}, "south": {"texture": "#main", "uv": [54.0, 32.0, 58.0, 34.0], "autoUv": false, "rotation": 90}, "west": {"texture": "#main", "uv": [54.0, 34.0, 58.0, 36.0], "autoUv": false, "rotation": 90}, "up": {"texture": "#main", "uv": [58.0, 32.0, 60.0, 34.0], "autoUv": false, "rotation": 180}, "down": {"texture": "#main", "uv": [54.0, 34.0, 52.0, 32.0], "autoUv": false}}, "children": []}, {"name": "WingMeshR.002", "from": [4.49189798, 2.43504134, -2.51020232], "to": [5.78460848, 2.80652627, -1.5599398], "rotationOrigin": [4.49189854, 2.62078381, -2.03507161], "stepParentName": "b_WingChangelingR", "rotationX": 68.24344577, "rotationY": -38.20698539, "rotationZ": -23.79233901, "group": "WingChangelingR", "faces": {"north": {"texture": "#main", "uv": [47.0, 29.0, 49.0, 32.0], "autoUv": false, "rotation": 90}, "east": {"texture": "#main", "uv": [46.0, 32.0, 47.0, 36.0], "autoUv": false, "rotation": 90}, "south": {"texture": "#main", "uv": [46.0, 29.0, 47.0, 32.0], "autoUv": false, "rotation": 90}, "west": {"texture": "#main", "uv": [51.0, 32.0, 53.0, 36.0], "autoUv": false, "rotation": 270}, "up": {"texture": "#main", "uv": [47.0, 32.0, 51.0, 36.0], "autoUv": false}, "down": {"texture": "#main", "uv": [46.0, 36.0, 41.0, 32.0], "autoUv": false, "rotation": 180}}, "children": []}, {"name": "WingMeshR.003", "from": [4.9986449, 2.8186391, -3.01427716], "to": [8.62580824, 3.20323381, -1.48463976], "rotationOrigin": [4.99864483, 3.01093769, -2.24945998], "stepParentName": "b_WingChangelingR", "rotationX": 71.35436471, "rotationY": -32.18279952, "rotationZ": -21.99656958, "group": "WingChangelingR", "faces": {"north": {"texture": "#main", "uv": [41.0, 27.0, 44.0, 36.0], "autoUv": false, "rotation": 270}, "east": {"texture": "#main", "uv": [54.0, 27.0, 48.0, 29.0], "autoUv": false}, "south": {"texture": "#main", "uv": [41.0, 27.0, 44.0, 36.0], "autoUv": false, "rotation": 270}, "west": {"texture": "#main", "uv": [48.0, 27.0, 41.0, 29.0], "autoUv": false}, "up": {"texture": "#main", "uv": [41.0, 31.0, 49.0, 36.0], "autoUv": false, "rotation": 180}, "down": {"texture": "#main", "uv": [44.0, 36.0, 54.0, 29.0], "autoUv": false, "rotation": 180}}, "children": []}, {"name": "WingMeshR.004", "from": [3.50126243, 0.29462142, -2.22343969], "to": [5.75756145, 0.69971871, -0.78981709], "rotationOrigin": [3.50126243, 0.48036385, -1.48342824], "stepParentName": "b_WingChangelingR", "rotationX": -25.3604053, "rotationY": -70.54685194, "rotationZ": -107.85094096, "group": "WingChangelingR", "faces": {"north": {"texture": "#main", "uv": [46.0, 26.0, 48.0, 35.0], "autoUv": false, "rotation": 90}, "east": {"texture": "#main", "uv": [46.0, 26.0, 48.0, 26.0], "autoUv": false, "rotation": 90}, "south": {"texture": "#main", "uv": [54.0, 26.0, 56.0, 35.0], "autoUv": false, "rotation": 270}, "west": {"texture": "#main", "uv": [48.0, 26.0, 50.0, 26.0], "autoUv": false, "rotation": 90}, "up": {"texture": "#main", "uv": [48.0, 26.0, 54.0, 35.0], "autoUv": false, "rotation": 270}, "down": {"texture": "#main", "uv": [46.0, 35.0, 40.0, 26.0], "autoUv": false, "rotation": 270}}, "children": []}, {"name": "WingMeshR.005", "from": [4.1308341, 2.06036079, -2.7808041], "to": [7.65265393, 2.48114075, -1.0676443], "rotationOrigin": [4.1308341, 2.24610329, -1.89650035], "stepParentName": "b_WingChangelingR", "rotationX": 45.51229618, "rotationY": -61.49426948, "rotationZ": -41.62343576, "group": "WingChangelingR", "faces": {"north": {"texture": "#main", "uv": [48.0, 26.0, 49.0, 36.0], "autoUv": false, "rotation": 90}, "east": {"texture": "#main", "uv": [49.0, 26.0, 48.0, 36.0], "autoUv": false, "rotation": 270}, "south": {"texture": "#main", "uv": [57.0, 26.0, 59.0, 36.0], "autoUv": false, "rotation": 270}, "west": {"texture": "#main", "uv": [51.0, 26.0, 49.0, 36.0], "autoUv": false, "rotation": 270}, "up": {"texture": "#main", "uv": [41.0, 26.0, 49.0, 36.0], "autoUv": false, "rotation": 270}, "down": {"texture": "#main", "uv": [48.0, 36.0, 40.0, 26.0], "autoUv": false, "rotation": 270}}, "children": []}, {"name": "WingMeshR.006", "from": [0.9806065, 0.30267525, -0.81121583], "to": [2.11360705, 0.66968718, 0.55378532], "rotationOrigin": [1.54710674, 0.48618126, -0.81121564], "stepParentName": "b_WingChangelingR", "rotationX": 65.7719828, "rotationY": -42.32861523, "rotationZ": -25.39120092, "group": "WingChangelingR", "faces": {"north": {"texture": "#main", "uv": [46.0, 30.0, 48.0, 35.0], "autoUv": false, "rotation": 90}, "east": {"texture": "#main", "uv": [46.0, 26.0, 48.0, 30.0], "autoUv": false, "rotation": 90}, "south": {"texture": "#main", "uv": [54.0, 30.0, 55.0, 35.0], "autoUv": false, "rotation": 270}, "west": {"texture": "#main", "uv": [48.0, 26.0, 49.0, 30.0], "autoUv": false, "rotation": 90}, "up": {"texture": "#main", "uv": [48.0, 30.0, 54.0, 35.0], "autoUv": false, "rotation": 270}, "down": {"texture": "#main", "uv": [46.0, 35.0, 40.0, 30.0], "autoUv": false, "rotation": 270}}, "children": []}, {"name": "WingMeshR.007", "from": [5.80952634, 3.53065242, -3.04980397], "to": [6.64423633, 3.83166249, -2.06648791], "rotationOrigin": [5.62177896, 3.66352558, -2.55963731], "stepParentName": "b_WingChangelingR", "rotationX": 87.9092816, "rotationY": 12.96269842, "rotationZ": -18.98296547, "group": "WingChangelingR", "faces": {"north": {"texture": "#main", "uv": [45.0, 27.0, 46.0, 31.0], "autoUv": false, "rotation": 90}, "east": {"texture": "#main", "uv": [44.0, 31.0, 45.0, 35.0], "autoUv": false, "rotation": 90}, "south": {"texture": "#main", "uv": [44.0, 27.0, 45.0, 31.0], "autoUv": false, "rotation": 90}, "west": {"texture": "#main", "uv": [49.0, 31.0, 50.0, 35.0], "autoUv": false, "rotation": 270}, "up": {"texture": "#main", "uv": [45.0, 31.0, 49.0, 35.0], "autoUv": false}, "down": {"texture": "#main", "uv": [44.0, 35.0, 40.0, 31.0], "autoUv": false, "rotation": 180}}, "children": []}, {"name": "WingMeshR.008", "from": [6.12486076, 4.48397683, -3.2842367], "to": [6.49202788, 4.77960934, -2.41834202], "rotationOrigin": [6.12486076, 4.6144762, -2.8372767], "stepParentName": "b_WingChangelingR", "rotationX": 82.7729247, "rotationY": -2.16486282, "rotationZ": -18.49530704, "group": "WingChangelingR", "faces": {"north": {"texture": "#main", "uv": [43.0, 30.0, 44.0, 32.0], "autoUv": false, "rotation": 90}, "east": {"texture": "#main", "uv": [42.0, 32.0, 43.0, 35.0], "autoUv": false, "rotation": 90}, "south": {"texture": "#main", "uv": [42.0, 30.0, 43.0, 32.0], "autoUv": false, "rotation": 90}, "west": {"texture": "#main", "uv": [45.0, 32.0, 46.0, 35.0], "autoUv": false, "rotation": 270}, "up": {"texture": "#main", "uv": [43.0, 32.0, 45.0, 35.0], "autoUv": false}, "down": {"texture": "#main", "uv": [42.0, 35.0, 40.0, 32.0], "autoUv": false, "rotation": 180}}, "children": []}, {"name": "WingMeshR.009", "from": [6.61970224, 2.99161413, -3.37049609], "to": [9.0360651, 3.36180085, -2.25688308], "rotationOrigin": [6.61970234, 3.17670727, -2.81368995], "stepParentName": "b_WingChangelingR", "rotationX": 47.08598542, "rotationY": -60.6160779, "rotationZ": -40.24625448, "group": "WingChangelingR", "faces": {"north": {"texture": "#main", "uv": [45.0, 26.0, 47.0, 36.0], "autoUv": false, "rotation": 90}, "east": {"texture": "#main", "uv": [47.0, 26.0, 45.0, 29.0], "autoUv": false, "rotation": 270}, "south": {"texture": "#main", "uv": [51.0, 26.0, 53.0, 36.0], "autoUv": false, "rotation": 270}, "west": {"texture": "#main", "uv": [48.0, 26.0, 47.0, 29.0], "autoUv": false, "rotation": 270}, "up": {"texture": "#main", "uv": [47.0, 26.0, 51.0, 36.0], "autoUv": false, "rotation": 270}, "down": {"texture": "#main", "uv": [45.0, 36.0, 40.0, 26.0], "autoUv": false, "rotation": 270}}, "children": []}, {"name": "WingMeshR.010", "from": [7.66057339, 2.75786236, -3.6999554], "to": [9.87675548, 3.12861079, -2.58634222], "rotationOrigin": [7.66057348, 2.94323635, -3.14314914], "stepParentName": "b_WingChangelingR", "rotationX": 33.24880763, "rotationY": -66.503257, "rotationZ": -52.66426239, "group": "WingChangelingR", "faces": {"north": {"texture": "#main", "uv": [45.0, 29.0, 47.0, 36.0], "autoUv": false, "rotation": 90}, "east": {"texture": "#main", "uv": [47.0, 29.0, 45.0, 32.0], "autoUv": false, "rotation": 270}, "south": {"texture": "#main", "uv": [51.0, 29.0, 53.0, 36.0], "autoUv": false, "rotation": 270}, "west": {"texture": "#main", "uv": [48.0, 29.0, 47.0, 32.0], "autoUv": false, "rotation": 270}, "up": {"texture": "#main", "uv": [47.0, 29.0, 51.0, 36.0], "autoUv": false, "rotation": 270}, "down": {"texture": "#main", "uv": [45.0, 36.0, 40.0, 29.0], "autoUv": false, "rotation": 270}}, "children": []}, {"name": "WingMeshR.011", "from": [9.08935163, 1.72963881, -4.42625314], "to": [9.76797539, 2.08274335, -2.58491278], "rotationOrigin": [9.08935165, 1.90619087, -3.50558352], "stepParentName": "b_WingChangelingR", "rotationX": 54.03518722, "rotationY": -55.80109848, "rotationZ": -34.33243081, "group": "WingChangelingR", "faces": {"north": {"texture": "#main", "uv": [48.0, 33.0, 50.0, 36.0], "autoUv": false, "rotation": 90}, "east": {"texture": "#main", "uv": [48.0, 27.0, 50.0, 33.0], "autoUv": false, "rotation": 90}, "south": {"texture": "#main", "uv": [58.0, 33.0, 59.0, 36.0], "autoUv": false, "rotation": 270}, "west": {"texture": "#main", "uv": [50.0, 27.0, 51.0, 33.0], "autoUv": false, "rotation": 90}, "up": {"texture": "#main", "uv": [50.0, 33.0, 58.0, 36.0], "autoUv": false, "rotation": 270}, "down": {"texture": "#main", "uv": [48.0, 36.0, 40.0, 33.0], "autoUv": false, "rotation": 270}}, "children": []}, {"name": "WingMeshR.012", "from": [9.01296612, 2.23575768, -4.28753251], "to": [9.89243048, 2.59639989, -2.78848535], "rotationOrigin": [9.01296616, 2.41607857, -3.53800941], "stepParentName": "b_WingChangelingR", "rotationX": -26.87423136, "rotationY": -70.37686902, "rotationZ": -109.27761038, "group": "WingChangelingR", "faces": {"north": {"texture": "#main", "uv": [47.0, 32.0, 48.0, 36.0], "autoUv": false, "rotation": 90}, "east": {"texture": "#main", "uv": [47.0, 28.0, 48.0, 32.0], "autoUv": false, "rotation": 90}, "south": {"texture": "#main", "uv": [55.0, 32.0, 56.0, 36.0], "autoUv": false, "rotation": 270}, "west": {"texture": "#main", "uv": [48.0, 28.0, 50.0, 32.0], "autoUv": false, "rotation": 90}, "up": {"texture": "#main", "uv": [48.0, 32.0, 55.0, 36.0], "autoUv": false, "rotation": 270}, "down": {"texture": "#main", "uv": [47.0, 36.0, 40.0, 32.0], "autoUv": false, "rotation": 270}}, "children": []}], "groups": []}