{"textureWidth":64,"textureHeight":64,"textures":{},"textureSizes":{"head":[64,64]},"elements":[{"name":"EarsWolf0R.005","from":[0.104115486145,-3.666415214539,-0.729021251202],"to":[1.361704647541,3.238977193832,0.22197380662],"rotationOrigin":[0.785743534565,-0.21209526062,-0.171709537506],"stepParentName":"b_EarR","rotationX":-19.864440653729,"rotationY":52.069393892269,"rotationZ":4.916506341472,"group":"EarsWolf0R","faces":{"north":{"texture":"#head","uv":[24.0,32.0,21.0,42.0],"autoUv":false},"east":{"texture":"#head","uv":[11.0,36.0,9.0,48.0],"autoUv":false},"south":{"texture":"#head","uv":[6.0,36.0,9.0,48.0],"autoUv":false},"west":{"texture":"#head","uv":[6.0,36.0,4.0,48.0],"autoUv":false},"up":{"texture":"#head","uv":[9.0,34.0,6.0,36.0],"autoUv":false,"rotation":180},"down":{"texture":"#head","uv":[6.0,50.0,9.0,48.0],"autoUv":false,"rotation":180}},"children":[]},{"name":"EarsWolf0R.006","from":[-3.034779429436,0.267527520657,-0.067401766777],"to":[3.077723145485,1.435723185539,0.916236788034],"rotationOrigin":[0.025370955467,0.820339202881,0.454995512962],"stepParentName":"b_EarR","rotationX":-20.809866900905,"rotationY":52.781977283093,"rotationZ":72.484105321386,"group":"EarsWolf0R","faces":{"north":{"texture":"#head","uv":[24.0,32.0,21.0,42.0],"autoUv":false,"rotation":270},"east":{"texture":"#head","uv":[9.0,33.0,6.0,35.0],"autoUv":false,"rotation":270},"south":{"texture":"#head","uv":[9.0,35.0,6.0,47.0],"autoUv":false,"rotation":90},"west":{"texture":"#head","uv":[9.0,47.0,6.0,49.0],"autoUv":false,"rotation":270},"up":{"texture":"#head","uv":[6.0,35.0,4.0,47.0],"autoUv":false,"rotation":90},"down":{"texture":"#head","uv":[9.0,47.0,11.0,35.0],"autoUv":false,"rotation":90}},"children":[]},{"name":"EarsWolf0R.007","from":[0.597929209471,-3.948554754257,-1.638860464096],"to":[1.2172498703,3.140189886093,-0.766452357173],"rotationOrigin":[0.842972099781,-0.497482299805,-0.552273035049],"stepParentName":"b_EarR","rotationX":-3.59824482694,"rotationY":52.127334386999,"rotationZ":-7.171504821896,"group":"EarsWolf0R","faces":{"north":{"texture":"#head","uv":[11.0,36.0,10.0,48.0],"autoUv":false},"east":{"texture":"#head","uv":[10.0,36.0,8.0,48.0],"autoUv":false},"south":{"texture":"#head","uv":[13.0,36.0,14.0,48.0],"autoUv":false},"west":{"texture":"#head","uv":[13.0,36.0,11.0,48.0],"autoUv":false},"up":{"texture":"#head","uv":[13.0,35.0,11.0,36.0],"autoUv":false,"rotation":180},"down":{"texture":"#head","uv":[11.0,49.0,13.0,48.0],"autoUv":false,"rotation":180}},"children":[]},{"name":"EarsWolf0R","from":[0.419858396053,2.51649415493,-1.856190383434],"to":[1.081929028034,3.873125076294,-0.981926120818],"rotationOrigin":[0.689425289631,3.090991973877,-1.064589977264],"stepParentName":"b_EarR","rotationX":-3.598249522695,"rotationY":52.127313896431,"rotationZ":51.450319206278,"group":"EarsWolf0R","faces":{"north":{"texture":"#head","uv":[8.0,36.0,12.0,37.0],"autoUv":false,"rotation":90},"east":{"texture":"#head","uv":[12.0,34.0,8.0,36.0],"autoUv":false},"south":{"texture":"#head","uv":[12.0,36.0,8.0,37.0],"autoUv":false,"rotation":90},"west":{"texture":"#head","uv":[12.0,34.0,8.0,36.0],"autoUv":false,"rotation":180},"up":{"texture":"#head","uv":[8.0,36.0,4.0,37.0],"autoUv":false,"rotation":90},"down":{"texture":"#head","uv":[4.0,37.0,8.0,36.0],"autoUv":false,"rotation":90}},"children":[]},{"name":"EarsWolf0R.009","from":[-0.787517338991,-0.902750253677,0.096193909645],"to":[-0.168196737766,4.66060090065,0.965298235416],"rotationOrigin":[-0.542474508286,1.022928237915,1.246561050415],"stepParentName":"b_EarR","rotationX":-3.598243546279,"rotationY":52.127313896431,"rotationZ":-38.886999020551,"group":"EarsWolf0R","faces":{"north":{"texture":"#head","uv":[12.0,35.0,11.0,47.0],"autoUv":false},"east":{"texture":"#head","uv":[11.0,35.0,9.0,47.0],"autoUv":false},"south":{"texture":"#head","uv":[14.0,35.0,15.0,47.0],"autoUv":false},"west":{"texture":"#head","uv":[14.0,35.0,12.0,47.0],"autoUv":false},"up":{"texture":"#head","uv":[14.0,34.0,12.0,35.0],"autoUv":false,"rotation":180},"down":{"texture":"#head","uv":[12.0,48.0,14.0,47.0],"autoUv":false,"rotation":180}},"children":[]},{"name":"EarsWolf0RFluff.002","from":[-0.666296988726,3.671788394451,-4.46534538269],"to":[0.044707268476,5.184779822826,-2.140038441412],"rotationOrigin":[-0.310794860125,4.31138753891,-2.140038490295],"stepParentName":"b_Head","rotationX":47.824557681606,"rotationY":31.276098737838,"rotationZ":25.881056963397,"group":"EarsWolf0R","faces":{"north":{"texture":"head","uv":[57.0,57.0,63.0,63.0],"autoUv":false,"rotation":180,"enabled":false},"east":{"texture":"#head","uv":[22.0,37.0,19.0,43.0],"autoUv":false,"rotation":270},"south":{"texture":"#head","uv":[17.0,34.0,18.0,37.0],"autoUv":false,"rotation":180},"west":{"texture":"#head","uv":[27.0,37.0,30.0,43.0],"autoUv":false,"rotation":90},"up":{"texture":"#head","uv":[19.0,36.0,20.0,42.0],"autoUv":false,"rotation":180},"down":{"texture":"#head","uv":[20.0,43.0,21.0,36.0],"autoUv":false}},"children":[]},{"name":"EarsWolf0RFluff.003","from":[-0.625658065081,4.633112996817,-4.62812256813],"to":[-0.001112908125,5.593754351139,-2.496231272702],"rotationOrigin":[-0.313385486603,5.039212703705,-2.49623131752],"stepParentName":"b_Head","rotationX":53.7124061424,"rotationY":17.254227513348,"rotationZ":22.404733147576,"group":"EarsWolf0R","faces":{"north":{"texture":"head","uv":[57.0,57.0,63.0,63.0],"autoUv":false,"rotation":180,"enabled":false},"east":{"texture":"#head","uv":[21.0,36.0,19.0,42.0],"autoUv":false,"rotation":270},"south":{"texture":"#head","uv":[17.0,34.0,18.0,37.0],"autoUv":false,"rotation":180},"west":{"texture":"#head","uv":[28.0,37.0,30.0,43.0],"autoUv":false,"rotation":90},"up":{"texture":"#head","uv":[19.0,36.0,20.0,42.0],"autoUv":false,"rotation":180},"down":{"texture":"#head","uv":[20.0,43.0,21.0,36.0],"autoUv":false}},"children":[]},{"name":"EarsWolf0L.005","from":[0.104115486145,-3.666415214539,-0.22197380662],"to":[1.361704647541,3.238977193832,0.729021251202],"rotationOrigin":[0.785743534565,-0.21209526062,0.171709537506],"stepParentName":"b_EarL","rotationX":19.864442361276,"rotationY":-52.069397307364,"rotationZ":4.916507622132,"group":"EarsWolf0L","faces":{"north":{"texture":"#head","uv":[9.0,36.0,6.0,48.0],"autoUv":false},"east":{"texture":"#head","uv":[9.0,36.0,11.0,48.0],"autoUv":false},"south":{"texture":"#head","uv":[21.0,32.0,24.0,42.0],"autoUv":false},"west":{"texture":"#head","uv":[4.0,36.0,6.0,48.0],"autoUv":false},"up":{"texture":"#head","uv":[6.0,34.0,9.0,36.0],"autoUv":false},"down":{"texture":"#head","uv":[9.0,50.0,6.0,48.0],"autoUv":false}},"children":[]},{"name":"EarsWolf0L.006","from":[-3.034779429436,0.267527520657,-0.916236788034],"to":[3.077723145485,1.435723185539,0.067401766777],"rotationOrigin":[0.025370955467,0.820339202881,-0.454995512962],"stepParentName":"b_EarL","rotationX":20.80988909902,"rotationY":-52.781980698188,"rotationZ":72.484132642142,"group":"EarsWolf0L","faces":{"north":{"texture":"#head","uv":[6.0,35.0,9.0,47.0],"autoUv":false,"rotation":270},"east":{"texture":"#head","uv":[6.0,33.0,9.0,35.0],"autoUv":false,"rotation":90},"south":{"texture":"#head","uv":[21.0,32.0,24.0,42.0],"autoUv":false,"rotation":90},"west":{"texture":"#head","uv":[6.0,47.0,9.0,49.0],"autoUv":false,"rotation":90},"up":{"texture":"#head","uv":[4.0,35.0,6.0,47.0],"autoUv":false,"rotation":90},"down":{"texture":"#head","uv":[11.0,47.0,9.0,35.0],"autoUv":false,"rotation":90}},"children":[]},{"name":"EarsWolf0L.007","from":[0.597929209471,-3.948554754257,0.766452357173],"to":[1.2172498703,3.140189886093,1.638860464096],"rotationOrigin":[0.842972099781,-0.497482299805,0.552273035049],"stepParentName":"b_EarL","rotationX":3.598241838732,"rotationY":-52.12732072662,"rotationZ":-7.171503968122,"group":"EarsWolf0L","faces":{"north":{"texture":"#head","uv":[14.0,36.0,13.0,48.0],"autoUv":false},"east":{"texture":"#head","uv":[8.0,36.0,10.0,48.0],"autoUv":false},"south":{"texture":"#head","uv":[10.0,36.0,11.0,48.0],"autoUv":false},"west":{"texture":"#head","uv":[11.0,36.0,13.0,48.0],"autoUv":false},"up":{"texture":"#head","uv":[11.0,35.0,13.0,36.0],"autoUv":false},"down":{"texture":"#head","uv":[13.0,49.0,11.0,48.0],"autoUv":false}},"children":[]},{"name":"EarsWolf0L","from":[0.419858396053,2.51649415493,0.981926120818],"to":[1.081929028034,3.873125076294,1.856190383434],"rotationOrigin":[0.689425289631,3.090991973877,1.064589977264],"stepParentName":"b_EarL","rotationX":3.598245253827,"rotationY":-52.127313896431,"rotationZ":51.450315791183,"group":"EarsWolf0L","faces":{"north":{"texture":"#head","uv":[8.0,36.0,12.0,37.0],"autoUv":false,"rotation":270},"east":{"texture":"#head","uv":[8.0,34.0,12.0,36.0],"autoUv":false},"south":{"texture":"#head","uv":[12.0,36.0,8.0,37.0],"autoUv":false,"rotation":270},"west":{"texture":"#head","uv":[8.0,34.0,12.0,36.0],"autoUv":false,"rotation":180},"up":{"texture":"#head","uv":[4.0,36.0,8.0,37.0],"autoUv":false,"rotation":90},"down":{"texture":"#head","uv":[8.0,37.0,4.0,36.0],"autoUv":false,"rotation":90}},"children":[]},{"name":"EarsWolf0L.009","from":[-0.787517338991,-0.902750253677,-0.965298235416],"to":[-0.168196737766,4.66060090065,-0.096193909645],"rotationOrigin":[-0.542474508286,1.022928237915,-1.246561050415],"stepParentName":"b_EarL","rotationX":3.598242265619,"rotationY":-52.127334386999,"rotationZ":-38.887016096024,"group":"EarsWolf0L","faces":{"north":{"texture":"#head","uv":[15.0,35.0,14.0,47.0],"autoUv":false},"east":{"texture":"#head","uv":[9.0,35.0,11.0,47.0],"autoUv":false},"south":{"texture":"#head","uv":[11.0,35.0,12.0,47.0],"autoUv":false},"west":{"texture":"#head","uv":[12.0,35.0,14.0,47.0],"autoUv":false},"up":{"texture":"#head","uv":[12.0,34.0,14.0,35.0],"autoUv":false},"down":{"texture":"#head","uv":[14.0,48.0,12.0,47.0],"autoUv":false}},"children":[]},{"name":"EarsWolf0LFluff.002","from":[-0.313291698694,-0.950041115284,-0.115178157099],"to":[0.397712558508,0.562950313091,2.21012878418],"rotationOrigin":[0.042210429907,-0.310441970825,-0.115178108215],"stepParentName":"b_EarL","rotationX":-47.824564511795,"rotationY":-31.276105568027,"rotationZ":25.881051840755,"group":"EarsWolf0L","faces":{"north":{"texture":"#head","uv":[18.0,34.0,17.0,37.0],"autoUv":false,"rotation":180},"east":{"texture":"#head","uv":[19.0,37.0,22.0,43.0],"autoUv":false,"rotation":90},"south":{"texture":"head","uv":[63.0,57.0,57.0,63.0],"autoUv":false,"rotation":180,"enabled":false},"west":{"texture":"#head","uv":[29.0,37.0,26.0,43.0],"autoUv":false,"rotation":270},"up":{"texture":"#head","uv":[21.0,36.0,20.0,42.0],"autoUv":false},"down":{"texture":"#head","uv":[22.0,43.0,21.0,36.0],"autoUv":false,"rotation":180}},"children":[]},{"name":"EarsWolf0LFluff","from":[-0.272652775049,0.011283487082,0.241014435773],"to":[0.351892381907,0.971924841404,2.372905731201],"rotationOrigin":[0.039619803429,0.41738319397,0.241014480591],"stepParentName":"b_EarL","rotationX":-53.712419802778,"rotationY":-17.254232635989,"rotationZ":22.404736562671,"group":"EarsWolf0L","faces":{"north":{"texture":"#head","uv":[18.0,34.0,17.0,37.0],"autoUv":false,"rotation":180},"east":{"texture":"#head","uv":[18.0,36.0,20.0,42.0],"autoUv":false,"rotation":90},"south":{"texture":"head","uv":[63.0,57.0,57.0,63.0],"autoUv":false,"rotation":180,"enabled":false},"west":{"texture":"#head","uv":[29.0,37.0,27.0,43.0],"autoUv":false,"rotation":270},"up":{"texture":"#head","uv":[20.0,36.0,19.0,42.0],"autoUv":false},"down":{"texture":"#head","uv":[21.0,43.0,20.0,36.0],"autoUv":false,"rotation":180}},"children":[]}],"groups":[]}