{"textureWidth":64,"textureHeight":64,"textures":{},"textureSizes":{"head":[64,64]},"elements":[{"name":"EarDragon0L.007","from":[-0.23759736098,-1.230022302961,-0.018516089435],"to":[0.781208030534,3.406657365958,0.755179387567],"rotationOrigin":[0.314607143402,0.610855102539,0.303686857224],"stepParentName":"b_EarL","rotationX":29.896721544386,"rotationY":-14.52289121332,"rotationZ":22.1727560177,"group":"FrontL","faces":{"north":{"texture":"#head","uv":[10.0,34.0,8.0,46.0],"autoUv":false},"east":{"texture":"#head","uv":[10.0,34.0,12.0,46.0],"autoUv":false},"south":{"texture":"#head","uv":[22.0,32.0,24.0,42.0],"autoUv":false},"west":{"texture":"#head","uv":[6.0,34.0,8.0,46.0],"autoUv":false},"up":{"texture":"#head","uv":[8.0,33.0,10.0,34.0],"autoUv":false},"down":{"texture":"#head","uv":[10.0,47.0,8.0,46.0],"autoUv":false}},"children":[]},{"name":"EarDragon0L.008","from":[-3.250759985098,0.550720728999,-0.150618348972],"to":[1.701135753982,1.497105842477,0.646252589059],"rotationOrigin":[-0.771653294563,0.998567581177,0.223045110703],"stepParentName":"b_EarL","rotationX":30.682203544222,"rotationY":-15.036009174717,"rotationZ":89.191396899208,"group":"FrontL","faces":{"north":{"texture":"#head","uv":[6.0,34.0,8.0,46.0],"autoUv":false,"rotation":270},"east":{"texture":"#head","uv":[6.0,33.0,8.0,34.0],"autoUv":false,"rotation":90},"south":{"texture":"#head","uv":[22.0,32.0,24.0,42.0],"autoUv":false,"rotation":90},"west":{"texture":"#head","uv":[6.0,46.0,8.0,47.0],"autoUv":false,"rotation":90},"up":{"texture":"#head","uv":[4.0,34.0,6.0,46.0],"autoUv":false,"rotation":90},"down":{"texture":"#head","uv":[10.0,46.0,8.0,34.0],"autoUv":false,"rotation":90}},"children":[]},{"name":"EarDragon0L.009","from":[0.395884655184,-1.047076387338,0.535706794616],"to":[0.897612186583,3.412679111124,1.410466345726],"rotationOrigin":[0.59440022707,0.465707778931,0.530194044113],"stepParentName":"b_EarL","rotationX":20.302892694667,"rotationY":-18.373632339063,"rotationZ":20.228518764794,"group":"FrontL","faces":{"north":{"texture":"#head","uv":[11.0,34.0,12.0,45.0],"autoUv":false},"east":{"texture":"#head","uv":[6.0,34.0,8.0,45.0],"autoUv":false},"south":{"texture":"#head","uv":[8.0,34.0,9.0,45.0],"autoUv":false},"west":{"texture":"#head","uv":[9.0,34.0,11.0,45.0],"autoUv":false},"up":{"texture":"#head","uv":[8.0,33.0,9.0,34.0],"autoUv":false},"down":{"texture":"#head","uv":[9.0,46.0,8.0,45.0],"autoUv":false}},"children":[]},{"name":"EarDragon0L.010","from":[-0.888507627537,2.541659151201,1.225806569812],"to":[-0.352147296317,3.640700238757,1.934070483881],"rotationOrigin":[-0.670124590397,3.007074356079,1.292774677277],"stepParentName":"b_EarL","rotationX":20.302889279572,"rotationY":-18.373628923968,"rotationZ":78.850319741079,"group":"FrontL","faces":{"north":{"texture":"#head","uv":[7.0,35.0,11.0,36.0],"autoUv":false,"rotation":270},"east":{"texture":"#head","uv":[7.0,33.0,11.0,35.0],"autoUv":false},"south":{"texture":"#head","uv":[11.0,35.0,7.0,36.0],"autoUv":false,"rotation":270},"west":{"texture":"#head","uv":[7.0,33.0,11.0,35.0],"autoUv":false,"rotation":180},"up":{"texture":"#head","uv":[3.0,35.0,7.0,36.0],"autoUv":false,"rotation":90},"down":{"texture":"#head","uv":[7.0,36.0,3.0,35.0],"autoUv":false,"rotation":90}},"children":[]},{"name":"EarDragon0L.011","from":[-1.683214826478,-1.942437318961,0.104108725896],"to":[-0.938819584665,3.800336280357,0.808192495477],"rotationOrigin":[-1.484699368477,0.853364944458,-0.123749494553],"stepParentName":"b_EarL","rotationX":20.302897817308,"rotationY":-18.373642584347,"rotationZ":-11.486987386692,"group":"FrontL","faces":{"north":{"texture":"#head","uv":[12.0,34.0,10.0,48.0],"autoUv":false},"east":{"texture":"#head","uv":[4.0,34.0,6.0,48.0],"autoUv":false},"south":{"texture":"#head","uv":[6.0,34.0,8.0,48.0],"autoUv":false},"west":{"texture":"#head","uv":[8.0,34.0,10.0,48.0],"autoUv":false},"up":{"texture":"#head","uv":[6.0,32.0,8.0,34.0],"autoUv":false},"down":{"texture":"#head","uv":[8.0,50.0,6.0,48.0],"autoUv":false}},"children":[]},{"name":"EarDragon0L.012","from":[-0.589218082099,-1.920954889696,-0.755012992431],"to":[0.429587155235,1.282676095963,0.015412654187],"rotationOrigin":[-0.037013731897,-0.318386077881,-0.436079978943],"stepParentName":"b_EarL","rotationX":29.896721544386,"rotationY":-14.52289121332,"rotationZ":7.174076388118,"group":"FrontL","faces":{"north":{"texture":"#head","uv":[8.0,40.0,6.0,48.0],"autoUv":false},"east":{"texture":"#head","uv":[4.0,40.0,6.0,48.0],"autoUv":false},"south":{"texture":"#head","uv":[22.0,32.0,24.0,42.0],"autoUv":false},"west":{"texture":"#head","uv":[8.0,40.0,10.0,48.0],"autoUv":false},"up":{"texture":"#head","uv":[6.0,40.0,8.0,41.0],"autoUv":false},"down":{"texture":"#head","uv":[8.0,49.0,6.0,48.0],"autoUv":false}},"children":[]},{"name":"EarDragon0L.013","from":[0.17569143182,-2.612861833734,-0.757717856012],"to":[0.677418997902,-0.591340913253,0.246042329714],"rotationOrigin":[0.426554739475,-2.612861633301,-0.255837917328],"stepParentName":"b_EarL","rotationX":20.302896109761,"rotationY":-18.373630631516,"rotationZ":-17.976835914326,"group":"FrontL","faces":{"north":{"texture":"#head","uv":[12.0,45.0,13.0,51.0],"autoUv":false,"rotation":180},"east":{"texture":"#head","uv":[7.0,45.0,9.0,51.0],"autoUv":false},"south":{"texture":"#head","uv":[9.0,45.0,10.0,51.0],"autoUv":false},"west":{"texture":"#head","uv":[10.0,45.0,12.0,51.0],"autoUv":false},"up":{"texture":"#head","uv":[9.0,45.0,10.0,47.0],"autoUv":false},"down":{"texture":"#head","uv":[10.0,53.0,9.0,51.0],"autoUv":false}},"children":[]},{"name":"EarsDragon0LFluff.002","from":[-0.441956522873,-2.127458822432,-0.261616748181],"to":[0.132018032483,-0.571762455316,1.704497125262],"rotationOrigin":[-0.154969245195,-1.469806671143,-0.261616706848],"stepParentName":"b_EarL","rotationX":-41.136607201059,"rotationY":-11.349626306067,"rotationZ":67.467788998686,"group":"FrontL","faces":{"north":{"texture":"#head","uv":[18.0,34.0,17.0,37.0],"autoUv":false,"rotation":180},"east":{"texture":"#head","uv":[19.0,37.0,22.0,43.0],"autoUv":false,"rotation":90},"south":{"texture":"head","uv":[63.0,57.0,57.0,63.0],"autoUv":false,"rotation":180,"enabled":false},"west":{"texture":"#head","uv":[29.0,37.0,26.0,43.0],"autoUv":false,"rotation":270},"up":{"texture":"#head","uv":[20.0,36.0,19.0,42.0],"autoUv":false},"down":{"texture":"#head","uv":[21.0,43.0,20.0,36.0],"autoUv":false,"rotation":180}},"children":[]},{"name":"EarsDragon0LFluff.003","from":[-0.651371577973,-0.954290342616,0.181616026472],"to":[-0.147193154102,0.159456548128,2.151611373739],"rotationOrigin":[-0.399282366037,-0.483467102051,0.181616067886],"stepParentName":"b_EarL","rotationX":-51.192745942487,"rotationY":-7.008005034204,"rotationZ":65.057558674561,"group":"FrontL","faces":{"north":{"texture":"#head","uv":[18.0,34.0,17.0,37.0],"autoUv":false,"rotation":180},"east":{"texture":"#head","uv":[19.0,36.0,21.0,42.0],"autoUv":false,"rotation":90},"south":{"texture":"head","uv":[63.0,57.0,57.0,63.0],"autoUv":false,"rotation":180,"enabled":false},"west":{"texture":"#head","uv":[30.0,37.0,28.0,43.0],"autoUv":false,"rotation":270},"up":{"texture":"#head","uv":[20.0,36.0,19.0,42.0],"autoUv":false},"down":{"texture":"#head","uv":[21.0,43.0,20.0,36.0],"autoUv":false,"rotation":180}},"children":[]},{"name":"EarDragon0R.007","from":[-0.237597437325,-1.230022302961,-0.75518892431],"to":[0.781208095044,3.406657365958,0.018506552692],"rotationOrigin":[0.314607143402,0.610855102539,-0.303696393967],"stepParentName":"b_EarR","rotationX":-29.896728374575,"rotationY":14.522886090678,"rotationZ":22.1727560177,"group":"FrontR","faces":{"north":{"texture":"#head","uv":[24.0,32.0,22.0,42.0],"autoUv":false},"east":{"texture":"#head","uv":[12.0,34.0,10.0,46.0],"autoUv":false},"south":{"texture":"#head","uv":[8.0,34.0,10.0,46.0],"autoUv":false},"west":{"texture":"#head","uv":[8.0,34.0,6.0,46.0],"autoUv":false},"up":{"texture":"#head","uv":[10.0,33.0,8.0,34.0],"autoUv":false,"rotation":180},"down":{"texture":"#head","uv":[8.0,47.0,10.0,46.0],"autoUv":false,"rotation":180}},"children":[]},{"name":"EarDragon0R.008","from":[-3.250760499227,0.550720728999,-0.646262276454],"to":[1.701136266801,1.497105842477,0.150608496318],"rotationOrigin":[-0.771653294563,0.998567581177,-0.223054885864],"stepParentName":"b_EarR","rotationX":-30.682200129127,"rotationY":15.03600746717,"rotationZ":89.191396899208,"group":"FrontR","faces":{"north":{"texture":"#head","uv":[24.0,32.0,22.0,42.0],"autoUv":false,"rotation":270},"east":{"texture":"#head","uv":[8.0,33.0,6.0,34.0],"autoUv":false,"rotation":270},"south":{"texture":"#head","uv":[8.0,34.0,6.0,46.0],"autoUv":false,"rotation":90},"west":{"texture":"#head","uv":[8.0,46.0,6.0,47.0],"autoUv":false,"rotation":270},"up":{"texture":"#head","uv":[6.0,34.0,4.0,46.0],"autoUv":false,"rotation":90},"down":{"texture":"#head","uv":[8.0,46.0,10.0,34.0],"autoUv":false,"rotation":90}},"children":[]},{"name":"EarDragon0R.009","from":[0.395884586569,-1.047076387338,-1.41047588247],"to":[0.897612291385,3.412679111124,-0.535716331359],"rotationOrigin":[0.59440022707,0.465707778931,-0.530203580856],"stepParentName":"b_EarR","rotationX":-20.302892694667,"rotationY":18.373632339063,"rotationZ":20.228518764794,"group":"FrontR","faces":{"north":{"texture":"#head","uv":[9.0,34.0,8.0,45.0],"autoUv":false},"east":{"texture":"#head","uv":[8.0,34.0,6.0,45.0],"autoUv":false},"south":{"texture":"#head","uv":[12.0,34.0,11.0,45.0],"autoUv":false},"west":{"texture":"#head","uv":[11.0,34.0,9.0,45.0],"autoUv":false},"up":{"texture":"#head","uv":[9.0,33.0,8.0,34.0],"autoUv":false,"rotation":180},"down":{"texture":"#head","uv":[8.0,46.0,9.0,45.0],"autoUv":false,"rotation":180}},"children":[]},{"name":"EarDragon0R.010","from":[-0.888507627537,2.541659054681,-1.934080303374],"to":[-0.352147296317,3.640700370161,-1.225816340345],"rotationOrigin":[-0.670124590397,3.007074356079,-1.292784452438],"stepParentName":"b_EarR","rotationX":-20.302890987119,"rotationY":18.37363404661,"rotationZ":78.850319741079,"group":"FrontR","faces":{"north":{"texture":"#head","uv":[7.0,35.0,11.0,36.0],"autoUv":false,"rotation":90},"east":{"texture":"#head","uv":[11.0,33.0,7.0,35.0],"autoUv":false},"south":{"texture":"#head","uv":[11.0,35.0,7.0,36.0],"autoUv":false,"rotation":90},"west":{"texture":"#head","uv":[11.0,33.0,7.0,35.0],"autoUv":false,"rotation":180},"up":{"texture":"#head","uv":[7.0,35.0,3.0,36.0],"autoUv":false,"rotation":90},"down":{"texture":"#head","uv":[3.0,36.0,7.0,35.0],"autoUv":false,"rotation":90}},"children":[]},{"name":"EarDragon0R.011","from":[-1.683214812755,-1.942437705499,-0.80820203222],"to":[-0.9388196224,3.800336687795,-0.10411826264],"rotationOrigin":[-1.484699368477,0.853364944458,0.123739957809],"stepParentName":"b_EarR","rotationX":-20.302901232403,"rotationY":18.373639169252,"rotationZ":-11.486989948013,"group":"FrontR","faces":{"north":{"texture":"#head","uv":[8.0,34.0,6.0,48.0],"autoUv":false},"east":{"texture":"#head","uv":[6.0,34.0,4.0,48.0],"autoUv":false},"south":{"texture":"#head","uv":[10.0,34.0,12.0,48.0],"autoUv":false},"west":{"texture":"#head","uv":[10.0,34.0,8.0,48.0],"autoUv":false},"up":{"texture":"#head","uv":[8.0,32.0,6.0,34.0],"autoUv":false,"rotation":180},"down":{"texture":"#head","uv":[6.0,50.0,8.0,48.0],"autoUv":false,"rotation":180}},"children":[]},{"name":"EarDragon0R.012","from":[-0.589218082099,-1.920954889696,-0.015422159719],"to":[0.429587155235,1.282676095963,0.75500343364],"rotationOrigin":[-0.037013731897,-0.318386077881,0.4360704422],"stepParentName":"b_EarR","rotationX":-29.896724959481,"rotationY":14.522887798226,"rotationZ":7.174074680571,"group":"FrontR","faces":{"north":{"texture":"#head","uv":[24.0,32.0,22.0,42.0],"autoUv":false},"east":{"texture":"#head","uv":[6.0,40.0,4.0,48.0],"autoUv":false},"south":{"texture":"#head","uv":[6.0,40.0,8.0,48.0],"autoUv":false},"west":{"texture":"#head","uv":[10.0,40.0,8.0,48.0],"autoUv":false},"up":{"texture":"#head","uv":[8.0,40.0,6.0,41.0],"autoUv":false,"rotation":180},"down":{"texture":"#head","uv":[6.0,49.0,8.0,48.0],"autoUv":false,"rotation":180}},"children":[]},{"name":"EarDragon0R.013","from":[0.17569143182,-2.612861833734,-0.246051747248],"to":[0.677418997902,-0.591340913253,0.757708438478],"rotationOrigin":[0.426554739475,-2.612861633301,0.255828499794],"stepParentName":"b_EarR","rotationX":-20.302896109761,"rotationY":18.373630631516,"rotationZ":-17.976835914326,"group":"FrontR","faces":{"north":{"texture":"#head","uv":[10.0,45.0,9.0,51.0],"autoUv":false},"east":{"texture":"#head","uv":[9.0,45.0,7.0,51.0],"autoUv":false},"south":{"texture":"#head","uv":[13.0,45.0,12.0,51.0],"autoUv":false,"rotation":180},"west":{"texture":"#head","uv":[12.0,45.0,10.0,51.0],"autoUv":false},"up":{"texture":"#head","uv":[10.0,45.0,9.0,47.0],"autoUv":false,"rotation":180},"down":{"texture":"#head","uv":[9.0,53.0,10.0,51.0],"autoUv":false,"rotation":180}},"children":[]},{"name":"EarsDragon0RFluff.002","from":[-0.794961485079,2.494370687304,-3.959722902888],"to":[-0.220986929723,4.050067054419,-1.993609029445],"rotationOrigin":[-0.507974207401,3.152022838593,-1.993609070778],"stepParentName":"b_Head","rotationX":41.13660037087,"rotationY":11.34963399003,"rotationZ":67.467809489253,"group":"FrontR","faces":{"north":{"texture":"head","uv":[57.0,57.0,63.0,63.0],"autoUv":false,"rotation":180,"enabled":false},"east":{"texture":"#head","uv":[22.0,37.0,19.0,43.0],"autoUv":false,"rotation":270},"south":{"texture":"#head","uv":[17.0,34.0,18.0,37.0],"autoUv":false,"rotation":180},"west":{"texture":"#head","uv":[27.0,37.0,30.0,43.0],"autoUv":false,"rotation":90},"up":{"texture":"#head","uv":[19.0,36.0,20.0,42.0],"autoUv":false,"rotation":180},"down":{"texture":"#head","uv":[20.0,43.0,21.0,36.0],"autoUv":false}},"children":[]},{"name":"EarsDragon0RFluff.003","from":[-1.004376540179,3.667539167119,-4.406837747412],"to":[-0.500198116308,4.781286057863,-2.436842400145],"rotationOrigin":[-0.752287328243,4.138362407684,-2.436842441559],"stepParentName":"b_Head","rotationX":51.192732282109,"rotationY":7.008003326657,"rotationZ":65.057551844371,"group":"FrontR","faces":{"north":{"texture":"head","uv":[57.0,57.0,63.0,63.0],"autoUv":false,"rotation":180,"enabled":false},"east":{"texture":"#head","uv":[21.0,36.0,19.0,42.0],"autoUv":false,"rotation":270},"south":{"texture":"#head","uv":[17.0,34.0,18.0,37.0],"autoUv":false,"rotation":180},"west":{"texture":"#head","uv":[28.0,37.0,30.0,43.0],"autoUv":false,"rotation":90},"up":{"texture":"#head","uv":[19.0,36.0,20.0,42.0],"autoUv":false,"rotation":180},"down":{"texture":"#head","uv":[20.0,43.0,21.0,36.0],"autoUv":false}},"children":[]},{"name":"EarDragon0L.014","from":[2.834078359497,-2.024117759758,0.56787176289],"to":[3.741689075335,2.106505958924,1.257124254088],"rotationOrigin":[3.326014041901,-0.384157180786,0.854908704758],"stepParentName":"b_EarL","rotationX":53.997682653464,"rotationY":-18.417070634637,"rotationZ":4.769049814367,"group":"BackL","faces":{"north":{"texture":"#head","uv":[10.0,34.0,8.0,46.0],"autoUv":false},"east":{"texture":"#head","uv":[10.0,34.0,12.0,46.0],"autoUv":false},"south":{"texture":"#head","uv":[22.0,32.0,24.0,42.0],"autoUv":false},"west":{"texture":"#head","uv":[6.0,34.0,8.0,46.0],"autoUv":false},"up":{"texture":"#head","uv":[8.0,33.0,10.0,34.0],"autoUv":false},"down":{"texture":"#head","uv":[10.0,47.0,8.0,46.0],"autoUv":false}},"children":[]},{"name":"EarDragon0L.015","from":[0.285987355123,-0.249630148733,0.813422378472],"to":[4.697423943218,0.59346452937,1.523321131483],"rotationOrigin":[2.494519710541,0.149337768555,1.146303415298],"stepParentName":"b_EarL","rotationX":54.601013753418,"rotationY":-19.133900695577,"rotationZ":71.781517912412,"group":"BackL","faces":{"north":{"texture":"#head","uv":[6.0,34.0,8.0,46.0],"autoUv":false,"rotation":270},"east":{"texture":"#head","uv":[6.0,33.0,8.0,34.0],"autoUv":false,"rotation":90},"south":{"texture":"#head","uv":[22.0,32.0,24.0,42.0],"autoUv":false,"rotation":90},"west":{"texture":"#head","uv":[6.0,46.0,8.0,47.0],"autoUv":false,"rotation":90},"up":{"texture":"#head","uv":[4.0,34.0,6.0,46.0],"autoUv":false,"rotation":90},"down":{"texture":"#head","uv":[10.0,46.0,8.0,34.0],"autoUv":false,"rotation":90}},"children":[]},{"name":"EarDragon0L.016","from":[3.365229274248,-1.993775167094,0.925154340335],"to":[3.812197348982,1.97923428555,1.704440758126],"rotationOrigin":[3.542078495026,-0.646099090576,0.920243263245],"stepParentName":"b_EarL","rotationX":43.498493446238,"rotationY":-19.274156922636,"rotationZ":2.148647312405,"group":"BackL","faces":{"north":{"texture":"#head","uv":[11.0,34.0,12.0,45.0],"autoUv":false},"east":{"texture":"#head","uv":[6.0,34.0,8.0,45.0],"autoUv":false},"south":{"texture":"#head","uv":[8.0,34.0,9.0,45.0],"autoUv":false},"west":{"texture":"#head","uv":[9.0,34.0,11.0,45.0],"autoUv":false},"up":{"texture":"#head","uv":[8.0,33.0,9.0,34.0],"autoUv":false},"down":{"texture":"#head","uv":[9.0,46.0,8.0,45.0],"autoUv":false}},"children":[]},{"name":"EarDragon0L.017","from":[2.966580009856,0.752706935318,2.710597931552],"to":[3.444400894416,1.731796904619,3.341560403174],"rotationOrigin":[3.161128282547,1.167325973511,2.770256996155],"stepParentName":"b_EarL","rotationX":43.49847978586,"rotationY":-19.274151799994,"rotationZ":60.77044700803,"group":"BackL","faces":{"north":{"texture":"#head","uv":[7.0,35.0,11.0,36.0],"autoUv":false,"rotation":270},"east":{"texture":"#head","uv":[7.0,33.0,11.0,35.0],"autoUv":false},"south":{"texture":"#head","uv":[11.0,35.0,7.0,36.0],"autoUv":false,"rotation":270},"west":{"texture":"#head","uv":[7.0,33.0,11.0,35.0],"autoUv":false,"rotation":180},"up":{"texture":"#head","uv":[3.0,35.0,7.0,36.0],"autoUv":false,"rotation":90},"down":{"texture":"#head","uv":[7.0,36.0,3.0,35.0],"autoUv":false,"rotation":90}},"children":[]},{"name":"EarDragon0L.018","from":[1.651125384964,-2.161933896732,1.151243904118],"to":[2.314275728122,2.954063371914,1.778482563843],"rotationOrigin":[1.827974438667,0.328729629517,0.948254585266],"stepParentName":"b_EarL","rotationX":43.498493446238,"rotationY":-19.274165460372,"rotationZ":-29.566884879177,"group":"BackL","faces":{"north":{"texture":"#head","uv":[12.0,34.0,10.0,48.0],"autoUv":false},"east":{"texture":"#head","uv":[4.0,34.0,6.0,48.0],"autoUv":false},"south":{"texture":"#head","uv":[6.0,34.0,8.0,48.0],"autoUv":false},"west":{"texture":"#head","uv":[8.0,34.0,10.0,48.0],"autoUv":false},"up":{"texture":"#head","uv":[6.0,32.0,8.0,34.0],"autoUv":false},"down":{"texture":"#head","uv":[8.0,50.0,6.0,48.0],"autoUv":false}},"children":[]},{"name":"EarDragon0L.019","from":[2.250356420458,-2.117027976965,-0.31456351232],"to":[3.157966928517,0.736951188382,0.371776025648],"rotationOrigin":[2.742291927338,-0.689367294312,-0.03043961525],"stepParentName":"b_EarL","rotationX":53.997668993085,"rotationY":-18.41706892709,"rotationZ":-10.229614447289,"group":"BackL","faces":{"north":{"texture":"#head","uv":[8.0,40.0,6.0,48.0],"autoUv":false},"east":{"texture":"#head","uv":[4.0,40.0,6.0,48.0],"autoUv":false},"south":{"texture":"#head","uv":[22.0,32.0,24.0,42.0],"autoUv":false},"west":{"texture":"#head","uv":[8.0,40.0,10.0,48.0],"autoUv":false},"up":{"texture":"#head","uv":[6.0,40.0,8.0,41.0],"autoUv":false},"down":{"texture":"#head","uv":[8.0,49.0,6.0,48.0],"autoUv":false}},"children":[]},{"name":"EarDragon0L.020","from":[2.342042871577,-2.579721629363,-1.354930347964],"to":[2.789010946311,-0.778833014059,-0.46072270146],"rotationOrigin":[2.565526485443,-2.579721450806,-0.907826662064],"stepParentName":"b_EarL","rotationX":43.498493446238,"rotationY":-19.274155215089,"rotationZ":-36.056698402092,"group":"BackL","faces":{"north":{"texture":"#head","uv":[12.0,45.0,13.0,51.0],"autoUv":false,"rotation":180},"east":{"texture":"#head","uv":[7.0,45.0,9.0,51.0],"autoUv":false},"south":{"texture":"#head","uv":[9.0,45.0,10.0,51.0],"autoUv":false},"west":{"texture":"#head","uv":[10.0,45.0,12.0,51.0],"autoUv":false},"up":{"texture":"#head","uv":[9.0,45.0,10.0,47.0],"autoUv":false},"down":{"texture":"#head","uv":[10.0,53.0,9.0,51.0],"autoUv":false}},"children":[]},{"name":"EarsDragon0LFluff.004","from":[2.140952614676,-2.397695750906,-0.691966332064],"to":[2.652282210458,-1.011790991301,1.059562200578],"rotationOrigin":[2.396617412567,-1.811820983887,-0.691966295242],"stepParentName":"b_EarL","rotationX":-12.781808545766,"rotationY":2.863024481659,"rotationZ":57.856073591077,"group":"BackL","faces":{"north":{"texture":"#head","uv":[18.0,34.0,17.0,37.0],"autoUv":false,"rotation":180},"east":{"texture":"#head","uv":[19.0,37.0,22.0,43.0],"autoUv":false,"rotation":90},"south":{"texture":"head","uv":[63.0,57.0,57.0,63.0],"autoUv":false,"rotation":180,"enabled":false},"west":{"texture":"#head","uv":[29.0,37.0,26.0,43.0],"autoUv":false,"rotation":270},"up":{"texture":"#head","uv":[20.0,36.0,19.0,42.0],"autoUv":false},"down":{"texture":"#head","uv":[21.0,43.0,20.0,36.0],"autoUv":false,"rotation":180}},"children":[]},{"name":"EarsDragon0LFluff.005","from":[2.178073013292,-1.757899531537,0.2919561494],"to":[2.627224361433,-0.76570908211,2.046942145742],"rotationOrigin":[2.402648687363,-1.33846282959,0.291956186295],"stepParentName":"b_EarL","rotationX":-22.020169591642,"rotationY":8.600953278379,"rotationZ":57.980984090618,"group":"BackL","faces":{"north":{"texture":"#head","uv":[18.0,34.0,17.0,37.0],"autoUv":false,"rotation":180},"east":{"texture":"#head","uv":[19.0,36.0,21.0,42.0],"autoUv":false,"rotation":90},"south":{"texture":"head","uv":[63.0,57.0,57.0,63.0],"autoUv":false,"rotation":180,"enabled":false},"west":{"texture":"#head","uv":[30.0,37.0,28.0,43.0],"autoUv":false,"rotation":270},"up":{"texture":"#head","uv":[20.0,36.0,19.0,42.0],"autoUv":false},"down":{"texture":"#head","uv":[21.0,43.0,20.0,36.0],"autoUv":false,"rotation":180}},"children":[]},{"name":"EarDragon0R.014","from":[2.722441444264,-2.052733838553,-1.290841171126],"to":[3.63005223053,2.077890200656,-0.601588679928],"rotationOrigin":[3.214377164841,-0.412773132324,-0.888625621796],"stepParentName":"b_EarR","rotationX":-54.674335834159,"rotationY":21.013411660814,"rotationZ":6.012511792864,"group":"BackR","faces":{"north":{"texture":"#head","uv":[24.0,32.0,22.0,42.0],"autoUv":false},"east":{"texture":"#head","uv":[12.0,34.0,10.0,46.0],"autoUv":false},"south":{"texture":"#head","uv":[8.0,34.0,10.0,46.0],"autoUv":false},"west":{"texture":"#head","uv":[8.0,34.0,6.0,46.0],"autoUv":false},"up":{"texture":"#head","uv":[10.0,33.0,8.0,34.0],"autoUv":false,"rotation":180},"down":{"texture":"#head","uv":[8.0,47.0,10.0,46.0],"autoUv":false,"rotation":180}},"children":[]},{"name":"EarDragon0R.015","from":[0.176060043609,-0.258789329744,-1.523734967625],"to":[4.587495947072,0.584305544625,-0.813836324787],"rotationOrigin":[2.384592056274,0.14017868042,-1.146717309952],"stepParentName":"b_EarR","rotationX":-55.304492502078,"rotationY":21.71749829631,"rotationZ":73.060347891092,"group":"BackR","faces":{"north":{"texture":"#head","uv":[24.0,32.0,22.0,42.0],"autoUv":false,"rotation":270},"east":{"texture":"#head","uv":[8.0,33.0,6.0,34.0],"autoUv":false,"rotation":270},"south":{"texture":"#head","uv":[8.0,34.0,6.0,46.0],"autoUv":false,"rotation":90},"west":{"texture":"#head","uv":[8.0,46.0,6.0,47.0],"autoUv":false,"rotation":270},"up":{"texture":"#head","uv":[6.0,34.0,4.0,46.0],"autoUv":false,"rotation":90},"down":{"texture":"#head","uv":[8.0,46.0,10.0,34.0],"autoUv":false,"rotation":90}},"children":[]},{"name":"EarDragon0R.016","from":[3.244019189704,-2.027964286761,-1.746061134346],"to":[3.690987229755,1.945044857588,-0.966774595614],"rotationOrigin":[3.420868396759,-0.680288314819,-0.961863517761],"stepParentName":"b_EarR","rotationX":-44.009698954668,"rotationY":22.041252678063,"rotationZ":2.868851059908,"group":"BackR","faces":{"north":{"texture":"#head","uv":[9.0,34.0,8.0,45.0],"autoUv":false},"east":{"texture":"#head","uv":[8.0,34.0,6.0,45.0],"autoUv":false},"south":{"texture":"#head","uv":[12.0,34.0,11.0,45.0],"autoUv":false},"west":{"texture":"#head","uv":[11.0,34.0,9.0,45.0],"autoUv":false},"up":{"texture":"#head","uv":[9.0,33.0,8.0,34.0],"autoUv":false,"rotation":180},"down":{"texture":"#head","uv":[8.0,46.0,9.0,45.0],"autoUv":false,"rotation":180}},"children":[]},{"name":"EarDragon0R.017","from":[2.811149439415,0.720160195635,-3.374194317602],"to":[3.288970361053,1.699249557137,-2.743231699097],"rotationOrigin":[3.005697727203,1.13477897644,-2.802890777588],"stepParentName":"b_EarR","rotationX":-44.009709199952,"rotationY":22.041256093158,"rotationZ":61.490697286197,"group":"BackR","faces":{"north":{"texture":"#head","uv":[7.0,35.0,11.0,36.0],"autoUv":false,"rotation":90},"east":{"texture":"#head","uv":[11.0,33.0,7.0,35.0],"autoUv":false},"south":{"texture":"#head","uv":[11.0,35.0,7.0,36.0],"autoUv":false,"rotation":90},"west":{"texture":"#head","uv":[11.0,33.0,7.0,35.0],"autoUv":false,"rotation":180},"up":{"texture":"#head","uv":[7.0,35.0,3.0,36.0],"autoUv":false,"rotation":90},"down":{"texture":"#head","uv":[3.0,36.0,7.0,35.0],"autoUv":false,"rotation":90}},"children":[]},{"name":"EarDragon0R.018","from":[1.554996430659,-2.153707115541,-1.751359525024],"to":[2.218146825276,2.962289359129,-1.124120913971],"rotationOrigin":[1.731845498085,0.33695602417,-0.92113161087],"stepParentName":"b_EarR","rotationX":-44.009695539574,"rotationY":22.041252678063,"rotationZ":-28.846644846294,"group":"BackR","faces":{"north":{"texture":"#head","uv":[8.0,34.0,6.0,48.0],"autoUv":false},"east":{"texture":"#head","uv":[6.0,34.0,4.0,48.0],"autoUv":false},"south":{"texture":"#head","uv":[10.0,34.0,12.0,48.0],"autoUv":false},"west":{"texture":"#head","uv":[10.0,34.0,8.0,48.0],"autoUv":false},"up":{"texture":"#head","uv":[8.0,32.0,6.0,34.0],"autoUv":false,"rotation":180},"down":{"texture":"#head","uv":[6.0,50.0,8.0,48.0],"autoUv":false,"rotation":180}},"children":[]},{"name":"EarDragon0R.019","from":[2.169994148066,-2.127467449947,-0.379720371123],"to":[3.077605008266,0.726512822708,0.306619166846],"rotationOrigin":[2.66192984581,-0.699806213379,0.022495269775],"stepParentName":"b_EarR","rotationX":-54.674329003969,"rotationY":21.013411660814,"rotationZ":-8.986175093794,"group":"BackR","faces":{"north":{"texture":"#head","uv":[24.0,32.0,22.0,42.0],"autoUv":false},"east":{"texture":"#head","uv":[6.0,40.0,4.0,48.0],"autoUv":false},"south":{"texture":"#head","uv":[6.0,40.0,8.0,48.0],"autoUv":false},"west":{"texture":"#head","uv":[10.0,40.0,8.0,48.0],"autoUv":false},"up":{"texture":"#head","uv":[8.0,40.0,6.0,41.0],"autoUv":false,"rotation":180},"down":{"texture":"#head","uv":[6.0,49.0,8.0,48.0],"autoUv":false,"rotation":180}},"children":[]},{"name":"EarDragon0R.020","from":[2.252803239573,-2.581672847014,0.469036168716],"to":[2.699771383674,-0.780784371455,1.363243953996],"rotationOrigin":[2.476286888123,-2.581672668457,0.916140198708],"stepParentName":"b_EarR","rotationX":-44.009698954668,"rotationY":22.041250970516,"rotationZ":-35.336485689965,"group":"BackR","faces":{"north":{"texture":"#head","uv":[10.0,45.0,9.0,51.0],"autoUv":false},"east":{"texture":"#head","uv":[9.0,45.0,7.0,51.0],"autoUv":false},"south":{"texture":"#head","uv":[13.0,45.0,12.0,51.0],"autoUv":false,"rotation":180},"west":{"texture":"#head","uv":[12.0,45.0,10.0,51.0],"autoUv":false},"up":{"texture":"#head","uv":[10.0,45.0,9.0,47.0],"autoUv":false,"rotation":180},"down":{"texture":"#head","uv":[9.0,53.0,10.0,51.0],"autoUv":false,"rotation":180}},"children":[]},{"name":"EarsDragon0RFluff.004","from":[1.375681428023,1.762395172404,-3.259429704237],"to":[1.887011261873,3.148299932009,-1.507901035681],"rotationOrigin":[1.631346344948,2.348269939423,-1.507901072502],"stepParentName":"b_Head","rotationX":35.564173461042,"rotationY":-19.582995878789,"rotationZ":62.107511179573,"group":"BackR","faces":{"north":{"texture":"head","uv":[57.0,57.0,63.0,63.0],"autoUv":false,"rotation":180,"enabled":false},"east":{"texture":"#head","uv":[22.0,37.0,19.0,43.0],"autoUv":false,"rotation":270},"south":{"texture":"#head","uv":[17.0,34.0,18.0,37.0],"autoUv":false,"rotation":180},"west":{"texture":"#head","uv":[27.0,37.0,30.0,43.0],"autoUv":false,"rotation":90},"up":{"texture":"#head","uv":[19.0,36.0,20.0,42.0],"autoUv":false,"rotation":180},"down":{"texture":"#head","uv":[20.0,43.0,21.0,36.0],"autoUv":false}},"children":[]},{"name":"EarsDragon0RFluff.005","from":[2.19614202472,3.026069740587,-4.213348641029],"to":[2.645293407714,4.018260497981,-2.45836278087],"rotationOrigin":[2.420717716217,3.445506572723,-2.458362817764],"stepParentName":"b_Head","rotationX":21.459610843818,"rotationY":-6.839725394755,"rotationZ":55.722366890594,"group":"BackR","faces":{"north":{"texture":"head","uv":[57.0,57.0,63.0,63.0],"autoUv":false,"rotation":180,"enabled":false},"east":{"texture":"#head","uv":[21.0,36.0,19.0,42.0],"autoUv":false,"rotation":270},"south":{"texture":"#head","uv":[17.0,34.0,18.0,37.0],"autoUv":false,"rotation":180},"west":{"texture":"#head","uv":[28.0,37.0,30.0,43.0],"autoUv":false,"rotation":90},"up":{"texture":"#head","uv":[19.0,36.0,20.0,42.0],"autoUv":false,"rotation":180},"down":{"texture":"#head","uv":[20.0,43.0,21.0,36.0],"autoUv":false}},"children":[]}],"groups":[]}