{
  "code": "clothes",
  "class": "ItemWearable",
  "variantgroups": [
    {
      "code": "category",
      "states": [
        "foot"
      ]
    },
    {
      "code": "foot",
      "combine": "SelectiveMultiply",
      "onVariant": "category",
      "states": [
        "socksstripedwhite",
        "socksstripedpink"
      ]
    }
  ],
  "shapeByType": {
    "@.*-(socksstripedwhite|socksstripedpink)": {
      "base": "kemono:entity/horse/clothing/foot/foot-{foot}"
    },
    "*": {
      "base": "kemono:entity/horse/clothing/foot/foot-{foot}"
    }
  },
  "storageFlags": 128,
  "attributesByType": {
    "@.*-(socksstripedwhite|socksstripedpink)": {
      "wearableAttachment": true,
      "clothescategory": "foot",
      "disableElements": [

      ],
      "warmth": 0.25,
      "wearerEntityCode": "kemono:kemonoclothingattach"
    },
    "*": {
      "clothescategory": "foot",
      "disableElements": [

      ],
      "warmth": 0.25
    }
  },
  "texturesByType": {
    "@.*-(socksstripedwhite|socksstripedpink)": {
      "seraph": { "base": "game:block/transparent" }
    },
    "*": {
      "seraph": { "base": "kemono:entity/horse/clothing/{category}/{foot}" }
    }
  },
  "creativeinventory": {
    "general": [
      "*"
    ],
    "items": [
      "*"
    ],
    "clothing": [
      "*"
    ]
  },
  "renderAlphaTest": -1,
  "guiTransformByType": {
    "@.*-(socksstripedwhite|socksstripedpink)": {
      "translation": { "x": 0, "y": 25, "z": 0 },
      "rotation": { "x": -40, "y": 77, "z": -38 },
      "origin": { "x": 0, "y": 0, "z": 0 },
      "scale": 3.0
    },
    "*": {
      "translation": { "x": 0, "y": 25, "z": 0 },
      "rotation": { "x": -40, "y": 77, "z": -38 },
      "origin": { "x": 0, "y": 0, "z": 0 },
      "scale": 3.0
    }
  },
  "tpHandTransformByType": {
    "@.*-(socksstripedwhite|socksstripedpink)": {
      "translation": { "x": 0, "y": 0, "z": 0.4 },
      "rotation": { "x": 4, "y": -69, "z": -40 },
      "origin": { "x": 0, "y": 0, "z": 0 },
      "scale": 1.0
    },
    "*": {
      "translation": { "x": 0, "y": 0, "z": 0.4 },
      "rotation": { "x": 4, "y": -69, "z": -40 },
      "origin": { "x": 0, "y": 0, "z": 0 },
      "scale": 1.0
    }
  },
  "fpHandTransformByType": {
    "@.*-(socksstripedwhite|socksstripedpink)": {
      "translation": { "x": -16, "y": 34, "z": 1 },
      "rotation": { "x": -40, "y": 77, "z": -38 },
      "origin": { "x": 0, "y": 0, "z": 0 },
      "scale": 3.5
    },
    "*": {
      "translation": { "x": -0, "y": 9, "z": 0 },
      "rotation": { "x": -75, "y": 76, "z": 3 },
      "origin": { "x": 0, "y": 0, "z": 0 },
      "scale": 3.5
    }
  },
  "groundTransform": {
    "translation": { "x": -0, "y": 9, "z": 0 },
    "rotation": { "x": -75, "y": 76, "z": 3 },
    "origin": { "x": 0, "y": 0, "z": 0 },
    "scale": 3.5
  }
}