{"textureWidth":64,"textureHeight":64,"textures":{},"textureSizes":{"head":[64,64]},"elements":[{"name":"MeshMouthR.011","from":[-4.019007205963,0.148930847645,-1.01005748524],"to":[-1.40940964222,1.142120957375,1.337374412877],"rotationOrigin":[-1.711900234222,0.650569915771,-0.000146782535],"stepParentName":"b_Head","rotationX":10.56988764155,"rotationY":-40.893831542105,"rotationZ":15.620886811082,"group":"head-avali0","faces":{"north":{"texture":"#head","uv":[54.0,5.0,55.0,6.0],"autoUv":false},"east":{"texture":"#head","uv":[55.0,5.0,58.0,6.0],"autoUv":false},"south":{"texture":"#head","uv":[58.0,5.0,59.0,6.0],"autoUv":false},"west":{"texture":"#head","uv":[55.0,5.0,58.0,6.0],"autoUv":false},"up":{"texture":"#head","uv":[55.0,1.0,58.0,5.0],"autoUv":false,"rotation":90},"down":{"texture":"#head","uv":[58.0,9.0,55.0,6.0],"autoUv":false,"rotation":270}},"children":[]},{"name":"MeshMouthL.006","from":[-4.018952488899,0.148933231831,-1.337449944156],"to":[-1.409717082977,1.130639791489,1.009675586087],"rotationOrigin":[-1.711900353432,0.65057182312,-0.000146186489],"stepParentName":"b_Head","rotationX":-10.56991325476,"rotationY":40.893841787389,"rotationZ":15.620888518629,"group":"head-avali0","faces":{"north":{"texture":"#head","uv":[59.0,5.0,58.0,6.0],"autoUv":false},"east":{"texture":"#head","uv":[58.0,5.0,55.0,6.0],"autoUv":false},"south":{"texture":"#head","uv":[55.0,5.0,54.0,6.0],"autoUv":false},"west":{"texture":"#head","uv":[58.0,5.0,55.0,6.0],"autoUv":false},"up":{"texture":"#head","uv":[58.0,1.0,55.0,5.0],"autoUv":false,"rotation":90},"down":{"texture":"#head","uv":[55.0,9.0,58.0,6.0],"autoUv":false,"rotation":270}},"children":[]},{"name":"MeshHead.002","from":[-2.964196833057,0.76194190979,-2.171022358404],"to":[1.596432027165,4.271290302277,2.171021995081],"rotationOrigin":[-1.118981957436,0.76194190979,-1.81661e-07],"stepParentName":"b_Head","rotationX":-1.3660375e-05,"rotationY":0.0,"rotationZ":-2.561321e-06,"group":"head-avali0","faces":{"north":{"texture":"#head","uv":[1.0,1.0,8.0,7.0],"autoUv":false},"east":{"texture":"#head","uv":[21.0,1.0,27.0,7.0],"autoUv":false},"south":{"texture":"#head","uv":[14.0,1.0,21.0,7.0],"autoUv":false},"west":{"texture":"#head","uv":[8.0,1.0,14.0,7.0],"autoUv":false},"up":{"texture":"#head","uv":[2.0,7.0,8.0,14.0],"autoUv":false,"rotation":90},"down":{"texture":"#head","uv":[14.0,14.0,8.0,7.0],"autoUv":false,"rotation":90}},"children":[]},{"name":"MeshNeck.002","from":[-1.323502600193,-2.663546681404,-1.499999308337],"to":[1.676498115063,1.336454391479,1.500000691663],"rotationOrigin":[0.376497805119,-2.96354675293,6.91663e-07],"stepParentName":"b_Head","rotationX":-1.4533892e-05,"rotationY":1.1099058e-05,"rotationZ":9.000040377809,"group":"head-avali0","faces":{"north":{"texture":"#head","uv":[27.0,3.0,36.0,14.0],"autoUv":false},"east":{"texture":"#head","uv":[27.0,3.0,36.0,14.0],"autoUv":false},"south":{"texture":"#head","uv":[27.0,3.0,36.0,14.0],"autoUv":false},"west":{"texture":"#head","uv":[36.0,3.0,44.0,14.0],"autoUv":false},"up":{"texture":"#head","uv":[36.0,0.0,44.0,9.0],"autoUv":false,"rotation":90},"down":{"texture":"#head","uv":[44.0,9.0,36.0,0.0],"autoUv":false,"rotation":270}},"children":[]},{"name":"MeshMouthR.012","from":[-4.321251392365,0.151171326637,-0.550747008838],"to":[-1.711896419525,1.14997023344,0.55045402684],"rotationOrigin":[-1.711900234222,0.65057182312,-0.000146514314],"stepParentName":"b_Head","rotationX":-1.3660377e-05,"rotationY":-0.0,"rotationZ":11.753026669958,"group":"head-avali0","faces":{"north":{"texture":"#head","uv":[54.0,5.0,55.0,6.0],"autoUv":false},"east":{"texture":"#head","uv":[55.0,5.0,58.0,6.0],"autoUv":false},"south":{"texture":"#head","uv":[58.0,5.0,59.0,6.0],"autoUv":false},"west":{"texture":"#head","uv":[55.0,5.0,58.0,6.0],"autoUv":false},"up":{"texture":"#head","uv":[55.0,1.0,58.0,5.0],"autoUv":false,"rotation":90},"down":{"texture":"#head","uv":[58.0,9.0,55.0,6.0],"autoUv":false,"rotation":270}},"children":[]},{"name":"MeshMouthR.013","from":[-3.625247836113,-0.097006589174,-1.789363622665],"to":[-1.015900731087,1.034677952528,0.557790279388],"rotationOrigin":[-2.3205742836,0.468835681677,-0.615786671638],"stepParentName":"b_Head","rotationX":20.562643081255,"rotationY":-35.097859370932,"rotationZ":33.121708059129,"group":"head-avali0","faces":{"north":{"texture":"#head","uv":[54.0,5.0,55.0,6.0],"autoUv":false},"east":{"texture":"#head","uv":[55.0,5.0,58.0,6.0],"autoUv":false},"south":{"texture":"#head","uv":[58.0,5.0,59.0,6.0],"autoUv":false},"west":{"texture":"#head","uv":[55.0,5.0,58.0,6.0],"autoUv":false},"up":{"texture":"#head","uv":[55.0,1.0,58.0,5.0],"autoUv":false,"rotation":90},"down":{"texture":"#head","uv":[58.0,9.0,55.0,6.0],"autoUv":false,"rotation":270}},"children":[]},{"name":"MeshMouthL.007","from":[-3.538675904274,-0.056195497513,-0.543438076973],"to":[-0.929440379143,1.064006745815,1.80368745327],"rotationOrigin":[-2.234058141708,0.501089274883,0.630124688148],"stepParentName":"b_Head","rotationX":-20.562666986917,"rotationY":35.097852540743,"rotationZ":33.121697813845,"group":"head-avali0","faces":{"north":{"texture":"#head","uv":[59.0,5.0,58.0,6.0],"autoUv":false},"east":{"texture":"#head","uv":[58.0,5.0,55.0,6.0],"autoUv":false},"south":{"texture":"#head","uv":[55.0,5.0,54.0,6.0],"autoUv":false},"west":{"texture":"#head","uv":[58.0,5.0,55.0,6.0],"autoUv":false},"up":{"texture":"#head","uv":[58.0,1.0,55.0,5.0],"autoUv":false,"rotation":90},"down":{"texture":"#head","uv":[55.0,9.0,58.0,6.0],"autoUv":false,"rotation":270}},"children":[]},{"name":"MeshMouthR.014","from":[-4.02524805069,-0.302992165089,-0.555402496364],"to":[-1.415901184082,0.834302127361,0.569715640042],"rotationOrigin":[-2.720574617386,0.264560699463,0.007156571839],"stepParentName":"b_Head","rotationX":-1.3660375e-05,"rotationY":-0.0,"rotationZ":26.555497162801,"group":"head-avali0","faces":{"north":{"texture":"#head","uv":[54.0,5.0,55.0,6.0],"autoUv":false},"east":{"texture":"#head","uv":[55.0,5.0,58.0,6.0],"autoUv":false},"south":{"texture":"#head","uv":[58.0,5.0,59.0,6.0],"autoUv":false},"west":{"texture":"#head","uv":[55.0,5.0,58.0,6.0],"autoUv":false},"up":{"texture":"#head","uv":[55.0,1.0,58.0,5.0],"autoUv":false,"rotation":90},"down":{"texture":"#head","uv":[58.0,9.0,55.0,6.0],"autoUv":false,"rotation":270}},"children":[]},{"name":"MeshMouthR.015","from":[-3.97205594182,-0.369290173054,-0.574328020215],"to":[-3.397855252028,-0.224765181541,-0.229361101985],"rotationOrigin":[-3.684955596924,-0.297027677298,-0.4018445611],"stepParentName":"b_Head","rotationX":16.532525819982,"rotationY":-34.044804710362,"rotationZ":17.436127403776,"group":"head-avali0","faces":{"north":{"texture":"#head","uv":[10.0,59.0,11.0,60.0],"autoUv":false},"east":{"texture":"#head","uv":[11.0,59.0,13.0,60.0],"autoUv":false},"south":{"texture":"#head","uv":[13.0,59.0,14.0,60.0],"autoUv":false},"west":{"texture":"#head","uv":[11.0,59.0,13.0,60.0],"autoUv":false},"up":{"texture":"#head","uv":[11.0,58.0,13.0,59.0],"autoUv":false,"rotation":90},"down":{"texture":"#head","uv":[13.0,61.0,11.0,60.0],"autoUv":false,"rotation":270}},"children":[]},{"name":"MeshMouthR.016","from":[-4.049272239208,-0.331236809492,-0.46638648212],"to":[-3.475069344044,-0.186528354883,0.018098860979],"rotationOrigin":[-3.762170791626,-0.258882582188,-0.224143818021],"stepParentName":"b_Head","rotationX":-4.609032996266,"rotationY":-5.45827523889,"rotationZ":23.854881346113,"group":"head-avali0","faces":{"north":{"texture":"#head","uv":[10.0,59.0,11.0,60.0],"autoUv":false},"east":{"texture":"#head","uv":[11.0,59.0,13.0,60.0],"autoUv":false},"south":{"texture":"#head","uv":[13.0,59.0,14.0,60.0],"autoUv":false},"west":{"texture":"#head","uv":[11.0,59.0,13.0,60.0],"autoUv":false},"up":{"texture":"#head","uv":[11.0,58.0,13.0,59.0],"autoUv":false,"rotation":90},"down":{"texture":"#head","uv":[13.0,61.0,11.0,60.0],"autoUv":false,"rotation":270}},"children":[]},{"name":"MeshMouthR.017","from":[-3.97205594182,-0.36928999424,0.229361221194],"to":[-3.397855252028,-0.224765002728,0.574328139424],"rotationOrigin":[-3.684955596924,-0.297027498484,0.401844680309],"stepParentName":"b_Head","rotationX":-16.53255826338,"rotationY":34.044804710362,"rotationZ":17.436127403776,"group":"head-avali0","faces":{"north":{"texture":"#head","uv":[14.0,59.0,13.0,60.0],"autoUv":false},"east":{"texture":"#head","uv":[13.0,59.0,11.0,60.0],"autoUv":false},"south":{"texture":"#head","uv":[11.0,59.0,10.0,60.0],"autoUv":false},"west":{"texture":"#head","uv":[13.0,59.0,11.0,60.0],"autoUv":false},"up":{"texture":"#head","uv":[13.0,58.0,11.0,59.0],"autoUv":false,"rotation":90},"down":{"texture":"#head","uv":[11.0,61.0,13.0,60.0],"autoUv":false,"rotation":270}},"children":[]},{"name":"MeshMouthR.018","from":[-4.049272239208,-0.331236690283,-0.01809874177],"to":[-3.475069344044,-0.186528235674,0.466386601329],"rotationOrigin":[-3.762170791626,-0.258882462978,0.22414393723],"stepParentName":"b_Head","rotationX":4.609004394849,"rotationY":5.458273531343,"rotationZ":23.854874515924,"group":"head-avali0","faces":{"north":{"texture":"#head","uv":[14.0,59.0,13.0,60.0],"autoUv":false},"east":{"texture":"#head","uv":[13.0,59.0,11.0,60.0],"autoUv":false},"south":{"texture":"#head","uv":[11.0,59.0,10.0,60.0],"autoUv":false},"west":{"texture":"#head","uv":[13.0,59.0,11.0,60.0],"autoUv":false},"up":{"texture":"#head","uv":[13.0,58.0,11.0,59.0],"autoUv":false,"rotation":90},"down":{"texture":"#head","uv":[11.0,61.0,13.0,60.0],"autoUv":false,"rotation":270}},"children":[]},{"name":"Head","from":[-3.291651725769,-0.593100190163,-2.499999761581],"to":[-3.291651725769,-0.593100190163,-2.499999761581],"rotationOrigin":[-3.291651725769,-0.593100190163,-2.499999761581],"rotationX":-1.3660375e-05,"rotationY":0.0,"rotationZ":-2.561321e-06,"faces":{"north":{"texture":"#null","uv":[0.0,0.0,0.0,0.0],"enabled":false},"east":{"texture":"#null","uv":[0.0,0.0,0.0,0.0],"enabled":false},"south":{"texture":"#null","uv":[0.0,0.0,0.0,0.0],"enabled":false},"west":{"texture":"#null","uv":[0.0,0.0,0.0,0.0],"enabled":false},"up":{"texture":"#null","uv":[0.0,0.0,0.0,0.0],"enabled":false},"down":{"texture":"#null","uv":[0.0,0.0,0.0,0.0],"enabled":false}},"children":[],"stepParentName":"b_Head"},{"name":"MeshMouthNoseTop.001","from":[-4.376037597656,0.417981296778,0.219019845128],"to":[-4.15225315094,0.574290305376,0.52615980804],"rotationOrigin":[-4.264145374298,0.496135801077,0.372589826584],"stepParentName":"b_Head","rotationX":-17.938767854986,"rotationY":49.28633086211,"rotationZ":32.890987684061,"group":"head-avali0","faces":{"north":{"texture":"#head","uv":[8.0,59.0,11.0,61.0],"autoUv":false},"east":{"texture":"#head","uv":[11.0,59.0,13.0,61.0],"autoUv":false},"south":{"texture":"#head","uv":[13.0,59.0,16.0,61.0],"autoUv":false},"west":{"texture":"#head","uv":[11.0,59.0,13.0,61.0],"autoUv":false},"up":{"texture":"#head","uv":[11.0,57.0,13.0,59.0],"autoUv":false,"rotation":90},"down":{"texture":"#head","uv":[13.0,63.0,11.0,61.0],"autoUv":false,"rotation":270}},"children":[]},{"name":"MeshMouthNoseTop.002","from":[-4.376037597656,0.417981117964,-0.526160046458],"to":[-4.15225315094,0.574290126562,-0.219020083547],"rotationOrigin":[-4.264145374298,0.496135622263,-0.372590065002],"stepParentName":"b_Head","rotationX":17.938738826682,"rotationY":-49.28633086211,"rotationZ":32.890991099155,"group":"head-avali0","faces":{"north":{"texture":"#head","uv":[16.0,59.0,13.0,61.0],"autoUv":false},"east":{"texture":"#head","uv":[13.0,59.0,11.0,61.0],"autoUv":false},"south":{"texture":"#head","uv":[11.0,59.0,8.0,61.0],"autoUv":false},"west":{"texture":"#head","uv":[13.0,59.0,11.0,61.0],"autoUv":false},"up":{"texture":"#head","uv":[13.0,57.0,11.0,59.0],"autoUv":false,"rotation":90},"down":{"texture":"#head","uv":[11.0,63.0,13.0,61.0],"autoUv":false,"rotation":270}},"children":[]},{"name":"FluffR.007","from":[-2.588503749455,0.350500464439,-2.84511500597],"to":[-0.624289274216,0.938352823257,-1.311259448528],"rotationOrigin":[-2.588504076004,0.644425868988,-2.078189134598],"stepParentName":"b_Head","rotationX":82.850782028523,"rotationY":-3.360141871152,"rotationZ":-48.185618556606,"group":"fluff.001","faces":{"north":{"texture":"#head","uv":[35.0,19.0,37.0,25.0],"autoUv":false,"rotation":90},"east":{"texture":"head","uv":[58.0,59.0,62.0,63.0],"autoUv":false,"rotation":90,"enabled":false},"south":{"texture":"#head","uv":[36.0,20.0,38.0,28.0],"autoUv":false,"rotation":270},"west":{"texture":"#head","uv":[60.0,23.0,61.0,28.0],"autoUv":false,"rotation":270},"up":{"texture":"#head","uv":[37.0,20.0,41.0,27.0],"autoUv":false,"rotation":270},"down":{"texture":"#head","uv":[45.0,27.0,42.0,20.0],"autoUv":false,"rotation":270}},"children":[]},{"name":"FluffL.001","from":[-2.688893708711,0.333125799894,0.84279948473],"to":[-0.436167240143,1.05328848958,2.376654565334],"rotationOrigin":[-2.688893795013,0.693207144737,1.609727025032],"stepParentName":"b_Head","rotationX":-81.260611536907,"rotationY":-4.654289829706,"rotationZ":-57.469908355783,"group":"fluff.001","faces":{"north":{"texture":"#head","uv":[39.0,18.0,37.0,27.0],"autoUv":false,"rotation":90},"east":{"texture":"head","uv":[62.0,59.0,58.0,63.0],"autoUv":false,"rotation":270,"enabled":false},"south":{"texture":"#head","uv":[45.0,19.0,43.0,26.0],"autoUv":false,"rotation":270},"west":{"texture":"#head","uv":[54.0,18.0,57.0,24.0],"autoUv":false,"rotation":90},"up":{"texture":"#head","uv":[39.0,17.0,36.0,27.0],"autoUv":false,"rotation":270},"down":{"texture":"#head","uv":[42.0,27.0,45.0,19.0],"autoUv":false,"rotation":270}},"children":[]},{"name":"FluffL.002","from":[-3.496690902469,-0.099120154977,-0.068244874477],"to":[-1.343447685242,0.399223700166,1.17159062624],"rotationOrigin":[-3.496690511703,0.150051251054,0.551674962044],"stepParentName":"b_Head","rotationX":-79.194288067681,"rotationY":-5.236660359759,"rotationZ":-62.374844783687,"group":"fluff.001","faces":{"north":{"texture":"#head","uv":[40.0,18.0,39.0,27.0],"autoUv":false,"rotation":90},"east":{"texture":"head","uv":[62.0,59.0,58.0,63.0],"autoUv":false,"rotation":270,"enabled":false},"south":{"texture":"#head","uv":[40.0,18.0,38.0,25.0],"autoUv":false,"rotation":270},"west":{"texture":"#head","uv":[55.0,8.0,50.0,14.0],"autoUv":false,"rotation":90},"up":{"texture":"#head","uv":[42.0,17.0,39.0,27.0],"autoUv":false,"rotation":270},"down":{"texture":"#head","uv":[34.0,27.0,37.0,19.0],"autoUv":false,"rotation":270}},"children":[]},{"name":"FluffR.008","from":[-3.012282848358,-0.018216684461,-1.704870283604],"to":[-1.048953533173,0.437856212258,-0.48339599371],"rotationOrigin":[-3.012282848358,0.20981952548,-1.094133138657],"stepParentName":"b_Head","rotationX":77.551047006214,"rotationY":-2.725482401022,"rotationZ":-73.436486408685,"group":"fluff.001","faces":{"north":{"texture":"#head","uv":[35.0,18.0,37.0,25.0],"autoUv":false,"rotation":90},"east":{"texture":"head","uv":[57.0,57.0,63.0,63.0],"autoUv":false,"rotation":90,"enabled":false},"south":{"texture":"#head","uv":[37.0,19.0,38.0,28.0],"autoUv":false,"rotation":270},"west":{"texture":"#head","uv":[49.0,1.0,52.0,5.0],"autoUv":false,"rotation":270},"up":{"texture":"#head","uv":[36.0,17.0,39.0,27.0],"autoUv":false,"rotation":270},"down":{"texture":"#head","uv":[46.0,27.0,43.0,19.0],"autoUv":false,"rotation":270}},"children":[]},{"name":"FluffR.009","from":[-2.576842188835,-0.024777442217,-2.198721945286],"to":[-0.892597913742,0.431305512786,-0.877110421658],"rotationOrigin":[-2.576841592789,0.203263863921,-1.537914276123],"stepParentName":"b_Head","rotationX":99.482763940557,"rotationY":8.68363698715,"rotationZ":-77.709145394932,"group":"fluff.001","faces":{"north":{"texture":"#head","uv":[34.0,21.0,35.0,25.0],"autoUv":false,"rotation":90},"east":{"texture":"head","uv":[57.0,57.0,63.0,63.0],"autoUv":false,"rotation":90,"enabled":false},"south":{"texture":"#head","uv":[37.0,20.0,39.0,26.0],"autoUv":false,"rotation":270},"west":{"texture":"#head","uv":[59.0,23.0,60.0,27.0],"autoUv":false,"rotation":270},"up":{"texture":"#head","uv":[35.0,22.0,38.0,27.0],"autoUv":false,"rotation":270},"down":{"texture":"#head","uv":[38.0,27.0,41.0,22.0],"autoUv":false,"rotation":270}},"children":[]},{"name":"FluffR.019","from":[-2.811562895775,0.049443945289,0.829032480717],"to":[-1.127318620682,0.505526900291,2.150644004345],"rotationOrigin":[-2.811562299728,0.277485251427,1.489836335182],"stepParentName":"b_Head","rotationX":-94.163624350815,"rotationY":-8.572126464987,"rotationZ":-67.906587671724,"group":"fluff.001","faces":{"north":{"texture":"#head","uv":[39.0,17.0,37.0,26.0],"autoUv":false,"rotation":90},"east":{"texture":"head","uv":[63.0,57.0,57.0,63.0],"autoUv":false,"rotation":270,"enabled":false},"south":{"texture":"#head","uv":[37.0,17.0,35.0,24.0],"autoUv":false,"rotation":270},"west":{"texture":"#head","uv":[52.0,1.0,49.0,5.0],"autoUv":false,"rotation":90},"up":{"texture":"#head","uv":[38.0,19.0,35.0,27.0],"autoUv":false,"rotation":270},"down":{"texture":"#head","uv":[38.0,27.0,41.0,19.0],"autoUv":false,"rotation":270}},"children":[]},{"name":"FluffR.020","from":[-3.045189307458,0.79583466053,-4.593253218665],"to":[-2.613846852058,4.269792079926,-1.994094317155],"rotationOrigin":[-2.829518079758,2.184546947479,-1.994094371796],"stepParentName":"b_Head","rotationX":-1.5217759e-05,"rotationY":-45.883066164746,"rotationZ":-3.679398e-06,"group":"fluff.001","faces":{"north":{"texture":"head","uv":[57.0,57.0,63.0,63.0],"autoUv":false,"rotation":180,"enabled":false},"east":{"texture":"#head","uv":[24.0,21.0,19.0,27.0],"autoUv":false,"rotation":270},"south":{"texture":"#head","uv":[4.0,16.0,5.0,24.0],"autoUv":false,"rotation":180},"west":{"texture":"#head","uv":[25.0,22.0,30.0,28.0],"autoUv":false,"rotation":90},"up":{"texture":"#head","uv":[19.0,18.0,21.0,27.0],"autoUv":false,"rotation":180},"down":{"texture":"#head","uv":[19.0,27.0,21.0,20.0],"autoUv":false}},"children":[]},{"name":"FluffR.021","from":[-2.842308431864,2.588375151157,-3.862411737442],"to":[-2.117704480886,4.223846971989,-1.570288848374],"rotationOrigin":[-2.480006456375,3.433341503143,-1.570288896561],"stepParentName":"b_Head","rotationX":39.868278638228,"rotationY":-28.779200143335,"rotationZ":14.360761305444,"group":"fluff.001","faces":{"north":{"texture":"head","uv":[57.0,57.0,63.0,63.0],"autoUv":false,"rotation":180,"enabled":false},"east":{"texture":"#head","uv":[24.0,21.0,20.0,27.0],"autoUv":false,"rotation":270},"south":{"texture":"#head","uv":[4.0,16.0,5.0,24.0],"autoUv":false,"rotation":180},"west":{"texture":"#head","uv":[20.0,21.0,24.0,27.0],"autoUv":false,"rotation":90},"up":{"texture":"#head","uv":[19.0,18.0,21.0,27.0],"autoUv":false,"rotation":180},"down":{"texture":"#head","uv":[19.0,27.0,21.0,20.0],"autoUv":false}},"children":[]},{"name":"FluffR.022","from":[-3.045189307458,0.795835614204,1.99409336348],"to":[-2.613846852058,4.2697930336,4.59325226499],"rotationOrigin":[-2.829518079758,2.184547901154,1.994093418121],"stepParentName":"b_Head","rotationX":-1.2102994e-05,"rotationY":45.883079825125,"rotationZ":-3.679399e-06,"group":"fluff.001","faces":{"north":{"texture":"#head","uv":[5.0,16.0,4.0,24.0],"autoUv":false,"rotation":180},"east":{"texture":"#head","uv":[20.0,21.0,25.0,27.0],"autoUv":false,"rotation":90},"south":{"texture":"head","uv":[63.0,57.0,57.0,63.0],"autoUv":false,"rotation":180,"enabled":false},"west":{"texture":"#head","uv":[27.0,21.0,22.0,27.0],"autoUv":false,"rotation":270},"up":{"texture":"#head","uv":[21.0,18.0,19.0,27.0],"autoUv":false},"down":{"texture":"#head","uv":[21.0,27.0,19.0,20.0],"autoUv":false,"rotation":180}},"children":[]},{"name":"FluffR.023","from":[-2.842308431864,2.588376104832,1.570287179444],"to":[-2.117704480886,4.223847925663,3.862410068512],"rotationOrigin":[-2.480006456375,3.433342456818,1.570287227631],"stepParentName":"b_Head","rotationX":-39.868309374079,"rotationY":28.779206973524,"rotationZ":14.360768135633,"group":"fluff.001","faces":{"north":{"texture":"#head","uv":[5.0,16.0,4.0,24.0],"autoUv":false,"rotation":180},"east":{"texture":"#head","uv":[20.0,21.0,24.0,27.0],"autoUv":false,"rotation":90},"south":{"texture":"head","uv":[63.0,57.0,57.0,63.0],"autoUv":false,"rotation":180,"enabled":false},"west":{"texture":"#head","uv":[24.0,21.0,20.0,27.0],"autoUv":false,"rotation":270},"up":{"texture":"#head","uv":[21.0,18.0,19.0,27.0],"autoUv":false},"down":{"texture":"#head","uv":[21.0,27.0,19.0,20.0],"autoUv":false,"rotation":180}},"children":[]},{"name":"FluffR.024","from":[-1.092561423779,1.200153589249,-4.471996307373],"to":[0.105382025242,3.778238534927,-1.041748690018],"rotationOrigin":[-0.493589699268,2.290008306503,-1.041748762131],"stepParentName":"b_Head","rotationX":32.864800738783,"rotationY":-53.866406417616,"rotationZ":29.834662445588,"group":"fluff.001","faces":{"north":{"texture":"head","uv":[57.0,57.0,63.0,63.0],"autoUv":false,"rotation":180,"enabled":false},"east":{"texture":"#head","uv":[23.0,21.0,19.0,27.0],"autoUv":false,"rotation":270},"south":{"texture":"#head","uv":[4.0,16.0,5.0,24.0],"autoUv":false,"rotation":180},"west":{"texture":"#head","uv":[26.0,21.0,30.0,27.0],"autoUv":false,"rotation":90},"up":{"texture":"#head","uv":[19.0,18.0,21.0,27.0],"autoUv":false,"rotation":180},"down":{"texture":"#head","uv":[19.0,26.0,21.0,19.0],"autoUv":false}},"children":[]},{"name":"FluffR.025","from":[-1.202524363995,0.433337807655,-5.514862060547],"to":[-0.449715077877,2.839953184128,-2.679585158825],"rotationOrigin":[-0.826119720936,1.450705885887,-2.67958521843],"stepParentName":"b_Head","rotationX":18.793005954102,"rotationY":-73.408421161385,"rotationZ":14.836045141481,"group":"fluff.001","faces":{"north":{"texture":"head","uv":[57.0,57.0,63.0,63.0],"autoUv":false,"rotation":180,"enabled":false},"east":{"texture":"#head","uv":[23.0,21.0,19.0,27.0],"autoUv":false,"rotation":270},"south":{"texture":"#head","uv":[4.0,16.0,5.0,24.0],"autoUv":false,"rotation":180},"west":{"texture":"#head","uv":[26.0,22.0,30.0,28.0],"autoUv":false,"rotation":90},"up":{"texture":"#head","uv":[19.0,18.0,21.0,27.0],"autoUv":false,"rotation":180},"down":{"texture":"#head","uv":[19.0,27.0,21.0,20.0],"autoUv":false}},"children":[]},{"name":"FluffR.026","from":[-1.054094254971,-0.288035511971,-4.699582219124],"to":[-0.301284968853,1.778399527073,-0.82877019851],"rotationOrigin":[-0.677689611912,0.585525333881,-0.828770279884],"stepParentName":"b_Head","rotationX":-24.401591885396,"rotationY":-65.186649249874,"rotationZ":-26.530619906296,"group":"fluff.001","faces":{"north":{"texture":"head","uv":[57.0,57.0,63.0,63.0],"autoUv":false,"rotation":180,"enabled":false},"east":{"texture":"#head","uv":[21.0,20.0,18.0,26.0],"autoUv":false,"rotation":270},"south":{"texture":"#head","uv":[4.0,16.0,5.0,24.0],"autoUv":false,"rotation":180},"west":{"texture":"#head","uv":[24.0,20.0,27.0,26.0],"autoUv":false,"rotation":90},"up":{"texture":"#head","uv":[19.0,18.0,21.0,27.0],"autoUv":false,"rotation":180},"down":{"texture":"#head","uv":[19.0,27.0,21.0,20.0],"autoUv":false}},"children":[]},{"name":"FluffR.027","from":[-1.883879005909,-0.497951120138,-5.179668664932],"to":[-0.899877727032,1.221894234419,-2.123529608375],"rotationOrigin":[-1.39187836647,0.229093044996,-2.123529672623],"stepParentName":"b_Head","rotationX":14.194885892582,"rotationY":-68.848853248862,"rotationZ":55.686890888045,"group":"fluff.001","faces":{"north":{"texture":"head","uv":[57.0,57.0,63.0,63.0],"autoUv":false,"rotation":180,"enabled":false},"east":{"texture":"#head","uv":[22.0,21.0,19.0,27.0],"autoUv":false,"rotation":270},"south":{"texture":"#head","uv":[4.0,16.0,5.0,24.0],"autoUv":false,"rotation":180},"west":{"texture":"#head","uv":[27.0,22.0,30.0,28.0],"autoUv":false,"rotation":90},"up":{"texture":"#head","uv":[19.0,21.0,21.0,27.0],"autoUv":false,"rotation":180},"down":{"texture":"#head","uv":[19.0,27.0,21.0,20.0],"autoUv":false}},"children":[]},{"name":"FluffR.028","from":[-1.092561423779,1.121165156364,1.041747497925],"to":[0.105382025242,3.886100769043,4.47199511528],"rotationOrigin":[-0.493589699268,2.29000878334,1.041747570038],"stepParentName":"b_Head","rotationX":-32.864841719918,"rotationY":53.866420077994,"rotationZ":29.83467952106,"group":"fluff.001","faces":{"north":{"texture":"#head","uv":[5.0,16.0,4.0,24.0],"autoUv":false,"rotation":180},"east":{"texture":"#head","uv":[20.0,21.0,24.0,27.0],"autoUv":false,"rotation":90},"south":{"texture":"head","uv":[63.0,57.0,57.0,63.0],"autoUv":false,"rotation":180,"enabled":false},"west":{"texture":"#head","uv":[29.0,21.0,25.0,27.0],"autoUv":false,"rotation":270},"up":{"texture":"#head","uv":[21.0,18.0,19.0,27.0],"autoUv":false},"down":{"texture":"#head","uv":[21.0,26.0,19.0,19.0],"autoUv":false,"rotation":180}},"children":[]},{"name":"FluffR.029","from":[-1.202524363995,0.433338999748,2.679584681988],"to":[-0.449715077877,2.839954376221,5.51486158371],"rotationOrigin":[-0.826119720936,1.45070707798,2.679584741592],"stepParentName":"b_Head","rotationX":-18.7930383975,"rotationY":73.408421161385,"rotationZ":14.836046849029,"group":"fluff.001","faces":{"north":{"texture":"#head","uv":[5.0,16.0,4.0,24.0],"autoUv":false,"rotation":180},"east":{"texture":"#head","uv":[19.0,21.0,23.0,27.0],"autoUv":false,"rotation":90},"south":{"texture":"head","uv":[63.0,57.0,57.0,63.0],"autoUv":false,"rotation":180,"enabled":false},"west":{"texture":"#head","uv":[29.0,22.0,25.0,28.0],"autoUv":false,"rotation":270},"up":{"texture":"#head","uv":[21.0,18.0,19.0,27.0],"autoUv":false},"down":{"texture":"#head","uv":[21.0,27.0,19.0,20.0],"autoUv":false,"rotation":180}},"children":[]},{"name":"FluffR.030","from":[-1.054094254971,-0.288035154343,0.828769960092],"to":[-0.301284968853,1.778399884701,4.699581980705],"rotationOrigin":[-0.677689611912,0.585525691509,0.828770041466],"stepParentName":"b_Head","rotationX":24.401566272186,"rotationY":65.186656080063,"rotationZ":-26.530625028938,"group":"fluff.001","faces":{"north":{"texture":"#head","uv":[5.0,16.0,4.0,24.0],"autoUv":false,"rotation":180},"east":{"texture":"#head","uv":[18.0,20.0,21.0,26.0],"autoUv":false,"rotation":90},"south":{"texture":"head","uv":[63.0,57.0,57.0,63.0],"autoUv":false,"rotation":180,"enabled":false},"west":{"texture":"#head","uv":[27.0,20.0,24.0,26.0],"autoUv":false,"rotation":270},"up":{"texture":"#head","uv":[21.0,18.0,19.0,27.0],"autoUv":false},"down":{"texture":"#head","uv":[21.0,27.0,19.0,20.0],"autoUv":false,"rotation":180}},"children":[]},{"name":"FluffR.031","from":[-1.883879005909,-0.497950106859,2.123529608375],"to":[-0.899877727032,1.221895247698,5.179668664932],"rotationOrigin":[-1.39187836647,0.229094058275,2.123529672623],"stepParentName":"b_Head","rotationX":-14.194905529376,"rotationY":68.84886690924,"rotationZ":55.686907963518,"group":"fluff.001","faces":{"north":{"texture":"#head","uv":[5.0,16.0,4.0,24.0],"autoUv":false,"rotation":180},"east":{"texture":"#head","uv":[19.0,21.0,22.0,27.0],"autoUv":false,"rotation":90},"south":{"texture":"head","uv":[63.0,57.0,57.0,63.0],"autoUv":false,"rotation":180,"enabled":false},"west":{"texture":"#head","uv":[30.0,22.0,27.0,28.0],"autoUv":false,"rotation":270},"up":{"texture":"#head","uv":[21.0,21.0,19.0,27.0],"autoUv":false},"down":{"texture":"#head","uv":[21.0,27.0,19.0,20.0],"autoUv":false,"rotation":180}},"children":[]}],"groups":[]}