{"textureWidth":64,"textureHeight":64,"textures":{},"textureSizes":{"head":[64,64]},"elements":[{"name":"MouthAnimu0","from":[-3.225657224655,0.583921432495,-0.281874948181],"to":[-3.125657223165,0.705967433751,0.300244397484],"rotationOrigin":[-3.225657224655,0.583921432495,0.009184724651],"stepParentName":"b_Head","rotationX":-1.3660375e-05,"rotationY":1e-12,"rotationZ":0.0,"group":"head-animu0","faces":{"north":{"texture":"#main","uv":[118.0,5.0,119.0,6.0],"autoUv":false},"east":{"texture":"#main","uv":[123.0,5.0,126.0,6.0],"autoUv":false},"south":{"texture":"#main","uv":[122.0,5.0,123.0,6.0],"autoUv":false},"west":{"texture":"#main","uv":[119.0,5.0,122.0,6.0],"autoUv":false},"up":{"texture":"#main","uv":[119.0,4.0,122.0,5.0],"autoUv":false,"rotation":90},"down":{"texture":"#main","uv":[122.0,7.0,119.0,6.0],"autoUv":false,"rotation":90}},"children":[]},{"name":"MouthAnimu0L","from":[-3.200528860092,0.581882301718,-0.478006824851],"to":[-3.100528858602,0.703928291798,0.104112520814],"rotationOrigin":[-3.200528860092,0.577814102173,0.104112520814],"stepParentName":"b_Head","rotationX":-1.3660375e-05,"rotationY":1e-12,"rotationZ":0.0,"group":"head-animu0","faces":{"north":{"texture":"#main","uv":[118.0,2.0,119.0,3.0],"autoUv":false},"east":{"texture":"#main","uv":[123.0,2.0,126.0,3.0],"autoUv":false},"south":{"texture":"#main","uv":[122.0,2.0,123.0,3.0],"autoUv":false},"west":{"texture":"#main","uv":[119.0,2.0,122.0,3.0],"autoUv":false},"up":{"texture":"#main","uv":[119.0,1.0,122.0,2.0],"autoUv":false,"rotation":90},"down":{"texture":"#main","uv":[122.0,4.0,119.0,3.0],"autoUv":false,"rotation":90}},"children":[]},{"name":"MouthAnimu0R","from":[-3.200528860092,0.581896257587,-0.003440015018],"to":[-3.100528858602,0.704360917211,0.462342001498],"rotationOrigin":[-3.200528860092,0.577814102173,-0.003440015018],"stepParentName":"b_Head","rotationX":1.999986324129,"rotationY":1e-12,"rotationZ":-0.0,"group":"head-animu0","faces":{"north":{"texture":"#main","uv":[118.0,2.0,119.0,3.0],"autoUv":false},"east":{"texture":"#main","uv":[123.0,2.0,126.0,3.0],"autoUv":false},"south":{"texture":"#main","uv":[122.0,2.0,123.0,3.0],"autoUv":false},"west":{"texture":"#main","uv":[119.0,2.0,122.0,3.0],"autoUv":false},"up":{"texture":"#main","uv":[119.0,1.0,122.0,2.0],"autoUv":false,"rotation":90},"down":{"texture":"#main","uv":[122.0,4.0,119.0,3.0],"autoUv":false,"rotation":90}},"children":[]},{"name":"MeshHead","from":[-3.14717233181,-0.001083374023,-2.500000193457],"to":[2.408524155617,4.998915672302,2.499999806543],"rotationOrigin":[0.001055836678,-0.001083374023,-1.93457e-07],"stepParentName":"b_Head","rotationX":-1.3660377e-05,"rotationY":1e-12,"rotationZ":0.0,"group":"head-animu0","faces":{"north":{"texture":"#main","uv":[0.0,12.0,12.0,22.0],"autoUv":false},"east":{"texture":"#main","uv":[34.0,12.0,44.0,22.0],"autoUv":false},"south":{"texture":"#main","uv":[22.0,12.0,34.0,22.0],"autoUv":false},"west":{"texture":"#main","uv":[12.0,12.0,22.0,22.0],"autoUv":false},"up":{"texture":"#main","uv":[12.0,0.0,22.0,12.0],"autoUv":false,"rotation":90},"down":{"texture":"#main","uv":[22.0,34.0,12.0,22.0],"autoUv":false,"rotation":90}},"children":[]},{"name":"MeshNeck","from":[-1.323502242565,-2.071530461311,-1.499999449484],"to":[1.676498472691,1.928470611572,1.500000550516],"rotationOrigin":[0.376498162746,-2.371530532837,5.50516e-07],"stepParentName":"b_Head","rotationX":-1.4533892e-05,"rotationY":1.1099057e-05,"rotationZ":9.00004293913,"group":"head-animu0","faces":{"north":{"texture":"#main","uv":[24.0,2.0,30.0,10.0],"autoUv":false},"east":{"texture":"#main","uv":[42.0,2.0,48.0,10.0],"autoUv":false},"south":{"texture":"#main","uv":[36.0,2.0,42.0,10.0],"autoUv":false},"west":{"texture":"#main","uv":[30.0,2.0,36.0,10.0],"autoUv":false},"up":{"texture":"#main","uv":[30.0,2.0,36.0,8.0],"autoUv":false,"rotation":90},"down":{"texture":"#main","uv":[6.0,6.0,0.0,0.0],"autoUv":false}},"children":[]},{"name":"Head","from":[-3.147172451019,-0.00108397007,-2.5],"to":[-3.147172451019,-0.00108397007,-2.5],"rotationOrigin":[-3.147172451019,-0.00108397007,-2.5],"rotationX":-1.3660375e-05,"rotationY":1e-12,"rotationZ":0.0,"faces":{"north":{"texture":"#null","uv":[0.0,0.0,0.0,0.0],"enabled":false},"east":{"texture":"#null","uv":[0.0,0.0,0.0,0.0],"enabled":false},"south":{"texture":"#null","uv":[0.0,0.0,0.0,0.0],"enabled":false},"west":{"texture":"#null","uv":[0.0,0.0,0.0,0.0],"enabled":false},"up":{"texture":"#null","uv":[0.0,0.0,0.0,0.0],"enabled":false},"down":{"texture":"#null","uv":[0.0,0.0,0.0,0.0],"enabled":false}},"children":[],"stepParentName":"b_Head"}],"groups":[]}