{"textureWidth":64,"textureHeight":64,"textures":{},"textureSizes":{"head":[64,64]},"elements":[{"name":"MeshMouthR.011","from":[-3.825359463692,0.523648500443,-1.523061364889],"to":[-1.215762019157,1.516838610172,0.824370533228],"rotationOrigin":[-2.520435571671,0.950996339321,-0.349206417799],"stepParentName":"b_Head","rotationX":5.352100375129,"rotationY":-41.724717224448,"rotationZ":7.723895517247,"group":"head-dragon0","faces":{"north":{"texture":"#head","uv":[54.0,5.0,55.0,6.0],"autoUv":false},"east":{"texture":"#head","uv":[55.0,5.0,58.0,6.0],"autoUv":false},"south":{"texture":"#head","uv":[58.0,5.0,59.0,6.0],"autoUv":false},"west":{"texture":"#head","uv":[55.0,5.0,58.0,6.0],"autoUv":false},"up":{"texture":"#head","uv":[55.0,1.0,58.0,5.0],"autoUv":false,"rotation":90},"down":{"texture":"#head","uv":[58.0,9.0,55.0,6.0],"autoUv":false,"rotation":270}},"children":[]},{"name":"MeshMouthL.006","from":[-3.82424557209,0.52368915081,-0.824301242828],"to":[-1.215010046959,1.505395710468,1.522824287415],"rotationOrigin":[-2.519627809525,0.942478239536,0.349261522293],"stepParentName":"b_Head","rotationX":-5.352127695886,"rotationY":41.724720639543,"rotationZ":7.723897224794,"group":"head-dragon0","faces":{"north":{"texture":"#head","uv":[59.0,5.0,58.0,6.0],"autoUv":false},"east":{"texture":"#head","uv":[58.0,5.0,55.0,6.0],"autoUv":false},"south":{"texture":"#head","uv":[55.0,5.0,54.0,6.0],"autoUv":false},"west":{"texture":"#head","uv":[58.0,5.0,55.0,6.0],"autoUv":false},"up":{"texture":"#head","uv":[58.0,1.0,55.0,5.0],"autoUv":false,"rotation":90},"down":{"texture":"#head","uv":[55.0,9.0,58.0,6.0],"autoUv":false,"rotation":270}},"children":[]},{"name":"MeshHead.002","from":[-3.107491850853,1.353958129883,-2.171022499551],"to":[1.197614312172,4.863306522369,2.171021853934],"rotationOrigin":[-0.954938769341,1.353958129883,-3.22809e-07],"stepParentName":"b_Head","rotationX":-1.3660375e-05,"rotationY":1e-12,"rotationZ":0.0,"group":"head-dragon0","faces":{"north":{"texture":"#head","uv":[1.0,1.0,8.0,7.0],"autoUv":false},"east":{"texture":"#head","uv":[21.0,1.0,27.0,7.0],"autoUv":false},"south":{"texture":"#head","uv":[14.0,1.0,21.0,7.0],"autoUv":false},"west":{"texture":"#head","uv":[8.0,1.0,14.0,7.0],"autoUv":false},"up":{"texture":"#head","uv":[2.0,7.0,8.0,14.0],"autoUv":false,"rotation":90},"down":{"texture":"#head","uv":[14.0,14.0,8.0,7.0],"autoUv":false,"rotation":90}},"children":[]},{"name":"MeshNeck.002","from":[-1.323502242565,-2.071530461311,-1.499999449484],"to":[1.676498472691,1.928470611572,1.500000550516],"rotationOrigin":[0.376498162746,-2.371530532837,5.50516e-07],"stepParentName":"b_Head","rotationX":-1.4533892e-05,"rotationY":1.1099057e-05,"rotationZ":9.00004293913,"group":"head-dragon0","faces":{"north":{"texture":"#head","uv":[27.0,3.0,36.0,14.0],"autoUv":false},"east":{"texture":"#head","uv":[27.0,3.0,36.0,14.0],"autoUv":false},"south":{"texture":"#head","uv":[27.0,3.0,36.0,14.0],"autoUv":false},"west":{"texture":"#head","uv":[36.0,3.0,44.0,14.0],"autoUv":false},"up":{"texture":"#head","uv":[36.0,0.0,44.0,9.0],"autoUv":false,"rotation":90},"down":{"texture":"#head","uv":[44.0,9.0,36.0,0.0],"autoUv":false,"rotation":270}},"children":[]},{"name":"MeshMouthR.012","from":[-4.273264884949,0.478674530983,-0.351993751141],"to":[-1.663909912109,1.477473437786,0.351806241658],"rotationOrigin":[-2.968591451645,0.907732009888,-2.20153e-07],"stepParentName":"b_Head","rotationX":-1.3660377e-05,"rotationY":1e-12,"rotationZ":5.76543354162,"group":"head-dragon0","faces":{"north":{"texture":"#head","uv":[54.0,5.0,55.0,6.0],"autoUv":false},"east":{"texture":"#head","uv":[55.0,5.0,58.0,6.0],"autoUv":false},"south":{"texture":"#head","uv":[58.0,5.0,59.0,6.0],"autoUv":false},"west":{"texture":"#head","uv":[55.0,5.0,58.0,6.0],"autoUv":false},"up":{"texture":"#head","uv":[55.0,1.0,58.0,5.0],"autoUv":false,"rotation":90},"down":{"texture":"#head","uv":[58.0,9.0,55.0,6.0],"autoUv":false,"rotation":270}},"children":[]},{"name":"MeshMouthR.013","from":[-3.516079545021,0.446017503738,-1.789363741875],"to":[-0.906732439995,1.577702045441,0.557790160179],"rotationOrigin":[-2.211405992508,1.01185977459,-0.615786790848],"stepParentName":"b_Head","rotationX":16.424987906595,"rotationY":-36.999933866092,"rotationZ":26.097278554405,"group":"head-dragon0","faces":{"north":{"texture":"#head","uv":[54.0,5.0,55.0,6.0],"autoUv":false},"east":{"texture":"#head","uv":[55.0,5.0,58.0,6.0],"autoUv":false},"south":{"texture":"#head","uv":[58.0,5.0,59.0,6.0],"autoUv":false},"west":{"texture":"#head","uv":[55.0,5.0,58.0,6.0],"autoUv":false},"up":{"texture":"#head","uv":[55.0,1.0,58.0,5.0],"autoUv":false,"rotation":90},"down":{"texture":"#head","uv":[58.0,9.0,55.0,6.0],"autoUv":false,"rotation":270}},"children":[]},{"name":"MeshMouthL.007","from":[-3.517100214958,0.457297027111,-0.543438196182],"to":[-0.907864689827,1.577499270439,1.803687334061],"rotationOrigin":[-2.212482452393,1.014581799507,0.630124568939],"stepParentName":"b_Head","rotationX":-16.425015227351,"rotationY":36.999933866092,"rotationZ":26.097280261952,"group":"head-dragon0","faces":{"north":{"texture":"#head","uv":[59.0,5.0,58.0,6.0],"autoUv":false},"east":{"texture":"#head","uv":[58.0,5.0,55.0,6.0],"autoUv":false},"south":{"texture":"#head","uv":[55.0,5.0,54.0,6.0],"autoUv":false},"west":{"texture":"#head","uv":[58.0,5.0,55.0,6.0],"autoUv":false},"up":{"texture":"#head","uv":[58.0,1.0,55.0,5.0],"autoUv":false,"rotation":90},"down":{"texture":"#head","uv":[55.0,9.0,58.0,6.0],"autoUv":false,"rotation":270}},"children":[]},{"name":"MeshMouthR.014","from":[-3.935205936432,0.282872855663,-0.555402636062],"to":[-1.325859069824,1.420167148113,0.569715500344],"rotationOrigin":[-2.630532503128,0.850425720215,0.007156432141],"stepParentName":"b_Head","rotationX":-1.3660378e-05,"rotationY":1e-12,"rotationZ":20.567907449558,"group":"head-dragon0","faces":{"north":{"texture":"#head","uv":[54.0,5.0,55.0,6.0],"autoUv":false},"east":{"texture":"#head","uv":[55.0,5.0,58.0,6.0],"autoUv":false},"south":{"texture":"#head","uv":[58.0,5.0,59.0,6.0],"autoUv":false},"west":{"texture":"#head","uv":[55.0,5.0,58.0,6.0],"autoUv":false},"up":{"texture":"#head","uv":[55.0,1.0,58.0,5.0],"autoUv":false,"rotation":90},"down":{"texture":"#head","uv":[58.0,9.0,55.0,6.0],"autoUv":false,"rotation":270}},"children":[]},{"name":"MeshMouthR.015","from":[-3.935333520174,0.320235431194,-0.574328169227],"to":[-3.361132830381,0.464760422707,-0.229361250997],"rotationOrigin":[-3.648233175278,0.39249792695,-0.401844710112],"stepParentName":"b_Head","rotationX":12.499942006645,"rotationY":-35.547835648547,"rotationZ":10.376239825749,"group":"head-dragon0","faces":{"north":{"texture":"#head","uv":[10.0,59.0,11.0,60.0],"autoUv":false},"east":{"texture":"#head","uv":[11.0,59.0,13.0,60.0],"autoUv":false},"south":{"texture":"#head","uv":[13.0,59.0,14.0,60.0],"autoUv":false},"west":{"texture":"#head","uv":[11.0,59.0,13.0,60.0],"autoUv":false},"up":{"texture":"#head","uv":[11.0,58.0,13.0,59.0],"autoUv":false,"rotation":90},"down":{"texture":"#head","uv":[13.0,61.0,11.0,60.0],"autoUv":false,"rotation":270}},"children":[]},{"name":"MeshMouthR.016","from":[-4.008149325848,0.366135627031,-0.466386646032],"to":[-3.433946430683,0.51084408164,0.018098697066],"rotationOrigin":[-3.721047878265,0.438489854336,-0.224143981934],"stepParentName":"b_Head","rotationX":-5.152813384394,"rotationY":-4.948354659798,"rotationZ":17.864306840202,"group":"head-dragon0","faces":{"north":{"texture":"#head","uv":[10.0,59.0,11.0,60.0],"autoUv":false},"east":{"texture":"#head","uv":[11.0,59.0,13.0,60.0],"autoUv":false},"south":{"texture":"#head","uv":[13.0,59.0,14.0,60.0],"autoUv":false},"west":{"texture":"#head","uv":[11.0,59.0,13.0,60.0],"autoUv":false},"up":{"texture":"#head","uv":[11.0,58.0,13.0,59.0],"autoUv":false,"rotation":90},"down":{"texture":"#head","uv":[13.0,61.0,11.0,60.0],"autoUv":false,"rotation":270}},"children":[]},{"name":"MeshMouthR.017","from":[-3.935333520174,0.320235610008,0.229361072183],"to":[-3.361132830381,0.464760601521,0.574327990413],"rotationOrigin":[-3.648233175278,0.392498105764,0.401844531298],"stepParentName":"b_Head","rotationX":-12.499969327402,"rotationY":35.547835648547,"rotationZ":10.376239825749,"group":"head-dragon0","faces":{"north":{"texture":"#head","uv":[14.0,59.0,13.0,60.0],"autoUv":false},"east":{"texture":"#head","uv":[13.0,59.0,11.0,60.0],"autoUv":false},"south":{"texture":"#head","uv":[11.0,59.0,10.0,60.0],"autoUv":false},"west":{"texture":"#head","uv":[13.0,59.0,11.0,60.0],"autoUv":false},"up":{"texture":"#head","uv":[13.0,58.0,11.0,59.0],"autoUv":false,"rotation":90},"down":{"texture":"#head","uv":[11.0,61.0,13.0,60.0],"autoUv":false,"rotation":270}},"children":[]},{"name":"MeshMouthR.018","from":[-4.008149325848,0.366135746241,-0.018098905683],"to":[-3.433946430683,0.51084420085,0.466386437416],"rotationOrigin":[-3.721047878265,0.438489973545,0.224143773317],"stepParentName":"b_Head","rotationX":5.152786490525,"rotationY":4.948353806024,"rotationZ":17.864306840202,"group":"head-dragon0","faces":{"north":{"texture":"#head","uv":[14.0,59.0,13.0,60.0],"autoUv":false},"east":{"texture":"#head","uv":[13.0,59.0,11.0,60.0],"autoUv":false},"south":{"texture":"#head","uv":[11.0,59.0,10.0,60.0],"autoUv":false},"west":{"texture":"#head","uv":[13.0,59.0,11.0,60.0],"autoUv":false},"up":{"texture":"#head","uv":[13.0,58.0,11.0,59.0],"autoUv":false,"rotation":90},"down":{"texture":"#head","uv":[11.0,61.0,13.0,60.0],"autoUv":false,"rotation":270}},"children":[]},{"name":"Head","from":[-3.29165148735,-0.00108397007,-2.5],"to":[-3.29165148735,-0.00108397007,-2.5],"rotationOrigin":[-3.29165148735,-0.00108397007,-2.5],"rotationX":-1.3660375e-05,"rotationY":1e-12,"rotationZ":0.0,"faces":{"north":{"texture":"#null","uv":[0.0,0.0,0.0,0.0],"enabled":false},"east":{"texture":"#null","uv":[0.0,0.0,0.0,0.0],"enabled":false},"south":{"texture":"#null","uv":[0.0,0.0,0.0,0.0],"enabled":false},"west":{"texture":"#null","uv":[0.0,0.0,0.0,0.0],"enabled":false},"up":{"texture":"#null","uv":[0.0,0.0,0.0,0.0],"enabled":false},"down":{"texture":"#null","uv":[0.0,0.0,0.0,0.0],"enabled":false}},"children":[],"stepParentName":"b_Head"},{"name":"MeshMouthNoseTop.001","from":[-4.271446704865,1.135667026043,0.219019666314],"to":[-4.047662258148,1.291976034641,0.526159629226],"rotationOrigin":[-4.159554481506,1.213821530342,0.37258964777],"stepParentName":"b_Head","rotationX":-11.010025031666,"rotationY":50.786940498235,"rotationZ":23.859505384181,"group":"head-dragon0","faces":{"north":{"texture":"#head","uv":[8.0,59.0,11.0,61.0],"autoUv":false},"east":{"texture":"#head","uv":[11.0,59.0,13.0,61.0],"autoUv":false},"south":{"texture":"#head","uv":[13.0,59.0,16.0,61.0],"autoUv":false},"west":{"texture":"#head","uv":[11.0,59.0,13.0,61.0],"autoUv":false},"up":{"texture":"#head","uv":[11.0,57.0,13.0,59.0],"autoUv":false,"rotation":90},"down":{"texture":"#head","uv":[13.0,63.0,11.0,61.0],"autoUv":false,"rotation":270}},"children":[]},{"name":"MeshMouthNoseTop.002","from":[-4.271446704865,1.135666787624,-0.526160225272],"to":[-4.047662258148,1.291975796223,-0.219020262361],"rotationOrigin":[-4.159554481506,1.213821291924,-0.372590243816],"stepParentName":"b_Head","rotationX":11.010003687325,"rotationY":-50.786954158613,"rotationZ":23.859517337012,"group":"head-dragon0","faces":{"north":{"texture":"#head","uv":[16.0,59.0,13.0,61.0],"autoUv":false},"east":{"texture":"#head","uv":[13.0,59.0,11.0,61.0],"autoUv":false},"south":{"texture":"#head","uv":[11.0,59.0,8.0,61.0],"autoUv":false},"west":{"texture":"#head","uv":[13.0,59.0,11.0,61.0],"autoUv":false},"up":{"texture":"#head","uv":[13.0,57.0,11.0,59.0],"autoUv":false,"rotation":90},"down":{"texture":"#head","uv":[11.0,63.0,13.0,61.0],"autoUv":false,"rotation":270}},"children":[]},{"name":"FluffR.007","from":[-2.588503749455,0.942516684532,-2.84511500597],"to":[-0.624289274216,1.53036904335,-1.311259448528],"rotationOrigin":[-2.588504076004,1.236442089081,-2.078189134598],"stepParentName":"b_Head","rotationX":82.850788858712,"rotationY":-3.36013674851,"rotationZ":-48.185625386795,"group":"fluff.001","faces":{"north":{"texture":"#head","uv":[35.0,19.0,37.0,25.0],"autoUv":false,"rotation":90},"east":{"texture":"head","uv":[58.0,59.0,62.0,63.0],"autoUv":false,"rotation":90,"enabled":false},"south":{"texture":"#head","uv":[36.0,20.0,38.0,28.0],"autoUv":false,"rotation":270},"west":{"texture":"#head","uv":[60.0,23.0,61.0,28.0],"autoUv":false,"rotation":270},"up":{"texture":"#head","uv":[37.0,20.0,41.0,27.0],"autoUv":false,"rotation":270},"down":{"texture":"#head","uv":[45.0,27.0,42.0,20.0],"autoUv":false,"rotation":270}},"children":[]},{"name":"FluffL.001","from":[-2.688893708711,0.925142019987,0.842799246311],"to":[-0.436167240143,1.645304709673,2.376654326916],"rotationOrigin":[-2.688893795013,1.28522336483,1.609726786613],"stepParentName":"b_Head","rotationX":-81.260611536907,"rotationY":-4.654289402819,"rotationZ":-57.469901525593,"group":"fluff.001","faces":{"north":{"texture":"#head","uv":[39.0,18.0,37.0,27.0],"autoUv":false,"rotation":90},"east":{"texture":"head","uv":[62.0,59.0,58.0,63.0],"autoUv":false,"rotation":270,"enabled":false},"south":{"texture":"#head","uv":[45.0,19.0,43.0,26.0],"autoUv":false,"rotation":270},"west":{"texture":"#head","uv":[54.0,18.0,57.0,24.0],"autoUv":false,"rotation":90},"up":{"texture":"#head","uv":[39.0,17.0,36.0,27.0],"autoUv":false,"rotation":270},"down":{"texture":"#head","uv":[42.0,27.0,45.0,19.0],"autoUv":false,"rotation":270}},"children":[]},{"name":"FluffL.002","from":[-3.406205568073,0.513226479292,-0.068244993687],"to":[-1.252962350845,1.011570334435,1.17159050703],"rotationOrigin":[-3.406205177307,0.762397885323,0.551674842834],"stepParentName":"b_Head","rotationX":-79.194288067681,"rotationY":-5.236666336174,"rotationZ":-62.374865274255,"group":"fluff.001","faces":{"north":{"texture":"#head","uv":[40.0,18.0,39.0,27.0],"autoUv":false,"rotation":90},"east":{"texture":"head","uv":[62.0,59.0,58.0,63.0],"autoUv":false,"rotation":270,"enabled":false},"south":{"texture":"#head","uv":[40.0,18.0,38.0,25.0],"autoUv":false,"rotation":270},"west":{"texture":"#head","uv":[55.0,8.0,50.0,14.0],"autoUv":false,"rotation":90},"up":{"texture":"#head","uv":[42.0,17.0,39.0,27.0],"autoUv":false,"rotation":270},"down":{"texture":"#head","uv":[34.0,27.0,37.0,19.0],"autoUv":false,"rotation":270}},"children":[]},{"name":"FluffR.008","from":[-3.01228260994,0.573799565434,-1.704870522022],"to":[-1.048953294754,1.029872462153,-0.483396232128],"rotationOrigin":[-3.01228260994,0.801835775375,-1.094133377075],"stepParentName":"b_Head","rotationX":77.551040176024,"rotationY":-2.725482401022,"rotationZ":-73.436493238874,"group":"fluff.001","faces":{"north":{"texture":"#head","uv":[35.0,18.0,37.0,25.0],"autoUv":false,"rotation":90},"east":{"texture":"head","uv":[57.0,57.0,63.0,63.0],"autoUv":false,"rotation":90,"enabled":false},"south":{"texture":"#head","uv":[37.0,19.0,38.0,28.0],"autoUv":false,"rotation":270},"west":{"texture":"#head","uv":[49.0,1.0,52.0,5.0],"autoUv":false,"rotation":270},"up":{"texture":"#head","uv":[36.0,17.0,39.0,27.0],"autoUv":false,"rotation":270},"down":{"texture":"#head","uv":[46.0,27.0,43.0,19.0],"autoUv":false,"rotation":270}},"children":[]},{"name":"FluffR.009","from":[-2.811562895775,0.67695902288,-2.150644361973],"to":[-1.127318620682,1.133041977882,-0.829032838345],"rotationOrigin":[-2.811562299728,0.905000329018,-1.48983669281],"stepParentName":"b_Head","rotationX":99.482770770746,"rotationY":8.683642109792,"rotationZ":-77.709131734554,"group":"fluff.001","faces":{"north":{"texture":"#head","uv":[34.0,21.0,35.0,25.0],"autoUv":false,"rotation":90},"east":{"texture":"head","uv":[57.0,57.0,63.0,63.0],"autoUv":false,"rotation":90,"enabled":false},"south":{"texture":"#head","uv":[37.0,20.0,39.0,26.0],"autoUv":false,"rotation":270},"west":{"texture":"#head","uv":[59.0,23.0,60.0,27.0],"autoUv":false,"rotation":270},"up":{"texture":"#head","uv":[35.0,22.0,38.0,27.0],"autoUv":false,"rotation":270},"down":{"texture":"#head","uv":[38.0,27.0,41.0,22.0],"autoUv":false,"rotation":270}},"children":[]},{"name":"FluffR.019","from":[-2.811562895775,0.641460165381,0.829032361507],"to":[-1.127318620682,1.097543120384,2.150643885136],"rotationOrigin":[-2.811562299728,0.869501471519,1.489836215973],"stepParentName":"b_Head","rotationX":-94.163631181005,"rotationY":-8.572135002723,"rotationZ":-67.906601332102,"group":"fluff.001","faces":{"north":{"texture":"#head","uv":[39.0,17.0,37.0,26.0],"autoUv":false,"rotation":90},"east":{"texture":"head","uv":[63.0,57.0,57.0,63.0],"autoUv":false,"rotation":270,"enabled":false},"south":{"texture":"#head","uv":[37.0,17.0,35.0,24.0],"autoUv":false,"rotation":270},"west":{"texture":"#head","uv":[52.0,1.0,49.0,5.0],"autoUv":false,"rotation":90},"up":{"texture":"#head","uv":[38.0,19.0,35.0,27.0],"autoUv":false,"rotation":270},"down":{"texture":"#head","uv":[38.0,27.0,41.0,19.0],"autoUv":false,"rotation":270}},"children":[]},{"name":"FluffR.020","from":[-3.191660761833,1.387850880623,-4.82937169075],"to":[-2.735577702522,4.861808300018,-1.99409455061],"rotationOrigin":[-2.963619232178,2.776563167572,-1.994094610214],"stepParentName":"b_Head","rotationX":-1.3660376e-05,"rotationY":-50.883068580614,"rotationZ":-1e-12,"group":"fluff.001","faces":{"north":{"texture":"head","uv":[57.0,57.0,63.0,63.0],"autoUv":false,"rotation":180,"enabled":false},"east":{"texture":"#head","uv":[24.0,21.0,19.0,27.0],"autoUv":false,"rotation":270},"south":{"texture":"#head","uv":[4.0,16.0,5.0,24.0],"autoUv":false,"rotation":180},"west":{"texture":"#head","uv":[25.0,22.0,30.0,28.0],"autoUv":false,"rotation":90},"up":{"texture":"#head","uv":[19.0,18.0,21.0,27.0],"autoUv":false,"rotation":180},"down":{"texture":"#head","uv":[19.0,27.0,21.0,20.0],"autoUv":false}},"children":[]},{"name":"FluffR.021","from":[-2.973021894693,3.18039137125,-3.862411856651],"to":[-2.248417943716,4.815863192081,-1.570288967584],"rotationOrigin":[-2.610719919205,4.025357723236,-1.57028901577],"stepParentName":"b_Head","rotationX":39.868282053323,"rotationY":-28.779200143335,"rotationZ":14.360768135633,"group":"fluff.001","faces":{"north":{"texture":"head","uv":[57.0,57.0,63.0,63.0],"autoUv":false,"rotation":180,"enabled":false},"east":{"texture":"#head","uv":[24.0,21.0,20.0,27.0],"autoUv":false,"rotation":270},"south":{"texture":"#head","uv":[4.0,16.0,5.0,24.0],"autoUv":false,"rotation":180},"west":{"texture":"#head","uv":[20.0,21.0,24.0,27.0],"autoUv":false,"rotation":90},"up":{"texture":"#head","uv":[19.0,18.0,21.0,27.0],"autoUv":false,"rotation":180},"down":{"texture":"#head","uv":[19.0,27.0,21.0,20.0],"autoUv":false}},"children":[]},{"name":"FluffR.022","from":[-3.191660761833,1.387851834297,1.994093120098],"to":[-2.735577702522,4.861809253693,4.829370260239],"rotationOrigin":[-2.963619232178,2.776564121246,1.994093179703],"stepParentName":"b_Head","rotationX":-1.3660376e-05,"rotationY":50.883068580614,"rotationZ":0.0,"group":"fluff.001","faces":{"north":{"texture":"#head","uv":[5.0,16.0,4.0,24.0],"autoUv":false,"rotation":180},"east":{"texture":"#head","uv":[20.0,21.0,25.0,27.0],"autoUv":false,"rotation":90},"south":{"texture":"head","uv":[63.0,57.0,57.0,63.0],"autoUv":false,"rotation":180,"enabled":false},"west":{"texture":"#head","uv":[27.0,21.0,22.0,27.0],"autoUv":false,"rotation":270},"up":{"texture":"#head","uv":[21.0,18.0,19.0,27.0],"autoUv":false},"down":{"texture":"#head","uv":[21.0,27.0,19.0,20.0],"autoUv":false,"rotation":180}},"children":[]},{"name":"FluffR.023","from":[-2.973021894693,3.180392324924,1.570287060235],"to":[-2.248417943716,4.815864145756,3.862409949303],"rotationOrigin":[-2.610719919205,4.02535867691,1.570287108421],"stepParentName":"b_Head","rotationX":-39.868305958985,"rotationY":28.779200143335,"rotationZ":14.360766428086,"group":"fluff.001","faces":{"north":{"texture":"#head","uv":[5.0,16.0,4.0,24.0],"autoUv":false,"rotation":180},"east":{"texture":"#head","uv":[20.0,21.0,24.0,27.0],"autoUv":false,"rotation":90},"south":{"texture":"head","uv":[63.0,57.0,57.0,63.0],"autoUv":false,"rotation":180,"enabled":false},"west":{"texture":"#head","uv":[24.0,21.0,20.0,27.0],"autoUv":false,"rotation":270},"up":{"texture":"#head","uv":[21.0,18.0,19.0,27.0],"autoUv":false},"down":{"texture":"#head","uv":[21.0,27.0,19.0,20.0],"autoUv":false,"rotation":180}},"children":[]},{"name":"FluffR.024","from":[-1.092561542988,1.792169809341,-4.471996426582],"to":[0.105381906033,4.37025475502,-1.041748809228],"rotationOrigin":[-0.493589818478,2.882024526596,-1.04174888134],"stepParentName":"b_Head","rotationX":32.864800738783,"rotationY":-53.866406417616,"rotationZ":29.834669275777,"group":"fluff.001","faces":{"north":{"texture":"head","uv":[57.0,57.0,63.0,63.0],"autoUv":false,"rotation":180,"enabled":false},"east":{"texture":"#head","uv":[23.0,21.0,19.0,27.0],"autoUv":false,"rotation":270},"south":{"texture":"#head","uv":[4.0,16.0,5.0,24.0],"autoUv":false,"rotation":180},"west":{"texture":"#head","uv":[26.0,21.0,30.0,27.0],"autoUv":false,"rotation":90},"up":{"texture":"#head","uv":[19.0,18.0,21.0,27.0],"autoUv":false,"rotation":180},"down":{"texture":"#head","uv":[19.0,26.0,21.0,19.0],"autoUv":false}},"children":[]},{"name":"FluffR.025","from":[-1.202524423599,1.025353908539,-5.514862298965],"to":[-0.449715137482,3.431969285011,-2.679585397244],"rotationOrigin":[-0.82611978054,2.042721986771,-2.679585456848],"stepParentName":"b_Head","rotationX":18.793012784291,"rotationY":-73.408421161385,"rotationZ":14.836053679218,"group":"fluff.001","faces":{"north":{"texture":"head","uv":[57.0,57.0,63.0,63.0],"autoUv":false,"rotation":180,"enabled":false},"east":{"texture":"#head","uv":[23.0,21.0,19.0,27.0],"autoUv":false,"rotation":270},"south":{"texture":"#head","uv":[4.0,16.0,5.0,24.0],"autoUv":false,"rotation":180},"west":{"texture":"#head","uv":[26.0,22.0,30.0,28.0],"autoUv":false,"rotation":90},"up":{"texture":"#head","uv":[19.0,18.0,21.0,27.0],"autoUv":false,"rotation":180},"down":{"texture":"#head","uv":[19.0,27.0,21.0,20.0],"autoUv":false}},"children":[]},{"name":"FluffR.026","from":[-1.054094254971,0.303980648518,-4.699582397938],"to":[-0.301284968853,2.370415687561,-0.828770377324],"rotationOrigin":[-0.677689611912,1.17754149437,-0.828770458698],"stepParentName":"b_Head","rotationX":-24.401586762754,"rotationY":-65.186649249874,"rotationZ":-26.530614783655,"group":"fluff.001","faces":{"north":{"texture":"head","uv":[57.0,57.0,63.0,63.0],"autoUv":false,"rotation":180,"enabled":false},"east":{"texture":"#head","uv":[21.0,20.0,18.0,26.0],"autoUv":false,"rotation":270},"south":{"texture":"#head","uv":[4.0,16.0,5.0,24.0],"autoUv":false,"rotation":180},"west":{"texture":"#head","uv":[24.0,20.0,27.0,26.0],"autoUv":false,"rotation":90},"up":{"texture":"#head","uv":[19.0,18.0,21.0,27.0],"autoUv":false,"rotation":180},"down":{"texture":"#head","uv":[19.0,27.0,21.0,20.0],"autoUv":false}},"children":[]},{"name":"FluffR.027","from":[-1.883879005909,0.094065129757,-5.179668903351],"to":[-0.899877727032,1.813910484314,-2.123529846794],"rotationOrigin":[-1.39187836647,0.821109294891,-2.123529911041],"stepParentName":"b_Head","rotationX":14.194891868998,"rotationY":-68.848853248862,"rotationZ":55.686901133329,"group":"fluff.001","faces":{"north":{"texture":"head","uv":[57.0,57.0,63.0,63.0],"autoUv":false,"rotation":180,"enabled":false},"east":{"texture":"#head","uv":[22.0,21.0,19.0,27.0],"autoUv":false,"rotation":270},"south":{"texture":"#head","uv":[4.0,16.0,5.0,24.0],"autoUv":false,"rotation":180},"west":{"texture":"#head","uv":[27.0,22.0,30.0,28.0],"autoUv":false,"rotation":90},"up":{"texture":"#head","uv":[19.0,21.0,21.0,27.0],"autoUv":false,"rotation":180},"down":{"texture":"#head","uv":[19.0,27.0,21.0,20.0],"autoUv":false}},"children":[]},{"name":"FluffR.028","from":[-1.092561542988,1.713181376457,1.041747378716],"to":[0.105381906033,4.478116989136,4.471994996071],"rotationOrigin":[-0.493589818478,2.882025003433,1.041747450829],"stepParentName":"b_Head","rotationX":-32.864855380296,"rotationY":53.866426908184,"rotationZ":29.834693181439,"group":"fluff.001","faces":{"north":{"texture":"#head","uv":[5.0,16.0,4.0,24.0],"autoUv":false,"rotation":180},"east":{"texture":"#head","uv":[20.0,21.0,24.0,27.0],"autoUv":false,"rotation":90},"south":{"texture":"head","uv":[63.0,57.0,57.0,63.0],"autoUv":false,"rotation":180,"enabled":false},"west":{"texture":"#head","uv":[29.0,21.0,25.0,27.0],"autoUv":false,"rotation":270},"up":{"texture":"#head","uv":[21.0,18.0,19.0,27.0],"autoUv":false},"down":{"texture":"#head","uv":[21.0,26.0,19.0,19.0],"autoUv":false,"rotation":180}},"children":[]},{"name":"FluffR.029","from":[-1.202524423599,1.02535533905,2.679584443569],"to":[-0.449715137482,3.431970715523,5.514861345291],"rotationOrigin":[-0.82611978054,2.042723417282,2.679584503174],"stepParentName":"b_Head","rotationX":-18.793045227689,"rotationY":73.408421161385,"rotationZ":14.836055386765,"group":"fluff.001","faces":{"north":{"texture":"#head","uv":[5.0,16.0,4.0,24.0],"autoUv":false,"rotation":180},"east":{"texture":"#head","uv":[19.0,21.0,23.0,27.0],"autoUv":false,"rotation":90},"south":{"texture":"head","uv":[63.0,57.0,57.0,63.0],"autoUv":false,"rotation":180,"enabled":false},"west":{"texture":"#head","uv":[29.0,22.0,25.0,28.0],"autoUv":false,"rotation":270},"up":{"texture":"#head","uv":[21.0,18.0,19.0,27.0],"autoUv":false},"down":{"texture":"#head","uv":[21.0,27.0,19.0,20.0],"autoUv":false,"rotation":180}},"children":[]},{"name":"FluffR.030","from":[-1.054094254971,0.303981125355,0.828769781278],"to":[-0.301284968853,2.370416164398,4.699581801891],"rotationOrigin":[-0.677689611912,1.177541971207,0.828769862652],"stepParentName":"b_Head","rotationX":24.401564564639,"rotationY":65.186656080063,"rotationZ":-26.530618198749,"group":"fluff.001","faces":{"north":{"texture":"#head","uv":[5.0,16.0,4.0,24.0],"autoUv":false,"rotation":180},"east":{"texture":"#head","uv":[18.0,20.0,21.0,26.0],"autoUv":false,"rotation":90},"south":{"texture":"head","uv":[63.0,57.0,57.0,63.0],"autoUv":false,"rotation":180,"enabled":false},"west":{"texture":"#head","uv":[27.0,20.0,24.0,26.0],"autoUv":false,"rotation":270},"up":{"texture":"#head","uv":[21.0,18.0,19.0,27.0],"autoUv":false},"down":{"texture":"#head","uv":[21.0,27.0,19.0,20.0],"autoUv":false,"rotation":180}},"children":[]},{"name":"FluffR.031","from":[-1.8838788867,0.094066083431,2.123529369956],"to":[-0.899877607822,1.813911437988,5.179668426514],"rotationOrigin":[-1.391878247261,0.821110248566,2.123529434204],"stepParentName":"b_Head","rotationX":-14.194909798244,"rotationY":68.848860079051,"rotationZ":55.68689430314,"group":"fluff.001","faces":{"north":{"texture":"#head","uv":[5.0,16.0,4.0,24.0],"autoUv":false,"rotation":180},"east":{"texture":"#head","uv":[19.0,21.0,22.0,27.0],"autoUv":false,"rotation":90},"south":{"texture":"head","uv":[63.0,57.0,57.0,63.0],"autoUv":false,"rotation":180,"enabled":false},"west":{"texture":"#head","uv":[30.0,22.0,27.0,28.0],"autoUv":false,"rotation":270},"up":{"texture":"#head","uv":[21.0,21.0,19.0,27.0],"autoUv":false},"down":{"texture":"#head","uv":[21.0,27.0,19.0,20.0],"autoUv":false,"rotation":180}},"children":[]}],"groups":[]}