{"textureWidth":64,"textureHeight":64,"textures":{},"textureSizes":{"head":[64,64]},"elements":[{"name":"FluffR.034","from":[-2.632362039174,0.732605278492,-2.718835771084],"to":[-0.668147563934,1.320457756519,-1.516171872616],"rotationOrigin":[-2.632362365723,1.026530742645,-2.117505311966],"stepParentName":"b_Head","rotationX":82.850788858712,"rotationY":-3.36013674851,"rotationZ":-48.185625386795,"group":"head-fox0","faces":{"north":{"texture":"#head","uv":[35.0,19.0,37.0,25.0],"autoUv":false,"rotation":90},"east":{"texture":"head","uv":[58.0,59.0,62.0,63.0],"autoUv":false,"rotation":90,"enabled":false},"south":{"texture":"#head","uv":[36.0,20.0,38.0,28.0],"autoUv":false,"rotation":270},"west":{"texture":"#head","uv":[60.0,23.0,61.0,28.0],"autoUv":false,"rotation":270},"up":{"texture":"#head","uv":[37.0,20.0,41.0,27.0],"autoUv":false,"rotation":270},"down":{"texture":"#head","uv":[45.0,27.0,42.0,20.0],"autoUv":false,"rotation":270}},"children":[]},{"name":"FluffL.003","from":[-2.686372193818,0.724355429411,1.073074221611],"to":[-0.433645486832,1.444518119097,2.307189106941],"rotationOrigin":[-2.686372280121,1.084436774254,1.690131664276],"stepParentName":"b_Head","rotationX":-81.260611536907,"rotationY":-4.654289402819,"rotationZ":-57.469901525593,"group":"head-fox0","faces":{"north":{"texture":"#head","uv":[39.0,18.0,37.0,27.0],"autoUv":false,"rotation":90},"east":{"texture":"head","uv":[62.0,59.0,58.0,63.0],"autoUv":false,"rotation":270,"enabled":false},"south":{"texture":"#head","uv":[45.0,19.0,43.0,26.0],"autoUv":false,"rotation":270},"west":{"texture":"#head","uv":[54.0,18.0,57.0,24.0],"autoUv":false,"rotation":90},"up":{"texture":"#head","uv":[39.0,17.0,36.0,27.0],"autoUv":false,"rotation":270},"down":{"texture":"#head","uv":[42.0,27.0,45.0,19.0],"autoUv":false,"rotation":270}},"children":[]},{"name":"FluffL.004","from":[-3.406205568073,0.513226479292,-0.068244993687],"to":[-1.252962350845,1.011570334435,1.17159050703],"rotationOrigin":[-3.406205177307,0.762397885323,0.551674842834],"stepParentName":"b_Head","rotationX":-79.194288067681,"rotationY":-5.236666336174,"rotationZ":-62.374865274255,"group":"head-fox0","faces":{"north":{"texture":"#head","uv":[40.0,18.0,39.0,27.0],"autoUv":false,"rotation":90},"east":{"texture":"head","uv":[62.0,59.0,58.0,63.0],"autoUv":false,"rotation":270,"enabled":false},"south":{"texture":"#head","uv":[40.0,18.0,38.0,25.0],"autoUv":false,"rotation":270},"west":{"texture":"#head","uv":[55.0,8.0,50.0,14.0],"autoUv":false,"rotation":90},"up":{"texture":"#head","uv":[42.0,17.0,39.0,27.0],"autoUv":false,"rotation":270},"down":{"texture":"#head","uv":[34.0,27.0,37.0,19.0],"autoUv":false,"rotation":270}},"children":[]},{"name":"FluffR.035","from":[-3.01228260994,0.573799565434,-1.704870522022],"to":[-1.048953294754,1.029872462153,-0.483396232128],"rotationOrigin":[-3.01228260994,0.801835775375,-1.094133377075],"stepParentName":"b_Head","rotationX":77.551040176024,"rotationY":-2.725482401022,"rotationZ":-73.436493238874,"group":"head-fox0","faces":{"north":{"texture":"#head","uv":[35.0,18.0,37.0,25.0],"autoUv":false,"rotation":90},"east":{"texture":"head","uv":[57.0,57.0,63.0,63.0],"autoUv":false,"rotation":90,"enabled":false},"south":{"texture":"#head","uv":[37.0,19.0,38.0,28.0],"autoUv":false,"rotation":270},"west":{"texture":"#head","uv":[49.0,1.0,52.0,5.0],"autoUv":false,"rotation":270},"up":{"texture":"#head","uv":[36.0,17.0,39.0,27.0],"autoUv":false,"rotation":270},"down":{"texture":"#head","uv":[46.0,27.0,43.0,19.0],"autoUv":false,"rotation":270}},"children":[]},{"name":"FluffR.036","from":[-2.811562895775,0.67695902288,-2.150644361973],"to":[-1.127318620682,1.133041977882,-0.829032838345],"rotationOrigin":[-2.811562299728,0.905000329018,-1.48983669281],"stepParentName":"b_Head","rotationX":99.482757110368,"rotationY":8.683643817339,"rotationZ":-91.740587421997,"group":"head-fox0","faces":{"north":{"texture":"#head","uv":[34.0,21.0,35.0,25.0],"autoUv":false,"rotation":90},"east":{"texture":"head","uv":[57.0,57.0,63.0,63.0],"autoUv":false,"rotation":90,"enabled":false},"south":{"texture":"#head","uv":[37.0,20.0,39.0,26.0],"autoUv":false,"rotation":270},"west":{"texture":"#head","uv":[59.0,23.0,60.0,27.0],"autoUv":false,"rotation":270},"up":{"texture":"#head","uv":[35.0,22.0,38.0,27.0],"autoUv":false,"rotation":270},"down":{"texture":"#head","uv":[38.0,27.0,41.0,22.0],"autoUv":false,"rotation":270}},"children":[]},{"name":"FluffR.037","from":[-3.004321932793,0.61047719419,0.823990881443],"to":[-1.3200776577,1.066560149193,2.145602405071],"rotationOrigin":[-3.004321336746,0.838518500328,1.484794735909],"stepParentName":"b_Head","rotationX":-95.671122232718,"rotationY":-7.662773861912,"rotationZ":-78.552257115889,"group":"head-fox0","faces":{"north":{"texture":"#head","uv":[39.0,17.0,37.0,26.0],"autoUv":false,"rotation":90},"east":{"texture":"head","uv":[63.0,57.0,57.0,63.0],"autoUv":false,"rotation":270,"enabled":false},"south":{"texture":"#head","uv":[37.0,17.0,35.0,24.0],"autoUv":false,"rotation":270},"west":{"texture":"#head","uv":[52.0,1.0,49.0,5.0],"autoUv":false,"rotation":90},"up":{"texture":"#head","uv":[38.0,19.0,35.0,27.0],"autoUv":false,"rotation":270},"down":{"texture":"#head","uv":[38.0,27.0,41.0,19.0],"autoUv":false,"rotation":270}},"children":[]},{"name":"FluffR.038","from":[-3.191660761833,1.387850880623,-4.82937169075],"to":[-2.735577702522,4.861808300018,-1.99409455061],"rotationOrigin":[-2.963619232178,2.776563167572,-1.994094610214],"stepParentName":"b_Head","rotationX":-1.3660376e-05,"rotationY":-50.883068580614,"rotationZ":-1e-12,"group":"head-fox0","faces":{"north":{"texture":"head","uv":[57.0,57.0,63.0,63.0],"autoUv":false,"rotation":180,"enabled":false},"east":{"texture":"#head","uv":[24.0,21.0,19.0,27.0],"autoUv":false,"rotation":270},"south":{"texture":"#head","uv":[4.0,16.0,5.0,24.0],"autoUv":false,"rotation":180},"west":{"texture":"#head","uv":[25.0,22.0,30.0,28.0],"autoUv":false,"rotation":90},"up":{"texture":"#head","uv":[19.0,18.0,21.0,27.0],"autoUv":false,"rotation":180},"down":{"texture":"#head","uv":[19.0,27.0,21.0,20.0],"autoUv":false}},"children":[]},{"name":"FluffR.039","from":[-2.973021894693,3.18039137125,-3.862411856651],"to":[-2.248417943716,4.815863192081,-1.570288967584],"rotationOrigin":[-2.610719919205,4.025357723236,-1.57028901577],"stepParentName":"b_Head","rotationX":39.868282053323,"rotationY":-28.779200143335,"rotationZ":14.360768135633,"group":"head-fox0","faces":{"north":{"texture":"head","uv":[57.0,57.0,63.0,63.0],"autoUv":false,"rotation":180,"enabled":false},"east":{"texture":"#head","uv":[24.0,21.0,20.0,27.0],"autoUv":false,"rotation":270},"south":{"texture":"#head","uv":[4.0,16.0,5.0,24.0],"autoUv":false,"rotation":180},"west":{"texture":"#head","uv":[20.0,21.0,24.0,27.0],"autoUv":false,"rotation":90},"up":{"texture":"#head","uv":[19.0,18.0,21.0,27.0],"autoUv":false,"rotation":180},"down":{"texture":"#head","uv":[19.0,27.0,21.0,20.0],"autoUv":false}},"children":[]},{"name":"FluffR.040","from":[-3.191660761833,1.387851834297,1.994093120098],"to":[-2.735577702522,4.861809253693,4.829370260239],"rotationOrigin":[-2.963619232178,2.776564121246,1.994093179703],"stepParentName":"b_Head","rotationX":-1.3660376e-05,"rotationY":50.883068580614,"rotationZ":0.0,"group":"head-fox0","faces":{"north":{"texture":"#head","uv":[5.0,16.0,4.0,24.0],"autoUv":false,"rotation":180},"east":{"texture":"#head","uv":[20.0,21.0,25.0,27.0],"autoUv":false,"rotation":90},"south":{"texture":"head","uv":[63.0,57.0,57.0,63.0],"autoUv":false,"rotation":180,"enabled":false},"west":{"texture":"#head","uv":[28.0,21.0,23.0,27.0],"autoUv":false,"rotation":270},"up":{"texture":"#head","uv":[21.0,18.0,19.0,27.0],"autoUv":false},"down":{"texture":"#head","uv":[21.0,27.0,19.0,20.0],"autoUv":false,"rotation":180}},"children":[]},{"name":"FluffR.041","from":[-2.973021894693,3.180392324924,1.570287060235],"to":[-2.248417943716,4.815864145756,3.862409949303],"rotationOrigin":[-2.610719919205,4.02535867691,1.570287108421],"stepParentName":"b_Head","rotationX":-39.868305958985,"rotationY":28.779200143335,"rotationZ":14.360766428086,"group":"head-fox0","faces":{"north":{"texture":"#head","uv":[5.0,16.0,4.0,24.0],"autoUv":false,"rotation":180},"east":{"texture":"#head","uv":[20.0,21.0,24.0,27.0],"autoUv":false,"rotation":90},"south":{"texture":"head","uv":[63.0,57.0,57.0,63.0],"autoUv":false,"rotation":180,"enabled":false},"west":{"texture":"#head","uv":[24.0,21.0,20.0,27.0],"autoUv":false,"rotation":270},"up":{"texture":"#head","uv":[21.0,18.0,19.0,27.0],"autoUv":false},"down":{"texture":"#head","uv":[21.0,27.0,19.0,20.0],"autoUv":false,"rotation":180}},"children":[]},{"name":"FluffR.042","from":[-1.092561542988,1.792169809341,-4.471996426582],"to":[0.105381906033,4.37025475502,-1.041748809228],"rotationOrigin":[-0.493589818478,2.882024526596,-1.04174888134],"stepParentName":"b_Head","rotationX":32.864800738783,"rotationY":-53.866406417616,"rotationZ":29.834669275777,"group":"head-fox0","faces":{"north":{"texture":"head","uv":[57.0,57.0,63.0,63.0],"autoUv":false,"rotation":180,"enabled":false},"east":{"texture":"#head","uv":[23.0,21.0,19.0,27.0],"autoUv":false,"rotation":270},"south":{"texture":"#head","uv":[4.0,16.0,5.0,24.0],"autoUv":false,"rotation":180},"west":{"texture":"#head","uv":[26.0,21.0,30.0,27.0],"autoUv":false,"rotation":90},"up":{"texture":"#head","uv":[19.0,18.0,21.0,27.0],"autoUv":false,"rotation":180},"down":{"texture":"#head","uv":[19.0,26.0,21.0,19.0],"autoUv":false}},"children":[]},{"name":"FluffR.043","from":[-1.202524423599,1.025353908539,-5.514862298965],"to":[-0.449715137482,3.431969285011,-2.679585397244],"rotationOrigin":[-0.82611978054,2.042721986771,-2.679585456848],"stepParentName":"b_Head","rotationX":18.793012784291,"rotationY":-73.408421161385,"rotationZ":14.836053679218,"group":"head-fox0","faces":{"north":{"texture":"head","uv":[57.0,57.0,63.0,63.0],"autoUv":false,"rotation":180,"enabled":false},"east":{"texture":"#head","uv":[23.0,21.0,19.0,27.0],"autoUv":false,"rotation":270},"south":{"texture":"#head","uv":[4.0,16.0,5.0,24.0],"autoUv":false,"rotation":180},"west":{"texture":"#head","uv":[26.0,22.0,30.0,28.0],"autoUv":false,"rotation":90},"up":{"texture":"#head","uv":[19.0,18.0,21.0,27.0],"autoUv":false,"rotation":180},"down":{"texture":"#head","uv":[19.0,27.0,21.0,20.0],"autoUv":false}},"children":[]},{"name":"FluffR.044","from":[-1.054094254971,0.303980648518,-4.699582397938],"to":[-0.301284968853,2.370415687561,-0.828770377324],"rotationOrigin":[-0.677689611912,1.17754149437,-0.828770458698],"stepParentName":"b_Head","rotationX":-24.401586762754,"rotationY":-65.186649249874,"rotationZ":-26.530614783655,"group":"head-fox0","faces":{"north":{"texture":"head","uv":[57.0,57.0,63.0,63.0],"autoUv":false,"rotation":180,"enabled":false},"east":{"texture":"#head","uv":[21.0,20.0,18.0,26.0],"autoUv":false,"rotation":270},"south":{"texture":"#head","uv":[4.0,16.0,5.0,24.0],"autoUv":false,"rotation":180},"west":{"texture":"#head","uv":[24.0,20.0,27.0,26.0],"autoUv":false,"rotation":90},"up":{"texture":"#head","uv":[19.0,18.0,21.0,27.0],"autoUv":false,"rotation":180},"down":{"texture":"#head","uv":[19.0,27.0,21.0,20.0],"autoUv":false}},"children":[]},{"name":"FluffR.045","from":[-1.883879005909,0.094065129757,-5.179668903351],"to":[-0.899877727032,1.813910484314,-2.123529846794],"rotationOrigin":[-1.39187836647,0.821109294891,-2.123529911041],"stepParentName":"b_Head","rotationX":14.194891868998,"rotationY":-68.848853248862,"rotationZ":55.686901133329,"group":"head-fox0","faces":{"north":{"texture":"head","uv":[57.0,57.0,63.0,63.0],"autoUv":false,"rotation":180,"enabled":false},"east":{"texture":"#head","uv":[22.0,21.0,19.0,27.0],"autoUv":false,"rotation":270},"south":{"texture":"#head","uv":[4.0,16.0,5.0,24.0],"autoUv":false,"rotation":180},"west":{"texture":"#head","uv":[27.0,22.0,30.0,28.0],"autoUv":false,"rotation":90},"up":{"texture":"#head","uv":[19.0,21.0,21.0,27.0],"autoUv":false,"rotation":180},"down":{"texture":"#head","uv":[19.0,27.0,21.0,20.0],"autoUv":false}},"children":[]},{"name":"FluffR.046","from":[-1.092561542988,1.713181376457,1.041747378716],"to":[0.105381906033,4.478116989136,4.471994996071],"rotationOrigin":[-0.493589818478,2.882025003433,1.041747450829],"stepParentName":"b_Head","rotationX":-32.864855380296,"rotationY":53.866426908184,"rotationZ":29.834693181439,"group":"head-fox0","faces":{"north":{"texture":"#head","uv":[5.0,16.0,4.0,24.0],"autoUv":false,"rotation":180},"east":{"texture":"#head","uv":[20.0,21.0,24.0,27.0],"autoUv":false,"rotation":90},"south":{"texture":"head","uv":[63.0,57.0,57.0,63.0],"autoUv":false,"rotation":180,"enabled":false},"west":{"texture":"#head","uv":[29.0,21.0,25.0,27.0],"autoUv":false,"rotation":270},"up":{"texture":"#head","uv":[21.0,18.0,19.0,27.0],"autoUv":false},"down":{"texture":"#head","uv":[21.0,26.0,19.0,19.0],"autoUv":false,"rotation":180}},"children":[]},{"name":"FluffR.047","from":[-1.202524423599,1.02535533905,2.679584443569],"to":[-0.449715137482,3.431970715523,5.514861345291],"rotationOrigin":[-0.82611978054,2.042723417282,2.679584503174],"stepParentName":"b_Head","rotationX":-18.793045227689,"rotationY":73.408421161385,"rotationZ":14.836055386765,"group":"head-fox0","faces":{"north":{"texture":"#head","uv":[5.0,16.0,4.0,24.0],"autoUv":false,"rotation":180},"east":{"texture":"#head","uv":[19.0,21.0,23.0,27.0],"autoUv":false,"rotation":90},"south":{"texture":"head","uv":[63.0,57.0,57.0,63.0],"autoUv":false,"rotation":180,"enabled":false},"west":{"texture":"#head","uv":[29.0,22.0,25.0,28.0],"autoUv":false,"rotation":270},"up":{"texture":"#head","uv":[21.0,18.0,19.0,27.0],"autoUv":false},"down":{"texture":"#head","uv":[21.0,27.0,19.0,20.0],"autoUv":false,"rotation":180}},"children":[]},{"name":"FluffR.048","from":[-1.054094254971,0.303981125355,0.828769781278],"to":[-0.301284968853,2.370416164398,4.699581801891],"rotationOrigin":[-0.677689611912,1.177541971207,0.828769862652],"stepParentName":"b_Head","rotationX":24.401564564639,"rotationY":65.186656080063,"rotationZ":-26.530618198749,"group":"head-fox0","faces":{"north":{"texture":"#head","uv":[5.0,16.0,4.0,24.0],"autoUv":false,"rotation":180},"east":{"texture":"#head","uv":[18.0,20.0,21.0,26.0],"autoUv":false,"rotation":90},"south":{"texture":"head","uv":[63.0,57.0,57.0,63.0],"autoUv":false,"rotation":180,"enabled":false},"west":{"texture":"#head","uv":[27.0,20.0,24.0,26.0],"autoUv":false,"rotation":270},"up":{"texture":"#head","uv":[21.0,18.0,19.0,27.0],"autoUv":false},"down":{"texture":"#head","uv":[21.0,27.0,19.0,20.0],"autoUv":false,"rotation":180}},"children":[]},{"name":"FluffR.049","from":[-1.8838788867,0.094066083431,2.123529369956],"to":[-0.899877607822,1.813911437988,5.179668426514],"rotationOrigin":[-1.391878247261,0.821110248566,2.123529434204],"stepParentName":"b_Head","rotationX":-14.194909798244,"rotationY":68.848860079051,"rotationZ":55.68689430314,"group":"head-fox0","faces":{"north":{"texture":"#head","uv":[5.0,16.0,4.0,24.0],"autoUv":false,"rotation":180},"east":{"texture":"#head","uv":[19.0,21.0,22.0,27.0],"autoUv":false,"rotation":90},"south":{"texture":"head","uv":[63.0,57.0,57.0,63.0],"autoUv":false,"rotation":180,"enabled":false},"west":{"texture":"#head","uv":[30.0,22.0,27.0,28.0],"autoUv":false,"rotation":270},"up":{"texture":"#head","uv":[21.0,21.0,19.0,27.0],"autoUv":false},"down":{"texture":"#head","uv":[21.0,27.0,19.0,20.0],"autoUv":false,"rotation":180}},"children":[]},{"name":"FluffR.050","from":[-3.14810192585,4.537841796875,-1.694944874065],"to":[-2.423498034477,6.829964637756,1.694946273548],"rotationOrigin":[-2.785799980164,4.565073013306,-1.088398e-06],"stepParentName":"b_Head","rotationX":-1.3660373e-05,"rotationY":-0.0,"rotationZ":-55.153644359164,"group":"head-fox0","faces":{"north":{"texture":"#head","uv":[21.0,20.0,19.0,27.0],"autoUv":false,"rotation":180},"east":{"texture":"#head","uv":[27.0,21.0,20.0,27.0],"autoUv":false,"rotation":180},"south":{"texture":"#head","uv":[19.0,18.0,21.0,27.0],"autoUv":false,"rotation":180},"west":{"texture":"#head","uv":[20.0,21.0,27.0,27.0],"autoUv":false,"rotation":180},"up":{"texture":"head","uv":[57.0,57.0,63.0,63.0],"autoUv":false,"enabled":false},"down":{"texture":"#head","uv":[5.0,24.0,4.0,16.0],"autoUv":false,"rotation":180}},"children":[]},{"name":"FluffR.051","from":[-1.561172842979,4.473594665527,-1.694944858747],"to":[-0.836568951607,6.765717506409,1.694946288866],"rotationOrigin":[-1.198870897293,4.500825881958,-1.07308e-06],"stepParentName":"b_Head","rotationX":-1.3660374e-05,"rotationY":1e-12,"rotationZ":-69.808310412141,"group":"head-fox0","faces":{"north":{"texture":"#head","uv":[21.0,20.0,19.0,27.0],"autoUv":false,"rotation":180},"east":{"texture":"#head","uv":[28.0,21.0,21.0,27.0],"autoUv":false,"rotation":180},"south":{"texture":"#head","uv":[19.0,18.0,21.0,27.0],"autoUv":false,"rotation":180},"west":{"texture":"#head","uv":[18.0,21.0,25.0,27.0],"autoUv":false,"rotation":180},"up":{"texture":"head","uv":[57.0,57.0,63.0,63.0],"autoUv":false,"enabled":false},"down":{"texture":"#head","uv":[5.0,24.0,4.0,16.0],"autoUv":false,"rotation":180}},"children":[]},{"name":"MeshMouthR.002","from":[-0.973754286766,-0.752796471119,-1.519252568483],"to":[1.63559281826,-0.042695894837,0.82790133357],"rotationOrigin":[0.330919265747,-0.186954200268,-0.345675617456],"stepParentName":"b_Jaw","rotationX":-22.005761307588,"rotationY":44.959091834205,"rotationZ":-150.23240136064,"group":"head-fox0","faces":{"north":{"texture":"#head","uv":[54.0,5.0,55.0,6.0],"autoUv":false},"east":{"texture":"#head","uv":[55.0,5.0,58.0,6.0],"autoUv":false},"south":{"texture":"#head","uv":[58.0,5.0,59.0,6.0],"autoUv":false},"west":{"texture":"#head","uv":[55.0,5.0,58.0,6.0],"autoUv":false},"up":{"texture":"#head","uv":[55.0,1.0,58.0,5.0],"autoUv":false,"rotation":90},"down":{"texture":"#head","uv":[58.0,9.0,55.0,6.0],"autoUv":false,"rotation":270}},"children":[]},{"name":"MeshMouthL.002","from":[-0.97992002964,-0.737434178591,-0.793087154627],"to":[1.629315495491,-0.038815915585,1.554038375616],"rotationOrigin":[0.324697732925,-0.180149406195,0.380475610495],"stepParentName":"b_Jaw","rotationX":21.314663984346,"rotationY":-44.088956469797,"rotationZ":-150.717098904901,"group":"head-fox0","faces":{"north":{"texture":"#head","uv":[59.0,5.0,58.0,6.0],"autoUv":false},"east":{"texture":"#head","uv":[58.0,5.0,55.0,6.0],"autoUv":false},"south":{"texture":"#head","uv":[55.0,5.0,54.0,6.0],"autoUv":false},"west":{"texture":"#head","uv":[58.0,5.0,55.0,6.0],"autoUv":false},"up":{"texture":"#head","uv":[58.0,1.0,55.0,5.0],"autoUv":false,"rotation":90},"down":{"texture":"#head","uv":[55.0,9.0,58.0,6.0],"autoUv":false,"rotation":270}},"children":[]},{"name":"MeshMouthR.003","from":[-0.564028501511,-0.602590862662,-0.560389246792],"to":[2.045318365097,0.113119523972,0.564728889614],"rotationOrigin":[0.740644931793,-0.03503799811,0.002169821411],"stepParentName":"b_Jaw","rotationX":4.9632569e-05,"rotationY":1e-12,"rotationZ":-159.432106097135,"group":"head-fox0","faces":{"north":{"texture":"#head","uv":[54.0,5.0,55.0,6.0],"autoUv":false},"east":{"texture":"#head","uv":[55.0,5.0,58.0,6.0],"autoUv":false},"south":{"texture":"#head","uv":[58.0,5.0,59.0,6.0],"autoUv":false},"west":{"texture":"#head","uv":[55.0,5.0,58.0,6.0],"autoUv":false},"up":{"texture":"#head","uv":[55.0,1.0,58.0,5.0],"autoUv":false,"rotation":90},"down":{"texture":"#head","uv":[58.0,9.0,55.0,6.0],"autoUv":false,"rotation":270}},"children":[]},{"name":"MeshMouthR.019","from":[1.461914986372,0.240409523249,-0.59231300652],"to":[2.036115676165,0.384934514761,-0.24734608829],"rotationOrigin":[1.749015331268,0.312672019005,-0.419829547405],"stepParentName":"b_Jaw","rotationX":-12.499905294378,"rotationY":35.547835648547,"rotationZ":-169.623759206791,"group":"head-fox0","faces":{"north":{"texture":"#head","uv":[10.0,59.0,11.0,60.0],"autoUv":false},"east":{"texture":"#head","uv":[11.0,59.0,13.0,60.0],"autoUv":false},"south":{"texture":"#head","uv":[13.0,59.0,14.0,60.0],"autoUv":false},"west":{"texture":"#head","uv":[11.0,59.0,13.0,60.0],"autoUv":false},"up":{"texture":"#head","uv":[11.0,58.0,13.0,59.0],"autoUv":false,"rotation":90},"down":{"texture":"#head","uv":[13.0,61.0,11.0,60.0],"autoUv":false,"rotation":270}},"children":[]},{"name":"MeshMouthR.020","from":[1.478253424168,0.19102793932,-0.495099663734],"to":[2.052456319332,0.335736393929,-0.010614320636],"rotationOrigin":[1.76535487175,0.263382166624,-0.252856999636],"stepParentName":"b_Jaw","rotationX":5.152849242888,"rotationY":4.948353806024,"rotationZ":-162.135699876301,"group":"head-fox0","faces":{"north":{"texture":"#head","uv":[10.0,59.0,11.0,60.0],"autoUv":false},"east":{"texture":"#head","uv":[11.0,59.0,13.0,60.0],"autoUv":false},"south":{"texture":"#head","uv":[13.0,59.0,14.0,60.0],"autoUv":false},"west":{"texture":"#head","uv":[11.0,59.0,13.0,60.0],"autoUv":false},"up":{"texture":"#head","uv":[11.0,58.0,13.0,59.0],"autoUv":false,"rotation":90},"down":{"texture":"#head","uv":[13.0,61.0,11.0,60.0],"autoUv":false,"rotation":270}},"children":[]},{"name":"MeshMouthR.021","from":[1.467228859663,0.240408807993,0.253440156579],"to":[2.041429549456,0.384933799505,0.598407074809],"rotationOrigin":[1.754329204559,0.312671303749,0.425923615694],"stepParentName":"b_Jaw","rotationX":12.500005185895,"rotationY":-35.547835648547,"rotationZ":-169.623759206791,"group":"head-fox0","faces":{"north":{"texture":"#head","uv":[14.0,59.0,13.0,60.0],"autoUv":false},"east":{"texture":"#head","uv":[13.0,59.0,11.0,60.0],"autoUv":false},"south":{"texture":"#head","uv":[11.0,59.0,10.0,60.0],"autoUv":false},"west":{"texture":"#head","uv":[13.0,59.0,11.0,60.0],"autoUv":false},"up":{"texture":"#head","uv":[13.0,58.0,11.0,59.0],"autoUv":false,"rotation":90},"down":{"texture":"#head","uv":[11.0,61.0,13.0,60.0],"autoUv":false,"rotation":270}},"children":[]},{"name":"MeshMouthR.022","from":[1.478253424168,0.191027551889,-0.046811923385],"to":[2.052456319332,0.335736006498,0.437673419714],"rotationOrigin":[1.76535487175,0.263381779194,0.195430755615],"stepParentName":"b_Jaw","rotationX":-5.152753193352,"rotationY":-4.948356367345,"rotationZ":-162.135699876301,"group":"head-fox0","faces":{"north":{"texture":"#head","uv":[14.0,59.0,13.0,60.0],"autoUv":false},"east":{"texture":"#head","uv":[13.0,59.0,11.0,60.0],"autoUv":false},"south":{"texture":"#head","uv":[11.0,59.0,10.0,60.0],"autoUv":false},"west":{"texture":"#head","uv":[13.0,59.0,11.0,60.0],"autoUv":false},"up":{"texture":"#head","uv":[13.0,58.0,11.0,59.0],"autoUv":false,"rotation":90},"down":{"texture":"#head","uv":[11.0,61.0,13.0,60.0],"autoUv":false,"rotation":270}},"children":[]},{"name":"MeshTongue.001","from":[0.415020644665,0.038556133449,-0.6675143498],"to":[1.961324036121,0.211321435869,0.681827757973],"rotationOrigin":[1.188171386719,0.038555137813,0.007156704087],"stepParentName":"b_Jaw","rotationX":4.9632569e-05,"rotationY":1e-12,"rotationZ":-159.432106097135,"group":"head-fox0","faces":{"north":{"texture":"#head","uv":[34.0,56.0,33.0,63.0],"autoUv":false,"rotation":270},"east":{"texture":"head","uv":[39.0,61.0,35.0,62.0],"autoUv":false,"rotation":180,"enabled":false},"south":{"texture":"#head","uv":[39.0,56.0,38.0,63.0],"autoUv":false,"rotation":90},"west":{"texture":"#head","uv":[38.0,63.0,34.0,64.0],"autoUv":false,"rotation":180},"up":{"texture":"#head","uv":[34.0,56.0,38.0,63.0],"autoUv":false,"rotation":90},"down":{"texture":"#head","uv":[39.0,63.0,35.0,56.0],"autoUv":false,"rotation":270}},"children":[]},{"name":"MeshMouthR.023","from":[-3.745532631874,0.724591076374,-1.628712117672],"to":[-1.136185526848,1.581081867218,0.718441784382],"rotationOrigin":[-2.440859079361,1.05860888958,-0.455135166645],"stepParentName":"b_Head","rotationX":9.307559399905,"rotationY":-44.724976855119,"rotationZ":13.110415776924,"group":"head-fox0","faces":{"north":{"texture":"#head","uv":[54.0,5.0,55.0,6.0],"autoUv":false},"east":{"texture":"#head","uv":[55.0,5.0,58.0,6.0],"autoUv":false},"south":{"texture":"#head","uv":[58.0,5.0,59.0,6.0],"autoUv":false},"west":{"texture":"#head","uv":[55.0,5.0,58.0,6.0],"autoUv":false},"up":{"texture":"#head","uv":[55.0,1.0,58.0,5.0],"autoUv":false,"rotation":90},"down":{"texture":"#head","uv":[58.0,9.0,55.0,6.0],"autoUv":false,"rotation":270}},"children":[]},{"name":"MeshMouthNoseTop.003","from":[-4.338042080402,1.141034379601,-0.318193099885],"to":[-3.941221415997,1.423796400428,0.318192400546],"rotationOrigin":[-4.139631748199,1.282415390015,-3.49669e-07],"stepParentName":"b_Head","rotationX":-1.3660378e-05,"rotationY":1e-12,"rotationZ":-3.812020356451,"group":"head-fox0","faces":{"north":{"texture":"#head","uv":[8.0,59.0,11.0,61.0],"autoUv":false},"east":{"texture":"#head","uv":[11.0,59.0,13.0,61.0],"autoUv":false},"south":{"texture":"#head","uv":[13.0,59.0,16.0,61.0],"autoUv":false},"west":{"texture":"#head","uv":[11.0,59.0,13.0,61.0],"autoUv":false},"up":{"texture":"#head","uv":[11.0,57.0,13.0,59.0],"autoUv":false,"rotation":90},"down":{"texture":"#head","uv":[13.0,63.0,11.0,61.0],"autoUv":false,"rotation":270}},"children":[]},{"name":"MeshMouthL.003","from":[-3.744146227837,0.724695384502,-0.718397319317],"to":[-1.134910702705,1.569703936577,1.628728210926],"rotationOrigin":[-2.439528465271,1.050155758858,0.455165445805],"stepParentName":"b_Head","rotationX":-9.307573060284,"rotationY":44.724925628701,"rotationZ":13.110396993904,"group":"head-fox0","faces":{"north":{"texture":"#head","uv":[59.0,5.0,58.0,6.0],"autoUv":false},"east":{"texture":"#head","uv":[58.0,5.0,55.0,6.0],"autoUv":false},"south":{"texture":"#head","uv":[55.0,5.0,54.0,6.0],"autoUv":false},"west":{"texture":"#head","uv":[58.0,5.0,55.0,6.0],"autoUv":false},"up":{"texture":"#head","uv":[58.0,1.0,55.0,5.0],"autoUv":false,"rotation":90},"down":{"texture":"#head","uv":[55.0,9.0,58.0,6.0],"autoUv":false,"rotation":270}},"children":[]},{"name":"MeshMouthNoseBot.001","from":[-4.281512156129,1.001318514347,-0.201746566145],"to":[-3.893752783537,1.354245603085,0.201745914371],"rotationOrigin":[-4.056030750275,1.177782058716,-3.25887e-07],"stepParentName":"b_Head","rotationX":-1.3660375e-05,"rotationY":1e-12,"rotationZ":23.985901449867,"group":"head-fox0","faces":{"north":{"texture":"#head","uv":[9.0,60.0,12.0,61.0],"autoUv":false},"east":{"texture":"#head","uv":[12.0,60.0,9.0,61.0],"autoUv":false},"south":{"texture":"#head","uv":[15.0,60.0,12.0,61.0],"autoUv":false},"west":{"texture":"#head","uv":[12.0,60.0,15.0,61.0],"autoUv":false},"up":{"texture":"#head","uv":[12.0,58.0,15.0,60.0],"autoUv":false,"rotation":90},"down":{"texture":"#head","uv":[12.0,60.0,15.0,58.0],"autoUv":false,"rotation":270}},"children":[]},{"name":"MeshHead.003","from":[-3.107491850853,1.353958129883,-2.171022499551],"to":[1.197614312172,4.863306522369,2.171021853934],"rotationOrigin":[-0.954938769341,1.353958129883,-3.22809e-07],"stepParentName":"b_Head","rotationX":-1.3660375e-05,"rotationY":1e-12,"rotationZ":0.0,"group":"head-fox0","faces":{"north":{"texture":"#head","uv":[1.0,1.0,8.0,7.0],"autoUv":false},"east":{"texture":"#head","uv":[21.0,1.0,27.0,7.0],"autoUv":false},"south":{"texture":"#head","uv":[14.0,1.0,21.0,7.0],"autoUv":false},"west":{"texture":"#head","uv":[8.0,1.0,14.0,7.0],"autoUv":false},"up":{"texture":"#head","uv":[2.0,7.0,8.0,14.0],"autoUv":false,"rotation":90},"down":{"texture":"#head","uv":[14.0,14.0,8.0,7.0],"autoUv":false,"rotation":90}},"children":[]},{"name":"MeshNeck.003","from":[-1.323502242565,-2.071530461311,-1.499999449484],"to":[1.676498472691,1.928470611572,1.500000550516],"rotationOrigin":[0.376498162746,-2.371530532837,5.50516e-07],"stepParentName":"b_Head","rotationX":-1.4533892e-05,"rotationY":1.1099057e-05,"rotationZ":9.00004293913,"group":"head-fox0","faces":{"north":{"texture":"#head","uv":[27.0,3.0,36.0,14.0],"autoUv":false},"east":{"texture":"#head","uv":[27.0,3.0,36.0,14.0],"autoUv":false},"south":{"texture":"#head","uv":[27.0,3.0,36.0,14.0],"autoUv":false},"west":{"texture":"#head","uv":[36.0,3.0,44.0,14.0],"autoUv":false},"up":{"texture":"#head","uv":[36.0,0.0,44.0,9.0],"autoUv":false,"rotation":90},"down":{"texture":"#head","uv":[44.0,9.0,36.0,0.0],"autoUv":false,"rotation":270}},"children":[]},{"name":"MeshMouthR.024","from":[-4.186840057373,0.652550935745,-0.562559309793],"to":[-1.577493190765,1.514651477337,0.562558826613],"rotationOrigin":[-2.882166624069,0.988279342651,-2.4159e-07],"stepParentName":"b_Head","rotationX":-1.3660378e-05,"rotationY":1e-12,"rotationZ":9.274228930529,"group":"head-fox0","faces":{"north":{"texture":"#head","uv":[54.0,5.0,55.0,6.0],"autoUv":false},"east":{"texture":"#head","uv":[55.0,5.0,58.0,6.0],"autoUv":false},"south":{"texture":"#head","uv":[58.0,5.0,59.0,6.0],"autoUv":false},"west":{"texture":"#head","uv":[55.0,5.0,58.0,6.0],"autoUv":false},"up":{"texture":"#head","uv":[55.0,1.0,58.0,5.0],"autoUv":false,"rotation":90},"down":{"texture":"#head","uv":[58.0,9.0,55.0,6.0],"autoUv":false,"rotation":270}},"children":[]},{"name":"Head","from":[-3.342428922653,-0.00108397007,-2.5],"to":[-3.342428922653,-0.00108397007,-2.5],"rotationOrigin":[-3.342428922653,-0.00108397007,-2.5],"rotationX":-1.3660375e-05,"rotationY":1e-12,"rotationZ":0.0,"faces":{"north":{"texture":"#null","uv":[0.0,0.0,0.0,0.0],"enabled":false},"east":{"texture":"#null","uv":[0.0,0.0,0.0,0.0],"enabled":false},"south":{"texture":"#null","uv":[0.0,0.0,0.0,0.0],"enabled":false},"west":{"texture":"#null","uv":[0.0,0.0,0.0,0.0],"enabled":false},"up":{"texture":"#null","uv":[0.0,0.0,0.0,0.0],"enabled":false},"down":{"texture":"#null","uv":[0.0,0.0,0.0,0.0],"enabled":false}},"children":[],"stepParentName":"b_Head"}],"groups":[]}