{"textureWidth":64,"textureHeight":64,"textures":{},"textureSizes":{"head":[64,64]},"elements":[{"name":"MeshMouthR.001","from":[-3.613294959068,0.439974427223,-1.796520352364],"to":[-1.003947854042,1.488672733307,0.55063354969],"rotationOrigin":[-2.308621406555,0.922830462456,-0.622943401337],"stepParentName":"b_Head","rotationX":-1.3660376e-05,"rotationY":-40.000002251466,"rotationZ":-0.0,"group":"head-wolf0","faces":{"north":{"texture":"#head","uv":[54.0,5.0,55.0,6.0],"autoUv":false},"east":{"texture":"#head","uv":[55.0,5.0,58.0,6.0],"autoUv":false},"south":{"texture":"#head","uv":[58.0,5.0,59.0,6.0],"autoUv":false},"west":{"texture":"#head","uv":[55.0,5.0,58.0,6.0],"autoUv":false},"up":{"texture":"#head","uv":[55.0,1.0,58.0,5.0],"autoUv":false,"rotation":90},"down":{"texture":"#head","uv":[58.0,9.0,55.0,6.0],"autoUv":false,"rotation":270}},"children":[]},{"name":"MeshMouthNoseTop","from":[-4.159855633974,1.248643100262,-0.488168668138],"to":[-3.641185492277,1.730143368244,0.488167870654],"rotationOrigin":[-3.900520563126,1.489393234253,-3.98742e-07],"stepParentName":"b_Head","rotationX":-1.3660378e-05,"rotationY":1e-12,"rotationZ":-13.086246298773,"group":"head-wolf0","faces":{"north":{"texture":"#head","uv":[8.0,59.0,11.0,61.0],"autoUv":false},"east":{"texture":"#head","uv":[11.0,59.0,13.0,61.0],"autoUv":false},"south":{"texture":"#head","uv":[13.0,59.0,16.0,61.0],"autoUv":false},"west":{"texture":"#head","uv":[11.0,59.0,13.0,61.0],"autoUv":false},"up":{"texture":"#head","uv":[11.0,57.0,13.0,59.0],"autoUv":false,"rotation":90},"down":{"texture":"#head","uv":[13.0,63.0,11.0,61.0],"autoUv":false,"rotation":270}},"children":[]},{"name":"MeshMouthL","from":[-3.613291144371,0.451458007097,-0.550594806671],"to":[-1.00405561924,1.488674044609,1.796530723572],"rotationOrigin":[-2.308673381805,0.925756573677,0.62296795845],"stepParentName":"b_Head","rotationX":-1.3660376e-05,"rotationY":40.000002251466,"rotationZ":0.0,"group":"head-wolf0","faces":{"north":{"texture":"#head","uv":[59.0,5.0,58.0,6.0],"autoUv":false},"east":{"texture":"#head","uv":[58.0,5.0,55.0,6.0],"autoUv":false},"south":{"texture":"#head","uv":[55.0,5.0,54.0,6.0],"autoUv":false},"west":{"texture":"#head","uv":[58.0,5.0,55.0,6.0],"autoUv":false},"up":{"texture":"#head","uv":[58.0,1.0,55.0,5.0],"autoUv":false,"rotation":90},"down":{"texture":"#head","uv":[55.0,9.0,58.0,6.0],"autoUv":false,"rotation":270}},"children":[]},{"name":"MeshMouthNoseBot","from":[-4.223237752914,1.077367514372,-0.29369676052],"to":[-3.635844945908,1.537065774202,0.293696046487],"rotationOrigin":[-3.929541349411,1.307216644287,-3.57017e-07],"stepParentName":"b_Head","rotationX":-44.401283945069,"rotationY":8.225771841044,"rotationZ":81.688133567625,"group":"head-wolf0","faces":{"north":{"texture":"#head","uv":[9.0,60.0,12.0,61.0],"autoUv":false},"east":{"texture":"#head","uv":[12.0,60.0,9.0,61.0],"autoUv":false},"south":{"texture":"#head","uv":[15.0,60.0,12.0,61.0],"autoUv":false},"west":{"texture":"#head","uv":[12.0,60.0,15.0,61.0],"autoUv":false},"up":{"texture":"#head","uv":[12.0,58.0,15.0,60.0],"autoUv":false,"rotation":90},"down":{"texture":"#head","uv":[12.0,60.0,15.0,58.0],"autoUv":false,"rotation":270}},"children":[]},{"name":"MeshHead.001","from":[-3.107491850853,1.353958129883,-2.171022499551],"to":[1.197614312172,4.863306522369,2.171021853934],"rotationOrigin":[-0.954938769341,1.353958129883,-3.22809e-07],"stepParentName":"b_Head","rotationX":-1.3660375e-05,"rotationY":1e-12,"rotationZ":0.0,"group":"head-wolf0","faces":{"north":{"texture":"#head","uv":[1.0,1.0,8.0,7.0],"autoUv":false},"east":{"texture":"#head","uv":[21.0,1.0,27.0,7.0],"autoUv":false},"south":{"texture":"#head","uv":[14.0,1.0,21.0,7.0],"autoUv":false},"west":{"texture":"#head","uv":[8.0,1.0,14.0,7.0],"autoUv":false},"up":{"texture":"#head","uv":[2.0,7.0,8.0,14.0],"autoUv":false,"rotation":90},"down":{"texture":"#head","uv":[14.0,14.0,8.0,7.0],"autoUv":false,"rotation":90}},"children":[]},{"name":"MeshNeck.001","from":[-1.323502242565,-2.071530461311,-1.499999449484],"to":[1.676498472691,1.928470611572,1.500000550516],"rotationOrigin":[0.376498162746,-2.371530532837,5.50516e-07],"stepParentName":"b_Head","rotationX":-1.4533892e-05,"rotationY":1.1099057e-05,"rotationZ":9.00004293913,"group":"head-wolf0","faces":{"north":{"texture":"#head","uv":[27.0,3.0,36.0,14.0],"autoUv":false},"east":{"texture":"#head","uv":[27.0,3.0,36.0,14.0],"autoUv":false},"south":{"texture":"#head","uv":[27.0,3.0,36.0,14.0],"autoUv":false},"west":{"texture":"#head","uv":[36.0,3.0,44.0,14.0],"autoUv":false},"up":{"texture":"#head","uv":[36.0,0.0,44.0,9.0],"autoUv":false,"rotation":90},"down":{"texture":"#head","uv":[44.0,9.0,36.0,0.0],"autoUv":false,"rotation":270}},"children":[]},{"name":"MeshMouthR.005","from":[-4.062419891357,0.434365332127,-0.562559293262],"to":[-1.45307302475,1.488673388958,0.562558843144],"rotationOrigin":[-2.757746458054,0.91893196106,-2.25059e-07],"stepParentName":"b_Head","rotationX":-1.3660375e-05,"rotationY":1e-12,"rotationZ":0.0,"group":"head-wolf0","faces":{"north":{"texture":"#head","uv":[54.0,5.0,55.0,6.0],"autoUv":false},"east":{"texture":"#head","uv":[55.0,5.0,58.0,6.0],"autoUv":false},"south":{"texture":"#head","uv":[58.0,5.0,59.0,6.0],"autoUv":false},"west":{"texture":"#head","uv":[55.0,5.0,58.0,6.0],"autoUv":false},"up":{"texture":"#head","uv":[55.0,1.0,58.0,5.0],"autoUv":false,"rotation":90},"down":{"texture":"#head","uv":[58.0,9.0,55.0,6.0],"autoUv":false,"rotation":270}},"children":[]},{"name":"Head","from":[-3.29165148735,-0.00108397007,-2.5],"to":[-3.29165148735,-0.00108397007,-2.5],"rotationOrigin":[-3.29165148735,-0.00108397007,-2.5],"rotationX":-1.3660375e-05,"rotationY":1e-12,"rotationZ":0.0,"faces":{"north":{"texture":"#null","uv":[0.0,0.0,0.0,0.0],"enabled":false},"east":{"texture":"#null","uv":[0.0,0.0,0.0,0.0],"enabled":false},"south":{"texture":"#null","uv":[0.0,0.0,0.0,0.0],"enabled":false},"west":{"texture":"#null","uv":[0.0,0.0,0.0,0.0],"enabled":false},"up":{"texture":"#null","uv":[0.0,0.0,0.0,0.0],"enabled":false},"down":{"texture":"#null","uv":[0.0,0.0,0.0,0.0],"enabled":false}},"children":[],"stepParentName":"b_Head"},{"name":"FluffR","from":[-2.588503749455,0.942516684532,-2.84511500597],"to":[-0.624289274216,1.53036904335,-1.311259448528],"rotationOrigin":[-2.588504076004,1.236442089081,-2.078189134598],"stepParentName":"b_Head","rotationX":82.850788858712,"rotationY":-3.36013674851,"rotationZ":-48.185625386795,"group":"fluff","faces":{"north":{"texture":"#head","uv":[35.0,19.0,37.0,25.0],"autoUv":false,"rotation":90},"east":{"texture":"head","uv":[58.0,59.0,62.0,63.0],"autoUv":false,"rotation":90,"enabled":false},"south":{"texture":"#head","uv":[36.0,20.0,38.0,28.0],"autoUv":false,"rotation":270},"west":{"texture":"#head","uv":[60.0,23.0,61.0,28.0],"autoUv":false,"rotation":270},"up":{"texture":"#head","uv":[37.0,20.0,41.0,27.0],"autoUv":false,"rotation":270},"down":{"texture":"#head","uv":[45.0,27.0,42.0,20.0],"autoUv":false,"rotation":270}},"children":[]},{"name":"FluffL.007","from":[-2.688893708711,0.925142019987,0.842799246311],"to":[-0.436167240143,1.645304709673,2.376654326916],"rotationOrigin":[-2.688893795013,1.28522336483,1.609726786613],"stepParentName":"b_Head","rotationX":-81.260611536907,"rotationY":-4.654289402819,"rotationZ":-57.469901525593,"group":"fluff","faces":{"north":{"texture":"#head","uv":[39.0,18.0,37.0,27.0],"autoUv":false,"rotation":90},"east":{"texture":"head","uv":[62.0,59.0,58.0,63.0],"autoUv":false,"rotation":270,"enabled":false},"south":{"texture":"#head","uv":[45.0,19.0,43.0,26.0],"autoUv":false,"rotation":270},"west":{"texture":"#head","uv":[54.0,18.0,57.0,24.0],"autoUv":false,"rotation":90},"up":{"texture":"#head","uv":[39.0,17.0,36.0,27.0],"autoUv":false,"rotation":270},"down":{"texture":"#head","uv":[42.0,27.0,45.0,19.0],"autoUv":false,"rotation":270}},"children":[]},{"name":"FluffL.013","from":[-3.406205568073,0.513226479292,-0.068244993687],"to":[-1.252962350845,1.011570334435,1.17159050703],"rotationOrigin":[-3.406205177307,0.762397885323,0.551674842834],"stepParentName":"b_Head","rotationX":-79.194288067681,"rotationY":-5.236666336174,"rotationZ":-62.374865274255,"group":"fluff","faces":{"north":{"texture":"#head","uv":[40.0,18.0,39.0,27.0],"autoUv":false,"rotation":90},"east":{"texture":"head","uv":[62.0,59.0,58.0,63.0],"autoUv":false,"rotation":270,"enabled":false},"south":{"texture":"#head","uv":[40.0,18.0,38.0,25.0],"autoUv":false,"rotation":270},"west":{"texture":"#head","uv":[55.0,8.0,50.0,14.0],"autoUv":false,"rotation":90},"up":{"texture":"#head","uv":[42.0,17.0,39.0,27.0],"autoUv":false,"rotation":270},"down":{"texture":"#head","uv":[34.0,27.0,37.0,19.0],"autoUv":false,"rotation":270}},"children":[]},{"name":"FluffR.003","from":[-3.01228260994,0.573799565434,-1.704870522022],"to":[-1.048953294754,1.029872462153,-0.483396232128],"rotationOrigin":[-3.01228260994,0.801835775375,-1.094133377075],"stepParentName":"b_Head","rotationX":77.551040176024,"rotationY":-2.725482401022,"rotationZ":-73.436493238874,"group":"fluff","faces":{"north":{"texture":"#head","uv":[35.0,18.0,37.0,25.0],"autoUv":false,"rotation":90},"east":{"texture":"head","uv":[57.0,57.0,63.0,63.0],"autoUv":false,"rotation":90,"enabled":false},"south":{"texture":"#head","uv":[37.0,19.0,38.0,28.0],"autoUv":false,"rotation":270},"west":{"texture":"#head","uv":[49.0,1.0,52.0,5.0],"autoUv":false,"rotation":270},"up":{"texture":"#head","uv":[36.0,17.0,39.0,27.0],"autoUv":false,"rotation":270},"down":{"texture":"#head","uv":[46.0,27.0,43.0,19.0],"autoUv":false,"rotation":270}},"children":[]},{"name":"FluffR.004","from":[-2.811562895775,0.67695902288,-2.150644361973],"to":[-1.127318620682,1.133041977882,-0.829032838345],"rotationOrigin":[-2.811562299728,0.905000329018,-1.48983669281],"stepParentName":"b_Head","rotationX":99.482770770746,"rotationY":8.683642109792,"rotationZ":-77.709131734554,"group":"fluff","faces":{"north":{"texture":"#head","uv":[34.0,21.0,35.0,25.0],"autoUv":false,"rotation":90},"east":{"texture":"head","uv":[57.0,57.0,63.0,63.0],"autoUv":false,"rotation":90,"enabled":false},"south":{"texture":"#head","uv":[37.0,20.0,39.0,26.0],"autoUv":false,"rotation":270},"west":{"texture":"#head","uv":[59.0,23.0,60.0,27.0],"autoUv":false,"rotation":270},"up":{"texture":"#head","uv":[35.0,22.0,38.0,27.0],"autoUv":false,"rotation":270},"down":{"texture":"#head","uv":[38.0,27.0,41.0,22.0],"autoUv":false,"rotation":270}},"children":[]},{"name":"FluffR.001","from":[-2.811562895775,0.641460165381,0.829032361507],"to":[-1.127318620682,1.097543120384,2.150643885136],"rotationOrigin":[-2.811562299728,0.869501471519,1.489836215973],"stepParentName":"b_Head","rotationX":-94.163631181005,"rotationY":-8.572135002723,"rotationZ":-67.906601332102,"group":"fluff","faces":{"north":{"texture":"#head","uv":[39.0,17.0,37.0,26.0],"autoUv":false,"rotation":90},"east":{"texture":"head","uv":[63.0,57.0,57.0,63.0],"autoUv":false,"rotation":270,"enabled":false},"south":{"texture":"#head","uv":[37.0,17.0,35.0,24.0],"autoUv":false,"rotation":270},"west":{"texture":"#head","uv":[52.0,1.0,49.0,5.0],"autoUv":false,"rotation":90},"up":{"texture":"#head","uv":[38.0,19.0,35.0,27.0],"autoUv":false,"rotation":270},"down":{"texture":"#head","uv":[38.0,27.0,41.0,19.0],"autoUv":false,"rotation":270}},"children":[]},{"name":"FluffR.010","from":[-3.191660761833,1.387850880623,-4.82937169075],"to":[-2.735577702522,4.861808300018,-1.99409455061],"rotationOrigin":[-2.963619232178,2.776563167572,-1.994094610214],"stepParentName":"b_Head","rotationX":-1.3660376e-05,"rotationY":-50.883068580614,"rotationZ":-1e-12,"group":"fluff","faces":{"north":{"texture":"head","uv":[57.0,57.0,63.0,63.0],"autoUv":false,"rotation":180,"enabled":false},"east":{"texture":"#head","uv":[24.0,21.0,19.0,27.0],"autoUv":false,"rotation":270},"south":{"texture":"#head","uv":[4.0,16.0,5.0,24.0],"autoUv":false,"rotation":180},"west":{"texture":"#head","uv":[25.0,22.0,30.0,28.0],"autoUv":false,"rotation":90},"up":{"texture":"#head","uv":[19.0,18.0,21.0,27.0],"autoUv":false,"rotation":180},"down":{"texture":"#head","uv":[19.0,27.0,21.0,20.0],"autoUv":false}},"children":[]},{"name":"FluffR.011","from":[-2.973021894693,3.18039137125,-3.862411856651],"to":[-2.248417943716,4.815863192081,-1.570288967584],"rotationOrigin":[-2.610719919205,4.025357723236,-1.57028901577],"stepParentName":"b_Head","rotationX":39.868282053323,"rotationY":-28.779200143335,"rotationZ":14.360768135633,"group":"fluff","faces":{"north":{"texture":"head","uv":[57.0,57.0,63.0,63.0],"autoUv":false,"rotation":180,"enabled":false},"east":{"texture":"#head","uv":[24.0,21.0,20.0,27.0],"autoUv":false,"rotation":270},"south":{"texture":"#head","uv":[4.0,16.0,5.0,24.0],"autoUv":false,"rotation":180},"west":{"texture":"#head","uv":[20.0,21.0,24.0,27.0],"autoUv":false,"rotation":90},"up":{"texture":"#head","uv":[19.0,18.0,21.0,27.0],"autoUv":false,"rotation":180},"down":{"texture":"#head","uv":[19.0,27.0,21.0,20.0],"autoUv":false}},"children":[]},{"name":"FluffR.012","from":[-3.191660761833,1.387851834297,1.994093120098],"to":[-2.735577702522,4.861809253693,4.829370260239],"rotationOrigin":[-2.963619232178,2.776564121246,1.994093179703],"stepParentName":"b_Head","rotationX":-1.3660376e-05,"rotationY":50.883068580614,"rotationZ":0.0,"group":"fluff","faces":{"north":{"texture":"#head","uv":[5.0,16.0,4.0,24.0],"autoUv":false,"rotation":180},"east":{"texture":"#head","uv":[20.0,21.0,25.0,27.0],"autoUv":false,"rotation":90},"south":{"texture":"head","uv":[63.0,57.0,57.0,63.0],"autoUv":false,"rotation":180,"enabled":false},"west":{"texture":"#head","uv":[27.0,21.0,22.0,27.0],"autoUv":false,"rotation":270},"up":{"texture":"#head","uv":[21.0,18.0,19.0,27.0],"autoUv":false},"down":{"texture":"#head","uv":[21.0,27.0,19.0,20.0],"autoUv":false,"rotation":180}},"children":[]},{"name":"FluffR.013","from":[-2.973021894693,3.180392324924,1.570287060235],"to":[-2.248417943716,4.815864145756,3.862409949303],"rotationOrigin":[-2.610719919205,4.02535867691,1.570287108421],"stepParentName":"b_Head","rotationX":-39.868305958985,"rotationY":28.779200143335,"rotationZ":14.360766428086,"group":"fluff","faces":{"north":{"texture":"#head","uv":[5.0,16.0,4.0,24.0],"autoUv":false,"rotation":180},"east":{"texture":"#head","uv":[20.0,21.0,24.0,27.0],"autoUv":false,"rotation":90},"south":{"texture":"head","uv":[63.0,57.0,57.0,63.0],"autoUv":false,"rotation":180,"enabled":false},"west":{"texture":"#head","uv":[24.0,21.0,20.0,27.0],"autoUv":false,"rotation":270},"up":{"texture":"#head","uv":[21.0,18.0,19.0,27.0],"autoUv":false},"down":{"texture":"#head","uv":[21.0,27.0,19.0,20.0],"autoUv":false,"rotation":180}},"children":[]},{"name":"FluffR.014","from":[-1.092561542988,1.792169809341,-4.471996426582],"to":[0.105381906033,4.37025475502,-1.041748809228],"rotationOrigin":[-0.493589818478,2.882024526596,-1.04174888134],"stepParentName":"b_Head","rotationX":32.864800738783,"rotationY":-53.866406417616,"rotationZ":29.834669275777,"group":"fluff","faces":{"north":{"texture":"head","uv":[57.0,57.0,63.0,63.0],"autoUv":false,"rotation":180,"enabled":false},"east":{"texture":"#head","uv":[23.0,21.0,19.0,27.0],"autoUv":false,"rotation":270},"south":{"texture":"#head","uv":[4.0,16.0,5.0,24.0],"autoUv":false,"rotation":180},"west":{"texture":"#head","uv":[26.0,21.0,30.0,27.0],"autoUv":false,"rotation":90},"up":{"texture":"#head","uv":[19.0,18.0,21.0,27.0],"autoUv":false,"rotation":180},"down":{"texture":"#head","uv":[19.0,26.0,21.0,19.0],"autoUv":false}},"children":[]},{"name":"FluffR.006","from":[-1.202524423599,1.025353908539,-5.514862298965],"to":[-0.449715137482,3.431969285011,-2.679585397244],"rotationOrigin":[-0.82611978054,2.042721986771,-2.679585456848],"stepParentName":"b_Head","rotationX":18.793012784291,"rotationY":-73.408421161385,"rotationZ":14.836053679218,"group":"fluff","faces":{"north":{"texture":"head","uv":[57.0,57.0,63.0,63.0],"autoUv":false,"rotation":180,"enabled":false},"east":{"texture":"#head","uv":[23.0,21.0,19.0,27.0],"autoUv":false,"rotation":270},"south":{"texture":"#head","uv":[4.0,16.0,5.0,24.0],"autoUv":false,"rotation":180},"west":{"texture":"#head","uv":[26.0,22.0,30.0,28.0],"autoUv":false,"rotation":90},"up":{"texture":"#head","uv":[19.0,18.0,21.0,27.0],"autoUv":false,"rotation":180},"down":{"texture":"#head","uv":[19.0,27.0,21.0,20.0],"autoUv":false}},"children":[]},{"name":"FluffR.002","from":[-1.054094254971,0.303980648518,-4.699582397938],"to":[-0.301284968853,2.370415687561,-0.828770377324],"rotationOrigin":[-0.677689611912,1.17754149437,-0.828770458698],"stepParentName":"b_Head","rotationX":-24.401586762754,"rotationY":-65.186649249874,"rotationZ":-26.530614783655,"group":"fluff","faces":{"north":{"texture":"head","uv":[57.0,57.0,63.0,63.0],"autoUv":false,"rotation":180,"enabled":false},"east":{"texture":"#head","uv":[21.0,20.0,18.0,26.0],"autoUv":false,"rotation":270},"south":{"texture":"#head","uv":[4.0,16.0,5.0,24.0],"autoUv":false,"rotation":180},"west":{"texture":"#head","uv":[24.0,20.0,27.0,26.0],"autoUv":false,"rotation":90},"up":{"texture":"#head","uv":[19.0,18.0,21.0,27.0],"autoUv":false,"rotation":180},"down":{"texture":"#head","uv":[19.0,27.0,21.0,20.0],"autoUv":false}},"children":[]},{"name":"FluffR.005","from":[-1.883879005909,0.094065129757,-5.179668903351],"to":[-0.899877727032,1.813910484314,-2.123529846794],"rotationOrigin":[-1.39187836647,0.821109294891,-2.123529911041],"stepParentName":"b_Head","rotationX":14.194891868998,"rotationY":-68.848853248862,"rotationZ":55.686901133329,"group":"fluff","faces":{"north":{"texture":"head","uv":[57.0,57.0,63.0,63.0],"autoUv":false,"rotation":180,"enabled":false},"east":{"texture":"#head","uv":[22.0,21.0,19.0,27.0],"autoUv":false,"rotation":270},"south":{"texture":"#head","uv":[4.0,16.0,5.0,24.0],"autoUv":false,"rotation":180},"west":{"texture":"#head","uv":[27.0,22.0,30.0,28.0],"autoUv":false,"rotation":90},"up":{"texture":"#head","uv":[19.0,21.0,21.0,27.0],"autoUv":false,"rotation":180},"down":{"texture":"#head","uv":[19.0,27.0,21.0,20.0],"autoUv":false}},"children":[]},{"name":"FluffR.015","from":[-1.092561542988,1.713181376457,1.041747378716],"to":[0.105381906033,4.478116989136,4.471994996071],"rotationOrigin":[-0.493589818478,2.882025003433,1.041747450829],"stepParentName":"b_Head","rotationX":-32.864855380296,"rotationY":53.866426908184,"rotationZ":29.834693181439,"group":"fluff","faces":{"north":{"texture":"#head","uv":[5.0,16.0,4.0,24.0],"autoUv":false,"rotation":180},"east":{"texture":"#head","uv":[20.0,21.0,24.0,27.0],"autoUv":false,"rotation":90},"south":{"texture":"head","uv":[63.0,57.0,57.0,63.0],"autoUv":false,"rotation":180,"enabled":false},"west":{"texture":"#head","uv":[29.0,21.0,25.0,27.0],"autoUv":false,"rotation":270},"up":{"texture":"#head","uv":[21.0,18.0,19.0,27.0],"autoUv":false},"down":{"texture":"#head","uv":[21.0,26.0,19.0,19.0],"autoUv":false,"rotation":180}},"children":[]},{"name":"FluffR.016","from":[-1.202524423599,1.02535533905,2.679584443569],"to":[-0.449715137482,3.431970715523,5.514861345291],"rotationOrigin":[-0.82611978054,2.042723417282,2.679584503174],"stepParentName":"b_Head","rotationX":-18.793045227689,"rotationY":73.408421161385,"rotationZ":14.836055386765,"group":"fluff","faces":{"north":{"texture":"#head","uv":[5.0,16.0,4.0,24.0],"autoUv":false,"rotation":180},"east":{"texture":"#head","uv":[19.0,21.0,23.0,27.0],"autoUv":false,"rotation":90},"south":{"texture":"head","uv":[63.0,57.0,57.0,63.0],"autoUv":false,"rotation":180,"enabled":false},"west":{"texture":"#head","uv":[29.0,22.0,25.0,28.0],"autoUv":false,"rotation":270},"up":{"texture":"#head","uv":[21.0,18.0,19.0,27.0],"autoUv":false},"down":{"texture":"#head","uv":[21.0,27.0,19.0,20.0],"autoUv":false,"rotation":180}},"children":[]},{"name":"FluffR.017","from":[-1.054094254971,0.303981125355,0.828769781278],"to":[-0.301284968853,2.370416164398,4.699581801891],"rotationOrigin":[-0.677689611912,1.177541971207,0.828769862652],"stepParentName":"b_Head","rotationX":24.401564564639,"rotationY":65.186656080063,"rotationZ":-26.530618198749,"group":"fluff","faces":{"north":{"texture":"#head","uv":[5.0,16.0,4.0,24.0],"autoUv":false,"rotation":180},"east":{"texture":"#head","uv":[18.0,20.0,21.0,26.0],"autoUv":false,"rotation":90},"south":{"texture":"head","uv":[63.0,57.0,57.0,63.0],"autoUv":false,"rotation":180,"enabled":false},"west":{"texture":"#head","uv":[27.0,20.0,24.0,26.0],"autoUv":false,"rotation":270},"up":{"texture":"#head","uv":[21.0,18.0,19.0,27.0],"autoUv":false},"down":{"texture":"#head","uv":[21.0,27.0,19.0,20.0],"autoUv":false,"rotation":180}},"children":[]},{"name":"FluffR.018","from":[-1.8838788867,0.094066083431,2.123529369956],"to":[-0.899877607822,1.813911437988,5.179668426514],"rotationOrigin":[-1.391878247261,0.821110248566,2.123529434204],"stepParentName":"b_Head","rotationX":-14.194909798244,"rotationY":68.848860079051,"rotationZ":55.68689430314,"group":"fluff","faces":{"north":{"texture":"#head","uv":[5.0,16.0,4.0,24.0],"autoUv":false,"rotation":180},"east":{"texture":"#head","uv":[19.0,21.0,22.0,27.0],"autoUv":false,"rotation":90},"south":{"texture":"head","uv":[63.0,57.0,57.0,63.0],"autoUv":false,"rotation":180,"enabled":false},"west":{"texture":"#head","uv":[30.0,22.0,27.0,28.0],"autoUv":false,"rotation":270},"up":{"texture":"#head","uv":[21.0,21.0,19.0,27.0],"autoUv":false},"down":{"texture":"#head","uv":[21.0,27.0,19.0,20.0],"autoUv":false,"rotation":180}},"children":[]},{"name":"FluffR.032","from":[-3.14810192585,4.537841796875,-1.694944874065],"to":[-2.423498034477,6.829964637756,1.694946273548],"rotationOrigin":[-2.785799980164,4.565073013306,-1.088398e-06],"stepParentName":"b_Head","rotationX":-1.3660373e-05,"rotationY":-0.0,"rotationZ":-55.153644359164,"group":"fluff","faces":{"north":{"texture":"#head","uv":[21.0,20.0,19.0,27.0],"autoUv":false,"rotation":180},"east":{"texture":"#head","uv":[27.0,21.0,20.0,27.0],"autoUv":false,"rotation":180},"south":{"texture":"#head","uv":[19.0,18.0,21.0,27.0],"autoUv":false,"rotation":180},"west":{"texture":"#head","uv":[20.0,21.0,27.0,27.0],"autoUv":false,"rotation":180},"up":{"texture":"head","uv":[57.0,57.0,63.0,63.0],"autoUv":false,"enabled":false},"down":{"texture":"#head","uv":[5.0,24.0,4.0,16.0],"autoUv":false,"rotation":180}},"children":[]},{"name":"FluffR.033","from":[-1.561172842979,4.473594665527,-1.694944858747],"to":[-0.836568951607,6.765717506409,1.694946288866],"rotationOrigin":[-1.198870897293,4.500825881958,-1.07308e-06],"stepParentName":"b_Head","rotationX":-1.3660374e-05,"rotationY":1e-12,"rotationZ":-69.808310412141,"group":"fluff","faces":{"north":{"texture":"#head","uv":[21.0,20.0,19.0,27.0],"autoUv":false,"rotation":180},"east":{"texture":"#head","uv":[28.0,21.0,21.0,27.0],"autoUv":false,"rotation":180},"south":{"texture":"#head","uv":[19.0,18.0,21.0,27.0],"autoUv":false,"rotation":180},"west":{"texture":"#head","uv":[18.0,21.0,25.0,27.0],"autoUv":false,"rotation":180},"up":{"texture":"head","uv":[57.0,57.0,63.0,63.0],"autoUv":false,"enabled":false},"down":{"texture":"#head","uv":[5.0,24.0,4.0,16.0],"autoUv":false,"rotation":180}},"children":[]},{"name":"MeshMouthR.008","from":[-1.121151447296,-0.791093885899,-1.78936368227],"to":[1.48819565773,-0.234473526478,0.557790219784],"rotationOrigin":[0.183522105217,-0.225251615047,-0.615786731243],"stepParentName":"b_Jaw","rotationX":-16.424952048102,"rotationY":36.999937281187,"rotationZ":-153.902726454551,"group":"wolf0-jaw","faces":{"north":{"texture":"#head","uv":[54.0,5.0,55.0,6.0],"autoUv":false},"east":{"texture":"#head","uv":[55.0,5.0,58.0,6.0],"autoUv":false},"south":{"texture":"#head","uv":[58.0,5.0,59.0,6.0],"autoUv":false},"west":{"texture":"#head","uv":[55.0,5.0,58.0,6.0],"autoUv":false},"up":{"texture":"#head","uv":[55.0,1.0,58.0,5.0],"autoUv":false,"rotation":90},"down":{"texture":"#head","uv":[58.0,9.0,55.0,6.0],"autoUv":false,"rotation":270}},"children":[]},{"name":"MeshMouthL.001","from":[-1.120019197464,-0.785259261727,-0.543438136578],"to":[1.489216327667,-0.240121200681,1.803687393665],"rotationOrigin":[0.184598565102,-0.227974489331,0.630124628544],"stepParentName":"b_Jaw","rotationX":16.425054500939,"rotationY":-36.999944111376,"rotationZ":-153.90274011493,"group":"wolf0-jaw","faces":{"north":{"texture":"#head","uv":[59.0,5.0,58.0,6.0],"autoUv":false},"east":{"texture":"#head","uv":[58.0,5.0,55.0,6.0],"autoUv":false},"south":{"texture":"#head","uv":[55.0,5.0,54.0,6.0],"autoUv":false},"west":{"texture":"#head","uv":[58.0,5.0,55.0,6.0],"autoUv":false},"up":{"texture":"#head","uv":[58.0,1.0,55.0,5.0],"autoUv":false,"rotation":90},"down":{"texture":"#head","uv":[55.0,9.0,58.0,6.0],"autoUv":false,"rotation":270}},"children":[]},{"name":"MeshMouthR.009","from":[-0.702024698257,-0.631370849907,-0.555402488913],"to":[1.90732216835,-0.069140680134,0.569715647493],"rotationOrigin":[0.602648735046,-0.063817985356,0.00715657929],"stepParentName":"b_Jaw","rotationX":4.9632569e-05,"rotationY":1e-12,"rotationZ":-159.432106097135,"group":"wolf0-jaw","faces":{"north":{"texture":"#head","uv":[54.0,5.0,55.0,6.0],"autoUv":false},"east":{"texture":"#head","uv":[55.0,5.0,58.0,6.0],"autoUv":false},"south":{"texture":"#head","uv":[58.0,5.0,59.0,6.0],"autoUv":false},"west":{"texture":"#head","uv":[55.0,5.0,58.0,6.0],"autoUv":false},"up":{"texture":"#head","uv":[55.0,1.0,58.0,5.0],"autoUv":false,"rotation":90},"down":{"texture":"#head","uv":[58.0,9.0,55.0,6.0],"autoUv":false,"rotation":270}},"children":[]},{"name":"MeshMouthR.006","from":[1.3332490623,0.267928749323,-0.574327781796],"to":[1.907449752092,0.412453740835,-0.229360863566],"rotationOrigin":[1.620349407196,0.340191245079,-0.401844322681],"stepParentName":"b_Jaw","rotationX":-12.499905294378,"rotationY":35.547835648547,"rotationZ":-169.623759206791,"group":"wolf0-jaw","faces":{"north":{"texture":"#head","uv":[10.0,59.0,11.0,60.0],"autoUv":false},"east":{"texture":"#head","uv":[11.0,59.0,13.0,60.0],"autoUv":false},"south":{"texture":"#head","uv":[13.0,59.0,14.0,60.0],"autoUv":false},"west":{"texture":"#head","uv":[11.0,59.0,13.0,60.0],"autoUv":false},"up":{"texture":"#head","uv":[11.0,58.0,13.0,59.0],"autoUv":false,"rotation":90},"down":{"texture":"#head","uv":[13.0,61.0,11.0,60.0],"autoUv":false,"rotation":270}},"children":[]},{"name":"MeshMouthR.010","from":[1.406062662601,0.22184497118,-0.466386288404],"to":[1.980265557766,0.366553425789,0.018099054694],"rotationOrigin":[1.693164110184,0.294199198484,-0.224143624306],"stepParentName":"b_Jaw","rotationX":5.152849242888,"rotationY":4.948353806024,"rotationZ":-162.135699876301,"group":"wolf0-jaw","faces":{"north":{"texture":"#head","uv":[10.0,59.0,11.0,60.0],"autoUv":false},"east":{"texture":"#head","uv":[11.0,59.0,13.0,60.0],"autoUv":false},"south":{"texture":"#head","uv":[13.0,59.0,14.0,60.0],"autoUv":false},"west":{"texture":"#head","uv":[11.0,59.0,13.0,60.0],"autoUv":false},"up":{"texture":"#head","uv":[11.0,58.0,13.0,59.0],"autoUv":false,"rotation":90},"down":{"texture":"#head","uv":[13.0,61.0,11.0,60.0],"autoUv":false,"rotation":270}},"children":[]},{"name":"MeshMouthR.004","from":[1.3332490623,0.267928034067,0.229361459613],"to":[1.907449752092,0.412453025579,0.574328377843],"rotationOrigin":[1.620349407196,0.340190529823,0.401844918728],"stepParentName":"b_Jaw","rotationX":12.500005185895,"rotationY":-35.547835648547,"rotationZ":-169.623759206791,"group":"wolf0-jaw","faces":{"north":{"texture":"#head","uv":[14.0,59.0,13.0,60.0],"autoUv":false},"east":{"texture":"#head","uv":[13.0,59.0,11.0,60.0],"autoUv":false},"south":{"texture":"#head","uv":[11.0,59.0,10.0,60.0],"autoUv":false},"west":{"texture":"#head","uv":[13.0,59.0,11.0,60.0],"autoUv":false},"up":{"texture":"#head","uv":[13.0,58.0,11.0,59.0],"autoUv":false,"rotation":90},"down":{"texture":"#head","uv":[11.0,61.0,13.0,60.0],"autoUv":false,"rotation":270}},"children":[]},{"name":"MeshMouthR.007","from":[1.406062662601,0.221844553947,-0.018098548055],"to":[1.980265557766,0.366553008556,0.466386795044],"rotationOrigin":[1.693164110184,0.294198781252,0.224144130945],"stepParentName":"b_Jaw","rotationX":-5.152753193352,"rotationY":-4.948356367345,"rotationZ":-162.135699876301,"group":"wolf0-jaw","faces":{"north":{"texture":"#head","uv":[14.0,59.0,13.0,60.0],"autoUv":false},"east":{"texture":"#head","uv":[13.0,59.0,11.0,60.0],"autoUv":false},"south":{"texture":"#head","uv":[11.0,59.0,10.0,60.0],"autoUv":false},"west":{"texture":"#head","uv":[13.0,59.0,11.0,60.0],"autoUv":false},"up":{"texture":"#head","uv":[13.0,58.0,11.0,59.0],"autoUv":false,"rotation":90},"down":{"texture":"#head","uv":[11.0,61.0,13.0,60.0],"autoUv":false,"rotation":270}},"children":[]},{"name":"MeshTongue","from":[0.364243209362,0.038556133449,-0.6675143498],"to":[1.910546600819,0.211321435869,0.681827757973],"rotationOrigin":[1.137393951416,0.038555137813,0.007156704087],"stepParentName":"b_Jaw","rotationX":4.9632569e-05,"rotationY":1e-12,"rotationZ":-159.432106097135,"group":"wolf0-jaw","faces":{"north":{"texture":"#head","uv":[34.0,56.0,33.0,63.0],"autoUv":false,"rotation":270},"east":{"texture":"head","uv":[39.0,61.0,35.0,62.0],"autoUv":false,"rotation":180,"enabled":false},"south":{"texture":"#head","uv":[39.0,56.0,38.0,63.0],"autoUv":false,"rotation":90},"west":{"texture":"#head","uv":[38.0,63.0,34.0,64.0],"autoUv":false,"rotation":180},"up":{"texture":"#head","uv":[34.0,56.0,38.0,63.0],"autoUv":false,"rotation":90},"down":{"texture":"#head","uv":[39.0,63.0,35.0,56.0],"autoUv":false,"rotation":270}},"children":[]}],"groups":[]}