{
  "model": "kemono0",
  "parts": {
    "body": "skin0",
    "fullbodycover": "furred",
    "chest": "chest0",
    "bodyextra": "spots4",
    "bodytattoo": "none",
    "bust": "none",
    "leg": "kemono2",
    "legtattoo": "none",
    "tail": "bug0",
    "tail2": "tail2",
    "tailextra": "tailextra",
    "head": "bug0",
    "head2": "head2",
    "headtattoo": "none",
    "eyewear": "none",
    "ear": "none",
    "tailbonus": "twili2",
    "ear2": "none",
    "earinner": "earinner",
    "horn": "none",
    "eyewhite": "eyewhite0",
    "eye": "bug_raised",
    "eye2": "none",
    "hair": "iroquois",
    "hairextra": "none",
    "mustache": "none",
    "beard": "none",
    "headnose": "none",
    "underwear": "socks"
  },
  "scale": {
    "head": 0.98
  },
  "colors": {
    "body": {
      "r": 200,
      "g": 200,
      "b": 200
    },
    "fullbodycover": {
      "r": 200,
      "g": 200,
      "b": 200
    },
    "chest": {
      "r": 35,
      "g": 35,
      "b": 35
    },
    "bodyextra": {
      "r": 35,
      "g": 35,
      "b": 35
    },
    "bodytattoo": {
      "r": 99,
      "g": 79,
      "b": 90
    },
    "bust": {
      "r": 91,
      "g": 233,
      "b": 211
    },
    "leg": {
      "r": 215,
      "g": 0,
      "b": 189
    },
    "legtattoo": {
      "r": 181,
      "g": 202,
      "b": 0
    },
    "tail": {
      "r": 200,
      "g": 200,
      "b": 200
    },
    "tail2": {
      "r": 34,
      "g": 34,
      "b": 34
    },
    "tailextra": {
      "r": 255,
      "g": 255,
      "b": 255
    },
    "head": {
      "r": 200,
      "g": 200,
      "b": 200
    },
    "head2": {
      "r": 35,
      "g": 35,
      "b": 35
    },
    "headtattoo": {
      "r": 82,
      "g": 187,
      "b": 93
    },
    "eyewear": {
      "r": 120,
      "g": 120,
      "b": 125
    },
    "ear": {
      "r": 90,
      "g": 90,
      "b": 88
    },
    "tailbonus": {
      "r": 35,
      "g": 35,
      "b": 35
    },
    "ear2": {
      "r": 34,
      "g": 34,
      "b": 34
    },
    "earinner": {
      "r": 200,
      "g": 200,
      "b": 200
    },
    "horn": {
      "r": 255,
      "g": 252,
      "b": 255
    },
    "eyewhite": {
      "r": 235,
      "g": 235,
      "b": 235
    },
    "eye": {
      "r": 151,
      "g": 115,
      "b": 0
    },
    "eye2": {
      "r": 0,
      "g": 0,
      "b": 0
    },
    "hair": {
      "r": 230,
      "g": 230,
      "b": 230
    },
    "hairextra": {
      "r": 219,
      "g": 244,
      "b": 255
    },
    "mustache": {
      "r": 219,
      "g": 244,
      "b": 255
    },
    "beard": {
      "r": 219,
      "g": 244,
      "b": 255
    },
    "headnose": {
      "r": 145,
      "g": 165,
      "b": 255
    },
    "underwear": {
      "r": 48,
      "g": 48,
      "b": 48
    }
  }
}