{"textureWidth":64,"textureHeight":64,"textures":{},"textureSizes":{"head":[64,64]},"elements":[{"name":"HornDragon0L","from":[-0.533177524805,6.156582355499,1.692833214998],"to":[0.317705899477,8.944714069366,2.617557257414],"rotationOrigin":[-0.107735812664,7.550648212433,2.155195236206],"stepParentName":"b_Head","rotationX":3.550350686706,"rotationY":-15.819993655577,"rotationZ":-59.308158148243,"group":"horn-dragon0L","faces":{"north":{"texture":"#head","uv":[35.0,40.0,39.0,52.0],"autoUv":false},"east":{"texture":"#head","uv":[47.0,40.0,51.0,52.0],"autoUv":false},"south":{"texture":"#head","uv":[43.0,40.0,47.0,52.0],"autoUv":false},"west":{"texture":"#head","uv":[39.0,40.0,43.0,52.0],"autoUv":false},"up":{"texture":"#head","uv":[39.0,36.0,43.0,40.0],"autoUv":false,"rotation":90},"down":{"texture":"#head","uv":[47.0,40.0,43.0,36.0],"autoUv":false,"rotation":270}},"children":[]},{"name":"HornDragon0L.001","from":[1.309329599142,7.254819750786,2.55497059226],"to":[2.023953825235,9.296650052071,3.22947755456],"rotationOrigin":[1.666641712189,8.275734901428,2.89222407341],"stepParentName":"b_Head","rotationX":10.337691091848,"rotationY":-27.250455250471,"rotationZ":-79.27469988478,"group":"horn-dragon0L","faces":{"north":{"texture":"#head","uv":[42.0,45.0,45.0,54.0],"autoUv":false},"east":{"texture":"#head","uv":[51.0,45.0,54.0,54.0],"autoUv":false},"south":{"texture":"#head","uv":[48.0,45.0,51.0,54.0],"autoUv":false},"west":{"texture":"#head","uv":[45.0,45.0,48.0,54.0],"autoUv":false},"up":{"texture":"#head","uv":[45.0,42.0,48.0,45.0],"autoUv":false,"rotation":90},"down":{"texture":"#head","uv":[51.0,45.0,48.0,42.0],"autoUv":false,"rotation":270}},"children":[]},{"name":"HornDragon0L.002","from":[-2.083826720715,4.320448517799,1.008582413197],"to":[-1.040158808231,7.246069312096,2.044847667217],"rotationOrigin":[-1.561992764473,5.783258914948,1.526715040207],"stepParentName":"b_Head","rotationX":7.888309269626,"rotationY":-18.739009893618,"rotationZ":-23.336811497567,"group":"horn-dragon0L","faces":{"north":{"texture":"#head","uv":[36.0,42.0,40.0,52.0],"autoUv":false},"east":{"texture":"#head","uv":[48.0,42.0,52.0,52.0],"autoUv":false},"south":{"texture":"#head","uv":[44.0,42.0,48.0,52.0],"autoUv":false},"west":{"texture":"#head","uv":[40.0,42.0,44.0,52.0],"autoUv":false},"up":{"texture":"#head","uv":[40.0,38.0,44.0,42.0],"autoUv":false,"rotation":90},"down":{"texture":"#head","uv":[48.0,42.0,44.0,38.0],"autoUv":false,"rotation":270}},"children":[]},{"name":"HornDragon0L.003","from":[2.687093824148,7.938316166401,3.037551820278],"to":[3.278803735971,9.260179698467,3.645065844059],"rotationOrigin":[2.98294878006,8.599247932434,3.341308832169],"stepParentName":"b_Head","rotationX":-94.371398705367,"rotationY":-18.954751663837,"rotationZ":-95.882748813962,"group":"horn-dragon0L","faces":{"north":{"texture":"#head","uv":[38.0,49.0,40.0,55.0],"autoUv":false},"east":{"texture":"#head","uv":[44.0,49.0,46.0,55.0],"autoUv":false},"south":{"texture":"#head","uv":[42.0,49.0,44.0,55.0],"autoUv":false},"west":{"texture":"#head","uv":[40.0,49.0,42.0,55.0],"autoUv":false},"up":{"texture":"#head","uv":[40.0,47.0,42.0,49.0],"autoUv":false,"rotation":90},"down":{"texture":"#head","uv":[44.0,49.0,42.0,47.0],"autoUv":false,"rotation":270}},"children":[]},{"name":"HornDragon0L.004","from":[3.637824252248,8.567158132792,3.1180485636],"to":[4.106548592448,9.545323938131,3.588679894805],"rotationOrigin":[3.872186422348,9.056241035461,3.353364229202],"stepParentName":"b_Head","rotationX":-99.413621935589,"rotationY":-32.834652283786,"rotationZ":-91.136088359694,"group":"horn-dragon0L","faces":{"north":{"texture":"#head","uv":[44.0,46.0,46.0,52.0],"autoUv":false},"east":{"texture":"#head","uv":[50.0,46.0,52.0,52.0],"autoUv":false},"south":{"texture":"#head","uv":[48.0,46.0,50.0,52.0],"autoUv":false},"west":{"texture":"#head","uv":[46.0,46.0,48.0,52.0],"autoUv":false},"up":{"texture":"#head","uv":[46.0,44.0,48.0,46.0],"autoUv":false,"rotation":90},"down":{"texture":"#head","uv":[50.0,46.0,48.0,44.0],"autoUv":false,"rotation":270}},"children":[]},{"name":"HornDragon0L.005","from":[4.346027612686,8.917261958122,3.08708024025],"to":[4.649006605148,10.054343342781,3.38777089119],"rotationOrigin":[4.497517108917,9.485802650452,3.23742556572],"stepParentName":"b_Head","rotationX":-99.085663572402,"rotationY":-33.718123592549,"rotationZ":-79.659130252025,"group":"horn-dragon0L","faces":{"north":{"texture":"#head","uv":[48.0,44.0,49.0,50.0],"autoUv":false},"east":{"texture":"#head","uv":[51.0,44.0,52.0,50.0],"autoUv":false},"south":{"texture":"#head","uv":[50.0,44.0,51.0,50.0],"autoUv":false},"west":{"texture":"#head","uv":[49.0,44.0,50.0,50.0],"autoUv":false},"up":{"texture":"#head","uv":[49.0,43.0,50.0,44.0],"autoUv":false,"rotation":90},"down":{"texture":"#head","uv":[51.0,44.0,50.0,43.0],"autoUv":false,"rotation":270}},"children":[]},{"name":"HornDragon0R","from":[-0.533177524805,6.156581401825,-2.617561072111],"to":[0.317705899477,8.944713115692,-1.692837029696],"rotationOrigin":[-0.107735812664,7.550647258759,-2.155199050903],"stepParentName":"b_Head","rotationX":-3.550379288123,"rotationY":15.819997070672,"rotationZ":-59.308158148243,"group":"horn-dragon0R","faces":{"north":{"texture":"#head","uv":[47.0,40.0,43.0,52.0],"autoUv":false},"east":{"texture":"#head","uv":[51.0,40.0,47.0,52.0],"autoUv":false},"south":{"texture":"#head","uv":[39.0,40.0,35.0,52.0],"autoUv":false},"west":{"texture":"#head","uv":[43.0,40.0,39.0,52.0],"autoUv":false},"up":{"texture":"#head","uv":[43.0,36.0,39.0,40.0],"autoUv":false,"rotation":90},"down":{"texture":"#head","uv":[43.0,40.0,47.0,36.0],"autoUv":false,"rotation":270}},"children":[]},{"name":"HornDragon0R.001","from":[1.309329479933,7.254817843437,-3.229481369257],"to":[2.023953706026,9.296648144722,-2.554974406958],"rotationOrigin":[1.666641592979,8.27573299408,-2.892227888107],"stepParentName":"b_Head","rotationX":-10.337719266378,"rotationY":27.250463788208,"rotationZ":-79.27469988478,"group":"horn-dragon0R","faces":{"north":{"texture":"#head","uv":[51.0,45.0,48.0,54.0],"autoUv":false},"east":{"texture":"#head","uv":[54.0,45.0,51.0,54.0],"autoUv":false},"south":{"texture":"#head","uv":[45.0,45.0,42.0,54.0],"autoUv":false},"west":{"texture":"#head","uv":[48.0,45.0,45.0,54.0],"autoUv":false},"up":{"texture":"#head","uv":[48.0,42.0,45.0,45.0],"autoUv":false,"rotation":90},"down":{"texture":"#head","uv":[48.0,45.0,51.0,42.0],"autoUv":false,"rotation":270}},"children":[]},{"name":"HornDragon0R.002","from":[-2.083826720715,4.320447564125,-2.04485052824],"to":[-1.040158808231,7.246068358421,-1.00858527422],"rotationOrigin":[-1.561992764473,5.783257961273,-1.52671790123],"stepParentName":"b_Head","rotationX":-7.888340859251,"rotationY":18.739016723807,"rotationZ":-23.336820035304,"group":"horn-dragon0R","faces":{"north":{"texture":"#head","uv":[48.0,42.0,44.0,52.0],"autoUv":false},"east":{"texture":"#head","uv":[52.0,42.0,48.0,52.0],"autoUv":false},"south":{"texture":"#head","uv":[40.0,42.0,36.0,52.0],"autoUv":false},"west":{"texture":"#head","uv":[44.0,42.0,40.0,52.0],"autoUv":false},"up":{"texture":"#head","uv":[44.0,38.0,40.0,42.0],"autoUv":false,"rotation":90},"down":{"texture":"#head","uv":[44.0,42.0,48.0,38.0],"autoUv":false,"rotation":270}},"children":[]},{"name":"HornDragon0R.003","from":[2.687093824148,7.938314259052,-3.645070135593],"to":[3.278803735971,9.260177791119,-3.037556111813],"rotationOrigin":[2.98294878006,8.599246025085,-3.341313123703],"stepParentName":"b_Head","rotationX":94.371364554421,"rotationY":18.954749956289,"rotationZ":-95.88276247434,"group":"horn-dragon0R","faces":{"north":{"texture":"#head","uv":[44.0,49.0,42.0,55.0],"autoUv":false},"east":{"texture":"#head","uv":[46.0,49.0,44.0,55.0],"autoUv":false},"south":{"texture":"#head","uv":[40.0,49.0,38.0,55.0],"autoUv":false},"west":{"texture":"#head","uv":[42.0,49.0,40.0,55.0],"autoUv":false},"up":{"texture":"#head","uv":[42.0,47.0,40.0,49.0],"autoUv":false,"rotation":90},"down":{"texture":"#head","uv":[42.0,49.0,44.0,47.0],"autoUv":false,"rotation":270}},"children":[]},{"name":"HornDragon0R.004","from":[3.637824252248,8.567156225443,-3.588684186339],"to":[4.106548592448,9.545322030783,-3.118052855134],"rotationOrigin":[3.872186422348,9.056239128113,-3.353368520737],"stepParentName":"b_Head","rotationX":99.413594614832,"rotationY":32.83466252907,"rotationZ":-91.136081529505,"group":"horn-dragon0R","faces":{"north":{"texture":"#head","uv":[50.0,46.0,48.0,52.0],"autoUv":false},"east":{"texture":"#head","uv":[52.0,46.0,50.0,52.0],"autoUv":false},"south":{"texture":"#head","uv":[46.0,46.0,44.0,52.0],"autoUv":false},"west":{"texture":"#head","uv":[48.0,46.0,46.0,52.0],"autoUv":false},"up":{"texture":"#head","uv":[48.0,44.0,46.0,46.0],"autoUv":false,"rotation":90},"down":{"texture":"#head","uv":[48.0,46.0,50.0,44.0],"autoUv":false,"rotation":270}},"children":[]},{"name":"HornDragon0R.005","from":[4.346027612686,8.917260050774,-3.387775182724],"to":[4.649006605148,10.054341435432,-3.087084531784],"rotationOrigin":[4.497517108917,9.485800743103,-3.237429857254],"stepParentName":"b_Head","rotationX":99.085643081834,"rotationY":33.718130422738,"rotationZ":-79.659137082214,"group":"horn-dragon0R","faces":{"north":{"texture":"#head","uv":[51.0,44.0,50.0,50.0],"autoUv":false},"east":{"texture":"#head","uv":[52.0,44.0,51.0,50.0],"autoUv":false},"south":{"texture":"#head","uv":[49.0,44.0,48.0,50.0],"autoUv":false},"west":{"texture":"#head","uv":[50.0,44.0,49.0,50.0],"autoUv":false},"up":{"texture":"#head","uv":[50.0,43.0,49.0,44.0],"autoUv":false,"rotation":90},"down":{"texture":"#head","uv":[50.0,44.0,51.0,43.0],"autoUv":false,"rotation":270}},"children":[]}],"groups":[]}