{"textureWidth":64,"textureHeight":64,"textures":{},"textureSizes":{"head":[64,64]},"elements":[{"name":"HornDeer0L","from":[1.875786215067,9.118127763271,2.223198711872],"to":[2.143737882376,9.99340826273,2.491150557995],"rotationOrigin":[2.009762048721,9.555768013,2.357174634933],"stepParentName":"b_Head","rotationX":-34.497769195739,"rotationY":-38.471081481232,"rotationZ":-47.821972455005,"group":"horn-deer0L","faces":{"north":{"texture":"#head","uv":[46.0,44.0,47.0,48.0],"autoUv":false},"east":{"texture":"#head","uv":[49.0,44.0,50.0,48.0],"autoUv":false},"south":{"texture":"#head","uv":[48.0,44.0,49.0,48.0],"autoUv":false},"west":{"texture":"#head","uv":[47.0,44.0,48.0,48.0],"autoUv":false},"up":{"texture":"#head","uv":[47.0,43.0,48.0,44.0],"autoUv":false,"rotation":90},"down":{"texture":"#head","uv":[49.0,44.0,48.0,43.0],"autoUv":false,"rotation":270}},"children":[]},{"name":"HornDeer0L.001","from":[-0.64455512166,5.67243874073,2.119514733553],"to":[0.148953765631,8.687990069389,2.913023680449],"rotationOrigin":[-0.247800678015,7.18021440506,2.516269207001],"stepParentName":"b_Head","rotationX":4.897892368436,"rotationY":-28.460366912878,"rotationZ":-73.561403738415,"group":"horn-deer0L","faces":{"north":{"texture":"#head","uv":[35.0,40.0,39.0,52.0],"autoUv":false},"east":{"texture":"#head","uv":[47.0,40.0,51.0,52.0],"autoUv":false},"south":{"texture":"#head","uv":[43.0,40.0,47.0,52.0],"autoUv":false},"west":{"texture":"#head","uv":[39.0,40.0,43.0,52.0],"autoUv":false},"up":{"texture":"#head","uv":[39.0,36.0,43.0,40.0],"autoUv":false,"rotation":90},"down":{"texture":"#head","uv":[47.0,40.0,43.0,36.0],"autoUv":false,"rotation":270}},"children":[]},{"name":"HornDeer0L.002","from":[1.136709779501,6.653093338013,3.732700914145],"to":[1.812211424112,9.220184326172,4.408202558756],"rotationOrigin":[1.474460601807,7.936638832092,4.07045173645],"stepParentName":"b_Head","rotationX":28.282910060505,"rotationY":-48.579607773594,"rotationZ":-43.486106898179,"group":"horn-deer0L","faces":{"north":{"texture":"#head","uv":[35.0,40.0,38.0,51.0],"autoUv":false},"east":{"texture":"#head","uv":[44.0,40.0,47.0,51.0],"autoUv":false},"south":{"texture":"#head","uv":[41.0,40.0,44.0,51.0],"autoUv":false},"west":{"texture":"#head","uv":[38.0,40.0,41.0,51.0],"autoUv":false},"up":{"texture":"#head","uv":[38.0,37.0,41.0,40.0],"autoUv":false,"rotation":90},"down":{"texture":"#head","uv":[44.0,40.0,41.0,37.0],"autoUv":false,"rotation":270}},"children":[]},{"name":"HornDeer0L.003","from":[1.734378188848,7.85055577755,5.37364795804],"to":[2.242622047663,9.646951317787,5.881891936064],"rotationOrigin":[1.988500118256,8.748753547668,5.627769947052],"stepParentName":"b_Head","rotationX":62.984787506759,"rotationY":-52.766445432921,"rotationZ":3.860996654781,"group":"horn-deer0L","faces":{"north":{"texture":"#head","uv":[42.0,45.0,45.0,54.0],"autoUv":false},"east":{"texture":"#head","uv":[51.0,45.0,54.0,54.0],"autoUv":false},"south":{"texture":"#head","uv":[48.0,45.0,51.0,54.0],"autoUv":false},"west":{"texture":"#head","uv":[45.0,45.0,48.0,54.0],"autoUv":false},"up":{"texture":"#head","uv":[45.0,42.0,48.0,45.0],"autoUv":false,"rotation":90},"down":{"texture":"#head","uv":[51.0,45.0,48.0,42.0],"autoUv":false,"rotation":270}},"children":[]},{"name":"HornDeer0L.004","from":[1.415095075965,8.732006490231,6.480754837394],"to":[1.817164197564,10.177718698978,6.882823958993],"rotationOrigin":[1.616129636765,9.454862594604,6.681789398193],"stepParentName":"b_Head","rotationX":88.261575926737,"rotationY":-42.462866013335,"rotationZ":49.383903529498,"group":"horn-deer0L","faces":{"north":{"texture":"#head","uv":[40.0,42.0,42.0,51.0],"autoUv":false},"east":{"texture":"#head","uv":[46.0,42.0,48.0,51.0],"autoUv":false},"south":{"texture":"#head","uv":[44.0,42.0,46.0,51.0],"autoUv":false},"west":{"texture":"#head","uv":[42.0,42.0,44.0,51.0],"autoUv":false},"up":{"texture":"#head","uv":[42.0,40.0,44.0,42.0],"autoUv":false,"rotation":90},"down":{"texture":"#head","uv":[46.0,42.0,44.0,40.0],"autoUv":false,"rotation":270}},"children":[]},{"name":"HornDeer0L.005","from":[0.787466272712,9.525602817535,7.051488354802],"to":[1.106721296906,10.584470272064,7.370743319392],"rotationOrigin":[0.947093784809,10.0550365448,7.211115837097],"stepParentName":"b_Head","rotationX":88.804002229863,"rotationY":-40.931349771216,"rotationZ":73.675795746634,"group":"horn-deer0L","faces":{"north":{"texture":"#head","uv":[38.0,41.0,40.0,47.0],"autoUv":false},"east":{"texture":"#head","uv":[44.0,41.0,46.0,47.0],"autoUv":false},"south":{"texture":"#head","uv":[42.0,41.0,44.0,47.0],"autoUv":false},"west":{"texture":"#head","uv":[40.0,41.0,42.0,47.0],"autoUv":false},"up":{"texture":"#head","uv":[40.0,39.0,42.0,41.0],"autoUv":false,"rotation":90},"down":{"texture":"#head","uv":[44.0,41.0,42.0,39.0],"autoUv":false,"rotation":270}},"children":[]},{"name":"HornDeer0L.006","from":[0.180498883128,10.228710770607,7.205366812646],"to":[0.428265884519,11.241950392723,7.45313385874],"rotationOrigin":[0.304382383823,10.735330581665,7.329250335693],"stepParentName":"b_Head","rotationX":102.540967481052,"rotationY":-51.253080418521,"rotationZ":102.327298673246,"group":"horn-deer0L","faces":{"north":{"texture":"#head","uv":[45.0,46.0,47.0,55.0],"autoUv":false},"east":{"texture":"#head","uv":[51.0,46.0,53.0,55.0],"autoUv":false},"south":{"texture":"#head","uv":[49.0,46.0,51.0,55.0],"autoUv":false},"west":{"texture":"#head","uv":[47.0,46.0,49.0,55.0],"autoUv":false},"up":{"texture":"#head","uv":[47.0,44.0,49.0,46.0],"autoUv":false,"rotation":90},"down":{"texture":"#head","uv":[51.0,46.0,49.0,44.0],"autoUv":false,"rotation":270}},"children":[]},{"name":"HornDeer0L.007","from":[0.712368875742,7.382059931755,2.353966891766],"to":[1.249438732862,8.732222676277,2.891036808491],"rotationOrigin":[0.980903804302,8.057141304016,2.622501850128],"stepParentName":"b_Head","rotationX":-44.777186821135,"rotationY":-31.972914636963,"rotationZ":-40.618492956284,"group":"horn-deer0L","faces":{"north":{"texture":"#head","uv":[38.0,43.0,40.0,49.0],"autoUv":false},"east":{"texture":"#head","uv":[44.0,43.0,46.0,49.0],"autoUv":false},"south":{"texture":"#head","uv":[42.0,43.0,44.0,49.0],"autoUv":false},"west":{"texture":"#head","uv":[40.0,43.0,42.0,49.0],"autoUv":false},"up":{"texture":"#head","uv":[40.0,41.0,42.0,43.0],"autoUv":false,"rotation":90},"down":{"texture":"#head","uv":[44.0,43.0,42.0,41.0],"autoUv":false,"rotation":270}},"children":[]},{"name":"HornDeer0L.008","from":[1.363741412759,8.39713460207,2.171394124627],"to":[1.782301411033,9.409622371197,2.589954122901],"rotationOrigin":[1.573021411896,8.903378486633,2.380674123764],"stepParentName":"b_Head","rotationX":-35.687222734034,"rotationY":-37.438899878765,"rotationZ":-42.546829528802,"group":"horn-deer0L","faces":{"north":{"texture":"#head","uv":[45.0,47.0,47.0,53.0],"autoUv":false},"east":{"texture":"#head","uv":[51.0,47.0,53.0,53.0],"autoUv":false},"south":{"texture":"#head","uv":[49.0,47.0,51.0,53.0],"autoUv":false},"west":{"texture":"#head","uv":[47.0,47.0,49.0,53.0],"autoUv":false},"up":{"texture":"#head","uv":[47.0,45.0,49.0,47.0],"autoUv":false,"rotation":90},"down":{"texture":"#head","uv":[51.0,47.0,49.0,45.0],"autoUv":false,"rotation":270}},"children":[]},{"name":"HornDeer0L.009","from":[-2.192993342876,4.334670066833,1.052318900824],"to":[-1.301084578037,7.231847763062,1.944227844477],"rotationOrigin":[-1.747038960457,5.783258914948,1.49827337265],"stepParentName":"b_Head","rotationX":8.548423147246,"rotationY":-29.032210840759,"rotationZ":-21.713219182795,"group":"horn-deer0L","faces":{"north":{"texture":"#head","uv":[36.0,42.0,40.0,52.0],"autoUv":false},"east":{"texture":"#head","uv":[48.0,42.0,52.0,52.0],"autoUv":false},"south":{"texture":"#head","uv":[44.0,42.0,48.0,52.0],"autoUv":false},"west":{"texture":"#head","uv":[40.0,42.0,44.0,52.0],"autoUv":false},"up":{"texture":"#head","uv":[40.0,38.0,44.0,42.0],"autoUv":false,"rotation":90},"down":{"texture":"#head","uv":[48.0,42.0,44.0,38.0],"autoUv":false,"rotation":270}},"children":[]},{"name":"HornDeer0L.010","from":[2.166507065296,8.835194528103,5.68193256855],"to":[2.632335841656,10.006260931492,6.1477612257],"rotationOrigin":[2.399421453476,9.420727729797,5.914846897125],"stepParentName":"b_Head","rotationX":51.235666851232,"rotationY":-135.877693310348,"rotationZ":62.348289008194,"group":"horn-deer0L","faces":{"north":{"texture":"#head","uv":[38.0,49.0,40.0,55.0],"autoUv":false},"east":{"texture":"#head","uv":[44.0,49.0,46.0,55.0],"autoUv":false},"south":{"texture":"#head","uv":[42.0,49.0,44.0,55.0],"autoUv":false},"west":{"texture":"#head","uv":[40.0,49.0,42.0,55.0],"autoUv":false},"up":{"texture":"#head","uv":[40.0,47.0,42.0,49.0],"autoUv":false,"rotation":90},"down":{"texture":"#head","uv":[44.0,49.0,42.0,47.0],"autoUv":false,"rotation":270}},"children":[]},{"name":"HornDeer0L.011","from":[2.77506621182,9.689882814884,5.732125341892],"to":[3.138105079532,10.698729932308,6.095164239407],"rotationOrigin":[2.956585645676,10.194306373596,5.913644790649],"stepParentName":"b_Head","rotationX":44.681273889715,"rotationY":-127.713117402946,"rotationZ":50.329935955964,"group":"horn-deer0L","faces":{"north":{"texture":"#head","uv":[44.0,46.0,46.0,52.0],"autoUv":false},"east":{"texture":"#head","uv":[50.0,46.0,52.0,52.0],"autoUv":false},"south":{"texture":"#head","uv":[48.0,46.0,50.0,52.0],"autoUv":false},"west":{"texture":"#head","uv":[46.0,46.0,48.0,52.0],"autoUv":false},"up":{"texture":"#head","uv":[46.0,44.0,48.0,46.0],"autoUv":false,"rotation":90},"down":{"texture":"#head","uv":[50.0,46.0,48.0,44.0],"autoUv":false,"rotation":270}},"children":[]},{"name":"HornDeer0L.012","from":[3.207769669592,10.450796842575,5.825176678598],"to":[3.440178118646,11.532061815262,6.057585276663],"rotationOrigin":[3.323973894119,10.991429328918,5.941380977631],"stepParentName":"b_Head","rotationX":43.026209770794,"rotationY":-126.742274314321,"rotationZ":43.005282071177,"group":"horn-deer0L","faces":{"north":{"texture":"#head","uv":[48.0,44.0,49.0,50.0],"autoUv":false},"east":{"texture":"#head","uv":[51.0,44.0,52.0,50.0],"autoUv":false},"south":{"texture":"#head","uv":[50.0,44.0,51.0,50.0],"autoUv":false},"west":{"texture":"#head","uv":[49.0,44.0,50.0,50.0],"autoUv":false},"up":{"texture":"#head","uv":[49.0,43.0,50.0,44.0],"autoUv":false,"rotation":90},"down":{"texture":"#head","uv":[51.0,44.0,50.0,43.0],"autoUv":false,"rotation":270}},"children":[]},{"name":"HornDeer0L.013","from":[1.360493674874,9.762087583542,6.89662052691],"to":[1.713644489646,10.649888277054,7.249771341681],"rotationOrigin":[1.53706908226,10.205987930298,7.073195934296],"stepParentName":"b_Head","rotationX":24.431858161155,"rotationY":-149.504726666845,"rotationZ":20.552882740931,"group":"horn-deer0L","faces":{"north":{"texture":"#head","uv":[40.0,43.0,42.0,49.0],"autoUv":false},"east":{"texture":"#head","uv":[46.0,43.0,48.0,49.0],"autoUv":false},"south":{"texture":"#head","uv":[44.0,43.0,46.0,49.0],"autoUv":false},"west":{"texture":"#head","uv":[42.0,43.0,44.0,49.0],"autoUv":false},"up":{"texture":"#head","uv":[42.0,41.0,44.0,43.0],"autoUv":false,"rotation":90},"down":{"texture":"#head","uv":[46.0,43.0,44.0,41.0],"autoUv":false,"rotation":270}},"children":[]},{"name":"HornDeer0L.014","from":[1.562972173095,10.475208520889,7.079862236977],"to":[1.838196650147,11.169906377792,7.355086684227],"rotationOrigin":[1.700584411621,10.822557449341,7.217474460602],"stepParentName":"b_Head","rotationX":14.154201870791,"rotationY":-146.372702441801,"rotationZ":7.967578737586,"group":"horn-deer0L","faces":{"north":{"texture":"#head","uv":[44.0,46.0,46.0,52.0],"autoUv":false},"east":{"texture":"#head","uv":[50.0,46.0,52.0,52.0],"autoUv":false},"south":{"texture":"#head","uv":[48.0,46.0,50.0,52.0],"autoUv":false},"west":{"texture":"#head","uv":[46.0,46.0,48.0,52.0],"autoUv":false},"up":{"texture":"#head","uv":[46.0,44.0,48.0,46.0],"autoUv":false,"rotation":90},"down":{"texture":"#head","uv":[50.0,46.0,48.0,44.0],"autoUv":false,"rotation":270}},"children":[]},{"name":"HornDeer0L.015","from":[1.642066448927,10.97787079215,7.228635944426],"to":[1.818258315325,11.752433925867,7.404827915132],"rotationOrigin":[1.730162382126,11.365152359009,7.316731929779],"stepParentName":"b_Head","rotationX":12.479795509914,"rotationY":-146.325341910096,"rotationZ":1.032943275281,"group":"horn-deer0L","faces":{"north":{"texture":"#head","uv":[48.0,44.0,49.0,50.0],"autoUv":false},"east":{"texture":"#head","uv":[51.0,44.0,52.0,50.0],"autoUv":false},"south":{"texture":"#head","uv":[50.0,44.0,51.0,50.0],"autoUv":false},"west":{"texture":"#head","uv":[49.0,44.0,50.0,50.0],"autoUv":false},"up":{"texture":"#head","uv":[49.0,43.0,50.0,44.0],"autoUv":false,"rotation":90},"down":{"texture":"#head","uv":[51.0,44.0,50.0,43.0],"autoUv":false,"rotation":270}},"children":[]},{"name":"HornDeer0R","from":[1.875786215067,9.118125855923,-2.491155326366],"to":[2.143737882376,9.993406355381,-2.223203480244],"rotationOrigin":[2.009762048721,9.555766105652,-2.357179403305],"stepParentName":"b_Head","rotationX":34.497735044793,"rotationY":38.471071235948,"rotationZ":-47.821958794627,"group":"horn-deer0R","faces":{"north":{"texture":"#head","uv":[49.0,44.0,48.0,48.0],"autoUv":false},"east":{"texture":"#head","uv":[50.0,44.0,49.0,48.0],"autoUv":false},"south":{"texture":"#head","uv":[47.0,44.0,46.0,48.0],"autoUv":false},"west":{"texture":"#head","uv":[48.0,44.0,47.0,48.0],"autoUv":false},"up":{"texture":"#head","uv":[48.0,43.0,47.0,44.0],"autoUv":false,"rotation":90},"down":{"texture":"#head","uv":[48.0,44.0,49.0,43.0],"autoUv":false,"rotation":270}},"children":[]},{"name":"HornDeer0R.001","from":[-0.64455512166,5.672437787056,-2.913027018309],"to":[0.148953765631,8.687989115715,-2.119518071413],"rotationOrigin":[-0.247800678015,7.180213451385,-2.516272544861],"stepParentName":"b_Head","rotationX":-4.897914566551,"rotationY":28.460366912878,"rotationZ":-73.561396908226,"group":"horn-deer0R","faces":{"north":{"texture":"#head","uv":[47.0,40.0,43.0,52.0],"autoUv":false},"east":{"texture":"#head","uv":[51.0,40.0,47.0,52.0],"autoUv":false},"south":{"texture":"#head","uv":[39.0,40.0,35.0,52.0],"autoUv":false},"west":{"texture":"#head","uv":[43.0,40.0,39.0,52.0],"autoUv":false},"up":{"texture":"#head","uv":[43.0,36.0,39.0,40.0],"autoUv":false,"rotation":90},"down":{"texture":"#head","uv":[43.0,40.0,47.0,36.0],"autoUv":false,"rotation":270}},"children":[]},{"name":"HornDeer0R.002","from":[1.136709660292,6.653091430664,-4.408206373453],"to":[1.812211304903,9.220182418823,-3.732704728842],"rotationOrigin":[1.474460482597,7.936636924744,-4.070455551147],"stepParentName":"b_Head","rotationX":-28.282942503904,"rotationY":48.579607773594,"rotationZ":-43.486086407611,"group":"horn-deer0R","faces":{"north":{"texture":"#head","uv":[44.0,40.0,41.0,51.0],"autoUv":false},"east":{"texture":"#head","uv":[47.0,40.0,44.0,51.0],"autoUv":false},"south":{"texture":"#head","uv":[38.0,40.0,35.0,51.0],"autoUv":false},"west":{"texture":"#head","uv":[41.0,40.0,38.0,51.0],"autoUv":false},"up":{"texture":"#head","uv":[41.0,37.0,38.0,40.0],"autoUv":false,"rotation":90},"down":{"texture":"#head","uv":[41.0,40.0,44.0,37.0],"autoUv":false,"rotation":270}},"children":[]},{"name":"HornDeer0R.003","from":[1.734378069639,7.850553870201,-5.881895750761],"to":[2.242621928453,9.646949410439,-5.373651772738],"rotationOrigin":[1.988499999046,8.74875164032,-5.627773761749],"stepParentName":"b_Head","rotationX":-62.984828487894,"rotationY":52.76645226311,"rotationZ":3.860995374121,"group":"horn-deer0R","faces":{"north":{"texture":"#head","uv":[51.0,45.0,48.0,54.0],"autoUv":false},"east":{"texture":"#head","uv":[54.0,45.0,51.0,54.0],"autoUv":false},"south":{"texture":"#head","uv":[45.0,45.0,42.0,54.0],"autoUv":false},"west":{"texture":"#head","uv":[48.0,45.0,45.0,54.0],"autoUv":false},"up":{"texture":"#head","uv":[48.0,42.0,45.0,45.0],"autoUv":false,"rotation":90},"down":{"texture":"#head","uv":[48.0,45.0,51.0,42.0],"autoUv":false,"rotation":270}},"children":[]},{"name":"HornDeer0R.004","from":[1.415094956756,8.732002675533,-6.882828727365],"to":[1.817164078355,10.177714884281,-6.480759605765],"rotationOrigin":[1.616129517555,9.454858779907,-6.681794166565],"stepParentName":"b_Head","rotationX":-88.261616907872,"rotationY":42.46286942843,"rotationZ":49.383913774782,"group":"horn-deer0R","faces":{"north":{"texture":"#head","uv":[46.0,42.0,44.0,51.0],"autoUv":false},"east":{"texture":"#head","uv":[48.0,42.0,46.0,51.0],"autoUv":false},"south":{"texture":"#head","uv":[42.0,42.0,40.0,51.0],"autoUv":false},"west":{"texture":"#head","uv":[44.0,42.0,42.0,51.0],"autoUv":false},"up":{"texture":"#head","uv":[44.0,40.0,42.0,42.0],"autoUv":false,"rotation":90},"down":{"texture":"#head","uv":[44.0,42.0,46.0,40.0],"autoUv":false,"rotation":270}},"children":[]},{"name":"HornDeer0R.005","from":[0.787466272712,9.525599002838,-7.370748087764],"to":[1.106721296906,10.584466457367,-7.051493123174],"rotationOrigin":[0.947093784809,10.055032730103,-7.211120605469],"stepParentName":"b_Head","rotationX":-88.804043210998,"rotationY":40.931349771216,"rotationZ":73.675795746634,"group":"horn-deer0R","faces":{"north":{"texture":"#head","uv":[44.0,41.0,42.0,47.0],"autoUv":false},"east":{"texture":"#head","uv":[46.0,41.0,44.0,47.0],"autoUv":false},"south":{"texture":"#head","uv":[40.0,41.0,38.0,47.0],"autoUv":false},"west":{"texture":"#head","uv":[42.0,41.0,40.0,47.0],"autoUv":false},"up":{"texture":"#head","uv":[42.0,39.0,40.0,41.0],"autoUv":false,"rotation":90},"down":{"texture":"#head","uv":[42.0,41.0,44.0,39.0],"autoUv":false,"rotation":270}},"children":[]},{"name":"HornDeer0R.006","from":[0.180498883128,10.22870695591,-7.453138627112],"to":[0.428265884519,11.241946578026,-7.205371581018],"rotationOrigin":[0.304382383823,10.735326766968,-7.329255104065],"stepParentName":"b_Head","rotationX":-102.540967481052,"rotationY":51.253090663805,"rotationZ":102.327264522301,"group":"horn-deer0R","faces":{"north":{"texture":"#head","uv":[51.0,46.0,49.0,55.0],"autoUv":false},"east":{"texture":"#head","uv":[53.0,46.0,51.0,55.0],"autoUv":false},"south":{"texture":"#head","uv":[47.0,46.0,45.0,55.0],"autoUv":false},"west":{"texture":"#head","uv":[49.0,46.0,47.0,55.0],"autoUv":false},"up":{"texture":"#head","uv":[49.0,44.0,47.0,46.0],"autoUv":false,"rotation":90},"down":{"texture":"#head","uv":[49.0,46.0,51.0,44.0],"autoUv":false,"rotation":270}},"children":[]},{"name":"HornDeer0R.007","from":[0.712368875742,7.382058024406,-2.891040623188],"to":[1.249438732862,8.732220768929,-2.353970706463],"rotationOrigin":[0.980903804302,8.057139396667,-2.622505664825],"stepParentName":"b_Head","rotationX":44.777162915473,"rotationY":31.972918052057,"rotationZ":-40.618503201568,"group":"horn-deer0R","faces":{"north":{"texture":"#head","uv":[44.0,43.0,42.0,49.0],"autoUv":false},"east":{"texture":"#head","uv":[46.0,43.0,44.0,49.0],"autoUv":false},"south":{"texture":"#head","uv":[40.0,43.0,38.0,49.0],"autoUv":false},"west":{"texture":"#head","uv":[42.0,43.0,40.0,49.0],"autoUv":false},"up":{"texture":"#head","uv":[42.0,41.0,40.0,43.0],"autoUv":false,"rotation":90},"down":{"texture":"#head","uv":[42.0,43.0,44.0,41.0],"autoUv":false,"rotation":270}},"children":[]},{"name":"HornDeer0R.008","from":[1.36374129355,8.397132694721,-2.589958414435],"to":[1.782301291823,9.409620463848,-2.171398416162],"rotationOrigin":[1.573021292686,8.903376579285,-2.380678415298],"stepParentName":"b_Head","rotationX":35.687191998183,"rotationY":37.43890329386,"rotationZ":-42.546832943897,"group":"horn-deer0R","faces":{"north":{"texture":"#head","uv":[51.0,47.0,49.0,53.0],"autoUv":false},"east":{"texture":"#head","uv":[53.0,47.0,51.0,53.0],"autoUv":false},"south":{"texture":"#head","uv":[47.0,47.0,45.0,53.0],"autoUv":false},"west":{"texture":"#head","uv":[49.0,47.0,47.0,53.0],"autoUv":false},"up":{"texture":"#head","uv":[49.0,45.0,47.0,47.0],"autoUv":false,"rotation":90},"down":{"texture":"#head","uv":[49.0,47.0,51.0,45.0],"autoUv":false,"rotation":270}},"children":[]},{"name":"HornDeer0R.009","from":[-2.192993462086,4.334669113159,-1.9442307055],"to":[-1.301084697247,7.231846809387,-1.052321761847],"rotationOrigin":[-1.747039079666,5.783257961273,-1.498276233673],"stepParentName":"b_Head","rotationX":-8.548450468003,"rotationY":29.032224501138,"rotationZ":-21.713227720531,"group":"horn-deer0R","faces":{"north":{"texture":"#head","uv":[48.0,42.0,44.0,52.0],"autoUv":false},"east":{"texture":"#head","uv":[52.0,42.0,48.0,52.0],"autoUv":false},"south":{"texture":"#head","uv":[40.0,42.0,36.0,52.0],"autoUv":false},"west":{"texture":"#head","uv":[44.0,42.0,40.0,52.0],"autoUv":false},"up":{"texture":"#head","uv":[44.0,38.0,40.0,42.0],"autoUv":false,"rotation":90},"down":{"texture":"#head","uv":[44.0,42.0,48.0,38.0],"autoUv":false,"rotation":270}},"children":[]},{"name":"HornDeer0R.010","from":[2.166507065296,8.835192620754,-6.147765994072],"to":[2.632335841656,10.006259024143,-5.681937336922],"rotationOrigin":[2.399421453476,9.420725822449,-5.914851665497],"stepParentName":"b_Head","rotationX":-51.235694171989,"rotationY":135.877693310348,"rotationZ":62.348295838383,"group":"horn-deer0R","faces":{"north":{"texture":"#head","uv":[44.0,49.0,42.0,55.0],"autoUv":false},"east":{"texture":"#head","uv":[46.0,49.0,44.0,55.0],"autoUv":false},"south":{"texture":"#head","uv":[40.0,49.0,38.0,55.0],"autoUv":false},"west":{"texture":"#head","uv":[42.0,49.0,40.0,55.0],"autoUv":false},"up":{"texture":"#head","uv":[42.0,47.0,40.0,49.0],"autoUv":false,"rotation":90},"down":{"texture":"#head","uv":[42.0,49.0,44.0,47.0],"autoUv":false,"rotation":270}},"children":[]},{"name":"HornDeer0R.011","from":[2.77506621182,9.689880907536,-6.095169007778],"to":[3.138105079532,10.69872802496,-5.732130110264],"rotationOrigin":[2.956585645676,10.194304466248,-5.913649559021],"stepParentName":"b_Head","rotationX":-44.681325116134,"rotationY":127.713117402946,"rotationZ":50.329949616342,"group":"horn-deer0R","faces":{"north":{"texture":"#head","uv":[50.0,46.0,48.0,52.0],"autoUv":false},"east":{"texture":"#head","uv":[52.0,46.0,50.0,52.0],"autoUv":false},"south":{"texture":"#head","uv":[46.0,46.0,44.0,52.0],"autoUv":false},"west":{"texture":"#head","uv":[48.0,46.0,46.0,52.0],"autoUv":false},"up":{"texture":"#head","uv":[48.0,44.0,46.0,46.0],"autoUv":false,"rotation":90},"down":{"texture":"#head","uv":[48.0,46.0,50.0,44.0],"autoUv":false,"rotation":270}},"children":[]},{"name":"HornDeer0R.012","from":[3.207769669592,10.450794935226,-6.094017542899],"to":[3.440178118646,11.532059907913,-5.861608944833],"rotationOrigin":[3.323973894119,10.99142742157,-5.977813243866],"stepParentName":"b_Head","rotationX":-43.026267827402,"rotationY":126.742260653942,"rotationZ":43.005319637218,"group":"horn-deer0R","faces":{"north":{"texture":"#head","uv":[51.0,44.0,50.0,50.0],"autoUv":false},"east":{"texture":"#head","uv":[52.0,44.0,51.0,50.0],"autoUv":false},"south":{"texture":"#head","uv":[49.0,44.0,48.0,50.0],"autoUv":false},"west":{"texture":"#head","uv":[50.0,44.0,49.0,50.0],"autoUv":false},"up":{"texture":"#head","uv":[50.0,43.0,49.0,44.0],"autoUv":false,"rotation":90},"down":{"texture":"#head","uv":[50.0,44.0,51.0,43.0],"autoUv":false,"rotation":270}},"children":[]},{"name":"HornDeer0R.013","from":[1.360493555665,9.762083768845,-7.249776110053],"to":[1.713644370437,10.649884462357,-6.896625295281],"rotationOrigin":[1.537068963051,10.205984115601,-7.073200702667],"stepParentName":"b_Head","rotationX":-24.431887189459,"rotationY":149.504713006467,"rotationZ":20.552886156025,"group":"horn-deer0R","faces":{"north":{"texture":"#head","uv":[46.0,43.0,44.0,49.0],"autoUv":false},"east":{"texture":"#head","uv":[48.0,43.0,46.0,49.0],"autoUv":false},"south":{"texture":"#head","uv":[42.0,43.0,40.0,49.0],"autoUv":false},"west":{"texture":"#head","uv":[44.0,43.0,42.0,49.0],"autoUv":false},"up":{"texture":"#head","uv":[44.0,41.0,42.0,43.0],"autoUv":false,"rotation":90},"down":{"texture":"#head","uv":[44.0,43.0,46.0,41.0],"autoUv":false,"rotation":270}},"children":[]},{"name":"HornDeer0R.014","from":[1.562972053885,10.475204706192,-7.355091452599],"to":[1.838196530938,11.169902563095,-7.079867005348],"rotationOrigin":[1.700584292412,10.822553634644,-7.217479228973],"stepParentName":"b_Head","rotationX":-14.154229191548,"rotationY":146.372675121044,"rotationZ":7.967580445134,"group":"horn-deer0R","faces":{"north":{"texture":"#head","uv":[50.0,46.0,48.0,52.0],"autoUv":false},"east":{"texture":"#head","uv":[52.0,46.0,50.0,52.0],"autoUv":false},"south":{"texture":"#head","uv":[46.0,46.0,44.0,52.0],"autoUv":false},"west":{"texture":"#head","uv":[48.0,46.0,46.0,52.0],"autoUv":false},"up":{"texture":"#head","uv":[48.0,44.0,46.0,46.0],"autoUv":false,"rotation":90},"down":{"texture":"#head","uv":[48.0,46.0,50.0,44.0],"autoUv":false,"rotation":270}},"children":[]},{"name":"HornDeer0R.015","from":[1.642066329718,10.977866977453,-7.404833637178],"to":[1.818258196115,11.75243011117,-7.228641666472],"rotationOrigin":[1.730162262917,11.365148544312,-7.316737651825],"stepParentName":"b_Head","rotationX":-12.479825391992,"rotationY":146.325328249718,"rotationZ":1.032952346626,"group":"horn-deer0R","faces":{"north":{"texture":"#head","uv":[51.0,44.0,50.0,50.0],"autoUv":false},"east":{"texture":"#head","uv":[52.0,44.0,51.0,50.0],"autoUv":false},"south":{"texture":"#head","uv":[49.0,44.0,48.0,50.0],"autoUv":false},"west":{"texture":"#head","uv":[50.0,44.0,49.0,50.0],"autoUv":false},"up":{"texture":"#head","uv":[50.0,43.0,49.0,44.0],"autoUv":false,"rotation":90},"down":{"texture":"#head","uv":[50.0,44.0,51.0,43.0],"autoUv":false,"rotation":270}},"children":[]}],"groups":[]}