{"textureWidth":64,"textureHeight":64,"textures":{},"textureSizes":{"head":[64,64]},"elements":[{"name":"Frame.001","from":[-3.515697468101,3.099350467028,0.482284949605],"to":[-3.39131070298,3.28593061894,2.161506249126],"rotationOrigin":[-3.453504085541,3.192640542984,1.321895599365],"stepParentName":"b_Head","rotationX":0.304158542344,"rotationY":2.691560266509,"rotationZ":-3.538411302593,"group":"eyewear-glasses0","faces":{"north":{"texture":"#eyewear","uv":[8.0,60.0,10.0,61.0],"autoUv":false},"east":{"texture":"#eyewear","uv":[14.0,60.0,16.0,61.0],"autoUv":false},"south":{"texture":"#eyewear","uv":[12.0,60.0,14.0,61.0],"autoUv":false},"west":{"texture":"#eyewear","uv":[10.0,60.0,12.0,61.0],"autoUv":false},"up":{"texture":"#eyewear","uv":[10.0,59.0,12.0,60.0],"autoUv":false,"rotation":90},"down":{"texture":"#eyewear","uv":[12.0,62.0,10.0,61.0],"autoUv":false,"rotation":90}},"children":[]},{"name":"Frame.002","from":[-4.261738938409,1.987687837303,1.210048397687],"to":[-2.667469340834,2.112074602424,1.292136149479],"rotationOrigin":[-3.421234846115,2.049881219864,1.302986383438],"stepParentName":"b_Head","rotationX":89.248148941022,"rotationY":-0.275224793803,"rotationZ":-90.272151391957,"group":"eyewear-glasses0","faces":{"north":{"texture":"#eyewear","uv":[10.0,59.0,12.0,60.0],"autoUv":false},"east":{"texture":"#eyewear","uv":[8.0,60.0,10.0,61.0],"autoUv":false,"rotation":90},"south":{"texture":"#eyewear","uv":[10.0,61.0,12.0,62.0],"autoUv":false},"west":{"texture":"#eyewear","uv":[12.0,60.0,14.0,61.0],"autoUv":false,"rotation":270},"up":{"texture":"#eyewear","uv":[14.0,60.0,16.0,61.0],"autoUv":false},"down":{"texture":"#eyewear","uv":[12.0,61.0,10.0,60.0],"autoUv":false,"rotation":180}},"children":[]},{"name":"Frame.003","from":[-3.732784627217,2.37848284051,2.075207824479],"to":[-2.739211599674,2.502869584112,2.207010979609],"rotationOrigin":[-3.421234846115,2.440676212311,2.11372089386],"stepParentName":"b_Head","rotationX":-179.04134697781,"rotationY":-0.181176824191,"rotationZ":-90.00303510847,"group":"eyewear-glasses0","faces":{"north":{"texture":"#eyewear","uv":[10.0,59.0,12.0,60.0],"autoUv":false},"east":{"texture":"#eyewear","uv":[8.0,60.0,10.0,61.0],"autoUv":false,"rotation":90},"south":{"texture":"#eyewear","uv":[10.0,61.0,12.0,62.0],"autoUv":false},"west":{"texture":"#eyewear","uv":[12.0,60.0,14.0,61.0],"autoUv":false,"rotation":270},"up":{"texture":"#eyewear","uv":[14.0,60.0,16.0,61.0],"autoUv":false},"down":{"texture":"#eyewear","uv":[12.0,61.0,10.0,60.0],"autoUv":false,"rotation":180}},"children":[]},{"name":"Frame.004","from":[-3.731345193421,2.356694958658,0.463893449924],"to":[-2.675592639625,2.481081702261,0.582963573973],"rotationOrigin":[-3.421234846115,2.41888833046,0.563829600811],"stepParentName":"b_Head","rotationX":-178.980380709278,"rotationY":-0.242127591395,"rotationZ":-90.004319184034,"group":"eyewear-glasses0","faces":{"north":{"texture":"#eyewear","uv":[10.0,59.0,12.0,60.0],"autoUv":false},"east":{"texture":"#eyewear","uv":[8.0,60.0,10.0,61.0],"autoUv":false,"rotation":90},"south":{"texture":"#eyewear","uv":[10.0,61.0,12.0,62.0],"autoUv":false},"west":{"texture":"#eyewear","uv":[12.0,60.0,14.0,61.0],"autoUv":false,"rotation":270},"up":{"texture":"#eyewear","uv":[14.0,60.0,16.0,61.0],"autoUv":false},"down":{"texture":"#eyewear","uv":[12.0,61.0,10.0,60.0],"autoUv":false,"rotation":180}},"children":[]},{"name":"Frame.005","from":[-3.556208837806,3.099138503118,-0.136660669058],"to":[-3.431822072685,3.285718674616,0.498923213838],"rotationOrigin":[-3.494015455246,3.192428588867,0.46194973588],"stepParentName":"b_Head","rotationX":-0.013672215278,"rotationY":0.001035263599,"rotationZ":-4.334501653427,"group":"eyewear-glasses0","faces":{"north":{"texture":"#eyewear","uv":[8.0,60.0,10.0,61.0],"autoUv":false},"east":{"texture":"#eyewear","uv":[14.0,60.0,16.0,61.0],"autoUv":false},"south":{"texture":"#eyewear","uv":[12.0,60.0,14.0,61.0],"autoUv":false},"west":{"texture":"#eyewear","uv":[10.0,60.0,12.0,61.0],"autoUv":false},"up":{"texture":"#eyewear","uv":[10.0,59.0,12.0,60.0],"autoUv":false,"rotation":90},"down":{"texture":"#eyewear","uv":[12.0,62.0,10.0,61.0],"autoUv":false,"rotation":90}},"children":[]},{"name":"Frame.006","from":[-2.712411399038,3.080778851809,1.463052676503],"to":[-2.588024620859,3.267359003721,3.045452307677],"rotationOrigin":[-2.650218009949,3.174068927765,2.302663326263],"stepParentName":"b_Head","rotationX":2.45382571405,"rotationY":76.658307130747,"rotationZ":4.97568e-07,"group":"eyewear-glasses0","faces":{"north":{"texture":"#eyewear","uv":[8.0,60.0,10.0,61.0],"autoUv":false},"east":{"texture":"#eyewear","uv":[14.0,60.0,16.0,61.0],"autoUv":false},"south":{"texture":"#eyewear","uv":[12.0,60.0,14.0,61.0],"autoUv":false},"west":{"texture":"#eyewear","uv":[10.0,60.0,12.0,61.0],"autoUv":false},"up":{"texture":"#eyewear","uv":[10.0,59.0,12.0,60.0],"autoUv":false,"rotation":90},"down":{"texture":"#eyewear","uv":[12.0,62.0,10.0,61.0],"autoUv":false,"rotation":90}},"children":[]},{"name":"Frame.007","from":[-1.163566697418,3.069697394671,1.721586066146],"to":[-1.039179928067,3.256277546583,2.556384499998],"rotationOrigin":[-1.101373314857,3.162987470627,2.561196804047],"stepParentName":"b_Head","rotationX":2.453818456974,"rotationY":84.700854878437,"rotationZ":6.668189e-06,"group":"eyewear-glasses0","faces":{"north":{"texture":"#eyewear","uv":[8.0,60.0,10.0,61.0],"autoUv":false},"east":{"texture":"#eyewear","uv":[14.0,60.0,16.0,61.0],"autoUv":false},"south":{"texture":"#eyewear","uv":[12.0,60.0,14.0,61.0],"autoUv":false},"west":{"texture":"#eyewear","uv":[10.0,60.0,12.0,61.0],"autoUv":false},"up":{"texture":"#eyewear","uv":[10.0,59.0,12.0,60.0],"autoUv":false,"rotation":90},"down":{"texture":"#eyewear","uv":[12.0,62.0,10.0,61.0],"autoUv":false,"rotation":90}},"children":[]},{"name":"Frame.008","from":[-1.247577053514,3.111273780169,1.928214463147],"to":[-1.123190297221,3.297853932081,2.549520429611],"rotationOrigin":[-1.185383677483,3.204563856125,2.554332733154],"stepParentName":"b_Head","rotationX":-91.304561805761,"rotationY":-35.249264174264,"rotationZ":83.506452868088,"group":"eyewear-glasses0","faces":{"north":{"texture":"#eyewear","uv":[8.0,60.0,10.0,61.0],"autoUv":false},"east":{"texture":"#eyewear","uv":[14.0,60.0,16.0,61.0],"autoUv":false},"south":{"texture":"#eyewear","uv":[12.0,60.0,14.0,61.0],"autoUv":false},"west":{"texture":"#eyewear","uv":[10.0,60.0,12.0,61.0],"autoUv":false},"up":{"texture":"#eyewear","uv":[10.0,59.0,12.0,60.0],"autoUv":false,"rotation":90},"down":{"texture":"#eyewear","uv":[12.0,62.0,10.0,61.0],"autoUv":false,"rotation":90}},"children":[]},{"name":"Frame.057","from":[-3.390918692067,3.093005118797,-2.158553995007],"to":[-3.266531918852,3.279585290295,-0.479332654577],"rotationOrigin":[-3.453504085541,3.192640542984,1.321895599365],"stepParentName":"b_Head","rotationX":-0.304190452134,"rotationY":-2.691548740565,"rotationZ":176.461584528296,"group":"eyewear-glasses0","faces":{"north":{"texture":"#eyewear","uv":[14.0,60.0,12.0,61.0],"autoUv":false,"rotation":180},"east":{"texture":"#eyewear","uv":[12.0,60.0,10.0,61.0],"autoUv":false,"rotation":180},"south":{"texture":"#eyewear","uv":[10.0,60.0,8.0,61.0],"autoUv":false,"rotation":180},"west":{"texture":"#eyewear","uv":[16.0,60.0,14.0,61.0],"autoUv":false,"rotation":180},"up":{"texture":"#eyewear","uv":[12.0,61.0,10.0,62.0],"autoUv":false,"rotation":270},"down":{"texture":"#eyewear","uv":[10.0,60.0,12.0,59.0],"autoUv":false,"rotation":270}},"children":[]},{"name":"Frame.058","from":[-3.471238671177,1.991136639933,-2.143238623407],"to":[-3.346851893365,2.073224412878,-0.54896889046],"rotationOrigin":[-3.421234846115,2.049881219864,1.302986383438],"stepParentName":"b_Head","rotationX":0.750520129104,"rotationY":-0.271599804303,"rotationZ":179.724775706162,"group":"eyewear-glasses0","faces":{"north":{"texture":"#eyewear","uv":[14.0,60.0,12.0,61.0],"autoUv":false,"rotation":180},"east":{"texture":"#eyewear","uv":[12.0,60.0,10.0,61.0],"autoUv":false,"rotation":180},"south":{"texture":"#eyewear","uv":[10.0,60.0,8.0,61.0],"autoUv":false,"rotation":180},"west":{"texture":"#eyewear","uv":[16.0,60.0,14.0,61.0],"autoUv":false,"rotation":180},"up":{"texture":"#eyewear","uv":[12.0,61.0,10.0,62.0],"autoUv":false,"rotation":270},"down":{"texture":"#eyewear","uv":[10.0,60.0,12.0,59.0],"autoUv":false,"rotation":270}},"children":[]},{"name":"Frame.059","from":[-3.470066232983,-1.824666954501,1.872902279558],"to":[-3.345679528187,-1.692863782449,2.86647529018],"rotationOrigin":[-3.421234846115,2.440676212311,2.11372089386],"stepParentName":"b_Head","rotationX":89.041303492197,"rotationY":-179.996958744587,"rotationZ":-0.181190617972,"group":"eyewear-glasses0","faces":{"north":{"texture":"#eyewear","uv":[14.0,60.0,12.0,61.0],"autoUv":false,"rotation":180},"east":{"texture":"#eyewear","uv":[12.0,60.0,10.0,61.0],"autoUv":false,"rotation":180},"south":{"texture":"#eyewear","uv":[10.0,60.0,8.0,61.0],"autoUv":false,"rotation":180},"west":{"texture":"#eyewear","uv":[16.0,60.0,14.0,61.0],"autoUv":false,"rotation":180},"up":{"texture":"#eyewear","uv":[12.0,61.0,10.0,62.0],"autoUv":false,"rotation":270},"down":{"texture":"#eyewear","uv":[10.0,60.0,12.0,59.0],"autoUv":false,"rotation":270}},"children":[]},{"name":"Frame.060","from":[-3.478665147612,1.191480191377,0.273782692485],"to":[-3.354278399779,1.31055036619,1.329535212438],"rotationOrigin":[-3.421234846115,2.41888833046,0.563829600811],"stepParentName":"b_Head","rotationX":88.980357714233,"rotationY":-179.995701989779,"rotationZ":-0.242121401536,"group":"eyewear-glasses0","faces":{"north":{"texture":"#eyewear","uv":[14.0,60.0,12.0,61.0],"autoUv":false,"rotation":180},"east":{"texture":"#eyewear","uv":[12.0,60.0,10.0,61.0],"autoUv":false,"rotation":180},"south":{"texture":"#eyewear","uv":[10.0,60.0,8.0,61.0],"autoUv":false,"rotation":180},"west":{"texture":"#eyewear","uv":[16.0,60.0,14.0,61.0],"autoUv":false,"rotation":180},"up":{"texture":"#eyewear","uv":[12.0,61.0,10.0,62.0],"autoUv":false,"rotation":270},"down":{"texture":"#eyewear","uv":[10.0,60.0,12.0,59.0],"autoUv":false,"rotation":270}},"children":[]},{"name":"Frame.061","from":[-3.556209104318,3.099360756935,-0.498924728686],"to":[-3.431822347658,3.285940911512,0.136659221896],"rotationOrigin":[-3.494015455246,3.192428588867,0.46194973588],"stepParentName":"b_Head","rotationX":0.013644410939,"rotationY":-0.001035220452,"rotationZ":175.665498659775,"group":"eyewear-glasses0","faces":{"north":{"texture":"#eyewear","uv":[14.0,60.0,12.0,61.0],"autoUv":false,"rotation":180},"east":{"texture":"#eyewear","uv":[12.0,60.0,10.0,61.0],"autoUv":false,"rotation":180},"south":{"texture":"#eyewear","uv":[10.0,60.0,8.0,61.0],"autoUv":false,"rotation":180},"west":{"texture":"#eyewear","uv":[16.0,60.0,14.0,61.0],"autoUv":false,"rotation":180},"up":{"texture":"#eyewear","uv":[12.0,61.0,10.0,62.0],"autoUv":false,"rotation":270},"down":{"texture":"#eyewear","uv":[10.0,60.0,12.0,59.0],"autoUv":false,"rotation":270}},"children":[]},{"name":"Frame.062","from":[1.764515459843,2.883606119151,0.498130178537],"to":[1.88890246646,3.070186276858,2.080529877396],"rotationOrigin":[-2.650218009949,3.174068927765,2.302663326263],"stepParentName":"b_Head","rotationX":-2.453838947541,"rotationY":-76.658272979801,"rotationZ":-179.9999776882,"group":"eyewear-glasses0","faces":{"north":{"texture":"#eyewear","uv":[14.0,60.0,12.0,61.0],"autoUv":false,"rotation":180},"east":{"texture":"#eyewear","uv":[12.0,60.0,10.0,61.0],"autoUv":false,"rotation":180},"south":{"texture":"#eyewear","uv":[10.0,60.0,8.0,61.0],"autoUv":false,"rotation":180},"west":{"texture":"#eyewear","uv":[16.0,60.0,14.0,61.0],"autoUv":false,"rotation":180},"up":{"texture":"#eyewear","uv":[12.0,61.0,10.0,62.0],"autoUv":false,"rotation":270},"down":{"texture":"#eyewear","uv":[10.0,60.0,12.0,59.0],"autoUv":false,"rotation":270}},"children":[]},{"name":"Frame.063","from":[3.932258558584,2.850383282672,2.093356047338],"to":[4.056645552143,3.036963440379,2.928154548875],"rotationOrigin":[-1.101373314857,3.162987470627,2.561196804047],"stepParentName":"b_Head","rotationX":-2.453702343758,"rotationY":-84.700854878437,"rotationZ":-179.999827424038,"group":"eyewear-glasses0","faces":{"north":{"texture":"#eyewear","uv":[14.0,60.0,12.0,61.0],"autoUv":false,"rotation":180},"east":{"texture":"#eyewear","uv":[12.0,60.0,10.0,61.0],"autoUv":false,"rotation":180},"south":{"texture":"#eyewear","uv":[10.0,60.0,8.0,61.0],"autoUv":false,"rotation":180},"west":{"texture":"#eyewear","uv":[16.0,60.0,14.0,61.0],"autoUv":false,"rotation":180},"up":{"texture":"#eyewear","uv":[12.0,61.0,10.0,62.0],"autoUv":false,"rotation":270},"down":{"texture":"#eyewear","uv":[10.0,60.0,12.0,59.0],"autoUv":false,"rotation":270}},"children":[]},{"name":"Frame.064","from":[3.834590901396,3.62217424183,2.654124991103],"to":[3.958977881898,3.808754461427,3.275430949106],"rotationOrigin":[-1.185383677483,3.204563856125,2.554332733154],"stepParentName":"b_Head","rotationX":91.304568635951,"rotationY":35.249274419548,"rotationZ":-96.493586291814,"group":"eyewear-glasses0","faces":{"north":{"texture":"#eyewear","uv":[14.0,60.0,12.0,61.0],"autoUv":false,"rotation":180},"east":{"texture":"#eyewear","uv":[12.0,60.0,10.0,61.0],"autoUv":false,"rotation":180},"south":{"texture":"#eyewear","uv":[10.0,60.0,8.0,61.0],"autoUv":false,"rotation":180},"west":{"texture":"#eyewear","uv":[16.0,60.0,14.0,61.0],"autoUv":false,"rotation":180},"up":{"texture":"#eyewear","uv":[12.0,61.0,10.0,62.0],"autoUv":false,"rotation":270},"down":{"texture":"#eyewear","uv":[10.0,60.0,12.0,59.0],"autoUv":false,"rotation":270}},"children":[]}],"groups":[]}