{"textureWidth":64,"textureHeight":64,"textures":{},"textureSizes":{"head":[64,64]},"elements":[{"name":"Frame.009","from":[-4.218192173656,3.124632230497,1.226639828095],"to":[-3.356228447374,3.248887409018,1.413219452779],"rotationOrigin":[-3.378581523895,3.225372552872,1.321895599365],"stepParentName":"b_Head","rotationX":101.189846780197,"rotationY":-3.538551961802,"rotationZ":-90.555945751971,"group":"eyewear-glasses1","faces":{"north":{"texture":"#eyewear","uv":[10.0,59.0,12.0,60.0],"autoUv":false},"east":{"texture":"#eyewear","uv":[8.0,60.0,10.0,61.0],"autoUv":false,"rotation":90},"south":{"texture":"#eyewear","uv":[10.0,61.0,12.0,62.0],"autoUv":false},"west":{"texture":"#eyewear","uv":[12.0,60.0,14.0,61.0],"autoUv":false,"rotation":270},"up":{"texture":"#eyewear","uv":[14.0,60.0,16.0,61.0],"autoUv":false},"down":{"texture":"#eyewear","uv":[12.0,61.0,10.0,60.0],"autoUv":false,"rotation":180}},"children":[]},{"name":"Frame.013","from":[-3.448019254982,2.968565230413,-0.136660579651],"to":[-3.323632489861,3.155145401911,0.498923303245],"rotationOrigin":[-3.385825872421,3.061855316162,0.461949825287],"stepParentName":"b_Head","rotationX":-0.01357127989,"rotationY":0.001954201373,"rotationZ":-8.202148778026,"group":"eyewear-glasses1","faces":{"north":{"texture":"#eyewear","uv":[8.0,60.0,10.0,61.0],"autoUv":false},"east":{"texture":"#eyewear","uv":[14.0,60.0,16.0,61.0],"autoUv":false},"south":{"texture":"#eyewear","uv":[12.0,60.0,14.0,61.0],"autoUv":false},"west":{"texture":"#eyewear","uv":[10.0,60.0,12.0,61.0],"autoUv":false},"up":{"texture":"#eyewear","uv":[10.0,59.0,12.0,60.0],"autoUv":false,"rotation":90},"down":{"texture":"#eyewear","uv":[12.0,62.0,10.0,61.0],"autoUv":false,"rotation":90}},"children":[]},{"name":"Frame.014","from":[-2.688035483511,2.898783459963,1.463052676503],"to":[-2.563648705332,3.085363611875,3.045452307677],"rotationOrigin":[-2.625842094421,2.992073535919,2.302663326263],"stepParentName":"b_Head","rotationX":18.130163415909,"rotationY":75.960494024004,"rotationZ":-16.128518423028,"group":"eyewear-glasses1","faces":{"north":{"texture":"#eyewear","uv":[8.0,60.0,10.0,61.0],"autoUv":false},"east":{"texture":"#eyewear","uv":[14.0,60.0,16.0,61.0],"autoUv":false},"south":{"texture":"#eyewear","uv":[12.0,60.0,14.0,61.0],"autoUv":false},"west":{"texture":"#eyewear","uv":[10.0,60.0,12.0,61.0],"autoUv":false},"up":{"texture":"#eyewear","uv":[10.0,59.0,12.0,60.0],"autoUv":false,"rotation":90},"down":{"texture":"#eyewear","uv":[12.0,62.0,10.0,61.0],"autoUv":false,"rotation":90}},"children":[]},{"name":"Frame.015","from":[-1.143465507805,2.783255591692,1.721586066146],"to":[-1.019078738453,2.969835743604,2.556384499998],"rotationOrigin":[-1.081272125244,2.876545667648,2.561196804047],"stepParentName":"b_Head","rotationX":37.619677910622,"rotationY":83.310310325693,"rotationZ":-35.344746803766,"group":"eyewear-glasses1","faces":{"north":{"texture":"#eyewear","uv":[8.0,60.0,10.0,61.0],"autoUv":false},"east":{"texture":"#eyewear","uv":[14.0,60.0,16.0,61.0],"autoUv":false},"south":{"texture":"#eyewear","uv":[12.0,60.0,14.0,61.0],"autoUv":false},"west":{"texture":"#eyewear","uv":[10.0,60.0,12.0,61.0],"autoUv":false},"up":{"texture":"#eyewear","uv":[10.0,59.0,12.0,60.0],"autoUv":false,"rotation":90},"down":{"texture":"#eyewear","uv":[12.0,62.0,10.0,61.0],"autoUv":false,"rotation":90}},"children":[]},{"name":"Frame.016","from":[-1.224480134454,2.830403342547,1.928214463147],"to":[-1.100093378161,3.016983494459,2.549520429611],"rotationOrigin":[-1.162286758423,2.923693418503,2.554332733154],"stepParentName":"b_Head","rotationX":-91.247912216785,"rotationY":-31.382577971904,"rotationZ":83.609520422663,"group":"eyewear-glasses1","faces":{"north":{"texture":"#eyewear","uv":[8.0,60.0,10.0,61.0],"autoUv":false},"east":{"texture":"#eyewear","uv":[14.0,60.0,16.0,61.0],"autoUv":false},"south":{"texture":"#eyewear","uv":[12.0,60.0,14.0,61.0],"autoUv":false},"west":{"texture":"#eyewear","uv":[10.0,60.0,12.0,61.0],"autoUv":false},"up":{"texture":"#eyewear","uv":[10.0,59.0,12.0,60.0],"autoUv":false,"rotation":90},"down":{"texture":"#eyewear","uv":[12.0,62.0,10.0,61.0],"autoUv":false,"rotation":90}},"children":[]},{"name":"Frame.017","from":[-4.218192173656,3.124282639166,1.226621923741],"to":[-3.364006032495,3.248535376072,1.413201551091],"rotationOrigin":[-3.378581523895,3.225372552872,1.321895599365],"stepParentName":"b_Head","rotationX":-100.90829272223,"rotationY":6.376326087873,"rotationZ":-90.645332437639,"group":"eyewear-glasses1","faces":{"north":{"texture":"#eyewear","uv":[10.0,59.0,12.0,60.0],"autoUv":false},"east":{"texture":"#eyewear","uv":[8.0,60.0,10.0,61.0],"autoUv":false,"rotation":90},"south":{"texture":"#eyewear","uv":[10.0,61.0,12.0,62.0],"autoUv":false},"west":{"texture":"#eyewear","uv":[12.0,60.0,14.0,61.0],"autoUv":false,"rotation":270},"up":{"texture":"#eyewear","uv":[14.0,60.0,16.0,61.0],"autoUv":false},"down":{"texture":"#eyewear","uv":[12.0,61.0,10.0,60.0],"autoUv":false,"rotation":180}},"children":[]},{"name":"Frame.010","from":[-4.088994833989,2.332690300401,0.465375892217],"to":[-3.416167430032,2.429680805606,0.611015332417],"rotationOrigin":[-3.433615684509,2.41132569313,0.539730191231],"stepParentName":"b_Head","rotationX":3.618647028877,"rotationY":1.311464729256,"rotationZ":-95.224496162891,"group":"eyewear-glasses1","faces":{"north":{"texture":"#eyewear","uv":[10.0,59.0,12.0,60.0],"autoUv":false},"east":{"texture":"#eyewear","uv":[8.0,60.0,10.0,61.0],"autoUv":false,"rotation":90},"south":{"texture":"#eyewear","uv":[10.0,61.0,12.0,62.0],"autoUv":false},"west":{"texture":"#eyewear","uv":[12.0,60.0,14.0,61.0],"autoUv":false,"rotation":270},"up":{"texture":"#eyewear","uv":[14.0,60.0,16.0,61.0],"autoUv":false},"down":{"texture":"#eyewear","uv":[12.0,61.0,10.0,60.0],"autoUv":false,"rotation":180}},"children":[]},{"name":"Frame.011","from":[-4.086888105286,2.363581576144,0.461348385968],"to":[-3.420131511111,2.460570189327,0.60698781296],"rotationOrigin":[-3.431508779526,2.442489862442,0.53571665287],"stepParentName":"b_Head","rotationX":143.14511020989,"rotationY":-1.37175480906,"rotationZ":-88.249773359852,"group":"eyewear-glasses1","faces":{"north":{"texture":"#eyewear","uv":[10.0,59.0,12.0,60.0],"autoUv":false},"east":{"texture":"#eyewear","uv":[8.0,60.0,10.0,61.0],"autoUv":false,"rotation":90},"south":{"texture":"#eyewear","uv":[10.0,61.0,12.0,62.0],"autoUv":false},"west":{"texture":"#eyewear","uv":[12.0,60.0,14.0,61.0],"autoUv":false,"rotation":270},"up":{"texture":"#eyewear","uv":[14.0,60.0,16.0,61.0],"autoUv":false},"down":{"texture":"#eyewear","uv":[12.0,61.0,10.0,60.0],"autoUv":false,"rotation":180}},"children":[]},{"name":"Frame.012","from":[-4.081782671972,2.439370460489,2.103824239799],"to":[-3.408955268014,2.536360959172,2.249463699586],"rotationOrigin":[-3.426403522491,2.518005847931,2.178178548813],"stepParentName":"b_Head","rotationX":-151.975574919854,"rotationY":3.591539288722,"rotationZ":-87.939006582805,"group":"eyewear-glasses1","faces":{"north":{"texture":"#eyewear","uv":[10.0,59.0,12.0,60.0],"autoUv":false},"east":{"texture":"#eyewear","uv":[8.0,60.0,10.0,61.0],"autoUv":false,"rotation":90},"south":{"texture":"#eyewear","uv":[10.0,61.0,12.0,62.0],"autoUv":false},"west":{"texture":"#eyewear","uv":[12.0,60.0,14.0,61.0],"autoUv":false,"rotation":270},"up":{"texture":"#eyewear","uv":[14.0,60.0,16.0,61.0],"autoUv":false},"down":{"texture":"#eyewear","uv":[12.0,61.0,10.0,60.0],"autoUv":false,"rotation":180}},"children":[]},{"name":"Frame.018","from":[-4.083806457011,2.409163637495,2.09424778954],"to":[-3.417049952506,2.506152244157,2.239887216532],"rotationOrigin":[-3.428427219391,2.488071918488,2.168616056442],"stepParentName":"b_Head","rotationX":-12.296812180729,"rotationY":2.20589368916,"rotationZ":-95.164171932141,"group":"eyewear-glasses1","faces":{"north":{"texture":"#eyewear","uv":[10.0,59.0,12.0,60.0],"autoUv":false},"east":{"texture":"#eyewear","uv":[8.0,60.0,10.0,61.0],"autoUv":false,"rotation":90},"south":{"texture":"#eyewear","uv":[10.0,61.0,12.0,62.0],"autoUv":false},"west":{"texture":"#eyewear","uv":[12.0,60.0,14.0,61.0],"autoUv":false,"rotation":270},"up":{"texture":"#eyewear","uv":[14.0,60.0,16.0,61.0],"autoUv":false},"down":{"texture":"#eyewear","uv":[12.0,61.0,10.0,60.0],"autoUv":false,"rotation":180}},"children":[]},{"name":"Frame.019","from":[-4.071220524387,1.698726754455,1.33034795885],"to":[-3.461150361852,1.78667057802,1.462403050915],"rotationOrigin":[-3.476971149445,1.770027518272,1.397766947746],"stepParentName":"b_Head","rotationX":-71.135149790497,"rotationY":4.294623593958,"rotationZ":-92.649945147714,"group":"eyewear-glasses1","faces":{"north":{"texture":"#eyewear","uv":[10.0,59.0,12.0,60.0],"autoUv":false},"east":{"texture":"#eyewear","uv":[8.0,60.0,10.0,61.0],"autoUv":false,"rotation":90},"south":{"texture":"#eyewear","uv":[10.0,61.0,12.0,62.0],"autoUv":false},"west":{"texture":"#eyewear","uv":[12.0,60.0,14.0,61.0],"autoUv":false,"rotation":270},"up":{"texture":"#eyewear","uv":[14.0,60.0,16.0,61.0],"autoUv":false},"down":{"texture":"#eyewear","uv":[12.0,61.0,10.0,60.0],"autoUv":false,"rotation":180}},"children":[]},{"name":"Frame.020","from":[-4.070922915861,1.702883383219,1.302126074357],"to":[-3.466357298227,1.79082549063,1.434181174031],"rotationOrigin":[-3.476673364639,1.774431586266,1.369557738304],"stepParentName":"b_Head","rotationX":69.828090639978,"rotationY":-1.2358405546,"rotationZ":-92.70856866136,"group":"eyewear-glasses1","faces":{"north":{"texture":"#eyewear","uv":[10.0,59.0,12.0,60.0],"autoUv":false},"east":{"texture":"#eyewear","uv":[8.0,60.0,10.0,61.0],"autoUv":false,"rotation":90},"south":{"texture":"#eyewear","uv":[10.0,61.0,12.0,62.0],"autoUv":false},"west":{"texture":"#eyewear","uv":[12.0,60.0,14.0,61.0],"autoUv":false,"rotation":270},"up":{"texture":"#eyewear","uv":[14.0,60.0,16.0,61.0],"autoUv":false},"down":{"texture":"#eyewear","uv":[12.0,61.0,10.0,60.0],"autoUv":false,"rotation":180}},"children":[]},{"name":"Frame.045","from":[-3.345266969941,2.618035045706,-2.110817032641],"to":[-3.221011799882,2.804614825348,-1.248853224333],"rotationOrigin":[-3.378581523895,3.225372552872,1.321895599365],"stepParentName":"b_Head","rotationX":-11.224206957433,"rotationY":-0.554883607676,"rotationZ":176.461283999973,"group":"eyewear-glasses1","faces":{"north":{"texture":"#eyewear","uv":[14.0,60.0,12.0,61.0],"autoUv":false,"rotation":180},"east":{"texture":"#eyewear","uv":[12.0,60.0,10.0,61.0],"autoUv":false,"rotation":180},"south":{"texture":"#eyewear","uv":[10.0,60.0,8.0,61.0],"autoUv":false,"rotation":180},"west":{"texture":"#eyewear","uv":[16.0,60.0,14.0,61.0],"autoUv":false,"rotation":180},"up":{"texture":"#eyewear","uv":[12.0,61.0,10.0,62.0],"autoUv":false,"rotation":270},"down":{"texture":"#eyewear","uv":[10.0,60.0,12.0,59.0],"autoUv":false,"rotation":270}},"children":[]},{"name":"Frame.046","from":[-3.448018990769,2.968786116217,-0.49892477465],"to":[-3.32363221259,3.155366240082,0.136659142089],"rotationOrigin":[-3.385825872421,3.061855316162,0.461949825287],"stepParentName":"b_Head","rotationX":0.013543667316,"rotationY":-0.001954131963,"rotationZ":171.797849400741,"group":"eyewear-glasses1","faces":{"north":{"texture":"#eyewear","uv":[14.0,60.0,12.0,61.0],"autoUv":false,"rotation":180},"east":{"texture":"#eyewear","uv":[12.0,60.0,10.0,61.0],"autoUv":false,"rotation":180},"south":{"texture":"#eyewear","uv":[10.0,60.0,8.0,61.0],"autoUv":false,"rotation":180},"west":{"texture":"#eyewear","uv":[16.0,60.0,14.0,61.0],"autoUv":false,"rotation":180},"up":{"texture":"#eyewear","uv":[12.0,61.0,10.0,62.0],"autoUv":false,"rotation":270},"down":{"texture":"#eyewear","uv":[10.0,60.0,12.0,59.0],"autoUv":false,"rotation":270}},"children":[]},{"name":"Frame.047","from":[1.788890563144,2.701608290628,0.498130990763],"to":[1.913277569762,2.888188431413,2.080530401959],"rotationOrigin":[-2.625842094421,2.992073535919,2.302663326263],"stepParentName":"b_Head","rotationX":-18.130197566854,"rotationY":-75.960494024004,"rotationZ":163.871483170833,"group":"eyewear-glasses1","faces":{"north":{"texture":"#eyewear","uv":[14.0,60.0,12.0,61.0],"autoUv":false,"rotation":180},"east":{"texture":"#eyewear","uv":[12.0,60.0,10.0,61.0],"autoUv":false,"rotation":180},"south":{"texture":"#eyewear","uv":[10.0,60.0,8.0,61.0],"autoUv":false,"rotation":180},"west":{"texture":"#eyewear","uv":[16.0,60.0,14.0,61.0],"autoUv":false,"rotation":180},"up":{"texture":"#eyewear","uv":[12.0,61.0,10.0,62.0],"autoUv":false,"rotation":270},"down":{"texture":"#eyewear","uv":[10.0,60.0,12.0,59.0],"autoUv":false,"rotation":270}},"children":[]},{"name":"Frame.048","from":[3.952359219781,2.563943781,2.093351106296],"to":[4.076746200283,2.750523921786,2.928149641676],"rotationOrigin":[-1.081272125244,2.876545667648,2.561196804047],"stepParentName":"b_Head","rotationX":-37.619554967217,"rotationY":-83.310255684179,"rotationZ":144.655374318406,"group":"eyewear-glasses1","faces":{"north":{"texture":"#eyewear","uv":[14.0,60.0,12.0,61.0],"autoUv":false,"rotation":180},"east":{"texture":"#eyewear","uv":[12.0,60.0,10.0,61.0],"autoUv":false,"rotation":180},"south":{"texture":"#eyewear","uv":[10.0,60.0,8.0,61.0],"autoUv":false,"rotation":180},"west":{"texture":"#eyewear","uv":[16.0,60.0,14.0,61.0],"autoUv":false,"rotation":180},"up":{"texture":"#eyewear","uv":[12.0,61.0,10.0,62.0],"autoUv":false,"rotation":270},"down":{"texture":"#eyewear","uv":[10.0,60.0,12.0,59.0],"autoUv":false,"rotation":270}},"children":[]},{"name":"Frame.049","from":[3.857687820456,3.341304254161,2.654124483461],"to":[3.982074800958,3.527884493345,3.275430475307],"rotationOrigin":[-1.162286758423,2.923693418503,2.554332733154],"stepParentName":"b_Head","rotationX":91.247898556407,"rotationY":31.382591632282,"rotationZ":-96.390470925915,"group":"eyewear-glasses1","faces":{"north":{"texture":"#eyewear","uv":[14.0,60.0,12.0,61.0],"autoUv":false,"rotation":180},"east":{"texture":"#eyewear","uv":[12.0,60.0,10.0,61.0],"autoUv":false,"rotation":180},"south":{"texture":"#eyewear","uv":[10.0,60.0,8.0,61.0],"autoUv":false,"rotation":180},"west":{"texture":"#eyewear","uv":[16.0,60.0,14.0,61.0],"autoUv":false,"rotation":180},"up":{"texture":"#eyewear","uv":[12.0,61.0,10.0,62.0],"autoUv":false,"rotation":270},"down":{"texture":"#eyewear","uv":[10.0,60.0,12.0,59.0],"autoUv":false,"rotation":270}},"children":[]},{"name":"Frame.050","from":[-3.486543393209,2.632888227638,3.077516904861],"to":[-3.362290670051,2.819467993024,3.931703017467],"rotationOrigin":[-3.378581523895,3.225372552872,1.321895599365],"stepParentName":"b_Head","rotationX":10.979950854977,"rotationY":-179.358650245892,"rotationZ":6.376721385071,"group":"eyewear-glasses1","faces":{"north":{"texture":"#eyewear","uv":[14.0,60.0,12.0,61.0],"autoUv":false,"rotation":180},"east":{"texture":"#eyewear","uv":[12.0,60.0,10.0,61.0],"autoUv":false,"rotation":180},"south":{"texture":"#eyewear","uv":[10.0,60.0,8.0,61.0],"autoUv":false,"rotation":180},"west":{"texture":"#eyewear","uv":[16.0,60.0,14.0,61.0],"autoUv":false,"rotation":180},"up":{"texture":"#eyewear","uv":[12.0,61.0,10.0,62.0],"autoUv":false,"rotation":270},"down":{"texture":"#eyewear","uv":[10.0,60.0,12.0,59.0],"autoUv":false,"rotation":270}},"children":[]},{"name":"Frame.051","from":[-3.421212626455,3.413998226564,-0.181253560715],"to":[-3.324222127111,3.559637693182,0.491573980944],"rotationOrigin":[-3.433615684509,2.41132569313,0.539730191231],"stepParentName":"b_Head","rotationX":-93.498753246439,"rotationY":-174.776877388378,"rotationZ":1.317047234964,"group":"eyewear-glasses1","faces":{"north":{"texture":"#eyewear","uv":[14.0,60.0,12.0,61.0],"autoUv":false,"rotation":180},"east":{"texture":"#eyewear","uv":[12.0,60.0,10.0,61.0],"autoUv":false,"rotation":180},"south":{"texture":"#eyewear","uv":[10.0,60.0,8.0,61.0],"autoUv":false,"rotation":180},"west":{"texture":"#eyewear","uv":[16.0,60.0,14.0,61.0],"autoUv":false,"rotation":180},"up":{"texture":"#eyewear","uv":[12.0,61.0,10.0,62.0],"autoUv":false,"rotation":270},"down":{"texture":"#eyewear","uv":[10.0,60.0,12.0,59.0],"autoUv":false,"rotation":270}},"children":[]},{"name":"Frame.052","from":[-3.448702704052,1.511052456783,-0.762624249322],"to":[-3.351714108948,1.656691942987,-0.095867600607],"rotationOrigin":[-3.431508779526,2.442489862442,0.53571665287],"stepParentName":"b_Head","rotationX":-53.103235230705,"rotationY":1.749704287278,"rotationZ":178.627601438647,"group":"eyewear-glasses1","faces":{"north":{"texture":"#eyewear","uv":[14.0,60.0,12.0,61.0],"autoUv":false,"rotation":180},"east":{"texture":"#eyewear","uv":[12.0,60.0,10.0,61.0],"autoUv":false,"rotation":180},"south":{"texture":"#eyewear","uv":[10.0,60.0,8.0,61.0],"autoUv":false,"rotation":180},"west":{"texture":"#eyewear","uv":[16.0,60.0,14.0,61.0],"autoUv":false,"rotation":180},"up":{"texture":"#eyewear","uv":[12.0,61.0,10.0,62.0],"autoUv":false,"rotation":270},"down":{"texture":"#eyewear","uv":[10.0,60.0,12.0,59.0],"autoUv":false,"rotation":270}},"children":[]},{"name":"Frame.053","from":[-3.611890079006,-1.394358119619,3.576961921413],"to":[-3.514899558859,-1.248718662795,4.249789650649],"rotationOrigin":[-3.426403522491,2.518005847931,2.178178548813],"stepParentName":"b_Head","rotationX":61.846413538171,"rotationY":177.943038898894,"rotationZ":3.593828255868,"group":"eyewear-glasses1","faces":{"north":{"texture":"#eyewear","uv":[14.0,60.0,12.0,61.0],"autoUv":false,"rotation":180},"east":{"texture":"#eyewear","uv":[12.0,60.0,10.0,61.0],"autoUv":false,"rotation":180},"south":{"texture":"#eyewear","uv":[10.0,60.0,8.0,61.0],"autoUv":false,"rotation":180},"west":{"texture":"#eyewear","uv":[16.0,60.0,14.0,61.0],"autoUv":false,"rotation":180},"up":{"texture":"#eyewear","uv":[12.0,61.0,10.0,62.0],"autoUv":false,"rotation":270},"down":{"texture":"#eyewear","uv":[10.0,60.0,12.0,59.0],"autoUv":false,"rotation":270}},"children":[]},{"name":"Frame.054","from":[-3.367201451701,6.648290918621,2.447896421708],"to":[-3.270212833482,6.793930807907,3.114653062425],"rotationOrigin":[-3.428427219391,2.488071918488,2.168616056442],"stepParentName":"b_Head","rotationX":-77.503905040562,"rotationY":-174.839687807985,"rotationZ":2.21486236787,"group":"eyewear-glasses1","faces":{"north":{"texture":"#eyewear","uv":[14.0,60.0,12.0,61.0],"autoUv":false,"rotation":180},"east":{"texture":"#eyewear","uv":[12.0,60.0,10.0,61.0],"autoUv":false,"rotation":180},"south":{"texture":"#eyewear","uv":[10.0,60.0,8.0,61.0],"autoUv":false,"rotation":180},"west":{"texture":"#eyewear","uv":[16.0,60.0,14.0,61.0],"autoUv":false,"rotation":180},"up":{"texture":"#eyewear","uv":[12.0,61.0,10.0,62.0],"autoUv":false,"rotation":270},"down":{"texture":"#eyewear","uv":[10.0,60.0,12.0,59.0],"autoUv":false,"rotation":270}},"children":[]},{"name":"Frame.055","from":[-3.548303483767,2.603970895614,3.449188112005],"to":[-3.460359663731,2.736026097649,4.059258076929],"rotationOrigin":[-3.476971149445,1.770027518272,1.397766947746],"stepParentName":"b_Head","rotationX":-18.666317897829,"rotationY":-177.357486781348,"rotationZ":4.299209212212,"group":"eyewear-glasses1","faces":{"north":{"texture":"#eyewear","uv":[14.0,60.0,12.0,61.0],"autoUv":false,"rotation":180},"east":{"texture":"#eyewear","uv":[12.0,60.0,10.0,61.0],"autoUv":false,"rotation":180},"south":{"texture":"#eyewear","uv":[10.0,60.0,8.0,61.0],"autoUv":false,"rotation":180},"west":{"texture":"#eyewear","uv":[16.0,60.0,14.0,61.0],"autoUv":false,"rotation":180},"up":{"texture":"#eyewear","uv":[12.0,61.0,10.0,62.0],"autoUv":false,"rotation":270},"down":{"texture":"#eyewear","uv":[10.0,60.0,12.0,59.0],"autoUv":false,"rotation":270}},"children":[]},{"name":"Frame.056","from":[-3.391916832625,2.651330340835,-1.793887792274],"to":[-3.30397472019,2.783385562457,-1.189322048062],"rotationOrigin":[-3.476673364639,1.774431586266,1.369557738304],"stepParentName":"b_Head","rotationX":20.113447152752,"rotationY":-2.70793287028,"rotationZ":178.762743561565,"group":"eyewear-glasses1","faces":{"north":{"texture":"#eyewear","uv":[14.0,60.0,12.0,61.0],"autoUv":false,"rotation":180},"east":{"texture":"#eyewear","uv":[12.0,60.0,10.0,61.0],"autoUv":false,"rotation":180},"south":{"texture":"#eyewear","uv":[10.0,60.0,8.0,61.0],"autoUv":false,"rotation":180},"west":{"texture":"#eyewear","uv":[16.0,60.0,14.0,61.0],"autoUv":false,"rotation":180},"up":{"texture":"#eyewear","uv":[12.0,61.0,10.0,62.0],"autoUv":false,"rotation":270},"down":{"texture":"#eyewear","uv":[10.0,60.0,12.0,59.0],"autoUv":false,"rotation":270}},"children":[]}],"groups":[]}