{"textureWidth":64,"textureHeight":64,"textures":{},"textureSizes":{"head":[64,64]},"elements":[{"name":"Frame.021","from":[-4.077342991243,3.029550901152,1.267255269887],"to":[-3.366383648332,3.153806079672,1.370720462638],"rotationOrigin":[-3.388736724854,3.130291223526,1.321120262146],"stepParentName":"b_Head","rotationX":95.005049015048,"rotationY":0.809943255131,"rotationZ":-91.246669122356,"group":"eyewear-glasses2","faces":{"north":{"texture":"#eyewear","uv":[10.0,59.0,12.0,60.0],"autoUv":false},"east":{"texture":"#eyewear","uv":[8.0,60.0,10.0,61.0],"autoUv":false,"rotation":90},"south":{"texture":"#eyewear","uv":[10.0,61.0,12.0,62.0],"autoUv":false},"west":{"texture":"#eyewear","uv":[12.0,60.0,14.0,61.0],"autoUv":false,"rotation":270},"up":{"texture":"#eyewear","uv":[14.0,60.0,16.0,61.0],"autoUv":false},"down":{"texture":"#eyewear","uv":[12.0,61.0,10.0,60.0],"autoUv":false,"rotation":180}},"children":[]},{"name":"Frame.022","from":[-3.449783884706,3.046877222448,1.201100085044],"to":[-2.15190468999,3.170663240701,1.259339768717],"rotationOrigin":[-3.414837837219,3.117927789688,1.259018540382],"stepParentName":"b_Head","rotationX":92.233747570639,"rotationY":-10.562929386333,"rotationZ":-89.500312694989,"group":"eyewear-glasses2","faces":{"north":{"texture":"#eyewear","uv":[10.0,59.0,12.0,60.0],"autoUv":false},"east":{"texture":"#eyewear","uv":[8.0,60.0,10.0,61.0],"autoUv":false,"rotation":90},"south":{"texture":"#eyewear","uv":[10.0,61.0,12.0,62.0],"autoUv":false},"west":{"texture":"#eyewear","uv":[12.0,60.0,14.0,61.0],"autoUv":false,"rotation":270},"up":{"texture":"#eyewear","uv":[14.0,60.0,16.0,61.0],"autoUv":false},"down":{"texture":"#eyewear","uv":[12.0,61.0,10.0,60.0],"autoUv":false,"rotation":180}},"children":[]},{"name":"Frame.023","from":[-2.68866490856,2.720972971525,1.460151837651],"to":[-2.564278130381,2.829912103854,3.042551468825],"rotationOrigin":[-2.62647151947,2.753580570221,2.299762487411],"stepParentName":"b_Head","rotationX":-5.662872701704,"rotationY":76.420746321225,"rotationZ":6.995749113512,"group":"eyewear-glasses2","faces":{"north":{"texture":"#eyewear","uv":[8.0,60.0,10.0,61.0],"autoUv":false},"east":{"texture":"#eyewear","uv":[14.0,60.0,16.0,61.0],"autoUv":false},"south":{"texture":"#eyewear","uv":[12.0,60.0,14.0,61.0],"autoUv":false},"west":{"texture":"#eyewear","uv":[10.0,60.0,12.0,61.0],"autoUv":false},"up":{"texture":"#eyewear","uv":[10.0,59.0,12.0,60.0],"autoUv":false,"rotation":90},"down":{"texture":"#eyewear","uv":[12.0,62.0,10.0,61.0],"autoUv":false,"rotation":90}},"children":[]},{"name":"Frame.024","from":[-1.141121495544,2.762523539165,1.723722535034],"to":[-1.016734726193,2.872664342906,2.558520968885],"rotationOrigin":[-1.078928112984,2.792620420456,2.563333272934],"stepParentName":"b_Head","rotationX":-15.992583998167,"rotationY":84.266017715117,"rotationZ":17.997973642259,"group":"eyewear-glasses2","faces":{"north":{"texture":"#eyewear","uv":[8.0,60.0,10.0,61.0],"autoUv":false},"east":{"texture":"#eyewear","uv":[14.0,60.0,16.0,61.0],"autoUv":false},"south":{"texture":"#eyewear","uv":[12.0,60.0,14.0,61.0],"autoUv":false},"west":{"texture":"#eyewear","uv":[10.0,60.0,12.0,61.0],"autoUv":false},"up":{"texture":"#eyewear","uv":[10.0,59.0,12.0,60.0],"autoUv":false,"rotation":90},"down":{"texture":"#eyewear","uv":[12.0,62.0,10.0,61.0],"autoUv":false,"rotation":90}},"children":[]},{"name":"Frame.025","from":[-1.226341229883,2.738236441912,1.9296485509],"to":[-1.101954473589,2.924816593824,2.550954517364],"rotationOrigin":[-1.164147853851,2.831526517868,2.555766820908],"stepParentName":"b_Head","rotationX":-92.035337405439,"rotationY":-37.003803168257,"rotationZ":83.166459711583,"group":"eyewear-glasses2","faces":{"north":{"texture":"#eyewear","uv":[8.0,60.0,10.0,61.0],"autoUv":false},"east":{"texture":"#eyewear","uv":[14.0,60.0,16.0,61.0],"autoUv":false},"south":{"texture":"#eyewear","uv":[12.0,60.0,14.0,61.0],"autoUv":false},"west":{"texture":"#eyewear","uv":[10.0,60.0,12.0,61.0],"autoUv":false},"up":{"texture":"#eyewear","uv":[10.0,59.0,12.0,60.0],"autoUv":false,"rotation":90},"down":{"texture":"#eyewear","uv":[12.0,62.0,10.0,61.0],"autoUv":false,"rotation":90}},"children":[]},{"name":"Frame.026","from":[-4.222671521088,3.089303002919,1.227365718992],"to":[-3.384747853394,3.213402366954,1.321148623441],"rotationOrigin":[-3.393059015274,3.185646295547,1.322667956352],"stepParentName":"b_Head","rotationX":-99.323039966816,"rotationY":1.777405186674,"rotationZ":-91.668317190389,"group":"eyewear-glasses2","faces":{"north":{"texture":"#eyewear","uv":[10.0,59.0,12.0,60.0],"autoUv":false},"east":{"texture":"#eyewear","uv":[8.0,60.0,10.0,61.0],"autoUv":false,"rotation":90},"south":{"texture":"#eyewear","uv":[10.0,61.0,12.0,62.0],"autoUv":false},"west":{"texture":"#eyewear","uv":[12.0,60.0,14.0,61.0],"autoUv":false,"rotation":270},"up":{"texture":"#eyewear","uv":[14.0,60.0,16.0,61.0],"autoUv":false},"down":{"texture":"#eyewear","uv":[12.0,61.0,10.0,60.0],"autoUv":false,"rotation":180}},"children":[]},{"name":"Frame.027","from":[-4.02096980118,2.333031721094,0.503204148838],"to":[-3.360581807245,2.430022219777,0.601171929121],"rotationOrigin":[-3.378030061722,2.411667108536,0.577558457851],"stepParentName":"b_Head","rotationX":-0.210763509469,"rotationY":1.261764430873,"rotationZ":-89.121578705512,"group":"eyewear-glasses2","faces":{"north":{"texture":"#eyewear","uv":[10.0,59.0,12.0,60.0],"autoUv":false},"east":{"texture":"#eyewear","uv":[8.0,60.0,10.0,61.0],"autoUv":false,"rotation":90},"south":{"texture":"#eyewear","uv":[10.0,61.0,12.0,62.0],"autoUv":false},"west":{"texture":"#eyewear","uv":[12.0,60.0,14.0,61.0],"autoUv":false,"rotation":270},"up":{"texture":"#eyewear","uv":[14.0,60.0,16.0,61.0],"autoUv":false},"down":{"texture":"#eyewear","uv":[12.0,61.0,10.0,60.0],"autoUv":false,"rotation":180}},"children":[]},{"name":"Frame.028","from":[-4.033339530838,2.351933403349,0.508235607695],"to":[-3.366582936663,2.448922010011,0.639775324357],"rotationOrigin":[-3.377960205078,2.430841684341,0.568504154682],"stepParentName":"b_Head","rotationX":139.59014701106,"rotationY":2.541746683811,"rotationZ":-92.888277768612,"group":"eyewear-glasses2","faces":{"north":{"texture":"#eyewear","uv":[10.0,59.0,12.0,60.0],"autoUv":false},"east":{"texture":"#eyewear","uv":[8.0,60.0,10.0,61.0],"autoUv":false,"rotation":90},"south":{"texture":"#eyewear","uv":[10.0,61.0,12.0,62.0],"autoUv":false},"west":{"texture":"#eyewear","uv":[12.0,60.0,14.0,61.0],"autoUv":false,"rotation":270},"up":{"texture":"#eyewear","uv":[14.0,60.0,16.0,61.0],"autoUv":false},"down":{"texture":"#eyewear","uv":[12.0,61.0,10.0,60.0],"autoUv":false,"rotation":180}},"children":[]},{"name":"Frame.029","from":[-4.038214060827,2.464291877725,1.957815696402],"to":[-3.40733716972,2.561282376409,2.045812234095],"rotationOrigin":[-3.382834911346,2.542927265167,2.049524068832],"stepParentName":"b_Head","rotationX":-155.871733388483,"rotationY":0.803521863455,"rotationZ":-93.284476551797,"group":"eyewear-glasses2","faces":{"north":{"texture":"#eyewear","uv":[10.0,59.0,12.0,60.0],"autoUv":false},"east":{"texture":"#eyewear","uv":[8.0,60.0,10.0,61.0],"autoUv":false,"rotation":90},"south":{"texture":"#eyewear","uv":[10.0,61.0,12.0,62.0],"autoUv":false},"west":{"texture":"#eyewear","uv":[12.0,60.0,14.0,61.0],"autoUv":false,"rotation":270},"up":{"texture":"#eyewear","uv":[14.0,60.0,16.0,61.0],"autoUv":false},"down":{"texture":"#eyewear","uv":[12.0,61.0,10.0,60.0],"autoUv":false,"rotation":180}},"children":[]},{"name":"Frame.030","from":[-4.036387862651,2.409463091231,2.045570763503],"to":[-3.36963135732,2.506451697892,2.127627590143],"rotationOrigin":[-3.381008625031,2.488371372223,2.056356430054],"stepParentName":"b_Head","rotationX":-12.458341885731,"rotationY":0.897254950673,"rotationZ":-89.204333277496,"group":"eyewear-glasses2","faces":{"north":{"texture":"#eyewear","uv":[10.0,59.0,12.0,60.0],"autoUv":false},"east":{"texture":"#eyewear","uv":[8.0,60.0,10.0,61.0],"autoUv":false,"rotation":90},"south":{"texture":"#eyewear","uv":[10.0,61.0,12.0,62.0],"autoUv":false},"west":{"texture":"#eyewear","uv":[12.0,60.0,14.0,61.0],"autoUv":false,"rotation":270},"up":{"texture":"#eyewear","uv":[14.0,60.0,16.0,61.0],"autoUv":false},"down":{"texture":"#eyewear","uv":[12.0,61.0,10.0,60.0],"autoUv":false,"rotation":180}},"children":[]},{"name":"Frame.031","from":[-3.948528914563,1.904004325102,1.477647644523],"to":[-3.052738534696,1.992006367475,1.585929198351],"rotationOrigin":[-3.335250377655,1.96474301815,1.544526934624],"stepParentName":"b_Head","rotationX":-91.066044769755,"rotationY":-0.235376643092,"rotationZ":-89.455171974765,"group":"eyewear-glasses2","faces":{"north":{"texture":"#eyewear","uv":[10.0,59.0,12.0,60.0],"autoUv":false},"east":{"texture":"#eyewear","uv":[8.0,60.0,10.0,61.0],"autoUv":false,"rotation":90},"south":{"texture":"#eyewear","uv":[10.0,61.0,12.0,62.0],"autoUv":false},"west":{"texture":"#eyewear","uv":[12.0,60.0,14.0,61.0],"autoUv":false,"rotation":270},"up":{"texture":"#eyewear","uv":[14.0,60.0,16.0,61.0],"autoUv":false},"down":{"texture":"#eyewear","uv":[12.0,61.0,10.0,60.0],"autoUv":false,"rotation":180}},"children":[]},{"name":"Frame.032","from":[-2.710504166007,2.742473909936,1.250023720762],"to":[-2.192904579364,2.866259936952,1.308281482214],"rotationOrigin":[-3.455837726593,2.813524484634,1.25709092617],"stepParentName":"b_Head","rotationX":93.86922953721,"rotationY":-5.246774589259,"rotationZ":-86.188900381584,"group":"eyewear-glasses2","faces":{"north":{"texture":"#eyewear","uv":[10.0,59.0,12.0,60.0],"autoUv":false},"east":{"texture":"#eyewear","uv":[8.0,60.0,10.0,61.0],"autoUv":false,"rotation":90},"south":{"texture":"#eyewear","uv":[10.0,61.0,12.0,62.0],"autoUv":false},"west":{"texture":"#eyewear","uv":[12.0,60.0,14.0,61.0],"autoUv":false,"rotation":270},"up":{"texture":"#eyewear","uv":[14.0,60.0,16.0,61.0],"autoUv":false},"down":{"texture":"#eyewear","uv":[12.0,61.0,10.0,60.0],"autoUv":false,"rotation":180}},"children":[]},{"name":"Frame.033","from":[-3.358239512368,2.845932845948,-1.9991007998],"to":[-3.233984325387,2.949398070713,-1.288141336928],"rotationOrigin":[-3.388736724854,3.130291223526,1.321120262146],"stepParentName":"b_Head","rotationX":-4.987423768737,"rotationY":-1.246613150304,"rotationZ":-179.189862611123,"group":"eyewear-glasses2","faces":{"north":{"texture":"#eyewear","uv":[14.0,60.0,12.0,61.0],"autoUv":false,"rotation":180},"east":{"texture":"#eyewear","uv":[12.0,60.0,10.0,61.0],"autoUv":false,"rotation":180},"south":{"texture":"#eyewear","uv":[10.0,60.0,8.0,61.0],"autoUv":false,"rotation":180},"west":{"texture":"#eyewear","uv":[16.0,60.0,14.0,61.0],"autoUv":false,"rotation":180},"up":{"texture":"#eyewear","uv":[12.0,61.0,10.0,62.0],"autoUv":false,"rotation":270},"down":{"texture":"#eyewear","uv":[10.0,60.0,12.0,59.0],"autoUv":false,"rotation":270}},"children":[]},{"name":"Frame.034","from":[-3.471524837016,2.963523699831,-1.292113670199],"to":[-3.34773881423,3.021763405118,0.005765638736],"rotationOrigin":[-3.414837837219,3.117927789688,1.259018540382],"stepParentName":"b_Head","rotationX":-2.142194918073,"rotationY":0.491205327158,"rotationZ":169.436666665046,"group":"eyewear-glasses2","faces":{"north":{"texture":"#eyewear","uv":[14.0,60.0,12.0,61.0],"autoUv":false,"rotation":180},"east":{"texture":"#eyewear","uv":[12.0,60.0,10.0,61.0],"autoUv":false,"rotation":180},"south":{"texture":"#eyewear","uv":[10.0,60.0,8.0,61.0],"autoUv":false,"rotation":180},"west":{"texture":"#eyewear","uv":[16.0,60.0,14.0,61.0],"autoUv":false,"rotation":180},"up":{"texture":"#eyewear","uv":[12.0,61.0,10.0,62.0],"autoUv":false,"rotation":270},"down":{"texture":"#eyewear","uv":[10.0,60.0,12.0,59.0],"autoUv":false,"rotation":270}},"children":[]},{"name":"Frame.035","from":[1.782621581802,2.585841878122,0.482322527424],"to":[1.90700858842,2.694781018911,2.064722124755],"rotationOrigin":[-2.62647151947,2.753580570221,2.299762487411],"stepParentName":"b_Head","rotationX":5.663009732374,"rotationY":-76.420753151414,"rotationZ":-173.004060808166,"group":"eyewear-glasses2","faces":{"north":{"texture":"#eyewear","uv":[14.0,60.0,12.0,61.0],"autoUv":false,"rotation":180},"east":{"texture":"#eyewear","uv":[12.0,60.0,10.0,61.0],"autoUv":false,"rotation":180},"south":{"texture":"#eyewear","uv":[10.0,60.0,8.0,61.0],"autoUv":false,"rotation":180},"west":{"texture":"#eyewear","uv":[16.0,60.0,14.0,61.0],"autoUv":false,"rotation":180},"up":{"texture":"#eyewear","uv":[12.0,61.0,10.0,62.0],"autoUv":false,"rotation":270},"down":{"texture":"#eyewear","uv":[10.0,60.0,12.0,59.0],"autoUv":false,"rotation":270}},"children":[]},{"name":"Frame.036","from":[3.958955492706,2.540792845448,2.075760397794],"to":[4.083341944781,2.650933663009,2.910559000859],"rotationOrigin":[-1.078928112984,2.792620420456,2.563333272934],"stepParentName":"b_Head","rotationX":15.991947083027,"rotationY":-84.266017715117,"rotationZ":-162.00272975354,"group":"eyewear-glasses2","faces":{"north":{"texture":"#eyewear","uv":[14.0,60.0,12.0,61.0],"autoUv":false,"rotation":180},"east":{"texture":"#eyewear","uv":[12.0,60.0,10.0,61.0],"autoUv":false,"rotation":180},"south":{"texture":"#eyewear","uv":[10.0,60.0,8.0,61.0],"autoUv":false,"rotation":180},"west":{"texture":"#eyewear","uv":[16.0,60.0,14.0,61.0],"autoUv":false,"rotation":180},"up":{"texture":"#eyewear","uv":[12.0,61.0,10.0,62.0],"autoUv":false,"rotation":270},"down":{"texture":"#eyewear","uv":[10.0,60.0,12.0,59.0],"autoUv":false,"rotation":270}},"children":[]},{"name":"Frame.037","from":[3.858680886812,3.237562455281,2.70555557393],"to":[3.983067867313,3.42414262678,3.326861458249],"rotationOrigin":[-1.164147853851,2.831526517868,2.555766820908],"stepParentName":"b_Head","rotationX":92.035282763926,"rotationY":37.003779262595,"rotationZ":-96.833511146428,"group":"eyewear-glasses2","faces":{"north":{"texture":"#eyewear","uv":[14.0,60.0,12.0,61.0],"autoUv":false,"rotation":180},"east":{"texture":"#eyewear","uv":[12.0,60.0,10.0,61.0],"autoUv":false,"rotation":180},"south":{"texture":"#eyewear","uv":[10.0,60.0,8.0,61.0],"autoUv":false,"rotation":180},"west":{"texture":"#eyewear","uv":[16.0,60.0,14.0,61.0],"autoUv":false,"rotation":180},"up":{"texture":"#eyewear","uv":[12.0,61.0,10.0,62.0],"autoUv":false,"rotation":270},"down":{"texture":"#eyewear","uv":[10.0,60.0,12.0,59.0],"autoUv":false,"rotation":270}},"children":[]},{"name":"Frame.038","from":[-3.510098802605,2.662002469389,3.101954245374],"to":[-3.385999414966,2.755785455139,3.93987801002],"rotationOrigin":[-3.393059015274,3.185646295547,1.322667956352],"stepParentName":"b_Head","rotationX":9.374835055683,"rotationY":-178.332496285368,"rotationZ":1.778157041091,"group":"eyewear-glasses2","faces":{"north":{"texture":"#eyewear","uv":[14.0,60.0,12.0,61.0],"autoUv":false,"rotation":180},"east":{"texture":"#eyewear","uv":[12.0,60.0,10.0,61.0],"autoUv":false,"rotation":180},"south":{"texture":"#eyewear","uv":[10.0,60.0,8.0,61.0],"autoUv":false,"rotation":180},"west":{"texture":"#eyewear","uv":[16.0,60.0,14.0,61.0],"autoUv":false,"rotation":180},"up":{"texture":"#eyewear","uv":[12.0,61.0,10.0,62.0],"autoUv":false,"rotation":270},"down":{"texture":"#eyewear","uv":[10.0,60.0,12.0,59.0],"autoUv":false,"rotation":270}},"children":[]},{"name":"Frame.039","from":[-3.370887409492,3.492142965962,-0.061520571001],"to":[-3.27389690503,3.59011088822,0.598867346986],"rotationOrigin":[-3.378030061722,2.411667108536,0.577558457851],"stepParentName":"b_Head","rotationX":90.191391235211,"rotationY":0.878210515637,"rotationZ":-178.737868012608,"group":"eyewear-glasses2","faces":{"north":{"texture":"#eyewear","uv":[14.0,60.0,12.0,61.0],"autoUv":false,"rotation":180},"east":{"texture":"#eyewear","uv":[12.0,60.0,10.0,61.0],"autoUv":false,"rotation":180},"south":{"texture":"#eyewear","uv":[10.0,60.0,8.0,61.0],"autoUv":false,"rotation":180},"west":{"texture":"#eyewear","uv":[16.0,60.0,14.0,61.0],"autoUv":false,"rotation":180},"up":{"texture":"#eyewear","uv":[12.0,61.0,10.0,62.0],"autoUv":false,"rotation":270},"down":{"texture":"#eyewear","uv":[10.0,60.0,12.0,59.0],"autoUv":false,"rotation":270}},"children":[]},{"name":"Frame.040","from":[-3.397245315873,1.505675630237,-0.824938290115],"to":[-3.300256727291,1.637215406336,-0.158181815898],"rotationOrigin":[-3.377960205078,2.430841684341,0.568504154682],"stepParentName":"b_Head","rotationX":-49.461969176617,"rotationY":-2.885439028081,"rotationZ":-177.455021882696,"group":"eyewear-glasses2","faces":{"north":{"texture":"#eyewear","uv":[14.0,60.0,12.0,61.0],"autoUv":false,"rotation":180},"east":{"texture":"#eyewear","uv":[12.0,60.0,10.0,61.0],"autoUv":false,"rotation":180},"south":{"texture":"#eyewear","uv":[10.0,60.0,8.0,61.0],"autoUv":false,"rotation":180},"west":{"texture":"#eyewear","uv":[16.0,60.0,14.0,61.0],"autoUv":false,"rotation":180},"up":{"texture":"#eyewear","uv":[12.0,61.0,10.0,62.0],"autoUv":false,"rotation":270},"down":{"texture":"#eyewear","uv":[10.0,60.0,12.0,59.0],"autoUv":false,"rotation":270}},"children":[]},{"name":"Frame.041","from":[-3.549567236593,-1.289340351985,3.063992485085],"to":[-3.452576742863,-1.201343632953,3.694869296436],"rotationOrigin":[-3.382834911346,2.542927265167,2.049524068832],"stepParentName":"b_Head","rotationX":65.917868811848,"rotationY":-176.715845150339,"rotationZ":0.804861594388,"group":"eyewear-glasses2","faces":{"north":{"texture":"#eyewear","uv":[14.0,60.0,12.0,61.0],"autoUv":false,"rotation":180},"east":{"texture":"#eyewear","uv":[12.0,60.0,10.0,61.0],"autoUv":false,"rotation":180},"south":{"texture":"#eyewear","uv":[10.0,60.0,8.0,61.0],"autoUv":false,"rotation":180},"west":{"texture":"#eyewear","uv":[16.0,60.0,14.0,61.0],"autoUv":false,"rotation":180},"up":{"texture":"#eyewear","uv":[12.0,61.0,10.0,62.0],"autoUv":false,"rotation":270},"down":{"texture":"#eyewear","uv":[10.0,60.0,12.0,59.0],"autoUv":false,"rotation":270}},"children":[]},{"name":"Frame.042","from":[-3.323888092628,6.492964928862,2.287256600267],"to":[-3.226899500744,6.575021880983,2.9540132674],"rotationOrigin":[-3.381008625031,2.488371372223,2.056356430054],"stepParentName":"b_Head","rotationX":-77.554127421529,"rotationY":179.204424574433,"rotationZ":0.897347798557,"group":"eyewear-glasses2","faces":{"north":{"texture":"#eyewear","uv":[14.0,60.0,12.0,61.0],"autoUv":false,"rotation":180},"east":{"texture":"#eyewear","uv":[12.0,60.0,10.0,61.0],"autoUv":false,"rotation":180},"south":{"texture":"#eyewear","uv":[10.0,60.0,8.0,61.0],"autoUv":false,"rotation":180},"west":{"texture":"#eyewear","uv":[16.0,60.0,14.0,61.0],"autoUv":false,"rotation":180},"up":{"texture":"#eyewear","uv":[12.0,61.0,10.0,62.0],"autoUv":false,"rotation":270},"down":{"texture":"#eyewear","uv":[10.0,60.0,12.0,59.0],"autoUv":false,"rotation":270}},"children":[]},{"name":"Frame.043","from":[-3.332906836296,1.840394647879,4.019626895119],"to":[-3.244904780075,1.948676213683,4.915417064836],"rotationOrigin":[-3.335250377655,1.96474301815,1.544526934624],"stepParentName":"b_Head","rotationX":1.068287049637,"rotationY":179.455092516973,"rotationZ":-0.235389182892,"group":"eyewear-glasses2","faces":{"north":{"texture":"#eyewear","uv":[14.0,60.0,12.0,61.0],"autoUv":false,"rotation":180},"east":{"texture":"#eyewear","uv":[12.0,60.0,10.0,61.0],"autoUv":false,"rotation":180},"south":{"texture":"#eyewear","uv":[10.0,60.0,8.0,61.0],"autoUv":false,"rotation":180},"west":{"texture":"#eyewear","uv":[16.0,60.0,14.0,61.0],"autoUv":false,"rotation":180},"up":{"texture":"#eyewear","uv":[12.0,61.0,10.0,62.0],"autoUv":false,"rotation":270},"down":{"texture":"#eyewear","uv":[10.0,60.0,12.0,59.0],"autoUv":false,"rotation":270}},"children":[]},{"name":"Frame.044","from":[-3.659817354036,2.637512863289,-0.501512380872],"to":[-3.53603132702,2.695770640605,0.016087205771],"rotationOrigin":[-3.455837726593,2.813524484634,1.25709092617],"stepParentName":"b_Head","rotationX":-3.520278004121,"rotationY":3.794982876453,"rotationZ":174.741674593395,"group":"eyewear-glasses2","faces":{"north":{"texture":"#eyewear","uv":[14.0,60.0,12.0,61.0],"autoUv":false,"rotation":180},"east":{"texture":"#eyewear","uv":[12.0,60.0,10.0,61.0],"autoUv":false,"rotation":180},"south":{"texture":"#eyewear","uv":[10.0,60.0,8.0,61.0],"autoUv":false,"rotation":180},"west":{"texture":"#eyewear","uv":[16.0,60.0,14.0,61.0],"autoUv":false,"rotation":180},"up":{"texture":"#eyewear","uv":[12.0,61.0,10.0,62.0],"autoUv":false,"rotation":270},"down":{"texture":"#eyewear","uv":[10.0,60.0,12.0,59.0],"autoUv":false,"rotation":270}},"children":[]}],"groups":[]}