{"textureWidth": 16, "textureHeight": 16, "textures": {}, "textureSizes": {}, "elements": [{"name": "LowerFootL", "from": [9.09262848, -2.50040078, -1.12371528], "to": [9.09262848, -2.50040078, -1.12371528], "rotationOrigin": [9.09262848, -2.50040078, -1.12371528], "rotationX": 0.25168724, "rotationY": -0.9914598, "rotationZ": 91.41402925, "faces": {"north": {"texture": "#null", "uv": [0.0, 0.0, 0.0, 0.0], "enabled": false}, "east": {"texture": "#null", "uv": [0.0, 0.0, 0.0, 0.0], "enabled": false}, "south": {"texture": "#null", "uv": [0.0, 0.0, 0.0, 0.0], "enabled": false}, "west": {"texture": "#null", "uv": [0.0, 0.0, 0.0, 0.0], "enabled": false}, "up": {"texture": "#null", "uv": [0.0, 0.0, 0.0, 0.0], "enabled": false}, "down": {"texture": "#null", "uv": [0.0, 0.0, 0.0, 0.0], "enabled": false}}, "children": [], "scaleX": 0.90468829870224, "scaleY": 0.9046882390975952, "scaleZ": 0.90468829870224, "stepParentName": "b_FootLowerL"}, {"name": "LowerFootR", "from": [8.90847969, 2.33586788, 1.70894027], "to": [8.90847969, 2.33586788, 1.70894027], "rotationOrigin": [8.90847969, 2.33586788, 1.70894027], "rotationX": -0.2516306, "rotationY": 179.00852109, "rotationZ": -88.5859621, "faces": {"north": {"texture": "#null", "uv": [0.0, 0.0, 0.0, 0.0], "enabled": false}, "east": {"texture": "#null", "uv": [0.0, 0.0, 0.0, 0.0], "enabled": false}, "south": {"texture": "#null", "uv": [0.0, 0.0, 0.0, 0.0], "enabled": false}, "west": {"texture": "#null", "uv": [0.0, 0.0, 0.0, 0.0], "enabled": false}, "up": {"texture": "#null", "uv": [0.0, 0.0, 0.0, 0.0], "enabled": false}, "down": {"texture": "#null", "uv": [0.0, 0.0, 0.0, 0.0], "enabled": false}}, "children": [], "scaleX": 0.8785492181777954, "scaleY": 0.8785491585731506, "scaleZ": 0.8785491585731506, "stepParentName": "b_FootLowerR"}, {"name": "UpperFootL", "from": [5.79190826, -2.6275754, -1.33293176], "to": [5.79190826, -2.6275754, -1.33293176], "rotationOrigin": [5.79190826, -2.6275754, -1.33293176], "rotationX": -0.23132215, "rotationY": -4.88830108, "rotationZ": 80.56822843, "faces": {"north": {"texture": "#null", "uv": [0.0, 0.0, 0.0, 0.0], "enabled": false}, "east": {"texture": "#null", "uv": [0.0, 0.0, 0.0, 0.0], "enabled": false}, "south": {"texture": "#null", "uv": [0.0, 0.0, 0.0, 0.0], "enabled": false}, "west": {"texture": "#null", "uv": [0.0, 0.0, 0.0, 0.0], "enabled": false}, "up": {"texture": "#null", "uv": [0.0, 0.0, 0.0, 0.0], "enabled": false}, "down": {"texture": "#null", "uv": [0.0, 0.0, 0.0, 0.0], "enabled": false}}, "children": [], "scaleX": 0.8198804259300232, "scaleY": 0.819880485534668, "scaleZ": 0.8198804259300232, "stepParentName": "b_FootUpperL"}, {"name": "UpperFootR", "from": [5.51288748, 2.46192193, 1.54387927], "to": [5.51288748, 2.46192193, 1.54387927], "rotationOrigin": [5.51288748, 2.46192193, 1.54387927], "rotationX": -179.84812892, "rotationY": 4.87598326, "rotationZ": 78.15717848, "faces": {"north": {"texture": "#null", "uv": [0.0, 0.0, 0.0, 0.0], "enabled": false}, "east": {"texture": "#null", "uv": [0.0, 0.0, 0.0, 0.0], "enabled": false}, "south": {"texture": "#null", "uv": [0.0, 0.0, 0.0, 0.0], "enabled": false}, "west": {"texture": "#null", "uv": [0.0, 0.0, 0.0, 0.0], "enabled": false}, "up": {"texture": "#null", "uv": [0.0, 0.0, 0.0, 0.0], "enabled": false}, "down": {"texture": "#null", "uv": [0.0, 0.0, 0.0, 0.0], "enabled": false}}, "children": [], "scaleX": 0.8078275918960571, "scaleY": 0.8078275918960571, "scaleZ": 0.8078274130821228, "stepParentName": "b_FootUpperR"}, {"name": "R.002", "from": [0.81189692, -6.72266399, -1.1479427], "to": [4.38710748, 0.35940661, 2.04127537], "rotationOrigin": [2.56899619, -9.0199728, 0.74224693], "stepParentName": "b_FootLowerR", "rotationX": -65.28151375, "rotationY": 1.85945155, "rotationZ": -89.77813747, "group": "leg-kemono3", "faces": {"north": {"texture": "#main", "uv": [8.0, 100.0, 16.0, 120.0], "autoUv": false, "rotation": 180}, "east": {"texture": "#main", "uv": [16.0, 100.0, 22.0, 120.0], "autoUv": false, "rotation": 180}, "south": {"texture": "#main", "uv": [22.0, 100.0, 30.0, 120.0], "autoUv": false, "rotation": 180}, "west": {"texture": "#main", "uv": [2.0, 100.0, 8.0, 120.0], "autoUv": false, "rotation": 180}, "up": {"texture": "#main", "uv": [16.0, 120.0, 22.0, 128.0], "autoUv": false, "rotation": 270}, "down": {"texture": "#main", "uv": [22.0, 100.0, 16.0, 92.0], "autoUv": false, "rotation": 270}}, "children": []}, {"name": "R.003", "from": [-1.49309411, -3.77553916, 2.06694396], "to": [1.89978195, 4.74143196, 4.65199249], "rotationOrigin": [0.20334363, -2.52901506, 3.35946822], "stepParentName": "b_FootLowerR", "rotationX": -64.25293507, "rotationY": 72.94531385, "rotationZ": -94.79272575, "group": "leg-kemono3", "faces": {"north": {"texture": "#main", "uv": [8.0, 74.0, 16.0, 92.0], "autoUv": false, "rotation": 180}, "east": {"texture": "#main", "uv": [16.0, 74.0, 22.0, 92.0], "autoUv": false, "rotation": 180}, "south": {"texture": "#main", "uv": [22.0, 74.0, 30.0, 92.0], "autoUv": false, "rotation": 180}, "west": {"texture": "#main", "uv": [2.0, 74.0, 8.0, 92.0], "autoUv": false, "rotation": 180}, "up": {"texture": "#main", "uv": [16.0, 92.0, 22.0, 100.0], "autoUv": false, "rotation": 270}, "down": {"texture": "#main", "uv": [22.0, 74.0, 16.0, 66.0], "autoUv": false, "rotation": 270}}, "children": []}, {"name": "R.006", "from": [0.67802537, -7.66767482, -0.79601849], "to": [3.97637631, -2.59123903, 2.91735728], "rotationOrigin": [2.32720089, -7.20628595, 1.6142329], "stepParentName": "b_FootLowerR", "rotationX": -65.46523218, "rotationY": 40.71616466, "rotationZ": -89.70726743, "group": "leg-kemono3", "faces": {"north": {"texture": "#main", "uv": [8.0, 88.0, 16.0, 92.0], "autoUv": false, "rotation": 180}, "east": {"texture": "#main", "uv": [16.0, 88.0, 22.0, 92.0], "autoUv": false, "rotation": 180}, "south": {"texture": "#main", "uv": [22.0, 88.0, 30.0, 92.0], "autoUv": false, "rotation": 180}, "west": {"texture": "#main", "uv": [2.0, 88.0, 8.0, 92.0], "autoUv": false, "rotation": 180}, "up": {"texture": "#main", "uv": [16.0, 92.0, 22.0, 98.0], "autoUv": false, "rotation": 270}, "down": {"texture": "#main", "uv": [22.0, 88.0, 16.0, 85.0], "autoUv": false, "rotation": 270}}, "children": []}, {"name": "R.004", "from": [2.99479854, -5.91661747, 9.28163467], "to": [6.50899709, 1.16478075, 12.47085264], "rotationOrigin": [4.75189781, -8.21459866, 11.15302944], "stepParentName": "b_FootLowerR", "rotationX": -137.85429541, "rotationY": -10.05684225, "rotationZ": -77.88950337, "group": "leg-kemono3", "faces": {"north": {"texture": "#main", "uv": [8.0, 100.0, 16.0, 120.0], "autoUv": false, "rotation": 180}, "east": {"texture": "#main", "uv": [16.0, 100.0, 22.0, 120.0], "autoUv": false, "rotation": 180}, "south": {"texture": "#main", "uv": [22.0, 100.0, 30.0, 120.0], "autoUv": false, "rotation": 180}, "west": {"texture": "#main", "uv": [2.0, 100.0, 8.0, 120.0], "autoUv": false, "rotation": 180}, "up": {"texture": "#main", "uv": [16.0, 120.0, 22.0, 128.0], "autoUv": false, "rotation": 270}, "down": {"texture": "#main", "uv": [22.0, 100.0, 16.0, 92.0], "autoUv": false, "rotation": 270}}, "children": []}, {"name": "R.005", "from": [-0.18704238, -7.6059073, 5.14407117], "to": [3.20583368, 3.45456982, 7.72911971], "rotationOrigin": [1.50939536, -3.8158772, 6.43659544], "stepParentName": "b_FootLowerR", "rotationX": 20.61748438, "rotationY": 121.1336235, "rotationZ": 108.74761502, "group": "leg-kemono3", "faces": {"north": {"texture": "#main", "uv": [8.0, 74.0, 16.0, 92.0], "autoUv": false, "rotation": 180}, "east": {"texture": "#main", "uv": [16.0, 74.0, 22.0, 92.0], "autoUv": false, "rotation": 180}, "south": {"texture": "#main", "uv": [22.0, 74.0, 30.0, 92.0], "autoUv": false, "rotation": 180}, "west": {"texture": "#main", "uv": [2.0, 74.0, 8.0, 92.0], "autoUv": false, "rotation": 180}, "up": {"texture": "#main", "uv": [16.0, 92.0, 22.0, 100.0], "autoUv": false, "rotation": 270}, "down": {"texture": "#main", "uv": [22.0, 74.0, 16.0, 66.0], "autoUv": false, "rotation": 270}}, "children": []}, {"name": "R.007", "from": [2.46398509, -7.31551389, 7.38286518], "to": [5.76233603, -2.2390781, 11.09624095], "rotationOrigin": [4.11316061, -6.85412502, 9.79311657], "stepParentName": "b_FootLowerR", "rotationX": -146.41965316, "rotationY": 27.90521084, "rotationZ": -76.4819858, "group": "leg-kemono3", "faces": {"north": {"texture": "#main", "uv": [8.0, 88.0, 16.0, 92.0], "autoUv": false, "rotation": 180}, "east": {"texture": "#main", "uv": [16.0, 88.0, 22.0, 92.0], "autoUv": false, "rotation": 180}, "south": {"texture": "#main", "uv": [22.0, 88.0, 30.0, 92.0], "autoUv": false, "rotation": 180}, "west": {"texture": "#main", "uv": [2.0, 88.0, 8.0, 92.0], "autoUv": false, "rotation": 180}, "up": {"texture": "#main", "uv": [16.0, 92.0, 22.0, 98.0], "autoUv": false, "rotation": 270}, "down": {"texture": "#main", "uv": [22.0, 88.0, 16.0, 85.0], "autoUv": false, "rotation": 270}}, "children": []}, {"name": "R.008", "from": [2.76269948, 10.77028757, 8.46322285], "to": [6.30160203, 17.85284914, 11.73267729], "rotationOrigin": [4.51979876, 8.47346973, 10.33461761], "stepParentName": "b_FootLowerL", "rotationX": 138.152802, "rotationY": -10.11544186, "rotationZ": -100.43429125, "group": "leg-kemono3", "faces": {"north": {"texture": "#main", "uv": [8.0, 100.0, 16.0, 120.0], "autoUv": false, "rotation": 180}, "east": {"texture": "#main", "uv": [16.0, 100.0, 22.0, 120.0], "autoUv": false, "rotation": 180}, "south": {"texture": "#main", "uv": [22.0, 100.0, 30.0, 120.0], "autoUv": false, "rotation": 180}, "west": {"texture": "#main", "uv": [2.0, 100.0, 8.0, 120.0], "autoUv": false, "rotation": 180}, "up": {"texture": "#main", "uv": [16.0, 120.0, 22.0, 128.0], "autoUv": false, "rotation": 270}, "down": {"texture": "#main", "uv": [22.0, 100.0, 16.0, 92.0], "autoUv": false, "rotation": 270}}, "children": []}, {"name": "R.009", "from": [-0.30671778, 1.63246098, 4.69413431], "to": [3.08615847, 10.90602446, 7.27918274], "rotationOrigin": [1.38971996, 3.63557744, 5.98665857], "stepParentName": "b_FootLowerL", "rotationX": -21.36552328, "rotationY": 120.97853722, "rotationZ": 64.94028433, "group": "leg-kemono3", "faces": {"north": {"texture": "#main", "uv": [8.0, 74.0, 16.0, 92.0], "autoUv": false, "rotation": 180}, "east": {"texture": "#main", "uv": [16.0, 74.0, 22.0, 92.0], "autoUv": false, "rotation": 180}, "south": {"texture": "#main", "uv": [22.0, 74.0, 30.0, 92.0], "autoUv": false, "rotation": 180}, "west": {"texture": "#main", "uv": [2.0, 74.0, 8.0, 92.0], "autoUv": false, "rotation": 180}, "up": {"texture": "#main", "uv": [16.0, 92.0, 22.0, 100.0], "autoUv": false, "rotation": 270}, "down": {"texture": "#main", "uv": [22.0, 74.0, 16.0, 66.0], "autoUv": false, "rotation": 270}}, "children": []}, {"name": "R.010", "from": [2.2156924, 6.71485825, 6.5113871], "to": [5.51404334, 11.79129404, 10.22476287], "rotationOrigin": [3.86486793, 7.17624712, 8.92163849], "stepParentName": "b_FootLowerL", "rotationX": -34.4484484, "rotationY": 151.92363816, "rotationZ": 78.34203072, "group": "leg-kemono3", "faces": {"north": {"texture": "#main", "uv": [8.0, 88.0, 16.0, 92.0], "autoUv": false, "rotation": 180}, "east": {"texture": "#main", "uv": [16.0, 88.0, 22.0, 92.0], "autoUv": false, "rotation": 180}, "south": {"texture": "#main", "uv": [22.0, 88.0, 30.0, 92.0], "autoUv": false, "rotation": 180}, "west": {"texture": "#main", "uv": [2.0, 88.0, 8.0, 92.0], "autoUv": false, "rotation": 180}, "up": {"texture": "#main", "uv": [16.0, 92.0, 22.0, 98.0], "autoUv": false, "rotation": 270}, "down": {"texture": "#main", "uv": [22.0, 88.0, 16.0, 85.0], "autoUv": false, "rotation": 270}}, "children": []}, {"name": "R.011", "from": [0.80864918, 11.44859793, -1.88293446], "to": [4.40856374, 18.53183188, 1.36772513], "rotationOrigin": [2.56574845, 9.15245247, -0.01153969], "stepParentName": "b_FootLowerL", "rotationX": 68.49538413, "rotationY": 1.89040576, "rotationZ": -88.67360709, "group": "leg-kemono3", "faces": {"north": {"texture": "#main", "uv": [8.0, 100.0, 16.0, 120.0], "autoUv": false, "rotation": 180}, "east": {"texture": "#main", "uv": [16.0, 100.0, 22.0, 120.0], "autoUv": false, "rotation": 180}, "south": {"texture": "#main", "uv": [22.0, 100.0, 30.0, 120.0], "autoUv": false, "rotation": 180}, "west": {"texture": "#main", "uv": [2.0, 100.0, 8.0, 120.0], "autoUv": false, "rotation": 180}, "up": {"texture": "#main", "uv": [16.0, 120.0, 22.0, 128.0], "autoUv": false, "rotation": 270}, "down": {"texture": "#main", "uv": [22.0, 100.0, 16.0, 92.0], "autoUv": false, "rotation": 270}}, "children": []}, {"name": "R.012", "from": [-1.49857327, 1.61814795, 1.52598841], "to": [1.89430279, 10.02269125, 4.11103685], "rotationOrigin": [0.19786447, 2.75224423, 2.81851268], "stepParentName": "b_FootLowerL", "rotationX": 65.95864504, "rotationY": 72.96171996, "rotationZ": -91.02599254, "group": "leg-kemono3", "faces": {"north": {"texture": "#main", "uv": [8.0, 74.0, 16.0, 92.0], "autoUv": false, "rotation": 180}, "east": {"texture": "#main", "uv": [16.0, 74.0, 22.0, 92.0], "autoUv": false, "rotation": 180}, "south": {"texture": "#main", "uv": [22.0, 74.0, 30.0, 92.0], "autoUv": false, "rotation": 180}, "west": {"texture": "#main", "uv": [2.0, 74.0, 8.0, 92.0], "autoUv": false, "rotation": 180}, "up": {"texture": "#main", "uv": [16.0, 92.0, 22.0, 100.0], "autoUv": false, "rotation": 270}, "down": {"texture": "#main", "uv": [22.0, 74.0, 16.0, 66.0], "autoUv": false, "rotation": 270}}, "children": []}, {"name": "R.013", "from": [0.67656982, 6.80439015, -1.72097231], "to": [3.97492076, 11.88082594, 1.99240346], "rotationOrigin": [2.32574534, 7.26577902, 0.68927908], "stepParentName": "b_FootLowerL", "rotationX": 67.3972673, "rotationY": 40.73478717, "rotationZ": -88.25049053, "group": "leg-kemono3", "faces": {"north": {"texture": "#main", "uv": [8.0, 88.0, 16.0, 92.0], "autoUv": false, "rotation": 180}, "east": {"texture": "#main", "uv": [16.0, 88.0, 22.0, 92.0], "autoUv": false, "rotation": 180}, "south": {"texture": "#main", "uv": [22.0, 88.0, 30.0, 92.0], "autoUv": false, "rotation": 180}, "west": {"texture": "#main", "uv": [2.0, 88.0, 8.0, 92.0], "autoUv": false, "rotation": 180}, "up": {"texture": "#main", "uv": [16.0, 92.0, 22.0, 98.0], "autoUv": false, "rotation": 270}, "down": {"texture": "#main", "uv": [22.0, 88.0, 16.0, 85.0], "autoUv": false, "rotation": 270}}, "children": []}, {"name": "MeshFootUpperL.001", "from": [-4.3909939, -11.41964668, -0.91600188], "to": [-1.00455883, -5.24662851, 1.43840271], "rotationOrigin": [-2.69777608, -2.45594597, 0.26120037], "stepParentName": "b_FootUpperR", "rotationX": 90.3704788, "rotationY": -6.05553942, "rotationZ": 94.07100699, "group": "leg-kemono3", "faces": {"north": {"texture": "#main", "uv": [32.0, 74.0, 40.0, 92.0], "autoUv": false}, "east": {"texture": "#main", "uv": [54.0, 74.0, 60.0, 92.0], "autoUv": false}, "south": {"texture": "#main", "uv": [46.0, 74.0, 54.0, 92.0], "autoUv": false}, "west": {"texture": "#main", "uv": [40.0, 74.0, 46.0, 92.0], "autoUv": false}, "up": {"texture": "#main", "uv": [40.0, 66.0, 46.0, 74.0], "autoUv": false, "rotation": 90}, "down": {"texture": "#main", "uv": [46.0, 100.0, 40.0, 92.0], "autoUv": false, "rotation": 90}}, "children": []}, {"name": "MeshFootUpperR.001", "from": [-4.31992921, 5.12467231, -0.89540735], "to": [-0.94055872, 11.43643016, 1.45901281], "rotationOrigin": [-2.63024426, 2.46056509, 0.28180277], "stepParentName": "b_FootUpperL", "rotationX": 89.47441945, "rotationY": 6.06299714, "rotationZ": -86.8925533, "group": "leg-kemono3", "faces": {"north": {"texture": "#main", "uv": [8.0, 74.0, 16.0, 92.0], "autoUv": false, "rotation": 180}, "east": {"texture": "#main", "uv": [16.0, 74.0, 22.0, 92.0], "autoUv": false, "rotation": 180}, "south": {"texture": "#main", "uv": [22.0, 74.0, 30.0, 92.0], "autoUv": false, "rotation": 180}, "west": {"texture": "#main", "uv": [2.0, 74.0, 8.0, 92.0], "autoUv": false, "rotation": 180}, "up": {"texture": "#main", "uv": [16.0, 92.0, 22.0, 100.0], "autoUv": false, "rotation": 270}, "down": {"texture": "#main", "uv": [22.0, 74.0, 16.0, 66.0], "autoUv": false, "rotation": 270}}, "children": []}, {"name": "R.001", "from": [1.46857321, 7.76887562, 2.76281153], "to": [5.06848777, 14.85210957, 6.01347112], "rotationOrigin": [3.22567248, 5.47273016, 4.6342063], "stepParentName": "b_FootLowerR", "rotationX": 105.96657373, "rotationY": -5.08253928, "rotationZ": -103.6125422, "group": "leg-kemono3", "faces": {"north": {"texture": "#main", "uv": [8.0, 100.0, 16.0, 120.0], "autoUv": false, "rotation": 180}, "east": {"texture": "#main", "uv": [16.0, 100.0, 22.0, 120.0], "autoUv": false, "rotation": 180}, "south": {"texture": "#main", "uv": [22.0, 100.0, 30.0, 120.0], "autoUv": false, "rotation": 180}, "west": {"texture": "#main", "uv": [2.0, 100.0, 8.0, 120.0], "autoUv": false, "rotation": 180}, "up": {"texture": "#main", "uv": [16.0, 120.0, 22.0, 128.0], "autoUv": false, "rotation": 270}, "down": {"texture": "#main", "uv": [22.0, 100.0, 16.0, 92.0], "autoUv": false, "rotation": 270}}, "children": []}, {"name": "R.014", "from": [-1.50884325, -1.19773966, 2.41782792], "to": [1.88403281, 6.07270813, 5.00287635], "rotationOrigin": [0.18759449, -1.19773889, 3.71035218], "stepParentName": "b_FootLowerR", "rotationX": -44.24415886, "rotationY": 117.7500434, "rotationZ": 54.75401682, "group": "leg-kemono3", "faces": {"north": {"texture": "#main", "uv": [8.0, 74.0, 16.0, 92.0], "autoUv": false, "rotation": 180}, "east": {"texture": "#main", "uv": [16.0, 74.0, 22.0, 92.0], "autoUv": false, "rotation": 180}, "south": {"texture": "#main", "uv": [22.0, 74.0, 30.0, 92.0], "autoUv": false, "rotation": 180}, "west": {"texture": "#main", "uv": [2.0, 74.0, 8.0, 92.0], "autoUv": false, "rotation": 180}, "up": {"texture": "#main", "uv": [16.0, 92.0, 22.0, 100.0], "autoUv": false, "rotation": 270}, "down": {"texture": "#main", "uv": [22.0, 74.0, 16.0, 66.0], "autoUv": false, "rotation": 270}}, "children": []}, {"name": "R.015", "from": [1.09414017, 3.10784097, 1.7216637], "to": [4.39249112, 8.18427676, 5.43503947], "rotationOrigin": [2.7433157, 3.56922984, 4.13191509], "stepParentName": "b_FootLowerR", "rotationX": 116.05813724, "rotationY": 32.57321996, "rotationZ": -106.15223876, "group": "leg-kemono3", "faces": {"north": {"texture": "#main", "uv": [8.0, 88.0, 16.0, 92.0], "autoUv": false, "rotation": 180}, "east": {"texture": "#main", "uv": [16.0, 88.0, 22.0, 92.0], "autoUv": false, "rotation": 180}, "south": {"texture": "#main", "uv": [22.0, 88.0, 30.0, 92.0], "autoUv": false, "rotation": 180}, "west": {"texture": "#main", "uv": [2.0, 88.0, 8.0, 92.0], "autoUv": false, "rotation": 180}, "up": {"texture": "#main", "uv": [16.0, 92.0, 22.0, 98.0], "autoUv": false, "rotation": 270}, "down": {"texture": "#main", "uv": [22.0, 88.0, 16.0, 85.0], "autoUv": false, "rotation": 270}}, "children": []}, {"name": "R.016", "from": [1.74962556, -2.99220716, 3.77922203], "to": [5.32483612, 4.08986344, 6.96844011], "rotationOrigin": [3.50672483, -5.28951597, 5.66941166], "stepParentName": "b_FootLowerL", "rotationX": -105.13842012, "rotationY": -4.86943609, "rotationZ": -74.68611733, "group": "leg-kemono3", "faces": {"north": {"texture": "#main", "uv": [8.0, 100.0, 16.0, 120.0], "autoUv": false, "rotation": 180}, "east": {"texture": "#main", "uv": [16.0, 100.0, 22.0, 120.0], "autoUv": false, "rotation": 180}, "south": {"texture": "#main", "uv": [22.0, 100.0, 30.0, 120.0], "autoUv": false, "rotation": 180}, "west": {"texture": "#main", "uv": [2.0, 100.0, 8.0, 120.0], "autoUv": false, "rotation": 180}, "up": {"texture": "#main", "uv": [16.0, 120.0, 22.0, 128.0], "autoUv": false, "rotation": 270}, "down": {"texture": "#main", "uv": [22.0, 100.0, 16.0, 92.0], "autoUv": false, "rotation": 270}}, "children": []}, {"name": "R.017", "from": [-1.3565084, 1.23585326, 2.97346885], "to": [2.03636766, 8.50630105, 5.55851729], "rotationOrigin": [0.33992934, 1.23585403, 4.26599312], "stepParentName": "b_FootLowerL", "rotationX": -136.19485997, "rotationY": 62.12082322, "rotationZ": -60.79422973, "group": "leg-kemono3", "faces": {"north": {"texture": "#main", "uv": [8.0, 74.0, 16.0, 92.0], "autoUv": false, "rotation": 180}, "east": {"texture": "#main", "uv": [16.0, 74.0, 22.0, 92.0], "autoUv": false, "rotation": 180}, "south": {"texture": "#main", "uv": [22.0, 74.0, 30.0, 92.0], "autoUv": false, "rotation": 180}, "west": {"texture": "#main", "uv": [2.0, 74.0, 8.0, 92.0], "autoUv": false, "rotation": 180}, "up": {"texture": "#main", "uv": [16.0, 92.0, 22.0, 100.0], "autoUv": false, "rotation": 270}, "down": {"texture": "#main", "uv": [22.0, 74.0, 16.0, 66.0], "autoUv": false, "rotation": 270}}, "children": []}, {"name": "R.018", "from": [1.40094054, -3.81838016, 2.85279726], "to": [4.69929148, 1.25805563, 6.56617303], "rotationOrigin": [3.05011606, -3.35699129, 5.26304865], "stepParentName": "b_FootLowerL", "rotationX": -116.46473841, "rotationY": 32.4673452, "rotationZ": -71.82569558, "group": "leg-kemono3", "faces": {"north": {"texture": "#main", "uv": [8.0, 88.0, 16.0, 92.0], "autoUv": false, "rotation": 180}, "east": {"texture": "#main", "uv": [16.0, 88.0, 22.0, 92.0], "autoUv": false, "rotation": 180}, "south": {"texture": "#main", "uv": [22.0, 88.0, 30.0, 92.0], "autoUv": false, "rotation": 180}, "west": {"texture": "#main", "uv": [2.0, 88.0, 8.0, 92.0], "autoUv": false, "rotation": 180}, "up": {"texture": "#main", "uv": [16.0, 92.0, 22.0, 98.0], "autoUv": false, "rotation": 270}, "down": {"texture": "#main", "uv": [22.0, 88.0, 16.0, 85.0], "autoUv": false, "rotation": 270}}, "children": []}, {"name": "R.019", "from": [1.07647431, 4.0455841, -6.34372486], "to": [4.67638887, 11.12881805, -3.09306527], "rotationOrigin": [2.83357358, 1.74943864, -4.47233009], "stepParentName": "b_FootLowerR", "rotationX": 26.35220341, "rotationY": -0.04390119, "rotationZ": -90.45062423, "group": "leg-kemono3", "faces": {"north": {"texture": "#main", "uv": [8.0, 100.0, 16.0, 120.0], "autoUv": false, "rotation": 180}, "east": {"texture": "#main", "uv": [16.0, 100.0, 22.0, 120.0], "autoUv": false, "rotation": 180}, "south": {"texture": "#main", "uv": [22.0, 100.0, 30.0, 120.0], "autoUv": false, "rotation": 180}, "west": {"texture": "#main", "uv": [2.0, 100.0, 8.0, 120.0], "autoUv": false, "rotation": 180}, "up": {"texture": "#main", "uv": [16.0, 120.0, 22.0, 128.0], "autoUv": false, "rotation": 270}, "down": {"texture": "#main", "uv": [22.0, 100.0, 16.0, 92.0], "autoUv": false, "rotation": 270}}, "children": []}, {"name": "R.020", "from": [-1.45523202, -0.98790735, 0.58847458], "to": [1.93764404, 6.28254045, 3.17352302], "rotationOrigin": [0.24120572, -0.98790658, 1.88099885], "stepParentName": "b_FootLowerR", "rotationX": 29.2376322, "rotationY": 71.02015673, "rotationZ": -96.7564188, "group": "leg-kemono3", "faces": {"north": {"texture": "#main", "uv": [8.0, 74.0, 16.0, 92.0], "autoUv": false, "rotation": 180}, "east": {"texture": "#main", "uv": [16.0, 74.0, 22.0, 92.0], "autoUv": false, "rotation": 180}, "south": {"texture": "#main", "uv": [22.0, 74.0, 30.0, 92.0], "autoUv": false, "rotation": 180}, "west": {"texture": "#main", "uv": [2.0, 74.0, 8.0, 92.0], "autoUv": false, "rotation": 180}, "up": {"texture": "#main", "uv": [16.0, 92.0, 22.0, 100.0], "autoUv": false, "rotation": 270}, "down": {"texture": "#main", "uv": [22.0, 74.0, 16.0, 66.0], "autoUv": false, "rotation": 270}}, "children": []}, {"name": "R.021", "from": [0.87554085, 0.37201239, -5.10108734], "to": [4.1738918, 5.44844818, -1.38771157], "rotationOrigin": [2.52471638, 0.83340126, -2.69083595], "stepParentName": "b_FootLowerR", "rotationX": 26.71517333, "rotationY": 38.81203769, "rotationZ": -90.57853319, "group": "leg-kemono3", "faces": {"north": {"texture": "#main", "uv": [8.0, 88.0, 16.0, 92.0], "autoUv": false, "rotation": 180}, "east": {"texture": "#main", "uv": [16.0, 88.0, 22.0, 92.0], "autoUv": false, "rotation": 180}, "south": {"texture": "#main", "uv": [22.0, 88.0, 30.0, 92.0], "autoUv": false, "rotation": 180}, "west": {"texture": "#main", "uv": [2.0, 88.0, 8.0, 92.0], "autoUv": false, "rotation": 180}, "up": {"texture": "#main", "uv": [16.0, 92.0, 22.0, 98.0], "autoUv": false, "rotation": 270}, "down": {"texture": "#main", "uv": [22.0, 88.0, 16.0, 85.0], "autoUv": false, "rotation": 270}}, "children": []}, {"name": "R.022", "from": [1.07978451, 0.41280259, -5.36102722], "to": [4.65499507, 7.49487318, -2.17180915], "rotationOrigin": [2.83688378, -1.88450623, -3.47083759], "stepParentName": "b_FootLowerL", "rotationX": -25.50039003, "rotationY": -0.02505307, "rotationZ": -87.9193493, "group": "leg-kemono3", "faces": {"north": {"texture": "#main", "uv": [8.0, 100.0, 16.0, 120.0], "autoUv": false, "rotation": 180}, "east": {"texture": "#main", "uv": [16.0, 100.0, 22.0, 120.0], "autoUv": false, "rotation": 180}, "south": {"texture": "#main", "uv": [22.0, 100.0, 30.0, 120.0], "autoUv": false, "rotation": 180}, "west": {"texture": "#main", "uv": [2.0, 100.0, 8.0, 120.0], "autoUv": false, "rotation": 180}, "up": {"texture": "#main", "uv": [16.0, 120.0, 22.0, 128.0], "autoUv": false, "rotation": 270}, "down": {"texture": "#main", "uv": [22.0, 100.0, 16.0, 92.0], "autoUv": false, "rotation": 270}}, "children": []}, {"name": "R.023", "from": [-1.46333873, 1.31796545, 1.36383922], "to": [1.92953733, 8.58841324, 3.94888766], "rotationOrigin": [0.23309901, 1.31796622, 2.65636349], "stepParentName": "b_FootLowerL", "rotationX": -29.97994057, "rotationY": 71.00372329, "rotationZ": -88.9702422, "group": "leg-kemono3", "faces": {"north": {"texture": "#main", "uv": [8.0, 74.0, 16.0, 92.0], "autoUv": false, "rotation": 180}, "east": {"texture": "#main", "uv": [16.0, 74.0, 22.0, 92.0], "autoUv": false, "rotation": 180}, "south": {"texture": "#main", "uv": [22.0, 74.0, 30.0, 92.0], "autoUv": false, "rotation": 180}, "west": {"texture": "#main", "uv": [2.0, 74.0, 8.0, 92.0], "autoUv": false, "rotation": 180}, "up": {"texture": "#main", "uv": [16.0, 92.0, 22.0, 100.0], "autoUv": false, "rotation": 270}, "down": {"texture": "#main", "uv": [22.0, 74.0, 16.0, 66.0], "autoUv": false, "rotation": 270}}, "children": []}, {"name": "R.024", "from": [0.88113892, -1.52289908, -4.05436398], "to": [4.17948986, 3.55353671, -0.34098821], "rotationOrigin": [2.53031445, -1.06151021, -1.64411259], "stepParentName": "b_FootLowerL", "rotationX": -27.17547514, "rotationY": 38.80190169, "rotationZ": -87.32952831, "group": "leg-kemono3", "faces": {"north": {"texture": "#main", "uv": [8.0, 88.0, 16.0, 92.0], "autoUv": false, "rotation": 180}, "east": {"texture": "#main", "uv": [16.0, 88.0, 22.0, 92.0], "autoUv": false, "rotation": 180}, "south": {"texture": "#main", "uv": [22.0, 88.0, 30.0, 92.0], "autoUv": false, "rotation": 180}, "west": {"texture": "#main", "uv": [2.0, 88.0, 8.0, 92.0], "autoUv": false, "rotation": 180}, "up": {"texture": "#main", "uv": [16.0, 92.0, 22.0, 98.0], "autoUv": false, "rotation": 270}, "down": {"texture": "#main", "uv": [22.0, 88.0, 16.0, 85.0], "autoUv": false, "rotation": 270}}, "children": []}], "groups": []}