{"textureWidth": 32, "textureHeight": 32, "textures": {"vinylscratchglasses": "kemono:entity/horse/clothing/vinylscratchglasses"}, "textureSizes": {"vinylscratchglasses": [32, 32]}, "elements": [{"name": "vinylscratchglasses", "from": [2.07831264, 1.21250844, -3.4000001], "to": [2.94338822, 4.61250854, 3.4000001], "rotationOrigin": [3.07831264, 2.91250849, -0.0], "stepParentName": "b_Head", "rotationX": -0.0, "rotationY": 0.0, "rotationZ": -90.00000933, "group": "face-vinylscratchglasses", "faces": {"north": {"texture": "#vinylscratchglasses", "uv": [1.0, 29.0, 3.0, 31.0], "autoUv": false}, "east": {"texture": "#vinylscratchglasses", "uv": [1.0, 29.0, 3.0, 31.0], "autoUv": false}, "south": {"texture": "#vinylscratchglasses", "uv": [1.0, 29.0, 3.0, 31.0], "autoUv": false}, "west": {"texture": "#vinylscratchglasses", "uv": [-0.0, 0.0, 32.0, 18.0], "autoUv": false}, "up": {"texture": "#vinylscratchglasses", "uv": [1.0, 29.0, 3.0, 31.0], "autoUv": false, "rotation": 90}, "down": {"texture": "#vinylscratchglasses", "uv": [3.0, 31.0, 1.0, 29.0], "autoUv": false, "rotation": 270}}, "children": []}], "groups": []}