{"textureWidth": 32, "textureHeight": 32, "textures": {"blackcollar": "kemono:entity/horse/clothing/blackcollar"}, "textureSizes": {"blackcollar": [32, 32]}, "elements": [{"name": "earringblackright", "from": [5.42045152, -3.00885987, -4.14941359], "to": [6.71003401, -2.51326823, -2.84091759], "rotationOrigin": [6.06524277, -2.76106405, -3.49516559], "stepParentName": "b_Head", "rotationX": -48.95339671, "rotationY": -126.7547599, "rotationZ": 81.35613856, "group": "face-earringblackright", "faces": {"north": {"texture": "#blackcollar", "uv": [1.0, 29.0, 7.0, 31.0], "autoUv": false}, "east": {"texture": "#blackcollar", "uv": [19.0, 29.0, 25.0, 31.0], "autoUv": false}, "south": {"texture": "#blackcollar", "uv": [13.0, 29.0, 19.0, 31.0], "autoUv": false}, "west": {"texture": "#blackcollar", "uv": [7.0, 29.0, 13.0, 31.0], "autoUv": false}, "up": {"texture": "#blackcollar", "uv": [27.0, 29.0, 29.0, 31.0], "autoUv": false, "rotation": 90}, "down": {"texture": "#blackcollar", "uv": [29.0, 31.0, 27.0, 29.0], "autoUv": false, "rotation": 270}}, "children": []}, {"name": "earringblackright.001", "from": [4.72423303, -2.73603296, -3.74421406], "to": [6.01381552, -2.24044132, -2.43571806], "rotationOrigin": [5.36902428, -2.48823714, -3.08996606], "stepParentName": "b_Head", "rotationX": -48.95342744, "rotationY": -126.7547599, "rotationZ": 82.64376582, "group": "face-earringblackright", "faces": {"north": {"texture": "#blackcollar", "uv": [1.0, 29.0, 7.0, 31.0], "autoUv": false}, "east": {"texture": "#blackcollar", "uv": [19.0, 29.0, 25.0, 31.0], "autoUv": false}, "south": {"texture": "#blackcollar", "uv": [13.0, 29.0, 19.0, 31.0], "autoUv": false}, "west": {"texture": "#blackcollar", "uv": [7.0, 29.0, 13.0, 31.0], "autoUv": false}, "up": {"texture": "#blackcollar", "uv": [27.0, 29.0, 29.0, 31.0], "autoUv": false, "rotation": 90}, "down": {"texture": "#blackcollar", "uv": [29.0, 31.0, 27.0, 29.0], "autoUv": false, "rotation": 270}}, "children": []}], "groups": []}