{"textureWidth": 32, "textureHeight": 32, "textures": {"blackcollar": "kemono:entity/horse/clothing/blackcollar"}, "textureSizes": {"blackcollar": [32, 32]}, "elements": [{"name": "earringblackleft", "from": [5.45850313, -2.96172976, 2.73635387], "to": [6.74808562, -2.46613812, 4.04484987], "rotationOrigin": [6.10329437, -2.71393394, 3.39060187], "stepParentName": "b_Head", "rotationX": 50.87293941, "rotationY": -45.14578139, "rotationZ": -72.20733923, "group": "face-earringblackleft", "faces": {"north": {"texture": "#blackcollar", "uv": [1.0, 29.0, 7.0, 31.0], "autoUv": false}, "east": {"texture": "#blackcollar", "uv": [19.0, 29.0, 25.0, 31.0], "autoUv": false}, "south": {"texture": "#blackcollar", "uv": [13.0, 29.0, 19.0, 31.0], "autoUv": false}, "west": {"texture": "#blackcollar", "uv": [7.0, 29.0, 13.0, 31.0], "autoUv": false}, "up": {"texture": "#blackcollar", "uv": [27.0, 29.0, 29.0, 31.0], "autoUv": false, "rotation": 90}, "down": {"texture": "#blackcollar", "uv": [29.0, 31.0, 27.0, 29.0], "autoUv": false, "rotation": 270}}, "children": []}, {"name": "earringblackleft.001", "from": [4.65889108, -2.68257618, 2.30692458], "to": [5.94847357, -2.18698454, 3.61542058], "rotationOrigin": [5.30368233, -2.43478036, 2.96117258], "stepParentName": "b_Head", "rotationX": 50.87295307, "rotationY": -45.14578481, "rotationZ": -75.89680934, "group": "face-earringblackleft", "faces": {"north": {"texture": "#blackcollar", "uv": [1.0, 29.0, 7.0, 31.0], "autoUv": false}, "east": {"texture": "#blackcollar", "uv": [19.0, 29.0, 25.0, 31.0], "autoUv": false}, "south": {"texture": "#blackcollar", "uv": [13.0, 29.0, 19.0, 31.0], "autoUv": false}, "west": {"texture": "#blackcollar", "uv": [7.0, 29.0, 13.0, 31.0], "autoUv": false}, "up": {"texture": "#blackcollar", "uv": [27.0, 29.0, 29.0, 31.0], "autoUv": false, "rotation": 90}, "down": {"texture": "#blackcollar", "uv": [29.0, 31.0, 27.0, 29.0], "autoUv": false, "rotation": 270}}, "children": []}], "groups": []}