{"textureWidth": 32, "textureHeight": 32, "textures": {"cowboyhat": "kemono:entity/horse/clothing/cowboyhat"}, "textureSizes": {"cowboyhat": [32, 32]}, "elements": [{"name": "sl.008", "from": [3.73282361, -2.22161639, -2.2152673], "to": [11.8883667, -0.58606046, 2.74668646], "rotationOrigin": [6.66205168, -1.40383852, 1.13818085], "stepParentName": "b_Head", "rotationX": 90.0000025, "rotationY": -15.4964715, "rotationZ": -90.0000025, "group": "cbtop.001", "faces": {"north": {"texture": "#cowboyhat", "uv": [4.0, 2.0, 2.0, 4.0], "autoUv": false, "rotation": 90}, "east": {"texture": "#cowboyhat", "uv": [2.0, 2.0, 4.0, 4.0], "autoUv": false, "rotation": 270}, "south": {"texture": "#cowboyhat", "uv": [4.0, 2.0, 2.0, 4.0], "autoUv": false, "rotation": 90}, "west": {"texture": "#cowboyhat", "uv": [2.0, 2.0, 4.0, 4.0], "autoUv": false, "rotation": 270}, "up": {"texture": "#cowboyhat", "uv": [4.0, 2.0, 2.0, 4.0], "autoUv": false, "rotation": 180}, "down": {"texture": "#cowboyhat", "uv": [2.0, 4.0, 4.0, 2.0], "autoUv": false}}, "children": []}, {"name": "sl.012", "from": [3.84004521, -2.72564042, -0.19425154], "to": [11.99558878, -0.29457963, 4.76770079], "rotationOrigin": [7.04534674, -1.51011014, 1.13818085], "stepParentName": "b_Head", "rotationX": -179.99993671, "rotationY": 4.1e-06, "rotationZ": -74.50352588, "group": "cbtop.001", "faces": {"north": {"texture": "#cowboyhat", "uv": [2.0, 2.0, 4.0, 4.0], "autoUv": false, "rotation": 270}, "east": {"texture": "#cowboyhat", "uv": [4.0, 2.0, 2.0, 4.0], "autoUv": false, "rotation": 90}, "south": {"texture": "#cowboyhat", "uv": [2.0, 2.0, 4.0, 4.0], "autoUv": false, "rotation": 270}, "west": {"texture": "#cowboyhat", "uv": [4.0, 2.0, 2.0, 4.0], "autoUv": false, "rotation": 90}, "up": {"texture": "#cowboyhat", "uv": [4.0, 2.0, 2.0, 4.0], "autoUv": false, "rotation": 270}, "down": {"texture": "#cowboyhat", "uv": [2.0, 4.0, 4.0, 2.0], "autoUv": false, "rotation": 270}}, "children": []}, {"name": "sl.013", "from": [9.94485497, -5.023785, -5.55322504], "to": [12.47497892, -2.5927242, -3.29501438], "rotationOrigin": [6.40816879, -3.80825472, -1.2466588], "stepParentName": "b_Head", "rotationX": 136.06061944, "rotationY": -10.89000068, "rotationZ": -78.90778212, "group": "cbtop.001", "faces": {"north": {"texture": "#cowboyhat", "uv": [4.0, 2.0, 2.0, 4.0], "autoUv": false, "rotation": 90}, "east": {"texture": "#cowboyhat", "uv": [2.0, 2.0, 4.0, 4.0], "autoUv": false, "rotation": 270}, "south": {"texture": "#cowboyhat", "uv": [4.0, 2.0, 2.0, 4.0], "autoUv": false, "rotation": 90}, "west": {"texture": "#cowboyhat", "uv": [2.0, 2.0, 4.0, 4.0], "autoUv": false, "rotation": 270}, "up": {"texture": "#cowboyhat", "uv": [4.0, 2.0, 2.0, 4.0], "autoUv": false, "rotation": 180}, "down": {"texture": "#cowboyhat", "uv": [2.0, 4.0, 4.0, 2.0], "autoUv": false}}, "children": []}, {"name": "sl.014", "from": [3.24000311, -0.42749751, -0.43216419], "to": [5.77012718, 2.00356328, 1.82604575], "rotationOrigin": [7.68252516, 0.78803277, -1.24665928], "stepParentName": "b_Head", "rotationX": 43.93941289, "rotationY": -10.89000153, "rotationZ": -101.09222972, "group": "cbtop.001", "faces": {"north": {"texture": "#cowboyhat", "uv": [4.0, 2.0, 2.0, 4.0], "autoUv": false, "rotation": 90}, "east": {"texture": "#cowboyhat", "uv": [2.0, 2.0, 4.0, 4.0], "autoUv": false, "rotation": 270}, "south": {"texture": "#cowboyhat", "uv": [4.0, 2.0, 2.0, 4.0], "autoUv": false, "rotation": 90}, "west": {"texture": "#cowboyhat", "uv": [2.0, 2.0, 4.0, 4.0], "autoUv": false, "rotation": 270}, "up": {"texture": "#cowboyhat", "uv": [4.0, 2.0, 2.0, 4.0], "autoUv": false, "rotation": 180}, "down": {"texture": "#cowboyhat", "uv": [2.0, 4.0, 4.0, 2.0], "autoUv": false}}, "children": []}, {"name": "sl.015", "from": [8.66485274, -6.88542652, -1.11592591], "to": [12.09751797, -1.92347455, 1.13122106], "rotationOrigin": [9.79258156, -4.40444994, -0.0103631], "stepParentName": "b_Head", "rotationX": -90.0015393, "rotationY": -89.13826486, "rotationZ": -0.00158777, "group": "cbtop.001", "faces": {"north": {"texture": "#cowboyhat", "uv": [4.0, 2.0, 2.0, 4.0], "autoUv": false, "rotation": 180}, "east": {"texture": "#cowboyhat", "uv": [2.0, 2.0, 4.0, 4.0], "autoUv": false}, "south": {"texture": "#cowboyhat", "uv": [4.0, 2.0, 2.0, 4.0], "autoUv": false, "rotation": 180}, "west": {"texture": "#cowboyhat", "uv": [2.0, 2.0, 4.0, 4.0], "autoUv": false, "rotation": 180}, "up": {"texture": "#cowboyhat", "uv": [4.0, 2.0, 2.0, 4.0], "autoUv": false, "rotation": 90}, "down": {"texture": "#cowboyhat", "uv": [2.0, 4.0, 4.0, 2.0], "autoUv": false, "rotation": 270}}, "children": []}, {"name": "sl.018", "from": [5.64832067, -2.9104718, 5.47855079], "to": [8.13105965, -1.58854651, 10.44050264], "rotationOrigin": [8.85362244, -2.2495091, 3.9745822], "stepParentName": "b_Head", "rotationX": -179.99993671, "rotationY": 4.1e-06, "rotationZ": -74.50352588, "group": "cbtop.001", "faces": {"north": {"texture": "#cowboyhat", "uv": [2.0, 2.0, 4.0, 4.0], "autoUv": false, "rotation": 270}, "east": {"texture": "#cowboyhat", "uv": [4.0, 2.0, 2.0, 4.0], "autoUv": false, "rotation": 90}, "south": {"texture": "#cowboyhat", "uv": [2.0, 2.0, 4.0, 4.0], "autoUv": false, "rotation": 270}, "west": {"texture": "#cowboyhat", "uv": [4.0, 2.0, 2.0, 4.0], "autoUv": false, "rotation": 90}, "up": {"texture": "#cowboyhat", "uv": [4.0, 2.0, 2.0, 4.0], "autoUv": false, "rotation": 270}, "down": {"texture": "#cowboyhat", "uv": [2.0, 4.0, 4.0, 2.0], "autoUv": false, "rotation": 270}}, "children": []}, {"name": "sl.019", "from": [8.01315069, -0.14214164, -0.50637937], "to": [13.43815994, 2.34059691, 3.55248976], "rotationOrigin": [9.39976788, 0.17006135, 1.13818169], "stepParentName": "b_Head", "rotationX": -32.82310585, "rotationY": -62.91017452, "rotationZ": -125.92374444, "group": "cbtop.001", "faces": {"north": {"texture": "#cowboyhat", "uv": [4.0, 2.0, 2.0, 4.0], "autoUv": false, "rotation": 180}, "east": {"texture": "#cowboyhat", "uv": [2.0, 2.0, 4.0, 4.0], "autoUv": false}, "south": {"texture": "#cowboyhat", "uv": [4.0, 2.0, 2.0, 4.0], "autoUv": false, "rotation": 180}, "west": {"texture": "#cowboyhat", "uv": [2.0, 2.0, 4.0, 4.0], "autoUv": false, "rotation": 180}, "up": {"texture": "#cowboyhat", "uv": [4.0, 2.0, 2.0, 4.0], "autoUv": false, "rotation": 90}, "down": {"texture": "#cowboyhat", "uv": [2.0, 4.0, 4.0, 2.0], "autoUv": false, "rotation": 270}}, "children": []}, {"name": "sl.020", "from": [8.19398975, -2.79080141, 0.54360074], "to": [13.15594387, -0.30806279, 1.52197111], "rotationOrigin": [10.54794502, -1.44403625, 1.13818157], "stepParentName": "b_Head", "rotationX": -14.95881267, "rotationY": -42.95324969, "rotationZ": -111.41026182, "group": "cbtop.001", "faces": {"north": {"texture": "#cowboyhat", "uv": [4.0, 2.0, 2.0, 4.0], "autoUv": false, "rotation": 180}, "east": {"texture": "#cowboyhat", "uv": [2.0, 2.0, 4.0, 4.0], "autoUv": false}, "south": {"texture": "#cowboyhat", "uv": [4.0, 2.0, 2.0, 4.0], "autoUv": false, "rotation": 180}, "west": {"texture": "#cowboyhat", "uv": [2.0, 2.0, 4.0, 4.0], "autoUv": false, "rotation": 180}, "up": {"texture": "#cowboyhat", "uv": [4.0, 2.0, 2.0, 4.0], "autoUv": false, "rotation": 90}, "down": {"texture": "#cowboyhat", "uv": [2.0, 4.0, 4.0, 2.0], "autoUv": false, "rotation": 270}}, "children": []}, {"name": "sl.021", "from": [9.48191476, -1.05622917, 1.21605446], "to": [14.90692592, 0.05874085, 2.29102278], "rotationOrigin": [11.26128769, -0.75363398, 1.13818145], "stepParentName": "b_Head", "rotationX": -6.31516772, "rotationY": -21.63989027, "rotationZ": -106.70462348, "group": "cbtop.001", "faces": {"north": {"texture": "#cowboyhat", "uv": [4.0, 2.0, 2.0, 4.0], "autoUv": false, "rotation": 180}, "east": {"texture": "#cowboyhat", "uv": [2.0, 2.0, 4.0, 4.0], "autoUv": false}, "south": {"texture": "#cowboyhat", "uv": [4.0, 2.0, 2.0, 4.0], "autoUv": false, "rotation": 180}, "west": {"texture": "#cowboyhat", "uv": [2.0, 2.0, 4.0, 4.0], "autoUv": false, "rotation": 180}, "up": {"texture": "#cowboyhat", "uv": [4.0, 2.0, 2.0, 4.0], "autoUv": false, "rotation": 90}, "down": {"texture": "#cowboyhat", "uv": [2.0, 4.0, 4.0, 2.0], "autoUv": false, "rotation": 270}}, "children": []}, {"name": "sl.024", "from": [9.01226515, -8.92356348, -2.15518439], "to": [14.43727398, -6.44082475, 1.90368539], "rotationOrigin": [8.06868935, -4.63079739, 1.13818133], "stepParentName": "b_Head", "rotationX": 32.8231844, "rotationY": 62.91016769, "rotationZ": 54.07627423, "group": "cbtop.001", "faces": {"north": {"texture": "#cowboyhat", "uv": [2.0, 2.0, 4.0, 4.0], "autoUv": false}, "east": {"texture": "#cowboyhat", "uv": [4.0, 2.0, 2.0, 4.0], "autoUv": false}, "south": {"texture": "#cowboyhat", "uv": [2.0, 2.0, 4.0, 4.0], "autoUv": false}, "west": {"texture": "#cowboyhat", "uv": [4.0, 2.0, 2.0, 4.0], "autoUv": false, "rotation": 180}, "up": {"texture": "#cowboyhat", "uv": [2.0, 2.0, 4.0, 4.0], "autoUv": false, "rotation": 90}, "down": {"texture": "#cowboyhat", "uv": [4.0, 4.0, 2.0, 2.0], "autoUv": false, "rotation": 270}}, "children": []}, {"name": "sl.025", "from": [4.87391233, -3.4773882, -0.86989903], "to": [10.61143804, -0.99464941, 0.10847187], "rotationOrigin": [9.9072361, -3.75491261, 1.13818169], "stepParentName": "b_Head", "rotationX": 14.95885707, "rotationY": 42.9532292, "rotationZ": -111.41027548, "group": "cbtop.001", "faces": {"north": {"texture": "#cowboyhat", "uv": [4.0, 2.0, 2.0, 4.0], "autoUv": false, "rotation": 180}, "east": {"texture": "#cowboyhat", "uv": [2.0, 2.0, 4.0, 4.0], "autoUv": false}, "south": {"texture": "#cowboyhat", "uv": [4.0, 2.0, 2.0, 4.0], "autoUv": false, "rotation": 180}, "west": {"texture": "#cowboyhat", "uv": [2.0, 2.0, 4.0, 4.0], "autoUv": false, "rotation": 180}, "up": {"texture": "#cowboyhat", "uv": [4.0, 2.0, 2.0, 4.0], "autoUv": false, "rotation": 90}, "down": {"texture": "#cowboyhat", "uv": [2.0, 4.0, 4.0, 2.0], "autoUv": false, "rotation": 270}}, "children": []}, {"name": "sl.026", "from": [10.69090527, -4.22107482, 3.33828568], "to": [16.11591578, -3.10610497, 4.41325402], "rotationOrigin": [10.14008331, -4.7975359, 1.13818121], "stepParentName": "b_Head", "rotationX": -173.6848121, "rotationY": -21.63985954, "rotationZ": -73.2953747, "group": "cbtop.001", "faces": {"north": {"texture": "#cowboyhat", "uv": [2.0, 2.0, 4.0, 4.0], "autoUv": false}, "east": {"texture": "#cowboyhat", "uv": [4.0, 2.0, 2.0, 4.0], "autoUv": false}, "south": {"texture": "#cowboyhat", "uv": [2.0, 2.0, 4.0, 4.0], "autoUv": false}, "west": {"texture": "#cowboyhat", "uv": [4.0, 2.0, 2.0, 4.0], "autoUv": false, "rotation": 180}, "up": {"texture": "#cowboyhat", "uv": [2.0, 2.0, 4.0, 4.0], "autoUv": false, "rotation": 90}, "down": {"texture": "#cowboyhat", "uv": [4.0, 4.0, 2.0, 2.0], "autoUv": false, "rotation": 270}}, "children": []}, {"name": "sl.044", "from": [9.31238818, -2.6828177, -1.98702711], "to": [15.40788889, 1.5578407, 2.0207271], "rotationOrigin": [10.94572735, 0.13575125, -0.08395463], "stepParentName": "b_Head", "rotationX": -0.0, "rotationY": 0.0, "rotationZ": -122.48243559, "group": "cbtop.001", "faces": {"north": {"texture": "#cowboyhat", "uv": [4.0, 2.0, 2.0, 4.0], "autoUv": false, "rotation": 180}, "east": {"texture": "#cowboyhat", "uv": [2.0, 2.0, 4.0, 4.0], "autoUv": false}, "south": {"texture": "#cowboyhat", "uv": [4.0, 2.0, 2.0, 4.0], "autoUv": false, "rotation": 180}, "west": {"texture": "#cowboyhat", "uv": [2.0, 2.0, 4.0, 4.0], "autoUv": false, "rotation": 180}, "up": {"texture": "#cowboyhat", "uv": [4.0, 2.0, 2.0, 4.0], "autoUv": false, "rotation": 90}, "down": {"texture": "#cowboyhat", "uv": [2.0, 4.0, 4.0, 2.0], "autoUv": false, "rotation": 270}}, "children": []}, {"name": "sl.045", "from": [8.25542486, -0.85137296, -1.17397118], "to": [10.78554869, 2.00993848, 0.88423967], "rotationOrigin": [7.57688665, 0.57928276, 3.5230217], "stepParentName": "b_Head", "rotationX": -43.93935825, "rotationY": 10.88999812, "rotationZ": -101.09222972, "group": "cbtop.001", "faces": {"north": {"texture": "#cowboyhat", "uv": [4.0, 2.0, 2.0, 4.0], "autoUv": false, "rotation": 90}, "east": {"texture": "#cowboyhat", "uv": [2.0, 2.0, 4.0, 4.0], "autoUv": false, "rotation": 270}, "south": {"texture": "#cowboyhat", "uv": [4.0, 2.0, 2.0, 4.0], "autoUv": false, "rotation": 90}, "west": {"texture": "#cowboyhat", "uv": [2.0, 2.0, 4.0, 4.0], "autoUv": false, "rotation": 270}, "up": {"texture": "#cowboyhat", "uv": [4.0, 2.0, 2.0, 4.0], "autoUv": false, "rotation": 180}, "down": {"texture": "#cowboyhat", "uv": [2.0, 4.0, 4.0, 2.0], "autoUv": false}}, "children": []}, {"name": "sl.047", "from": [1.46957541, -5.44766009, 7.19566011], "to": [3.99970078, -2.58634877, 9.25387096], "rotationOrigin": [6.30252647, -4.01700449, 3.52302074], "stepParentName": "b_Head", "rotationX": -136.06053747, "rotationY": 10.89000324, "rotationZ": -78.90778212, "group": "cbtop.001", "faces": {"north": {"texture": "#cowboyhat", "uv": [4.0, 2.0, 2.0, 4.0], "autoUv": false, "rotation": 90}, "east": {"texture": "#cowboyhat", "uv": [2.0, 2.0, 4.0, 4.0], "autoUv": false, "rotation": 270}, "south": {"texture": "#cowboyhat", "uv": [4.0, 2.0, 2.0, 4.0], "autoUv": false, "rotation": 90}, "west": {"texture": "#cowboyhat", "uv": [2.0, 2.0, 4.0, 4.0], "autoUv": false, "rotation": 270}, "up": {"texture": "#cowboyhat", "uv": [4.0, 2.0, 2.0, 4.0], "autoUv": false, "rotation": 180}, "down": {"texture": "#cowboyhat", "uv": [2.0, 4.0, 4.0, 2.0], "autoUv": false}}, "children": []}, {"name": "sl.027", "from": [7.23052621, -5.05361879, 0.7976315], "to": [9.76065028, -2.19230711, 2.61264634], "rotationOrigin": [8.4955883, -3.62296295, 1.70513892], "stepParentName": "b_Head", "rotationX": -52.54898246, "rotationY": 21.01232908, "rotationZ": -72.53000419, "group": "cbtop.001", "faces": {"north": {"texture": "#cowboyhat", "uv": [4.0, 2.0, 2.0, 4.0], "autoUv": false, "rotation": 90}, "east": {"texture": "#cowboyhat", "uv": [2.0, 2.0, 4.0, 4.0], "autoUv": false, "rotation": 270}, "south": {"texture": "#cowboyhat", "uv": [4.0, 2.0, 2.0, 4.0], "autoUv": false, "rotation": 90}, "west": {"texture": "#cowboyhat", "uv": [2.0, 2.0, 4.0, 4.0], "autoUv": false, "rotation": 270}, "up": {"texture": "#cowboyhat", "uv": [4.0, 2.0, 2.0, 4.0], "autoUv": false, "rotation": 180}, "down": {"texture": "#cowboyhat", "uv": [2.0, 4.0, 4.0, 2.0], "autoUv": false}}, "children": []}, {"name": "sl.087", "from": [7.23052621, -5.05361879, -2.61264634], "to": [9.76065028, -2.19230711, -0.7976315], "rotationOrigin": [8.4955883, -3.62296295, -1.70513892], "stepParentName": "b_Head", "rotationX": 52.54896538, "rotationY": -21.01233249, "rotationZ": -72.53002468, "group": "cbtop.001", "faces": {"north": {"texture": "#cowboyhat", "uv": [4.0, 2.0, 2.0, 4.0], "autoUv": false, "rotation": 90}, "east": {"texture": "#cowboyhat", "uv": [2.0, 2.0, 4.0, 4.0], "autoUv": false, "rotation": 270}, "south": {"texture": "#cowboyhat", "uv": [4.0, 2.0, 2.0, 4.0], "autoUv": false, "rotation": 90}, "west": {"texture": "#cowboyhat", "uv": [2.0, 2.0, 4.0, 4.0], "autoUv": false, "rotation": 270}, "up": {"texture": "#cowboyhat", "uv": [4.0, 2.0, 2.0, 4.0], "autoUv": false}, "down": {"texture": "#cowboyhat", "uv": [2.0, 4.0, 4.0, 2.0], "autoUv": false, "rotation": 180}}, "children": []}, {"name": "sl.088", "from": [8.94099808, -0.18737733, 1.25316602], "to": [10.90406978, 2.53739107, 2.70840591], "rotationOrigin": [9.92253399, 1.17500687, 1.98078597], "stepParentName": "b_Head", "rotationX": -42.37768331, "rotationY": 35.57233895, "rotationZ": -101.32166943, "group": "cbtop.001", "faces": {"north": {"texture": "#cowboyhat", "uv": [4.0, 2.0, 2.0, 4.0], "autoUv": false, "rotation": 90}, "east": {"texture": "#cowboyhat", "uv": [2.0, 2.0, 4.0, 4.0], "autoUv": false, "rotation": 270}, "south": {"texture": "#cowboyhat", "uv": [4.0, 2.0, 2.0, 4.0], "autoUv": false, "rotation": 90}, "west": {"texture": "#cowboyhat", "uv": [2.0, 2.0, 4.0, 4.0], "autoUv": false, "rotation": 270}, "up": {"texture": "#cowboyhat", "uv": [4.0, 2.0, 2.0, 4.0], "autoUv": false, "rotation": 180}, "down": {"texture": "#cowboyhat", "uv": [2.0, 4.0, 4.0, 2.0], "autoUv": false}}, "children": []}, {"name": "sl.089", "from": [8.94099808, -0.18737733, -2.70840591], "to": [10.90406978, 2.53739107, -1.25316602], "rotationOrigin": [9.92253399, 1.17500687, -1.98078597], "stepParentName": "b_Head", "rotationX": 42.37770721, "rotationY": -35.5723492, "rotationZ": -101.32167626, "group": "cbtop.001", "faces": {"north": {"texture": "#cowboyhat", "uv": [2.0, 2.0, 4.0, 4.0], "autoUv": false, "rotation": 270}, "east": {"texture": "#cowboyhat", "uv": [4.0, 2.0, 2.0, 4.0], "autoUv": false, "rotation": 90}, "south": {"texture": "#cowboyhat", "uv": [2.0, 2.0, 4.0, 4.0], "autoUv": false, "rotation": 270}, "west": {"texture": "#cowboyhat", "uv": [4.0, 2.0, 2.0, 4.0], "autoUv": false, "rotation": 90}, "up": {"texture": "#cowboyhat", "uv": [2.0, 2.0, 4.0, 4.0], "autoUv": false}, "down": {"texture": "#cowboyhat", "uv": [4.0, 4.0, 2.0, 2.0], "autoUv": false, "rotation": 180}}, "children": []}, {"name": "sl.048", "from": [5.34786429, -7.70010114, -3.10853761], "to": [5.7167214, 5.45502734, 3.08784181], "rotationOrigin": [5.53229284, -1.1225369, -0.01034802], "stepParentName": "b_Head", "rotationX": 3.734e-05, "rotationY": -9.87e-06, "rotationZ": -15.49647492, "group": "cbbase.001", "faces": {"north": {"texture": "#cowboyhat", "uv": [10.0, 2.0, 8.0, 4.0], "autoUv": false, "rotation": 90}, "east": {"texture": "#cowboyhat", "uv": [10.0, 2.0, 8.0, 4.0], "autoUv": false}, "south": {"texture": "#cowboyhat", "uv": [10.0, 2.0, 8.0, 4.0], "autoUv": false, "rotation": 270}, "west": {"texture": "#cowboyhat", "uv": [10.0, 2.0, 8.0, 4.0], "autoUv": false, "rotation": 180}, "up": {"texture": "#cowboyhat", "uv": [8.0, 2.0, 10.0, 4.0], "autoUv": false, "rotation": 90}, "down": {"texture": "#cowboyhat", "uv": [10.0, 4.0, 8.0, 2.0], "autoUv": false, "rotation": 270}}, "children": []}, {"name": "sl.056", "from": [4.1675486, -6.33456051, 0.17883849], "to": [4.53640515, -4.42472827, 4.37802219], "rotationOrigin": [4.35197687, -5.37964439, 2.27842999], "stepParentName": "b_Head", "rotationX": 43.93948119, "rotationY": -10.89000836, "rotationZ": -11.09221697, "group": "cbbase.001", "faces": {"north": {"texture": "#cowboyhat", "uv": [10.0, 2.0, 8.0, 4.0], "autoUv": false, "rotation": 90}, "east": {"texture": "#cowboyhat", "uv": [10.0, 2.0, 8.0, 4.0], "autoUv": false}, "south": {"texture": "#cowboyhat", "uv": [10.0, 2.0, 8.0, 4.0], "autoUv": false, "rotation": 270}, "west": {"texture": "#cowboyhat", "uv": [10.0, 2.0, 8.0, 4.0], "autoUv": false, "rotation": 180}, "up": {"texture": "#cowboyhat", "uv": [8.0, 2.0, 10.0, 4.0], "autoUv": false, "rotation": 90}, "down": {"texture": "#cowboyhat", "uv": [10.0, 4.0, 8.0, 2.0], "autoUv": false, "rotation": 270}}, "children": []}, {"name": "sl.060", "from": [6.89614815, 3.07378685, 0.14647651], "to": [7.26500469, 5.84966743, 4.34565759], "rotationOrigin": [7.08057642, 4.46172714, 2.24606705], "stepParentName": "b_Head", "rotationX": -62.02020087, "rotationY": 13.75821824, "rotationZ": -7.20094294, "group": "cbbase.001", "faces": {"north": {"texture": "#cowboyhat", "uv": [10.0, 2.0, 8.0, 4.0], "autoUv": false, "rotation": 90}, "east": {"texture": "#cowboyhat", "uv": [10.0, 2.0, 8.0, 4.0], "autoUv": false}, "south": {"texture": "#cowboyhat", "uv": [10.0, 2.0, 8.0, 4.0], "autoUv": false, "rotation": 270}, "west": {"texture": "#cowboyhat", "uv": [10.0, 2.0, 8.0, 4.0], "autoUv": false, "rotation": 180}, "up": {"texture": "#cowboyhat", "uv": [8.0, 2.0, 10.0, 4.0], "autoUv": false, "rotation": 90}, "down": {"texture": "#cowboyhat", "uv": [10.0, 4.0, 8.0, 2.0], "autoUv": false, "rotation": 270}}, "children": []}, {"name": "sl.065", "from": [5.58889598, -6.38244367, 1.33813965], "to": [5.957753, 5.87602973, 4.43829715], "rotationOrigin": [5.77332449, -0.25320649, 2.8882184], "stepParentName": "b_Head", "rotationX": 3.734e-05, "rotationY": -9.87e-06, "rotationZ": -15.49647492, "group": "cbbase.001", "faces": {"north": {"texture": "#cowboyhat", "uv": [10.0, 2.0, 8.0, 4.0], "autoUv": false, "rotation": 90}, "east": {"texture": "#cowboyhat", "uv": [10.0, 2.0, 8.0, 4.0], "autoUv": false}, "south": {"texture": "#cowboyhat", "uv": [10.0, 2.0, 8.0, 4.0], "autoUv": false, "rotation": 270}, "west": {"texture": "#cowboyhat", "uv": [10.0, 2.0, 8.0, 4.0], "autoUv": false, "rotation": 180}, "up": {"texture": "#cowboyhat", "uv": [8.0, 2.0, 10.0, 4.0], "autoUv": false, "rotation": 90}, "down": {"texture": "#cowboyhat", "uv": [10.0, 4.0, 8.0, 2.0], "autoUv": false, "rotation": 270}}, "children": []}, {"name": "sl.066", "from": [-0.07233095, -0.51625961, 4.21629012], "to": [12.18614149, -0.14740291, 5.31729323], "rotationOrigin": [6.05690527, -0.33183146, 4.76679182], "stepParentName": "b_Head", "rotationX": 11.39129302, "rotationY": -144.53553182, "rotationZ": 109.14974241, "group": "cbbase.001", "faces": {"north": {"texture": "#cowboyhat", "uv": [10.0, 2.0, 8.0, 4.0], "autoUv": false, "rotation": 180}, "east": {"texture": "#cowboyhat", "uv": [8.0, 2.0, 10.0, 4.0], "autoUv": false}, "south": {"texture": "#cowboyhat", "uv": [10.0, 2.0, 8.0, 4.0], "autoUv": false, "rotation": 180}, "west": {"texture": "#cowboyhat", "uv": [8.0, 2.0, 10.0, 4.0], "autoUv": false, "rotation": 180}, "up": {"texture": "#cowboyhat", "uv": [10.0, 2.0, 8.0, 4.0], "autoUv": false, "rotation": 90}, "down": {"texture": "#cowboyhat", "uv": [8.0, 4.0, 10.0, 2.0], "autoUv": false, "rotation": 270}}, "children": []}, {"name": "sl.067", "from": [0.55883169, -0.94454724, 5.19603072], "to": [12.81730413, -0.06910032, 5.56488694], "rotationOrigin": [6.68806791, -0.50682378, 5.38045883], "stepParentName": "b_Head", "rotationX": -8.93702932, "rotationY": -29.26211501, "rotationZ": -107.83401575, "group": "cbbase.001", "faces": {"north": {"texture": "#cowboyhat", "uv": [10.0, 2.0, 8.0, 4.0], "autoUv": false, "rotation": 90}, "east": {"texture": "#cowboyhat", "uv": [8.0, 2.0, 10.0, 4.0], "autoUv": false, "rotation": 270}, "south": {"texture": "#cowboyhat", "uv": [10.0, 2.0, 8.0, 4.0], "autoUv": false, "rotation": 90}, "west": {"texture": "#cowboyhat", "uv": [8.0, 2.0, 10.0, 4.0], "autoUv": false, "rotation": 270}, "up": {"texture": "#cowboyhat", "uv": [10.0, 2.0, 8.0, 4.0], "autoUv": false, "rotation": 180}, "down": {"texture": "#cowboyhat", "uv": [8.0, 4.0, 10.0, 2.0], "autoUv": false}}, "children": []}, {"name": "sl.068", "from": [4.60314775, -5.34586389, 5.57621905], "to": [7.65693164, -4.97700749, 6.01561983], "rotationOrigin": [6.13003969, -5.1614356, 5.79591942], "stepParentName": "b_Head", "rotationX": -128.86549326, "rotationY": -41.68319992, "rotationZ": -40.88206654, "group": "cbbase.001", "faces": {"north": {"texture": "#cowboyhat", "uv": [10.0, 2.0, 8.0, 4.0], "autoUv": false, "rotation": 180}, "east": {"texture": "#cowboyhat", "uv": [8.0, 2.0, 10.0, 4.0], "autoUv": false}, "south": {"texture": "#cowboyhat", "uv": [10.0, 2.0, 8.0, 4.0], "autoUv": false, "rotation": 180}, "west": {"texture": "#cowboyhat", "uv": [8.0, 2.0, 10.0, 4.0], "autoUv": false, "rotation": 180}, "up": {"texture": "#cowboyhat", "uv": [10.0, 2.0, 8.0, 4.0], "autoUv": false, "rotation": 90}, "down": {"texture": "#cowboyhat", "uv": [8.0, 4.0, 10.0, 2.0], "autoUv": false, "rotation": 270}}, "children": []}, {"name": "sl.069", "from": [7.0796231, 3.58617395, 5.57622479], "to": [10.13340724, 3.95503038, 6.01562558], "rotationOrigin": [8.60651493, 3.77060223, 5.79592514], "stepParentName": "b_Head", "rotationX": -18.41642177, "rotationY": -119.59927614, "rotationZ": 81.73933267, "group": "cbbase.001", "faces": {"north": {"texture": "#cowboyhat", "uv": [10.0, 2.0, 8.0, 4.0], "autoUv": false, "rotation": 180}, "east": {"texture": "#cowboyhat", "uv": [8.0, 2.0, 10.0, 4.0], "autoUv": false}, "south": {"texture": "#cowboyhat", "uv": [10.0, 2.0, 8.0, 4.0], "autoUv": false, "rotation": 180}, "west": {"texture": "#cowboyhat", "uv": [8.0, 2.0, 10.0, 4.0], "autoUv": false, "rotation": 180}, "up": {"texture": "#cowboyhat", "uv": [10.0, 2.0, 8.0, 4.0], "autoUv": false, "rotation": 90}, "down": {"texture": "#cowboyhat", "uv": [8.0, 4.0, 10.0, 2.0], "autoUv": false, "rotation": 270}}, "children": []}, {"name": "sl.070", "from": [2.27556038, -0.85326695, 5.51934887], "to": [12.15928698, -0.45390864, 5.88820608], "rotationOrigin": [7.21742201, -0.65358782, 5.70377731], "stepParentName": "b_Head", "rotationX": -8.93702932, "rotationY": -29.26211501, "rotationZ": -107.83401575, "group": "cbbase.001", "faces": {"north": {"texture": "#cowboyhat", "uv": [10.0, 2.0, 8.0, 4.0], "autoUv": false, "rotation": 90}, "east": {"texture": "#cowboyhat", "uv": [8.0, 2.0, 10.0, 4.0], "autoUv": false, "rotation": 270}, "south": {"texture": "#cowboyhat", "uv": [10.0, 2.0, 8.0, 4.0], "autoUv": false, "rotation": 90}, "west": {"texture": "#cowboyhat", "uv": [8.0, 2.0, 10.0, 4.0], "autoUv": false, "rotation": 270}, "up": {"texture": "#cowboyhat", "uv": [10.0, 2.0, 8.0, 4.0], "autoUv": false, "rotation": 180}, "down": {"texture": "#cowboyhat", "uv": [8.0, 4.0, 10.0, 2.0], "autoUv": false}}, "children": []}, {"name": "sl.071", "from": [3.56028509, -0.94522123, 5.72192027], "to": [11.53786874, -0.54586288, 6.09077747], "rotationOrigin": [7.5490756, -0.74554205, 5.90634871], "stepParentName": "b_Head", "rotationX": -8.93702932, "rotationY": -29.26211501, "rotationZ": -107.83401575, "group": "cbbase.001", "faces": {"north": {"texture": "#cowboyhat", "uv": [10.0, 2.0, 8.0, 4.0], "autoUv": false, "rotation": 90}, "east": {"texture": "#cowboyhat", "uv": [8.0, 2.0, 10.0, 4.0], "autoUv": false, "rotation": 270}, "south": {"texture": "#cowboyhat", "uv": [10.0, 2.0, 8.0, 4.0], "autoUv": false, "rotation": 90}, "west": {"texture": "#cowboyhat", "uv": [8.0, 2.0, 10.0, 4.0], "autoUv": false, "rotation": 270}, "up": {"texture": "#cowboyhat", "uv": [10.0, 2.0, 8.0, 4.0], "autoUv": false, "rotation": 180}, "down": {"texture": "#cowboyhat", "uv": [8.0, 4.0, 10.0, 2.0], "autoUv": false}}, "children": []}, {"name": "sl.072", "from": [4.56059194, -1.01906765, 5.91702567], "to": [11.17640829, -0.64915244, 6.28588189], "rotationOrigin": [7.86850119, -0.83411002, 6.10145378], "stepParentName": "b_Head", "rotationX": -8.93702932, "rotationY": -29.26211501, "rotationZ": -107.83401575, "group": "cbbase.001", "faces": {"north": {"texture": "#cowboyhat", "uv": [10.0, 2.0, 8.0, 4.0], "autoUv": false, "rotation": 90}, "east": {"texture": "#cowboyhat", "uv": [8.0, 2.0, 10.0, 4.0], "autoUv": false, "rotation": 270}, "south": {"texture": "#cowboyhat", "uv": [10.0, 2.0, 8.0, 4.0], "autoUv": false, "rotation": 90}, "west": {"texture": "#cowboyhat", "uv": [8.0, 2.0, 10.0, 4.0], "autoUv": false, "rotation": 270}, "up": {"texture": "#cowboyhat", "uv": [10.0, 2.0, 8.0, 4.0], "autoUv": false, "rotation": 180}, "down": {"texture": "#cowboyhat", "uv": [8.0, 4.0, 10.0, 2.0], "autoUv": false}}, "children": []}, {"name": "sl.073", "from": [4.1675486, -6.33456051, -3.96960151], "to": [4.53640515, -4.42472827, 0.22958219], "rotationOrigin": [4.35197687, -5.37964439, -1.8700093], "stepParentName": "b_Head", "rotationX": -43.9393924, "rotationY": 10.89000495, "rotationZ": -11.09221526, "group": "cbbase.001", "faces": {"north": {"texture": "#cowboyhat", "uv": [10.0, 2.0, 8.0, 4.0], "autoUv": false, "rotation": 90}, "east": {"texture": "#cowboyhat", "uv": [10.0, 2.0, 8.0, 4.0], "autoUv": false, "rotation": 180}, "south": {"texture": "#cowboyhat", "uv": [10.0, 2.0, 8.0, 4.0], "autoUv": false, "rotation": 270}, "west": {"texture": "#cowboyhat", "uv": [10.0, 2.0, 8.0, 4.0], "autoUv": false}, "up": {"texture": "#cowboyhat", "uv": [8.0, 2.0, 10.0, 4.0], "autoUv": false, "rotation": 270}, "down": {"texture": "#cowboyhat", "uv": [10.0, 4.0, 8.0, 2.0], "autoUv": false, "rotation": 90}}, "children": []}, {"name": "sl.074", "from": [6.89614815, 3.07378697, -4.28619552], "to": [7.26500469, 5.84966731, -0.08701444], "rotationOrigin": [7.08057642, 4.46172714, -2.18660498], "stepParentName": "b_Head", "rotationX": 62.02028283, "rotationY": -13.75821482, "rotationZ": -7.20095062, "group": "cbbase.001", "faces": {"north": {"texture": "#cowboyhat", "uv": [10.0, 2.0, 8.0, 4.0], "autoUv": false, "rotation": 90}, "east": {"texture": "#cowboyhat", "uv": [10.0, 2.0, 8.0, 4.0], "autoUv": false, "rotation": 180}, "south": {"texture": "#cowboyhat", "uv": [10.0, 2.0, 8.0, 4.0], "autoUv": false, "rotation": 270}, "west": {"texture": "#cowboyhat", "uv": [10.0, 2.0, 8.0, 4.0], "autoUv": false}, "up": {"texture": "#cowboyhat", "uv": [8.0, 2.0, 10.0, 4.0], "autoUv": false, "rotation": 270}, "down": {"texture": "#cowboyhat", "uv": [10.0, 4.0, 8.0, 2.0], "autoUv": false, "rotation": 90}}, "children": []}, {"name": "sl.075", "from": [5.58889598, -6.38244367, -4.37883508], "to": [5.957753, 5.87602973, -1.27867758], "rotationOrigin": [5.77332449, -0.25320649, -2.82875633], "stepParentName": "b_Head", "rotationX": -1.73e-05, "rotationY": 4.58e-06, "rotationZ": -15.49647492, "group": "cbbase.001", "faces": {"north": {"texture": "#cowboyhat", "uv": [10.0, 2.0, 8.0, 4.0], "autoUv": false, "rotation": 90}, "east": {"texture": "#cowboyhat", "uv": [10.0, 2.0, 8.0, 4.0], "autoUv": false, "rotation": 180}, "south": {"texture": "#cowboyhat", "uv": [10.0, 2.0, 8.0, 4.0], "autoUv": false, "rotation": 270}, "west": {"texture": "#cowboyhat", "uv": [10.0, 2.0, 8.0, 4.0], "autoUv": false}, "up": {"texture": "#cowboyhat", "uv": [8.0, 2.0, 10.0, 4.0], "autoUv": false, "rotation": 270}, "down": {"texture": "#cowboyhat", "uv": [10.0, 4.0, 8.0, 2.0], "autoUv": false, "rotation": 90}}, "children": []}, {"name": "sl.076", "from": [-0.07233095, -0.51626, -5.25783062], "to": [12.18614149, -0.1474033, -4.15682769], "rotationOrigin": [6.05690527, -0.33183146, -4.70732927], "stepParentName": "b_Head", "rotationX": -11.39127082, "rotationY": 144.53549084, "rotationZ": -70.8502626, "group": "cbbase.001", "faces": {"north": {"texture": "#cowboyhat", "uv": [10.0, 2.0, 8.0, 4.0], "autoUv": false}, "east": {"texture": "#cowboyhat", "uv": [8.0, 2.0, 10.0, 4.0], "autoUv": false, "rotation": 180}, "south": {"texture": "#cowboyhat", "uv": [10.0, 2.0, 8.0, 4.0], "autoUv": false}, "west": {"texture": "#cowboyhat", "uv": [8.0, 2.0, 10.0, 4.0], "autoUv": false}, "up": {"texture": "#cowboyhat", "uv": [10.0, 2.0, 8.0, 4.0], "autoUv": false, "rotation": 270}, "down": {"texture": "#cowboyhat", "uv": [8.0, 4.0, 10.0, 2.0], "autoUv": false, "rotation": 90}}, "children": []}, {"name": "sl.077", "from": [0.55883169, -0.9445473, -5.50542441], "to": [12.81730413, -0.06910026, -5.13656816], "rotationOrigin": [6.68806791, -0.50682378, -5.32099628], "stepParentName": "b_Head", "rotationX": 8.93710872, "rotationY": 29.26211501, "rotationZ": -107.83402258, "group": "cbbase.001", "faces": {"north": {"texture": "#cowboyhat", "uv": [10.0, 2.0, 8.0, 4.0], "autoUv": false, "rotation": 90}, "east": {"texture": "#cowboyhat", "uv": [8.0, 2.0, 10.0, 4.0], "autoUv": false, "rotation": 270}, "south": {"texture": "#cowboyhat", "uv": [10.0, 2.0, 8.0, 4.0], "autoUv": false, "rotation": 90}, "west": {"texture": "#cowboyhat", "uv": [8.0, 2.0, 10.0, 4.0], "autoUv": false, "rotation": 270}, "up": {"texture": "#cowboyhat", "uv": [10.0, 2.0, 8.0, 4.0], "autoUv": false}, "down": {"texture": "#cowboyhat", "uv": [8.0, 4.0, 10.0, 2.0], "autoUv": false, "rotation": 180}}, "children": []}, {"name": "sl.078", "from": [4.60314775, -5.34586419, -5.95615728], "to": [7.65693164, -4.97700779, -5.5167565], "rotationOrigin": [6.13003969, -5.16143608, -5.73645687], "stepParentName": "b_Head", "rotationX": -51.13449809, "rotationY": 138.31678118, "rotationZ": -40.8820802, "group": "cbbase.001", "faces": {"north": {"texture": "#cowboyhat", "uv": [10.0, 2.0, 8.0, 4.0], "autoUv": false}, "east": {"texture": "#cowboyhat", "uv": [8.0, 2.0, 10.0, 4.0], "autoUv": false, "rotation": 180}, "south": {"texture": "#cowboyhat", "uv": [10.0, 2.0, 8.0, 4.0], "autoUv": false}, "west": {"texture": "#cowboyhat", "uv": [8.0, 2.0, 10.0, 4.0], "autoUv": false}, "up": {"texture": "#cowboyhat", "uv": [10.0, 2.0, 8.0, 4.0], "autoUv": false, "rotation": 270}, "down": {"texture": "#cowboyhat", "uv": [8.0, 4.0, 10.0, 2.0], "autoUv": false, "rotation": 90}}, "children": []}, {"name": "sl.079", "from": [7.07962275, 3.58617404, -5.956163], "to": [10.13340664, 3.95503053, -5.51676227], "rotationOrigin": [8.60651493, 3.77060223, -5.73646259], "stepParentName": "b_Head", "rotationX": 18.4164525, "rotationY": 119.59926248, "rotationZ": -98.26067917, "group": "cbbase.001", "faces": {"north": {"texture": "#cowboyhat", "uv": [10.0, 2.0, 8.0, 4.0], "autoUv": false}, "east": {"texture": "#cowboyhat", "uv": [8.0, 2.0, 10.0, 4.0], "autoUv": false, "rotation": 180}, "south": {"texture": "#cowboyhat", "uv": [10.0, 2.0, 8.0, 4.0], "autoUv": false}, "west": {"texture": "#cowboyhat", "uv": [8.0, 2.0, 10.0, 4.0], "autoUv": false}, "up": {"texture": "#cowboyhat", "uv": [10.0, 2.0, 8.0, 4.0], "autoUv": false, "rotation": 270}, "down": {"texture": "#cowboyhat", "uv": [8.0, 4.0, 10.0, 2.0], "autoUv": false, "rotation": 90}}, "children": []}, {"name": "sl.080", "from": [2.27556038, -0.85326698, -5.82874356], "to": [12.15928698, -0.45390861, -5.45988631], "rotationOrigin": [7.21742201, -0.65358782, -5.64431477], "stepParentName": "b_Head", "rotationX": 8.93710872, "rotationY": 29.26211501, "rotationZ": -107.83402258, "group": "cbbase.001", "faces": {"north": {"texture": "#cowboyhat", "uv": [10.0, 2.0, 8.0, 4.0], "autoUv": false, "rotation": 90}, "east": {"texture": "#cowboyhat", "uv": [8.0, 2.0, 10.0, 4.0], "autoUv": false, "rotation": 270}, "south": {"texture": "#cowboyhat", "uv": [10.0, 2.0, 8.0, 4.0], "autoUv": false, "rotation": 90}, "west": {"texture": "#cowboyhat", "uv": [8.0, 2.0, 10.0, 4.0], "autoUv": false, "rotation": 270}, "up": {"texture": "#cowboyhat", "uv": [10.0, 2.0, 8.0, 4.0], "autoUv": false}, "down": {"texture": "#cowboyhat", "uv": [8.0, 4.0, 10.0, 2.0], "autoUv": false, "rotation": 180}}, "children": []}, {"name": "sl.081", "from": [3.56028509, -0.94522126, -6.03131495], "to": [11.53786874, -0.54586285, -5.6624577], "rotationOrigin": [7.5490756, -0.74554205, -5.84688616], "stepParentName": "b_Head", "rotationX": 8.93710872, "rotationY": 29.26211501, "rotationZ": -107.83402258, "group": "cbbase.001", "faces": {"north": {"texture": "#cowboyhat", "uv": [10.0, 2.0, 8.0, 4.0], "autoUv": false, "rotation": 90}, "east": {"texture": "#cowboyhat", "uv": [8.0, 2.0, 10.0, 4.0], "autoUv": false, "rotation": 270}, "south": {"texture": "#cowboyhat", "uv": [10.0, 2.0, 8.0, 4.0], "autoUv": false, "rotation": 90}, "west": {"texture": "#cowboyhat", "uv": [8.0, 2.0, 10.0, 4.0], "autoUv": false, "rotation": 270}, "up": {"texture": "#cowboyhat", "uv": [10.0, 2.0, 8.0, 4.0], "autoUv": false}, "down": {"texture": "#cowboyhat", "uv": [8.0, 4.0, 10.0, 2.0], "autoUv": false, "rotation": 180}}, "children": []}, {"name": "sl.082", "from": [4.56059194, -1.01906767, -6.22641936], "to": [11.17640829, -0.64915243, -5.85756311], "rotationOrigin": [7.86850119, -0.83411002, -6.04199123], "stepParentName": "b_Head", "rotationX": 8.93710872, "rotationY": 29.26211501, "rotationZ": -107.83402258, "group": "cbbase.001", "faces": {"north": {"texture": "#cowboyhat", "uv": [10.0, 2.0, 8.0, 4.0], "autoUv": false, "rotation": 90}, "east": {"texture": "#cowboyhat", "uv": [8.0, 2.0, 10.0, 4.0], "autoUv": false, "rotation": 270}, "south": {"texture": "#cowboyhat", "uv": [10.0, 2.0, 8.0, 4.0], "autoUv": false, "rotation": 90}, "west": {"texture": "#cowboyhat", "uv": [8.0, 2.0, 10.0, 4.0], "autoUv": false, "rotation": 270}, "up": {"texture": "#cowboyhat", "uv": [10.0, 2.0, 8.0, 4.0], "autoUv": false}, "down": {"texture": "#cowboyhat", "uv": [8.0, 4.0, 10.0, 2.0], "autoUv": false, "rotation": 180}}, "children": []}, {"name": "sl.083", "from": [2.85122013, -2.12693489, -2.73588276], "to": [11.30294657, 0.57934785, 2.71515775], "rotationOrigin": [7.07708311, -0.77379346, -0.01036263], "stepParentName": "b_Head", "rotationX": 90.0000025, "rotationY": -15.4964715, "rotationZ": -90.0000025, "group": "cbring.001", "faces": {"north": {"texture": "#cowboyhat", "uv": [7.0, 22.0, 5.0, 24.0], "autoUv": false, "rotation": 90}, "east": {"texture": "#cowboyhat", "uv": [5.0, 22.0, 7.0, 24.0], "autoUv": false, "rotation": 270}, "south": {"texture": "#cowboyhat", "uv": [7.0, 22.0, 5.0, 24.0], "autoUv": false, "rotation": 90}, "west": {"texture": "#cowboyhat", "uv": [5.0, 22.0, 7.0, 24.0], "autoUv": false, "rotation": 270}, "up": {"texture": "#cowboyhat", "uv": [7.0, 22.0, 5.0, 24.0], "autoUv": false, "rotation": 180}, "down": {"texture": "#cowboyhat", "uv": [5.0, 24.0, 7.0, 22.0], "autoUv": false}}, "children": []}, {"name": "sl.084", "from": [2.69677782, -2.12693369, -2.58143985], "to": [11.4573884, 0.57934904, 2.56071508], "rotationOrigin": [7.07708311, -0.77379227, -0.01036227], "stepParentName": "b_Head", "rotationX": -179.99993671, "rotationY": 4.1e-06, "rotationZ": -74.50352588, "group": "cbring.001", "faces": {"north": {"texture": "#cowboyhat", "uv": [5.0, 22.0, 7.0, 24.0], "autoUv": false, "rotation": 270}, "east": {"texture": "#cowboyhat", "uv": [7.0, 22.0, 5.0, 24.0], "autoUv": false, "rotation": 90}, "south": {"texture": "#cowboyhat", "uv": [5.0, 22.0, 7.0, 24.0], "autoUv": false, "rotation": 270}, "west": {"texture": "#cowboyhat", "uv": [7.0, 22.0, 5.0, 24.0], "autoUv": false, "rotation": 90}, "up": {"texture": "#cowboyhat", "uv": [7.0, 22.0, 5.0, 24.0], "autoUv": false, "rotation": 270}, "down": {"texture": "#cowboyhat", "uv": [5.0, 24.0, 7.0, 22.0], "autoUv": false, "rotation": 270}}, "children": []}, {"name": "sl.085", "from": [4.82954478, -0.53534615, -2.67766225], "to": [10.20718479, 2.17093658, -0.33743989], "rotationOrigin": [7.51836491, 0.81779528, -1.50755107], "stepParentName": "b_Head", "rotationX": 136.06061944, "rotationY": -10.89000068, "rotationZ": -78.90778212, "group": "cbring.001", "faces": {"north": {"texture": "#cowboyhat", "uv": [7.0, 22.0, 5.0, 24.0], "autoUv": false, "rotation": 90}, "east": {"texture": "#cowboyhat", "uv": [5.0, 22.0, 7.0, 24.0], "autoUv": false, "rotation": 270}, "south": {"texture": "#cowboyhat", "uv": [7.0, 22.0, 5.0, 24.0], "autoUv": false, "rotation": 90}, "west": {"texture": "#cowboyhat", "uv": [5.0, 22.0, 7.0, 24.0], "autoUv": false, "rotation": 270}, "up": {"texture": "#cowboyhat", "uv": [7.0, 22.0, 5.0, 24.0], "autoUv": false, "rotation": 180}, "down": {"texture": "#cowboyhat", "uv": [5.0, 24.0, 7.0, 22.0], "autoUv": false}}, "children": []}, {"name": "sl.086", "from": [5.10972047, -0.37477124, 0.48334849], "to": [10.01604819, 2.3315115, 2.82357013], "rotationOrigin": [7.56288433, 0.97837019, 1.65345931], "stepParentName": "b_Head", "rotationX": 43.93941289, "rotationY": -10.89000153, "rotationZ": -101.09222972, "group": "cbring.001", "faces": {"north": {"texture": "#cowboyhat", "uv": [7.0, 22.0, 5.0, 24.0], "autoUv": false, "rotation": 90}, "east": {"texture": "#cowboyhat", "uv": [5.0, 22.0, 7.0, 24.0], "autoUv": false, "rotation": 270}, "south": {"texture": "#cowboyhat", "uv": [7.0, 22.0, 5.0, 24.0], "autoUv": false, "rotation": 90}, "west": {"texture": "#cowboyhat", "uv": [5.0, 22.0, 7.0, 24.0], "autoUv": false, "rotation": 270}, "up": {"texture": "#cowboyhat", "uv": [7.0, 22.0, 5.0, 24.0], "autoUv": false, "rotation": 180}, "down": {"texture": "#cowboyhat", "uv": [5.0, 24.0, 7.0, 22.0], "autoUv": false}}, "children": []}, {"name": "sl.016", "from": [3.94698501, -3.71852314, 0.31671047], "to": [9.32462502, -1.01224041, 2.65693283], "rotationOrigin": [6.63580513, -2.36538172, 1.48682165], "stepParentName": "b_Head", "rotationX": 136.06061944, "rotationY": -10.89000068, "rotationZ": -78.90778212, "group": "cbring.001", "faces": {"north": {"texture": "#cowboyhat", "uv": [7.0, 22.0, 5.0, 24.0], "autoUv": false, "rotation": 90}, "east": {"texture": "#cowboyhat", "uv": [5.0, 22.0, 7.0, 24.0], "autoUv": false, "rotation": 270}, "south": {"texture": "#cowboyhat", "uv": [7.0, 22.0, 5.0, 24.0], "autoUv": false, "rotation": 90}, "west": {"texture": "#cowboyhat", "uv": [5.0, 22.0, 7.0, 24.0], "autoUv": false, "rotation": 270}, "up": {"texture": "#cowboyhat", "uv": [7.0, 22.0, 5.0, 24.0], "autoUv": false, "rotation": 180}, "down": {"texture": "#cowboyhat", "uv": [5.0, 24.0, 7.0, 22.0], "autoUv": false}}, "children": []}, {"name": "sl.017", "from": [4.13811803, -3.8790952, -2.8442992], "to": [9.04444575, -1.17281246, -0.50407755], "rotationOrigin": [6.59128189, -2.52595377, -1.67418838], "stepParentName": "b_Head", "rotationX": 43.93941289, "rotationY": -10.89000153, "rotationZ": -101.09222972, "group": "cbring.001", "faces": {"north": {"texture": "#cowboyhat", "uv": [7.0, 22.0, 5.0, 24.0], "autoUv": false, "rotation": 90}, "east": {"texture": "#cowboyhat", "uv": [5.0, 22.0, 7.0, 24.0], "autoUv": false, "rotation": 270}, "south": {"texture": "#cowboyhat", "uv": [7.0, 22.0, 5.0, 24.0], "autoUv": false, "rotation": 90}, "west": {"texture": "#cowboyhat", "uv": [5.0, 22.0, 7.0, 24.0], "autoUv": false, "rotation": 270}, "up": {"texture": "#cowboyhat", "uv": [7.0, 22.0, 5.0, 24.0], "autoUv": false, "rotation": 180}, "down": {"texture": "#cowboyhat", "uv": [5.0, 24.0, 7.0, 22.0], "autoUv": false}}, "children": []}], "groups": []}