{"textureWidth": 96, "textureHeight": 96, "textures": {"hair": "kemono:entity/kemono/hair/hair"}, "textureSizes": {"hair": [96, 96]}, "elements": [{"name": "hair-uncovered", "from": [-6e-08, -5.72e-06, 0.0], "to": [0.99999994, 0.99999428, 1.0], "rotationOrigin": [-6e-08, -5.72e-06, 0.0], "stepParentName": "b_Head", "rotationX": -1.366e-05, "rotationY": 0.0, "rotationZ": 0.0, "group": "hair-furslop3", "faces": {"north": {"texture": "#hair", "uv": [0, 0, 4, 4], "autoUv": false, "enabled": false}, "east": {"texture": "#hair", "uv": [0, 0, 4, 4], "autoUv": false, "enabled": false}, "south": {"texture": "#hair", "uv": [0, 0, 4, 4], "autoUv": false, "enabled": false}, "west": {"texture": "#hair", "uv": [0, 0, 4, 4], "autoUv": false, "enabled": false}, "up": {"texture": "#hair", "uv": [0, 0, 4, 4], "autoUv": false, "enabled": false}, "down": {"texture": "#hair", "uv": [0, 0, 4, 4], "autoUv": false, "enabled": false}}, "children": [{"name": "h.048", "from": [-3.5947032, 1.33869505, -3.23207748], "to": [-1.75451851, 3.37895775, -2.48695815], "rotationOrigin": [-2.67461085, 3.37895775, -2.85951781], "rotationX": 62.83882636, "rotationY": 3.515918, "rotationZ": -4.21099049, "group": "hair-furslop3", "faces": {"north": {"texture": "#hair", "uv": [27.0, 4.99999809, 30.0, 12.0], "autoUv": false}, "east": {"texture": "#hair", "uv": [35.00000095, 4.99999809, 36.99999905, 12.0], "autoUv": false}, "south": {"texture": "#hair", "uv": [0, 0, 4, 4], "autoUv": false, "enabled": false}, "west": {"texture": "#hair", "uv": [30.0, 4.99999809, 32.00000095, 12.0], "autoUv": false}, "up": {"texture": "#hair", "uv": [32.00000095, 3.0, 35.00000095, 4.99999809], "autoUv": false}, "down": {"texture": "#hair", "uv": [0, 0, 4, 4], "autoUv": false, "enabled": false}}, "children": []}, {"name": "h.049", "from": [-0.90319538, 1.607023, -1.14692634], "to": [1.22206688, 5.31285095, -0.29658943], "rotationOrigin": [0.15943575, 5.31285095, -0.72175789], "rotationX": 68.87697997, "rotationY": -22.76643435, "rotationZ": -124.28419852, "group": "hair-furslop3", "faces": {"north": {"texture": "#hair", "uv": [27.0, 4.99999809, 30.0, 12.0], "autoUv": false}, "east": {"texture": "#hair", "uv": [35.00000095, 4.99999809, 36.99999905, 12.0], "autoUv": false}, "south": {"texture": "#hair", "uv": [32.00000095, 4.99999809, 35.00000095, 12.0], "autoUv": false}, "west": {"texture": "#hair", "uv": [30.0, 4.99999809, 32.00000095, 12.0], "autoUv": false}, "up": {"texture": "#hair", "uv": [32.00000095, 3.0, 35.00000095, 4.99999809], "autoUv": false}, "down": {"texture": "#hair", "uv": [0, 0, 4, 4], "autoUv": false, "enabled": false}}, "children": []}, {"name": "h.051", "from": [-3.30589145, 2.14544678, 0.89408314], "to": [-1.65066487, 5.64088249, 1.92442262], "rotationOrigin": [-2.47827816, 5.64088249, 1.40925288], "rotationX": -78.78799426, "rotationY": 115.32150134, "rotationZ": 42.2540159, "group": "hair-furslop3", "faces": {"north": {"texture": "#hair", "uv": [27.99999905, 4.99999809, 30.99999905, 12.0], "autoUv": false}, "east": {"texture": "#hair", "uv": [36.99999905, 4.99999809, 39.0, 12.0], "autoUv": false}, "south": {"texture": "#hair", "uv": [33.0, 4.99999809, 36.0, 12.0], "autoUv": false}, "west": {"texture": "#hair", "uv": [30.99999905, 4.99999809, 33.0, 12.0], "autoUv": false}, "up": {"texture": "#hair", "uv": [33.0, 3.0, 36.0, 4.99999809], "autoUv": false}, "down": {"texture": "#hair", "uv": [0, 0, 4, 4], "autoUv": false, "enabled": false}}, "children": []}, {"name": "h.052", "from": [-2.46127772, 1.81993532, 0.24208951], "to": [-0.39093184, 5.90011215, 1.26213312], "rotationOrigin": [-1.42610478, 5.90011215, 0.75211132], "rotationX": 97.53037486, "rotationY": 19.4152396, "rotationZ": -137.26348405, "group": "hair-furslop3", "faces": {"north": {"texture": "#hair", "uv": [27.0, 4.99999809, 30.0, 12.0], "autoUv": false}, "east": {"texture": "#hair", "uv": [35.00000095, 4.99999809, 36.99999905, 12.0], "autoUv": false}, "south": {"texture": "#hair", "uv": [32.00000095, 4.99999809, 35.00000095, 12.0], "autoUv": false}, "west": {"texture": "#hair", "uv": [30.0, 4.99999809, 32.00000095, 12.0], "autoUv": false}, "up": {"texture": "#hair", "uv": [32.00000095, 3.0, 35.00000095, 4.99999809], "autoUv": false}, "down": {"texture": "#hair", "uv": [0, 0, 4, 4], "autoUv": false, "enabled": false}}, "children": []}, {"name": "h.053", "from": [-2.73708713, 1.72673225, -1.51070112], "to": [-1.11224234, 5.77244186, -0.4992736], "rotationOrigin": [-1.92466474, 5.77244186, -1.00498736], "rotationX": 66.34465318, "rotationY": 27.27151785, "rotationZ": -38.15276051, "group": "hair-furslop3", "faces": {"north": {"texture": "#hair", "uv": [27.0, 4.99999809, 30.0, 12.0], "autoUv": false}, "east": {"texture": "#hair", "uv": [35.00000095, 4.99999809, 36.99999905, 12.0], "autoUv": false}, "south": {"texture": "#hair", "uv": [0, 0, 4, 4], "autoUv": false, "enabled": false}, "west": {"texture": "#hair", "uv": [30.0, 4.99999809, 32.00000095, 12.0], "autoUv": false}, "up": {"texture": "#hair", "uv": [32.00000095, 3.0, 35.00000095, 4.99999809], "autoUv": false}, "down": {"texture": "#hair", "uv": [0, 0, 4, 4], "autoUv": false, "enabled": false}}, "children": []}, {"name": "h.054", "from": [0.35213524, 0.53241968, -1.04652202], "to": [1.95862144, 4.71692657, -0.04652274], "rotationOrigin": [1.15537834, 4.71692657, -0.54652238], "rotationX": -150.86611997, "rotationY": -4.53641443, "rotationZ": -44.77129237, "group": "hair-furslop3", "faces": {"north": {"texture": "#hair", "uv": [27.0, 4.99999809, 30.0, 12.0], "autoUv": false}, "east": {"texture": "#hair", "uv": [35.00000095, 4.99999809, 36.99999905, 12.0], "autoUv": false}, "south": {"texture": "#hair", "uv": [32.00000095, 4.99999809, 35.00000095, 12.0], "autoUv": false}, "west": {"texture": "#hair", "uv": [30.0, 4.99999809, 32.00000095, 12.0], "autoUv": false}, "up": {"texture": "#hair", "uv": [32.00000095, 3.0, 35.00000095, 4.99999809], "autoUv": false}, "down": {"texture": "#hair", "uv": [0, 0, 4, 4], "autoUv": false, "enabled": false}}, "children": []}, {"name": "h.055", "from": [-3.14233899, 2.0499084, -0.10887277], "to": [-1.55418706, 5.73291397, 0.89112735], "rotationOrigin": [-2.34826303, 5.73291397, 0.39112729], "rotationX": -68.15702339, "rotationY": 125.97492988, "rotationZ": 28.36503113, "group": "hair-furslop3", "faces": {"north": {"texture": "#hair", "uv": [27.0, 4.99999809, 30.0, 12.0], "autoUv": false}, "east": {"texture": "#hair", "uv": [35.00000095, 4.99999809, 36.99999905, 12.0], "autoUv": false}, "south": {"texture": "#hair", "uv": [32.00000095, 4.99999809, 35.00000095, 12.0], "autoUv": false}, "west": {"texture": "#hair", "uv": [30.0, 4.99999809, 32.00000095, 12.0], "autoUv": false}, "up": {"texture": "#hair", "uv": [32.00000095, 3.0, 35.00000095, 4.99999809], "autoUv": false}, "down": {"texture": "#hair", "uv": [0, 0, 4, 4], "autoUv": false, "enabled": false}}, "children": []}, {"name": "h.056", "from": [1.03707355, 0.25803947, -0.98209986], "to": [2.92355496, 4.44254494, 0.01789996], "rotationOrigin": [1.98031425, 4.44254494, -0.48209995], "rotationX": 80.92183415, "rotationY": -45.01884916, "rotationZ": -96.50407063, "group": "hair-furslop3", "faces": {"north": {"texture": "#hair", "uv": [27.99999905, 6.0, 30.99999905, 13.00000191], "autoUv": false}, "east": {"texture": "#hair", "uv": [35.00000095, 4.99999809, 36.99999905, 12.0], "autoUv": false}, "south": {"texture": "#hair", "uv": [32.00000095, 4.99999809, 35.00000095, 12.0], "autoUv": false}, "west": {"texture": "#hair", "uv": [30.0, 4.99999809, 32.00000095, 12.0], "autoUv": false}, "up": {"texture": "#hair", "uv": [32.00000095, 3.0, 35.00000095, 4.99999809], "autoUv": false}, "down": {"texture": "#hair", "uv": [0, 0, 4, 4], "autoUv": false, "enabled": false}}, "children": []}, {"name": "h.057", "from": [-0.63098282, 0.85742378, -0.40510315], "to": [1.21436971, 5.2098732, 0.63503068], "rotationOrigin": [0.29169345, 5.2098732, 0.11496376], "rotationX": -96.16121563, "rotationY": 40.13907173, "rotationZ": 86.51885316, "group": "hair-furslop3", "faces": {"north": {"texture": "#hair", "uv": [27.99999905, 4.99999809, 30.99999905, 12.0], "autoUv": false}, "east": {"texture": "#hair", "uv": [35.00000095, 4.99999809, 36.99999905, 12.0], "autoUv": false}, "south": {"texture": "#hair", "uv": [32.00000095, 4.99999809, 35.00000095, 12.0], "autoUv": false}, "west": {"texture": "#hair", "uv": [30.0, 4.99999809, 32.00000095, 12.0], "autoUv": false}, "up": {"texture": "#hair", "uv": [32.00000095, 3.0, 35.00000095, 4.99999809], "autoUv": false}, "down": {"texture": "#hair", "uv": [0, 0, 4, 4], "autoUv": false, "enabled": false}}, "children": []}, {"name": "h.058", "from": [-0.58977801, -0.04354095, -0.96666789], "to": [1.25557476, 4.30890846, 0.07346594], "rotationOrigin": [0.33289838, 4.30890846, -0.44660097], "rotationX": -66.97632274, "rotationY": 24.92336711, "rotationZ": 99.85735201, "group": "hair-furslop3", "faces": {"north": {"texture": "#hair", "uv": [33.0, 4.00000191, 36.0, 10.99999809], "autoUv": false}, "east": {"texture": "#hair", "uv": [35.00000095, 4.99999809, 36.99999905, 12.0], "autoUv": false}, "south": {"texture": "#hair", "uv": [32.00000095, 4.99999809, 35.00000095, 12.0], "autoUv": false}, "west": {"texture": "#hair", "uv": [30.0, 4.99999809, 32.00000095, 12.0], "autoUv": false}, "up": {"texture": "#hair", "uv": [32.00000095, 3.0, 35.00000095, 4.99999809], "autoUv": false}, "down": {"texture": "#hair", "uv": [0, 0, 4, 4], "autoUv": false, "enabled": false}}, "children": []}, {"name": "h.059", "from": [-0.32135415, -0.21513319, -0.48697478], "to": [1.52399826, 4.13731384, 0.55315906], "rotationOrigin": [0.60132205, 4.13731384, 0.03309214], "rotationX": -89.66045331, "rotationY": 51.07193697, "rotationZ": 70.78168067, "group": "hair-furslop3", "faces": {"north": {"texture": "#hair", "uv": [29.00000095, 4.99999809, 32.00000095, 12.0], "autoUv": false}, "east": {"texture": "#hair", "uv": [35.00000095, 4.99999809, 36.99999905, 12.0], "autoUv": false}, "south": {"texture": "#hair", "uv": [32.00000095, 4.99999809, 35.00000095, 12.0], "autoUv": false}, "west": {"texture": "#hair", "uv": [30.0, 4.99999809, 32.00000095, 12.0], "autoUv": false}, "up": {"texture": "#hair", "uv": [32.00000095, 3.0, 35.00000095, 4.99999809], "autoUv": false}, "down": {"texture": "#hair", "uv": [0, 0, 4, 4], "autoUv": false, "enabled": false}}, "children": []}, {"name": "h.060", "from": [-0.10154265, 1.64990306, -0.83089051], "to": [1.67260593, 4.70826721, 0.16910908], "rotationOrigin": [0.78553164, 4.70826721, -0.33089072], "rotationX": -92.29252135, "rotationY": 7.22225142, "rotationZ": 111.0390547, "group": "hair-furslop3", "faces": {"north": {"texture": "#hair", "uv": [27.99999905, 4.99999809, 30.99999905, 12.0], "autoUv": false}, "east": {"texture": "#hair", "uv": [35.00000095, 4.99999809, 36.99999905, 12.0], "autoUv": false}, "south": {"texture": "#hair", "uv": [32.00000095, 4.99999809, 35.00000095, 12.0], "autoUv": false}, "west": {"texture": "#hair", "uv": [30.0, 4.99999809, 32.00000095, 12.0], "autoUv": false}, "up": {"texture": "#hair", "uv": [32.00000095, 3.0, 35.00000095, 4.99999809], "autoUv": false}, "down": {"texture": "#hair", "uv": [0, 0, 4, 4], "autoUv": false, "enabled": false}}, "children": []}, {"name": "h.061", "from": [-0.1773777, -1.76986647, -0.89807227], "to": [1.97041702, 2.58257866, 0.14206132], "rotationOrigin": [0.89651966, 2.58257866, -0.37800547], "rotationX": -88.45132541, "rotationY": 48.35224785, "rotationZ": 104.74168175, "group": "hair-furslop3", "faces": {"north": {"texture": "#hair", "uv": [29.00000095, 4.99999809, 33.0, 12.0], "autoUv": false}, "east": {"texture": "#hair", "uv": [35.00000095, 4.99999809, 36.99999905, 12.0], "autoUv": false}, "south": {"texture": "#hair", "uv": [30.99999905, 4.99999809, 35.00000095, 12.0], "autoUv": false}, "west": {"texture": "#hair", "uv": [30.0, 4.99999809, 32.00000095, 12.0], "autoUv": false}, "up": {"texture": "#hair", "uv": [32.00000095, 3.0, 35.00000095, 4.99999809], "autoUv": false}, "down": {"texture": "#hair", "uv": [0, 0, 4, 4], "autoUv": false, "enabled": false}}, "children": []}, {"name": "h.062", "from": [0.31834137, -1.94729257, -0.48237708], "to": [2.48157108, 1.99000168, 0.5176225], "rotationOrigin": [1.39995623, 1.99000168, 0.01762271], "rotationX": -96.48971357, "rotationY": 66.37271843, "rotationZ": 93.45191864, "group": "hair-furslop3", "faces": {"north": {"texture": "#hair", "uv": [27.99999905, 4.99999809, 32.00000095, 12.0], "autoUv": false}, "east": {"texture": "#hair", "uv": [35.00000095, 4.99999809, 36.99999905, 12.0], "autoUv": false}, "south": {"texture": "#hair", "uv": [32.00000095, 4.99999809, 36.0, 12.0], "autoUv": false}, "west": {"texture": "#hair", "uv": [30.0, 4.99999809, 32.00000095, 12.0], "autoUv": false}, "up": {"texture": "#hair", "uv": [32.00000095, 3.0, 35.00000095, 4.99999809], "autoUv": false}, "down": {"texture": "#hair", "uv": [0, 0, 4, 4], "autoUv": false, "enabled": false}}, "children": []}, {"name": "h.063", "from": [0.24600488, 1.25420284, -0.2043151], "to": [2.02015322, 4.31256676, 0.79568437], "rotationOrigin": [1.13307905, 4.31256676, 0.29568464], "rotationX": -134.08337529, "rotationY": -107.29331748, "rotationZ": 7.86091765, "group": "hair-furslop3", "faces": {"north": {"texture": "#hair", "uv": [27.99999905, 4.99999809, 30.99999905, 12.0], "autoUv": false}, "east": {"texture": "#hair", "uv": [35.00000095, 4.99999809, 36.99999905, 12.0], "autoUv": false}, "south": {"texture": "#hair", "uv": [32.00000095, 4.99999809, 35.00000095, 12.0], "autoUv": false}, "west": {"texture": "#hair", "uv": [30.0, 4.99999809, 32.00000095, 12.0], "autoUv": false}, "up": {"texture": "#hair", "uv": [32.00000095, 3.0, 35.00000095, 4.99999809], "autoUv": false}, "down": {"texture": "#hair", "uv": [0, 0, 4, 4], "autoUv": false, "enabled": false}}, "children": []}, {"name": "h.064", "from": [-3.29728281, 2.74599195, -1.2213631], "to": [-1.94611871, 5.97415543, -0.2213634], "rotationOrigin": [-2.62170076, 5.97415543, -0.72136325], "rotationX": 88.21843645, "rotationY": 63.81376757, "rotationZ": -108.95038285, "group": "hair-furslop3", "faces": {"north": {"texture": "#hair", "uv": [27.0, 4.99999809, 30.0, 12.0], "autoUv": false}, "east": {"texture": "#hair", "uv": [35.00000095, 4.99999809, 36.99999905, 12.0], "autoUv": false}, "south": {"texture": "#hair", "uv": [32.00000095, 4.99999809, 35.00000095, 12.0], "autoUv": false}, "west": {"texture": "#hair", "uv": [30.0, 4.99999809, 32.00000095, 12.0], "autoUv": false}, "up": {"texture": "#hair", "uv": [32.00000095, 3.0, 35.00000095, 4.99999809], "autoUv": false}, "down": {"texture": "#hair", "uv": [0, 0, 4, 4], "autoUv": false, "enabled": false}}, "children": []}, {"name": "h.065", "from": [-3.27699268, 1.79162979, -1.67239547], "to": [-1.41544306, 6.174366, -0.66096807], "rotationOrigin": [-2.34621787, 6.174366, -1.16668177], "rotationX": 39.51271948, "rotationY": 15.34549871, "rotationZ": -5.33369728, "group": "hair-furslop3", "faces": {"north": {"texture": "#hair", "uv": [27.0, 4.99999809, 30.0, 12.0], "autoUv": false}, "east": {"texture": "#hair", "uv": [35.00000095, 4.99999809, 36.99999905, 12.0], "autoUv": false}, "south": {"texture": "#hair", "uv": [0, 0, 4, 4], "autoUv": false, "enabled": false}, "west": {"texture": "#hair", "uv": [30.0, 4.99999809, 32.00000095, 12.0], "autoUv": false}, "up": {"texture": "#hair", "uv": [32.00000095, 3.0, 35.00000095, 4.99999809], "autoUv": false}, "down": {"texture": "#hair", "uv": [0, 0, 4, 4], "autoUv": false, "enabled": false}}, "children": []}, {"name": "h.066", "from": [-1.11304557, 1.46377039, -0.01596549], "to": [0.89459217, 5.46376991, 0.90416715], "rotationOrigin": [-0.1092267, 5.46376991, 0.44410083], "rotationX": 103.91082339, "rotationY": -27.22106153, "rotationZ": -100.78108728, "group": "hair-furslop3", "faces": {"north": {"texture": "#hair", "uv": [27.0, 4.99999809, 30.0, 12.0], "autoUv": false}, "east": {"texture": "#hair", "uv": [35.00000095, 4.99999809, 36.99999905, 12.0], "autoUv": false}, "south": {"texture": "#hair", "uv": [32.00000095, 4.99999809, 35.00000095, 12.0], "autoUv": false}, "west": {"texture": "#hair", "uv": [30.0, 4.99999809, 32.00000095, 12.0], "autoUv": false}, "up": {"texture": "#hair", "uv": [32.00000095, 3.0, 35.00000095, 4.99999809], "autoUv": false}, "down": {"texture": "#hair", "uv": [0, 0, 4, 4], "autoUv": false, "enabled": false}}, "children": []}, {"name": "h.067", "from": [-3.46856344, 1.12581801, 2.10501933], "to": [-2.00880587, 3.44797516, 2.91758084], "rotationOrigin": [-2.73868465, 3.44797516, 2.51130009], "rotationX": -63.11645306, "rotationY": 170.10026052, "rotationZ": 12.58085499, "group": "hair-furslop3", "faces": {"north": {"texture": "#hair", "uv": [27.0, 4.99999809, 30.0, 12.0], "autoUv": false}, "east": {"texture": "#hair", "uv": [35.00000095, 4.99999809, 36.99999905, 12.0], "autoUv": false}, "south": {"texture": "#hair", "uv": [32.00000095, 4.99999809, 35.00000095, 12.0], "autoUv": false}, "west": {"texture": "#hair", "uv": [30.0, 4.99999809, 32.00000095, 12.0], "autoUv": false}, "up": {"texture": "#hair", "uv": [32.00000095, 3.0, 35.00000095, 4.99999809], "autoUv": false}, "down": {"texture": "#hair", "uv": [0, 0, 4, 4], "autoUv": false, "enabled": false}}, "children": []}, {"name": "h.068", "from": [-3.40412498, 1.62804747, -2.61883861], "to": [-1.34164357, 5.00351143, -1.77497262], "rotationOrigin": [-2.37288427, 5.00351143, -2.19690561], "rotationX": 16.75684119, "rotationY": 12.2135812, "rotationZ": -1.91368688, "group": "hair-furslop3", "faces": {"north": {"texture": "#hair", "uv": [27.0, 4.99999809, 30.0, 12.0], "autoUv": false}, "east": {"texture": "#hair", "uv": [35.00000095, 4.99999809, 36.99999905, 12.0], "autoUv": false}, "south": {"texture": "#hair", "uv": [0, 0, 4, 4], "autoUv": false, "enabled": false}, "west": {"texture": "#hair", "uv": [30.0, 4.99999809, 32.00000095, 12.0], "autoUv": false}, "up": {"texture": "#hair", "uv": [32.00000095, 3.0, 35.00000095, 4.99999809], "autoUv": false}, "down": {"texture": "#hair", "uv": [0, 0, 4, 4], "autoUv": false, "enabled": false}}, "children": []}, {"name": "h.069", "from": [-3.7827915, 1.74063277, -0.07345518], "to": [-1.84556115, 5.55846786, 0.88100335], "rotationOrigin": [-2.81417632, 5.55846786, 0.40377408], "rotationX": 59.67922184, "rotationY": -9.33954176, "rotationZ": -12.72283498, "group": "hair-furslop3", "faces": {"north": {"texture": "#hair", "uv": [27.0, 4.99999809, 30.0, 12.0], "autoUv": false}, "east": {"texture": "#hair", "uv": [35.00000095, 4.99999809, 36.99999905, 12.0], "autoUv": false}, "south": {"texture": "#hair", "uv": [32.00000095, 4.99999809, 35.00000095, 12.0], "autoUv": false}, "west": {"texture": "#hair", "uv": [30.0, 4.99999809, 32.00000095, 12.0], "autoUv": false}, "up": {"texture": "#hair", "uv": [32.00000095, 3.0, 35.00000095, 4.99999809], "autoUv": false}, "down": {"texture": "#hair", "uv": [0, 0, 4, 4], "autoUv": false, "enabled": false}}, "children": []}, {"name": "h.070", "from": [-2.6264621, 1.22754765, -0.39080548], "to": [-0.93638957, 5.84681892, 0.44188046], "rotationOrigin": [-1.78142583, 5.84681892, 0.02553749], "rotationX": 72.8792386, "rotationY": -18.87796155, "rotationZ": -12.3374834, "group": "hair-furslop3", "faces": {"north": {"texture": "#hair", "uv": [27.0, 4.00000191, 30.0, 12.0], "autoUv": false}, "east": {"texture": "#hair", "uv": [35.00000095, 4.00000191, 36.99999905, 12.0], "autoUv": false}, "south": {"texture": "#hair", "uv": [32.00000095, 4.00000191, 35.00000095, 12.0], "autoUv": false}, "west": {"texture": "#hair", "uv": [30.0, 4.00000191, 32.00000095, 12.0], "autoUv": false}, "up": {"texture": "#hair", "uv": [32.00000095, 1.99999809, 35.00000095, 4.00000191], "autoUv": false}, "down": {"texture": "#hair", "uv": [0, 0, 4, 4], "autoUv": false, "enabled": false}}, "children": []}, {"name": "h.071", "from": [-2.52683115, 1.19558525, 1.67897427], "to": [-0.87160492, 4.69102097, 2.70931375], "rotationOrigin": [-1.69921803, 4.69102097, 2.19414401], "rotationX": -16.43969501, "rotationY": 147.93718459, "rotationZ": 12.84553763, "group": "hair-furslop3", "faces": {"north": {"texture": "#hair", "uv": [27.99999905, 4.99999809, 30.99999905, 12.0], "autoUv": false}, "east": {"texture": "#hair", "uv": [36.99999905, 4.99999809, 39.0, 12.0], "autoUv": false}, "south": {"texture": "#hair", "uv": [33.0, 4.99999809, 36.0, 12.0], "autoUv": false}, "west": {"texture": "#hair", "uv": [30.99999905, 4.99999809, 33.0, 12.0], "autoUv": false}, "up": {"texture": "#hair", "uv": [33.0, 3.0, 36.0, 4.99999809], "autoUv": false}, "down": {"texture": "#hair", "uv": [0, 0, 4, 4], "autoUv": false, "enabled": false}}, "children": []}]}, {"name": "h.050", "from": [-3.55734646, 1.70474482, -0.85575718], "to": [-2.32085693, 5.12843132, -0.08607185], "rotationOrigin": [-2.9391017, 5.12843132, -0.47091451], "stepParentName": "b_Head", "rotationX": -51.13553969, "rotationY": 96.66701163, "rotationZ": 38.13385797, "group": "hair-furslop3", "faces": {"north": {"texture": "#hair", "uv": [30.99999905, 4.99999809, 33.0, 12.0], "autoUv": false}, "east": {"texture": "#hair", "uv": [35.00000095, 4.99999809, 36.99999905, 12.0], "autoUv": false}, "south": {"texture": "#hair", "uv": [32.00000095, 4.99999809, 35.00000095, 12.0], "autoUv": false}, "west": {"texture": "#hair", "uv": [29.00000095, 4.99999809, 30.99999905, 12.0], "autoUv": false}, "up": {"texture": "#hair", "uv": [32.00000095, 3.0, 35.00000095, 4.99999809], "autoUv": false}, "down": {"texture": "#hair", "uv": [0, 0, 4, 4], "autoUv": false, "enabled": false}}, "children": []}], "groups": []}