{"textureWidth": 96, "textureHeight": 96, "textures": {"hair": "kemono:entity/kemono/hair/hair"}, "textureSizes": {"hair": [96, 96]}, "elements": [{"name": "hair-uncovered", "from": [-6e-08, -5.72e-06, 0.0], "to": [0.99999994, 0.99999428, 1.0], "rotationOrigin": [-6e-08, -5.72e-06, 0.0], "stepParentName": "b_Head", "rotationX": -1.366e-05, "rotationY": 0.0, "rotationZ": 0.0, "group": "hair-furslop1", "faces": {"north": {"texture": "#hair", "uv": [2.38110119, 91.09286499, 4.38110125, 93.0928688], "autoUv": false, "enabled": false}, "east": {"texture": "#hair", "uv": [4.38110125, 91.09286499, 6.38110113, 93.0928688], "autoUv": false, "enabled": false}, "south": {"texture": "#hair", "uv": [6.38110113, 91.09286499, 8.38110137, 93.0928688], "autoUv": false, "enabled": false}, "west": {"texture": "#hair", "uv": [8.38110137, 91.09286499, 10.38110161, 93.0928688], "autoUv": false, "enabled": false}, "up": {"texture": "#hair", "uv": [2.38110119, 89.0928669, 4.38110125, 91.09286499], "autoUv": false, "enabled": false}, "down": {"texture": "#hair", "uv": [6.38110113, 91.09286499, 4.38110125, 89.0928669], "autoUv": false, "enabled": false}}, "children": [{"name": "h.017", "from": [-0.92280978, 1.35906196, -1.2747443], "to": [1.20245248, 5.06488991, -0.27474484], "rotationOrigin": [0.13982135, 5.06488991, -0.77474457], "rotationX": 68.87697997, "rotationY": -22.76643435, "rotationZ": -124.28419852, "group": "hair-furslop1", "faces": {"north": {"texture": "#hair", "uv": [27.0, 4.99999809, 30.0, 12.0], "autoUv": false}, "east": {"texture": "#hair", "uv": [35.00000095, 4.99999809, 36.99999905, 12.0], "autoUv": false}, "south": {"texture": "#hair", "uv": [32.00000095, 4.99999809, 35.00000095, 12.0], "autoUv": false}, "west": {"texture": "#hair", "uv": [30.0, 4.99999809, 32.00000095, 12.0], "autoUv": false}, "up": {"texture": "#hair", "uv": [32.00000095, 3.0, 35.00000095, 4.99999809], "autoUv": false}, "down": {"texture": "#hair", "uv": [35.00000095, 16.99999809, 32.00000095, 15.0], "autoUv": false, "enabled": false}}, "children": []}, {"name": "h.018", "from": [-1.74059647, 1.33239031, 0.14673969], "to": [0.36864859, 5.33238983, 1.14673963], "rotationOrigin": [-0.68597394, 5.33238983, 0.64673966], "rotationX": 89.96032594, "rotationY": 12.54887177, "rotationZ": -90.86527819, "group": "hair-furslop1", "faces": {"north": {"texture": "#hair", "uv": [27.0, 4.99999809, 30.99999905, 12.0], "autoUv": false}, "east": {"texture": "#hair", "uv": [35.00000095, 4.99999809, 36.99999905, 12.0], "autoUv": false, "enabled": false}, "south": {"texture": "#hair", "uv": [32.00000095, 4.99999809, 35.00000095, 12.0], "autoUv": false, "enabled": false}, "west": {"texture": "#hair", "uv": [30.0, 4.99999809, 32.00000095, 12.0], "autoUv": false, "enabled": false}, "up": {"texture": "#hair", "uv": [32.00000095, 3.0, 35.00000095, 4.99999809], "autoUv": false, "enabled": false}, "down": {"texture": "#hair", "uv": [35.00000095, 16.99999809, 32.00000095, 15.0], "autoUv": false, "enabled": false}}, "children": []}, {"name": "h.019", "from": [-1.45786256, 1.990031, -1.24112594], "to": [0.14862388, 5.99003029, -0.24112594], "rotationOrigin": [-0.65461934, 5.99003029, -0.74112594], "rotationX": 83.70567583, "rotationY": 27.8635945, "rotationZ": -81.56010167, "group": "hair-furslop1", "faces": {"north": {"texture": "#hair", "uv": [27.0, 4.99999809, 30.0, 12.0], "autoUv": false}, "east": {"texture": "#hair", "uv": [35.00000095, 4.99999809, 36.99999905, 12.0], "autoUv": false, "enabled": false}, "south": {"texture": "#hair", "uv": [32.00000095, 4.99999809, 35.00000095, 12.0], "autoUv": false, "enabled": false}, "west": {"texture": "#hair", "uv": [30.0, 4.99999809, 32.00000095, 12.0], "autoUv": false, "enabled": false}, "up": {"texture": "#hair", "uv": [32.00000095, 3.0, 35.00000095, 4.99999809], "autoUv": false, "enabled": false}, "down": {"texture": "#hair", "uv": [35.00000095, 16.99999809, 32.00000095, 15.0], "autoUv": false, "enabled": false}}, "children": []}, {"name": "h.021", "from": [-1.18713123, 1.23651552, -1.20470089], "to": [0.41935521, 5.23651505, -0.20470089], "rotationOrigin": [-0.38388801, 5.23651505, -0.70470089], "rotationX": 89.87894423, "rotationY": -4.97048831, "rotationZ": -81.91908275, "group": "hair-furslop1", "faces": {"north": {"texture": "#hair", "uv": [27.0, 4.99999809, 30.0, 12.0], "autoUv": false}, "east": {"texture": "#hair", "uv": [35.00000095, 4.99999809, 36.99999905, 12.0], "autoUv": false}, "south": {"texture": "#hair", "uv": [32.00000095, 4.99999809, 35.00000095, 12.0], "autoUv": false}, "west": {"texture": "#hair", "uv": [30.0, 4.99999809, 32.00000095, 12.0], "autoUv": false}, "up": {"texture": "#hair", "uv": [32.00000095, 3.0, 35.00000095, 4.99999809], "autoUv": false}, "down": {"texture": "#hair", "uv": [35.00000095, 16.99999809, 32.00000095, 15.0], "autoUv": false, "enabled": false}}, "children": []}, {"name": "h.022", "from": [0.35213524, 0.53241968, -1.04652196], "to": [1.95862144, 4.71692657, -0.0465228], "rotationOrigin": [1.15537834, 4.71692657, -0.54652238], "rotationX": -150.86611997, "rotationY": -4.53641443, "rotationZ": -44.77129237, "group": "hair-furslop1", "faces": {"north": {"texture": "#hair", "uv": [27.0, 4.99999809, 30.0, 12.0], "autoUv": false}, "east": {"texture": "#hair", "uv": [35.00000095, 4.99999809, 36.99999905, 12.0], "autoUv": false}, "south": {"texture": "#hair", "uv": [32.00000095, 4.99999809, 35.00000095, 12.0], "autoUv": false}, "west": {"texture": "#hair", "uv": [30.0, 4.99999809, 32.00000095, 12.0], "autoUv": false}, "up": {"texture": "#hair", "uv": [32.00000095, 3.0, 35.00000095, 4.99999809], "autoUv": false}, "down": {"texture": "#hair", "uv": [35.00000095, 16.99999809, 32.00000095, 15.0], "autoUv": false, "enabled": false}}, "children": []}, {"name": "h.023", "from": [-1.83806586, 1.57823062, -0.35897234], "to": [-0.07755864, 5.26123619, 0.64102778], "rotationOrigin": [-0.95781225, 5.26123619, 0.14102772], "rotationX": 91.58324035, "rotationY": -11.60325257, "rotationZ": -113.03971273, "group": "hair-furslop1", "faces": {"north": {"texture": "#hair", "uv": [27.0, 4.99999809, 30.0, 12.0], "autoUv": false}, "east": {"texture": "#hair", "uv": [35.00000095, 4.99999809, 36.99999905, 12.0], "autoUv": false}, "south": {"texture": "#hair", "uv": [32.00000095, 4.99999809, 35.00000095, 12.0], "autoUv": false}, "west": {"texture": "#hair", "uv": [30.0, 4.99999809, 32.00000095, 12.0], "autoUv": false}, "up": {"texture": "#hair", "uv": [32.00000095, 3.0, 35.00000095, 4.99999809], "autoUv": false}, "down": {"texture": "#hair", "uv": [35.00000095, 16.99999809, 32.00000095, 15.0], "autoUv": false, "enabled": false}}, "children": []}, {"name": "h.024", "from": [1.03707355, 0.25804043, -0.98209986], "to": [2.92355496, 4.44254494, 0.01789996], "rotationOrigin": [1.98031425, 4.44254494, -0.48209995], "rotationX": 80.92183415, "rotationY": -45.01884916, "rotationZ": -96.50407063, "group": "hair-furslop1", "faces": {"north": {"texture": "#hair", "uv": [27.99999905, 6.0, 30.99999905, 13.00000191], "autoUv": false}, "east": {"texture": "#hair", "uv": [35.00000095, 4.99999809, 36.99999905, 12.0], "autoUv": false}, "south": {"texture": "#hair", "uv": [32.00000095, 4.99999809, 35.00000095, 12.0], "autoUv": false}, "west": {"texture": "#hair", "uv": [30.0, 4.99999809, 32.00000095, 12.0], "autoUv": false}, "up": {"texture": "#hair", "uv": [32.00000095, 3.0, 35.00000095, 4.99999809], "autoUv": false}, "down": {"texture": "#hair", "uv": [35.00000095, 16.99999809, 32.00000095, 15.0], "autoUv": false, "enabled": false}}, "children": []}, {"name": "h.025", "from": [-0.63098282, 0.85742378, -0.40510315], "to": [1.21436971, 5.2098732, 0.63503068], "rotationOrigin": [0.29169345, 5.2098732, 0.11496376], "rotationX": -96.16121563, "rotationY": 40.13907173, "rotationZ": 86.51885316, "group": "hair-furslop1", "faces": {"north": {"texture": "#hair", "uv": [27.99999905, 4.99999809, 30.99999905, 12.0], "autoUv": false}, "east": {"texture": "#hair", "uv": [35.00000095, 4.99999809, 36.99999905, 12.0], "autoUv": false}, "south": {"texture": "#hair", "uv": [32.00000095, 4.99999809, 35.00000095, 12.0], "autoUv": false}, "west": {"texture": "#hair", "uv": [30.0, 4.99999809, 32.00000095, 12.0], "autoUv": false}, "up": {"texture": "#hair", "uv": [32.00000095, 3.0, 35.00000095, 4.99999809], "autoUv": false}, "down": {"texture": "#hair", "uv": [35.00000095, 16.99999809, 32.00000095, 15.0], "autoUv": false, "enabled": false}}, "children": []}, {"name": "h.026", "from": [-0.58977801, -0.04354095, -0.96666789], "to": [1.25557476, 4.30890846, 0.07346594], "rotationOrigin": [0.33289838, 4.30890846, -0.44660097], "rotationX": -66.97632274, "rotationY": 24.92336711, "rotationZ": 99.85735201, "group": "hair-furslop1", "faces": {"north": {"texture": "#hair", "uv": [33.0, 4.00000191, 36.0, 10.99999809], "autoUv": false}, "east": {"texture": "#hair", "uv": [35.00000095, 4.99999809, 36.99999905, 12.0], "autoUv": false}, "south": {"texture": "#hair", "uv": [32.00000095, 4.99999809, 35.00000095, 12.0], "autoUv": false}, "west": {"texture": "#hair", "uv": [30.0, 4.99999809, 32.00000095, 12.0], "autoUv": false}, "up": {"texture": "#hair", "uv": [32.00000095, 3.0, 35.00000095, 4.99999809], "autoUv": false}, "down": {"texture": "#hair", "uv": [35.00000095, 16.99999809, 32.00000095, 15.0], "autoUv": false, "enabled": false}}, "children": []}, {"name": "h.027", "from": [-0.32135415, -0.21513224, -0.48697478], "to": [1.52399826, 4.13731384, 0.55315906], "rotationOrigin": [0.60132205, 4.13731384, 0.03309214], "rotationX": -89.66045331, "rotationY": 51.07193697, "rotationZ": 70.78168067, "group": "hair-furslop1", "faces": {"north": {"texture": "#hair", "uv": [29.00000095, 4.99999809, 32.00000095, 12.0], "autoUv": false}, "east": {"texture": "#hair", "uv": [35.00000095, 4.99999809, 36.99999905, 12.0], "autoUv": false}, "south": {"texture": "#hair", "uv": [32.00000095, 4.99999809, 35.00000095, 12.0], "autoUv": false}, "west": {"texture": "#hair", "uv": [30.0, 4.99999809, 32.00000095, 12.0], "autoUv": false}, "up": {"texture": "#hair", "uv": [32.00000095, 3.0, 35.00000095, 4.99999809], "autoUv": false}, "down": {"texture": "#hair", "uv": [35.00000095, 16.99999809, 32.00000095, 15.0], "autoUv": false, "enabled": false}}, "children": []}, {"name": "h.028", "from": [-0.10154265, 1.64990306, -0.83089045], "to": [1.67260593, 4.70826721, 0.16910902], "rotationOrigin": [0.78553164, 4.70826721, -0.33089072], "rotationX": -92.29252135, "rotationY": 7.22225142, "rotationZ": 111.0390547, "group": "hair-furslop1", "faces": {"north": {"texture": "#hair", "uv": [27.99999905, 4.99999809, 30.99999905, 12.0], "autoUv": false}, "east": {"texture": "#hair", "uv": [35.00000095, 4.99999809, 36.99999905, 12.0], "autoUv": false}, "south": {"texture": "#hair", "uv": [32.00000095, 4.99999809, 35.00000095, 12.0], "autoUv": false}, "west": {"texture": "#hair", "uv": [30.0, 4.99999809, 32.00000095, 12.0], "autoUv": false}, "up": {"texture": "#hair", "uv": [32.00000095, 3.0, 35.00000095, 4.99999809], "autoUv": false}, "down": {"texture": "#hair", "uv": [35.00000095, 16.99999809, 32.00000095, 15.0], "autoUv": false, "enabled": false}}, "children": []}, {"name": "h.029", "from": [0.12594342, -1.22527552, -0.90631652], "to": [2.27373886, 3.12717056, 0.13381708], "rotationOrigin": [1.19984114, 3.12717056, -0.38624972], "rotationX": 50.88796583, "rotationY": 151.17334188, "rotationZ": -43.04616075, "group": "hair-furslop1", "faces": {"north": {"texture": "#hair", "uv": [29.00000095, 4.99999809, 33.0, 12.0], "autoUv": false}, "east": {"texture": "#hair", "uv": [35.00000095, 4.99999809, 36.99999905, 12.0], "autoUv": false}, "south": {"texture": "#hair", "uv": [30.99999905, 4.99999809, 35.00000095, 12.0], "autoUv": false}, "west": {"texture": "#hair", "uv": [30.0, 4.99999809, 32.00000095, 12.0], "autoUv": false}, "up": {"texture": "#hair", "uv": [32.00000095, 3.0, 35.00000095, 4.99999809], "autoUv": false}, "down": {"texture": "#hair", "uv": [35.00000095, 16.99999809, 32.00000095, 15.0], "autoUv": false, "enabled": false}}, "children": []}, {"name": "h.030", "from": [0.46497214, -1.63489556, -0.44508975], "to": [2.62820184, 2.30239868, 0.55490983], "rotationOrigin": [1.54658699, 2.30239868, 0.05491004], "rotationX": -85.77719024, "rotationY": 62.3062287, "rotationZ": 69.04134164, "group": "hair-furslop1", "faces": {"north": {"texture": "#hair", "uv": [27.99999905, 4.99999809, 32.00000095, 12.0], "autoUv": false}, "east": {"texture": "#hair", "uv": [35.00000095, 4.99999809, 36.99999905, 12.0], "autoUv": false}, "south": {"texture": "#hair", "uv": [32.00000095, 4.99999809, 36.0, 12.0], "autoUv": false}, "west": {"texture": "#hair", "uv": [30.0, 4.99999809, 32.00000095, 12.0], "autoUv": false}, "up": {"texture": "#hair", "uv": [32.00000095, 3.0, 35.00000095, 4.99999809], "autoUv": false}, "down": {"texture": "#hair", "uv": [35.00000095, 16.99999809, 32.00000095, 15.0], "autoUv": false, "enabled": false}}, "children": []}, {"name": "h.031", "from": [0.246005, 1.25420284, -0.20431507], "to": [2.02015311, 4.31256676, 0.79568434], "rotationOrigin": [1.13307905, 4.31256676, 0.29568464], "rotationX": -134.08336163, "rotationY": -107.29331065, "rotationZ": 7.86093729, "group": "hair-furslop1", "faces": {"north": {"texture": "#hair", "uv": [27.99999905, 4.99999809, 30.99999905, 12.0], "autoUv": false}, "east": {"texture": "#hair", "uv": [35.00000095, 4.99999809, 36.99999905, 12.0], "autoUv": false}, "south": {"texture": "#hair", "uv": [32.00000095, 4.99999809, 35.00000095, 12.0], "autoUv": false}, "west": {"texture": "#hair", "uv": [30.0, 4.99999809, 32.00000095, 12.0], "autoUv": false}, "up": {"texture": "#hair", "uv": [32.00000095, 3.0, 35.00000095, 4.99999809], "autoUv": false}, "down": {"texture": "#hair", "uv": [35.00000095, 16.99999809, 32.00000095, 15.0], "autoUv": false, "enabled": false}}, "children": []}]}], "groups": []}