{"textureWidth": 96, "textureHeight": 96, "textures": {"hair": "kemono:entity/kemono/hair/hair"}, "textureSizes": {"hair": [96, 96]}, "elements": [{"name": "h.073", "from": [-3.55734646, 2.70049906, -0.85575742], "to": [-2.32085693, 6.12418556, -0.08607209], "rotationOrigin": [-2.9391017, 6.12418556, -0.47091475], "stepParentName": "b_Head", "rotationX": -51.13553969, "rotationY": 96.66701163, "rotationZ": 38.13385797, "group": "hair-furslop4", "faces": {"north": {"texture": "#hair", "uv": [30.99999905, 4.99999809, 33.0, 12.0], "autoUv": false}, "east": {"texture": "#hair", "uv": [35.00000095, 4.99999809, 36.99999905, 12.0], "autoUv": false}, "south": {"texture": "#hair", "uv": [32.00000095, 4.99999809, 35.00000095, 12.0], "autoUv": false}, "west": {"texture": "#hair", "uv": [29.00000095, 4.99999809, 30.99999905, 12.0], "autoUv": false}, "up": {"texture": "#hair", "uv": [32.00000095, 3.0, 35.00000095, 4.99999809], "autoUv": false}, "down": {"texture": "#hair", "uv": [0, 0, 4, 4], "autoUv": false, "enabled": false}}, "children": []}, {"name": "hair-uncovered", "from": [-6e-08, -5.72e-06, 0.0], "to": [0.99999994, 0.99999428, 1.0], "rotationOrigin": [-6e-08, -5.72e-06, 0.0], "stepParentName": "b_Head", "rotationX": -1.366e-05, "rotationY": 0.0, "rotationZ": 0.0, "group": "hair-furslop4", "faces": {"north": {"texture": "#hair", "uv": [0, 0, 4, 4], "autoUv": false, "enabled": false}, "east": {"texture": "#hair", "uv": [0, 0, 4, 4], "autoUv": false, "enabled": false}, "south": {"texture": "#hair", "uv": [0, 0, 4, 4], "autoUv": false, "enabled": false}, "west": {"texture": "#hair", "uv": [0, 0, 4, 4], "autoUv": false, "enabled": false}, "up": {"texture": "#hair", "uv": [0, 0, 4, 4], "autoUv": false, "enabled": false}, "down": {"texture": "#hair", "uv": [0, 0, 4, 4], "autoUv": false, "enabled": false}}, "children": [{"name": "h.072", "from": [-1.95186746, 2.57659698, -0.72735354], "to": [0.17339504, 5.80395889, 0.12298331], "rotationOrigin": [-0.88923621, 5.80395889, -0.30218512], "rotationX": 89.64183421, "rotationY": -10.27879522, "rotationZ": -67.48131277, "group": "hair-furslop4", "faces": {"north": {"texture": "#hair", "uv": [26.00000095, 1.00000191, 30.0, 7.99999809], "autoUv": false}, "east": {"texture": "#hair", "uv": [35.00000095, 4.99999809, 36.99999905, 12.0], "autoUv": false}, "south": {"texture": "#hair", "uv": [32.00000095, 4.99999809, 35.00000095, 12.0], "autoUv": false}, "west": {"texture": "#hair", "uv": [30.0, 3.0, 32.00000095, 10.00000191], "autoUv": false}, "up": {"texture": "#hair", "uv": [32.00000095, 3.0, 35.00000095, 4.99999809], "autoUv": false}, "down": {"texture": "#hair", "uv": [36.99999905, 7.99999809, 33.0, 6.0], "autoUv": false}}, "children": []}, {"name": "h.074", "from": [-2.92166394, 2.14544678, 0.89408314], "to": [-1.26643735, 5.64088249, 1.92442262], "rotationOrigin": [-2.09405065, 5.64088249, 1.40925288], "rotationX": -78.78799426, "rotationY": 115.32150134, "rotationZ": 42.2540159, "group": "hair-furslop4", "faces": {"north": {"texture": "#hair", "uv": [27.99999905, 4.99999809, 30.99999905, 12.0], "autoUv": false}, "east": {"texture": "#hair", "uv": [36.99999905, 4.99999809, 39.0, 12.0], "autoUv": false}, "south": {"texture": "#hair", "uv": [33.0, 4.99999809, 36.0, 12.0], "autoUv": false}, "west": {"texture": "#hair", "uv": [30.99999905, 4.99999809, 33.0, 12.0], "autoUv": false}, "up": {"texture": "#hair", "uv": [33.0, 3.0, 36.0, 4.99999809], "autoUv": false}, "down": {"texture": "#hair", "uv": [0, 0, 4, 4], "autoUv": false, "enabled": false}}, "children": []}, {"name": "h.075", "from": [-2.09599566, 2.1446023, 0.28257835], "to": [-0.02564979, 6.22477913, 1.30262196], "rotationOrigin": [-1.06082273, 6.22477913, 0.79260015], "rotationX": 97.53039535, "rotationY": 19.41523619, "rotationZ": -137.26351137, "group": "hair-furslop4", "faces": {"north": {"texture": "#hair", "uv": [27.0, 4.99999809, 30.0, 12.0], "autoUv": false}, "east": {"texture": "#hair", "uv": [35.00000095, 4.99999809, 36.99999905, 12.0], "autoUv": false}, "south": {"texture": "#hair", "uv": [32.00000095, 4.99999809, 35.00000095, 12.0], "autoUv": false}, "west": {"texture": "#hair", "uv": [30.0, 4.99999809, 32.00000095, 12.0], "autoUv": false}, "up": {"texture": "#hair", "uv": [32.00000095, 3.0, 35.00000095, 4.99999809], "autoUv": false}, "down": {"texture": "#hair", "uv": [0, 0, 4, 4], "autoUv": false, "enabled": false}}, "children": []}, {"name": "h.076", "from": [-2.3528595, 1.72673225, -1.51070112], "to": [-0.72801471, 5.77244186, -0.4992736], "rotationOrigin": [-1.5404371, 5.77244186, -1.00498736], "rotationX": 66.34463952, "rotationY": 27.27151614, "rotationZ": -38.15273661, "group": "hair-furslop4", "faces": {"north": {"texture": "#hair", "uv": [27.0, 4.99999809, 30.0, 12.0], "autoUv": false}, "east": {"texture": "#hair", "uv": [35.00000095, 4.99999809, 36.99999905, 12.0], "autoUv": false}, "south": {"texture": "#hair", "uv": [0, 0, 4, 4], "autoUv": false, "enabled": false}, "west": {"texture": "#hair", "uv": [30.0, 4.99999809, 32.00000095, 12.0], "autoUv": false}, "up": {"texture": "#hair", "uv": [32.00000095, 3.0, 35.00000095, 4.99999809], "autoUv": false}, "down": {"texture": "#hair", "uv": [0, 0, 4, 4], "autoUv": false, "enabled": false}}, "children": []}, {"name": "h.077", "from": [0.5776456, 0.97225666, -0.79683936], "to": [2.1841318, 5.15676308, 0.20315993], "rotationOrigin": [1.3808887, 5.15676308, -0.29683971], "rotationX": -152.08033636, "rotationY": -6.41421187, "rotationZ": -59.20858765, "group": "hair-furslop4", "faces": {"north": {"texture": "#hair", "uv": [27.0, 4.00000191, 30.0, 10.99999809], "autoUv": false}, "east": {"texture": "#hair", "uv": [35.00000095, 4.99999809, 36.99999905, 12.0], "autoUv": false}, "south": {"texture": "#hair", "uv": [32.00000095, 4.00000191, 35.00000095, 10.99999809], "autoUv": false}, "west": {"texture": "#hair", "uv": [30.0, 4.99999809, 32.00000095, 12.0], "autoUv": false}, "up": {"texture": "#hair", "uv": [32.00000095, 3.0, 35.00000095, 4.99999809], "autoUv": false}, "down": {"texture": "#hair", "uv": [0, 0, 4, 4], "autoUv": false, "enabled": false}}, "children": []}, {"name": "h.078", "from": [-4.55099595, 1.86973763, 0.08032864], "to": [-2.71141088, 6.08710098, 1.09657413], "rotationOrigin": [-3.63120341, 6.08710098, 0.58845139], "rotationX": -56.89515818, "rotationY": 117.31603952, "rotationZ": 19.90500515, "group": "hair-furslop4", "faces": {"north": {"texture": "#hair", "uv": [27.0, 4.99999809, 30.0, 12.0], "autoUv": false}, "east": {"texture": "#hair", "uv": [35.00000095, 4.99999809, 36.99999905, 12.0], "autoUv": false}, "south": {"texture": "#hair", "uv": [32.00000095, 4.99999809, 35.00000095, 12.0], "autoUv": false}, "west": {"texture": "#hair", "uv": [30.0, 4.99999809, 32.00000095, 12.0], "autoUv": false}, "up": {"texture": "#hair", "uv": [32.00000095, 3.0, 35.00000095, 4.99999809], "autoUv": false}, "down": {"texture": "#hair", "uv": [0, 0, 4, 4], "autoUv": false, "enabled": false}}, "children": []}, {"name": "h.079", "from": [1.51200289, 0.55505562, -1.18053773], "to": [3.39848429, 4.73956108, -0.18053791], "rotationOrigin": [2.45524359, 4.73956108, -0.68053782], "rotationX": 88.95216269, "rotationY": -34.41306119, "rotationZ": -91.00908099, "group": "hair-furslop4", "faces": {"north": {"texture": "#hair", "uv": [27.99999905, 6.0, 30.99999905, 13.00000191], "autoUv": false}, "east": {"texture": "#hair", "uv": [35.00000095, 4.99999809, 36.99999905, 12.0], "autoUv": false}, "south": {"texture": "#hair", "uv": [32.00000095, 4.99999809, 35.00000095, 12.0], "autoUv": false}, "west": {"texture": "#hair", "uv": [30.0, 4.99999809, 32.00000095, 12.0], "autoUv": false}, "up": {"texture": "#hair", "uv": [32.00000095, 3.0, 35.00000095, 4.99999809], "autoUv": false}, "down": {"texture": "#hair", "uv": [0, 0, 4, 4], "autoUv": false, "enabled": false}}, "children": []}, {"name": "h.080", "from": [0.00564575, 0.68592739, -0.44009104], "to": [2.29157901, 5.50878143, 0.60004292], "rotationOrigin": [1.14861238, 5.50878143, 0.07997594], "rotationX": -87.66612003, "rotationY": 57.48286522, "rotationZ": 71.95888426, "group": "hair-furslop4", "faces": {"north": {"texture": "#hair", "uv": [27.99999905, 4.00000191, 30.99999905, 12.0], "autoUv": false}, "east": {"texture": "#hair", "uv": [35.00000095, 4.99999809, 36.99999905, 12.0], "autoUv": false}, "south": {"texture": "#hair", "uv": [30.0, 4.00000191, 33.0, 12.0], "autoUv": false}, "west": {"texture": "#hair", "uv": [30.0, 4.00000191, 32.00000095, 12.0], "autoUv": false}, "up": {"texture": "#hair", "uv": [32.00000095, 3.0, 35.00000095, 4.99999809], "autoUv": false}, "down": {"texture": "#hair", "uv": [0, 0, 4, 4], "autoUv": false, "enabled": false}}, "children": []}, {"name": "h.081", "from": [0.81627697, 1.2992444, -1.25372612], "to": [2.66162974, 5.65169334, -0.21359241], "rotationOrigin": [1.73895335, 5.65169334, -0.73365927], "rotationX": -46.54456657, "rotationY": 64.53804766, "rotationZ": 61.62948673, "group": "hair-furslop4", "faces": {"north": {"texture": "#hair", "uv": [33.0, 3.0, 36.0, 10.99999809], "autoUv": false}, "east": {"texture": "#hair", "uv": [35.00000095, 4.00000191, 36.99999905, 12.0], "autoUv": false}, "south": {"texture": "#hair", "uv": [32.00000095, 4.00000191, 35.00000095, 12.0], "autoUv": false}, "west": {"texture": "#hair", "uv": [30.0, 4.99999809, 32.00000095, 12.0], "autoUv": false}, "up": {"texture": "#hair", "uv": [32.00000095, 3.0, 35.00000095, 4.99999809], "autoUv": false}, "down": {"texture": "#hair", "uv": [0, 0, 4, 4], "autoUv": false, "enabled": false}}, "children": []}, {"name": "h.082", "from": [-0.32135415, -0.21513271, -0.48697478], "to": [1.52399826, 4.13731384, 0.55315906], "rotationOrigin": [0.60132205, 4.13731384, 0.03309214], "rotationX": -89.66046697, "rotationY": 51.07194039, "rotationZ": 70.78170116, "group": "hair-furslop4", "faces": {"north": {"texture": "#hair", "uv": [29.00000095, 4.99999809, 32.00000095, 12.0], "autoUv": false}, "east": {"texture": "#hair", "uv": [35.00000095, 4.99999809, 36.99999905, 12.0], "autoUv": false}, "south": {"texture": "#hair", "uv": [32.00000095, 4.99999809, 35.00000095, 12.0], "autoUv": false}, "west": {"texture": "#hair", "uv": [30.0, 4.99999809, 32.00000095, 12.0], "autoUv": false}, "up": {"texture": "#hair", "uv": [32.00000095, 3.0, 35.00000095, 4.99999809], "autoUv": false}, "down": {"texture": "#hair", "uv": [0, 0, 4, 4], "autoUv": false, "enabled": false}}, "children": []}, {"name": "h.084", "from": [1.01683843, -3.36558771, -2.0023995], "to": [3.16463339, 3.06312752, -0.66714114], "rotationOrigin": [2.09073591, 3.06312752, -1.33477032], "rotationX": 54.82520788, "rotationY": 99.83550906, "rotationZ": -43.39991674, "group": "hair-furslop4", "faces": {"north": {"texture": "#hair", "uv": [29.00000095, 1.00000191, 33.0, 12.0], "autoUv": false}, "east": {"texture": "#hair", "uv": [35.00000095, 1.00000191, 36.99999905, 12.0], "autoUv": false}, "south": {"texture": "#hair", "uv": [30.99999905, 0.0, 35.00000095, 10.99999809], "autoUv": false}, "west": {"texture": "#hair", "uv": [30.0, 1.00000191, 32.00000095, 12.0], "autoUv": false}, "up": {"texture": "#hair", "uv": [32.00000095, 3.0, 35.00000095, 4.99999809], "autoUv": false}, "down": {"texture": "#hair", "uv": [0, 0, 4, 4], "autoUv": false, "enabled": false}}, "children": []}, {"name": "h.085", "from": [0.7234869, -3.92380428, -0.61092657], "to": [2.88715887, 2.21360397, 0.66983491], "rotationOrigin": [1.80532289, 2.21360397, 0.02945417], "rotationX": 72.32355489, "rotationY": 104.88160501, "rotationZ": -75.1356394, "group": "hair-furslop4", "faces": {"north": {"texture": "#hair", "uv": [27.99999905, 1.00000191, 32.00000095, 12.0], "autoUv": false}, "east": {"texture": "#hair", "uv": [35.00000095, 1.00000191, 36.99999905, 12.0], "autoUv": false}, "south": {"texture": "#hair", "uv": [27.99999905, 0.0, 32.00000095, 10.99999809], "autoUv": false}, "west": {"texture": "#hair", "uv": [30.0, 1.00000191, 32.00000095, 12.0], "autoUv": false}, "up": {"texture": "#hair", "uv": [32.00000095, 3.0, 35.00000095, 4.99999809], "autoUv": false}, "down": {"texture": "#hair", "uv": [0, 0, 4, 4], "autoUv": false, "enabled": false}}, "children": []}, {"name": "h.086", "from": [0.24600488, 1.25420284, -0.2043151], "to": [2.02015322, 4.31256676, 0.79568437], "rotationOrigin": [1.13307905, 4.31256676, 0.29568464], "rotationX": -143.48590933, "rotationY": -106.61848113, "rotationZ": 10.98938249, "group": "hair-furslop4", "faces": {"north": {"texture": "#hair", "uv": [27.99999905, 4.99999809, 30.99999905, 12.0], "autoUv": false}, "east": {"texture": "#hair", "uv": [35.00000095, 4.99999809, 36.99999905, 12.0], "autoUv": false}, "south": {"texture": "#hair", "uv": [32.00000095, 4.99999809, 35.00000095, 12.0], "autoUv": false}, "west": {"texture": "#hair", "uv": [30.0, 4.99999809, 32.00000095, 12.0], "autoUv": false}, "up": {"texture": "#hair", "uv": [32.00000095, 3.0, 35.00000095, 4.99999809], "autoUv": false}, "down": {"texture": "#hair", "uv": [0, 0, 4, 4], "autoUv": false, "enabled": false}}, "children": []}, {"name": "h.087", "from": [-4.50889534, 2.46107602, -1.28433195], "to": [-2.86398655, 5.6892395, -0.28433213], "rotationOrigin": [-3.68644094, 5.6892395, -0.78433204], "rotationX": 73.27163296, "rotationY": 70.42663378, "rotationZ": -100.18565871, "group": "hair-furslop4", "faces": {"north": {"texture": "#hair", "uv": [27.0, 4.99999809, 30.0, 12.0], "autoUv": false}, "east": {"texture": "#hair", "uv": [35.00000095, 4.99999809, 36.99999905, 12.0], "autoUv": false}, "south": {"texture": "#hair", "uv": [32.00000095, 4.99999809, 35.00000095, 12.0], "autoUv": false}, "west": {"texture": "#hair", "uv": [30.0, 4.99999809, 32.00000095, 12.0], "autoUv": false}, "up": {"texture": "#hair", "uv": [32.00000095, 3.0, 35.00000095, 4.99999809], "autoUv": false}, "down": {"texture": "#hair", "uv": [0, 0, 4, 4], "autoUv": false, "enabled": false}}, "children": []}, {"name": "h.088", "from": [-3.01259017, 2.1343689, -2.64935255], "to": [-0.77752709, 6.51860237, -1.59166765], "rotationOrigin": [-1.89505863, 6.51860237, -2.1205101], "rotationX": 32.26567021, "rotationY": 4.98971829, "rotationZ": -5.32354037, "group": "hair-furslop4", "faces": {"north": {"texture": "#hair", "uv": [26.00000095, 4.00000191, 30.0, 12.0], "autoUv": false}, "east": {"texture": "#hair", "uv": [33.0, 3.0, 35.00000095, 10.99999809], "autoUv": false}, "south": {"texture": "#hair", "uv": [0, 0, 4, 4], "autoUv": false, "enabled": false}, "west": {"texture": "#hair", "uv": [27.99999905, 3.0, 30.0, 10.99999809], "autoUv": false}, "up": {"texture": "#hair", "uv": [32.00000095, 1.99999809, 36.0, 4.00000191], "autoUv": false}, "down": {"texture": "#hair", "uv": [0, 0, 4, 4], "autoUv": false, "enabled": false}}, "children": []}, {"name": "h.089", "from": [-1.36417389, 2.3094449, 0.35139367], "to": [0.64346385, 5.95720291, 1.27152625], "rotationOrigin": [-0.36035502, 5.95720291, 0.81145996], "rotationX": 96.83494549, "rotationY": -6.85203211, "rotationZ": -96.15204268, "group": "hair-furslop4", "faces": {"north": {"texture": "#hair", "uv": [26.00000095, 1.99999809, 30.0, 9.0], "autoUv": false}, "east": {"texture": "#hair", "uv": [35.00000095, 4.99999809, 36.99999905, 12.0], "autoUv": false}, "south": {"texture": "#hair", "uv": [32.00000095, 4.99999809, 35.00000095, 12.0], "autoUv": false}, "west": {"texture": "#hair", "uv": [30.0, 4.00000191, 32.00000095, 10.99999809], "autoUv": false}, "up": {"texture": "#hair", "uv": [32.00000095, 3.0, 35.00000095, 4.99999809], "autoUv": false}, "down": {"texture": "#hair", "uv": [36.99999905, 7.99999809, 33.0, 6.0], "autoUv": false}}, "children": []}, {"name": "h.090", "from": [-2.7848869, 1.87829971, -4.08837208], "to": [-1.00036758, 4.38956261, -3.34861293], "rotationOrigin": [-1.89262724, 4.38956261, -3.71849251], "rotationX": -1.68420662, "rotationY": 3.78753797, "rotationZ": -0.54716667, "group": "hair-furslop4", "faces": {"north": {"texture": "#hair", "uv": [26.00000095, 4.99999809, 30.0, 12.0], "autoUv": false}, "east": {"texture": "#hair", "uv": [35.00000095, 4.99999809, 36.99999905, 12.0], "autoUv": false}, "south": {"texture": "#hair", "uv": [0, 0, 4, 4], "autoUv": false, "enabled": false}, "west": {"texture": "#hair", "uv": [30.0, 4.99999809, 32.00000095, 12.0], "autoUv": false}, "up": {"texture": "#hair", "uv": [32.00000095, 3.0, 35.00000095, 4.99999809], "autoUv": false}, "down": {"texture": "#hair", "uv": [0, 0, 4, 4], "autoUv": false, "enabled": false}}, "children": []}, {"name": "h.091", "from": [-3.45132083, 1.48612428, 2.8392238], "to": [-1.99156314, 4.29491806, 3.65178543], "rotationOrigin": [-2.72144198, 4.29491806, 3.24550462], "rotationX": -0.2582947, "rotationY": 175.38307034, "rotationZ": -4.01062988, "group": "hair-furslop4", "faces": {"north": {"texture": "#hair", "uv": [27.0, 4.99999809, 30.0, 12.0], "autoUv": false}, "east": {"texture": "#hair", "uv": [35.00000095, 4.99999809, 36.99999905, 12.0], "autoUv": false}, "south": {"texture": "#hair", "uv": [32.00000095, 4.99999809, 35.00000095, 12.0], "autoUv": false}, "west": {"texture": "#hair", "uv": [30.0, 4.99999809, 32.00000095, 12.0], "autoUv": false}, "up": {"texture": "#hair", "uv": [32.00000095, 3.0, 35.00000095, 4.99999809], "autoUv": false}, "down": {"texture": "#hair", "uv": [0, 0, 4, 4], "autoUv": false, "enabled": false}}, "children": []}, {"name": "h.092", "from": [-3.40412498, 1.62804747, -2.61883861], "to": [-1.34164357, 5.00351143, -1.77497262], "rotationOrigin": [-2.37288427, 5.00351143, -2.19690561], "rotationX": 16.75684119, "rotationY": 12.2135812, "rotationZ": -1.91368667, "group": "hair-furslop4", "faces": {"north": {"texture": "#hair", "uv": [27.0, 4.99999809, 30.0, 12.0], "autoUv": false}, "east": {"texture": "#hair", "uv": [35.00000095, 4.99999809, 36.99999905, 12.0], "autoUv": false}, "south": {"texture": "#hair", "uv": [0, 0, 4, 4], "autoUv": false, "enabled": false}, "west": {"texture": "#hair", "uv": [30.0, 4.99999809, 32.00000095, 12.0], "autoUv": false}, "up": {"texture": "#hair", "uv": [32.00000095, 3.0, 35.00000095, 4.99999809], "autoUv": false}, "down": {"texture": "#hair", "uv": [0, 0, 4, 4], "autoUv": false, "enabled": false}}, "children": []}, {"name": "h.093", "from": [-4.38094527, 2.24335837, -1.49902621], "to": [-2.44371504, 6.06119347, -0.54456767], "rotationOrigin": [-3.41233015, 6.06119347, -1.02179694], "rotationX": 64.05033117, "rotationY": 57.35125431, "rotationZ": -35.64720807, "group": "hair-furslop4", "faces": {"north": {"texture": "#hair", "uv": [27.0, 4.99999809, 30.0, 12.0], "autoUv": false}, "east": {"texture": "#hair", "uv": [35.00000095, 4.99999809, 36.99999905, 12.0], "autoUv": false}, "south": {"texture": "#hair", "uv": [32.00000095, 4.99999809, 35.00000095, 12.0], "autoUv": false}, "west": {"texture": "#hair", "uv": [30.0, 4.99999809, 32.00000095, 12.0], "autoUv": false}, "up": {"texture": "#hair", "uv": [32.00000095, 3.0, 35.00000095, 4.99999809], "autoUv": false}, "down": {"texture": "#hair", "uv": [0, 0, 4, 4], "autoUv": false, "enabled": false}}, "children": []}, {"name": "h.094", "from": [-2.62646204, 1.22754765, -0.39080548], "to": [-0.93638963, 5.84681892, 0.44188046], "rotationOrigin": [-1.78142583, 5.84681892, 0.02553749], "rotationX": 64.56239045, "rotationY": -18.97967161, "rotationZ": -12.43187149, "group": "hair-furslop4", "faces": {"north": {"texture": "#hair", "uv": [27.0, 4.00000191, 30.0, 12.0], "autoUv": false}, "east": {"texture": "#hair", "uv": [35.00000095, 4.00000191, 36.99999905, 12.0], "autoUv": false}, "south": {"texture": "#hair", "uv": [32.00000095, 4.00000191, 35.00000095, 12.0], "autoUv": false}, "west": {"texture": "#hair", "uv": [30.0, 4.00000191, 32.00000095, 12.0], "autoUv": false}, "up": {"texture": "#hair", "uv": [32.00000095, 1.99999809, 35.00000095, 4.00000191], "autoUv": false}, "down": {"texture": "#hair", "uv": [0, 0, 4, 4], "autoUv": false, "enabled": false}}, "children": []}, {"name": "h.095", "from": [-2.52683115, 1.19558525, 1.67897427], "to": [-0.87160492, 4.69102097, 2.70931375], "rotationOrigin": [-1.69921803, 4.69102097, 2.19414401], "rotationX": -16.43969501, "rotationY": 147.93718459, "rotationZ": 12.84553763, "group": "hair-furslop4", "faces": {"north": {"texture": "#hair", "uv": [27.99999905, 4.99999809, 30.99999905, 12.0], "autoUv": false}, "east": {"texture": "#hair", "uv": [36.99999905, 4.99999809, 39.0, 12.0], "autoUv": false}, "south": {"texture": "#hair", "uv": [33.0, 4.99999809, 36.0, 12.0], "autoUv": false}, "west": {"texture": "#hair", "uv": [30.99999905, 4.99999809, 33.0, 12.0], "autoUv": false}, "up": {"texture": "#hair", "uv": [33.0, 3.0, 36.0, 4.99999809], "autoUv": false}, "down": {"texture": "#hair", "uv": [0, 0, 4, 4], "autoUv": false, "enabled": false}}, "children": []}, {"name": "h.096", "from": [-2.55243254, 2.5089097, 2.42862999], "to": [-0.48208666, 6.08612442, 3.44867361], "rotationOrigin": [-1.5172596, 6.08612442, 2.9386518], "rotationX": -20.93639957, "rotationY": -174.13651983, "rotationZ": -10.52134634, "group": "hair-furslop4", "faces": {"north": {"texture": "#hair", "uv": [27.0, 4.99999809, 30.0, 12.0], "autoUv": false}, "east": {"texture": "#hair", "uv": [35.00000095, 4.99999809, 36.99999905, 12.0], "autoUv": false}, "south": {"texture": "#hair", "uv": [32.00000095, 4.99999809, 35.00000095, 12.0], "autoUv": false}, "west": {"texture": "#hair", "uv": [30.0, 4.99999809, 32.00000095, 12.0], "autoUv": false}, "up": {"texture": "#hair", "uv": [32.00000095, 3.0, 35.00000095, 4.99999809], "autoUv": false}, "down": {"texture": "#hair", "uv": [0, 0, 4, 4], "autoUv": false, "enabled": false}}, "children": []}, {"name": "h.097", "from": [-3.52219141, 2.2488606, 2.10274428], "to": [-1.68261015, 5.93951797, 3.11837417], "rotationOrigin": [-2.60240078, 5.93951797, 2.61055923], "rotationX": -15.41228259, "rotationY": 168.42795701, "rotationZ": 9.00702766, "group": "hair-furslop4", "faces": {"north": {"texture": "#hair", "uv": [27.0, 4.99999809, 30.0, 12.0], "autoUv": false}, "east": {"texture": "#hair", "uv": [35.00000095, 4.99999809, 36.99999905, 12.0], "autoUv": false}, "south": {"texture": "#hair", "uv": [32.00000095, 4.99999809, 35.00000095, 12.0], "autoUv": false}, "west": {"texture": "#hair", "uv": [30.0, 4.99999809, 32.00000095, 12.0], "autoUv": false}, "up": {"texture": "#hair", "uv": [32.00000095, 3.0, 35.00000095, 4.99999809], "autoUv": false}, "down": {"texture": "#hair", "uv": [0, 0, 4, 4], "autoUv": false, "enabled": false}}, "children": []}, {"name": "h.098", "from": [-2.12444508, 1.36993361, 3.1163792], "to": [-0.05695403, 3.9171505, 4.13446718], "rotationOrigin": [-1.09069955, 3.9171505, 3.62542319], "rotationX": 3.08439539, "rotationY": -178.3596258, "rotationZ": -12.66145207, "group": "hair-furslop4", "faces": {"north": {"texture": "#hair", "uv": [27.0, 4.99999809, 30.0, 12.0], "autoUv": false}, "east": {"texture": "#hair", "uv": [35.00000095, 4.99999809, 36.99999905, 12.0], "autoUv": false}, "south": {"texture": "#hair", "uv": [32.00000095, 4.99999809, 35.00000095, 12.0], "autoUv": false}, "west": {"texture": "#hair", "uv": [30.0, 4.99999809, 32.00000095, 12.0], "autoUv": false}, "up": {"texture": "#hair", "uv": [32.00000095, 3.0, 35.00000095, 4.99999809], "autoUv": false}, "down": {"texture": "#hair", "uv": [0, 0, 4, 4], "autoUv": false, "enabled": false}}, "children": []}, {"name": "h.100", "from": [-1.78232121, 0.6045965, 3.22137016], "to": [0.2851696, 2.21479797, 4.23945814], "rotationOrigin": [-0.74857581, 2.21479797, 3.73041415], "rotationX": 19.19025146, "rotationY": -175.87388773, "rotationZ": -12.79492592, "group": "hair-furslop4", "faces": {"north": {"texture": "#hair", "uv": [27.0, 7.00000191, 30.0, 12.0], "autoUv": false}, "east": {"texture": "#hair", "uv": [35.00000095, 7.00000191, 36.99999905, 12.0], "autoUv": false}, "south": {"texture": "#hair", "uv": [32.00000095, 7.00000191, 35.00000095, 12.0], "autoUv": false}, "west": {"texture": "#hair", "uv": [30.0, 7.00000191, 32.00000095, 12.0], "autoUv": false}, "up": {"texture": "#hair", "uv": [32.00000095, 4.99999809, 35.00000095, 7.00000191], "autoUv": false}, "down": {"texture": "#hair", "uv": [0, 0, 4, 4], "autoUv": false, "enabled": false}}, "children": []}, {"name": "h.101", "from": [-2.62857044, 1.14911127, -3.96058977], "to": [-1.21691287, 2.46619415, -3.22083056], "rotationOrigin": [-1.92274165, 2.46619415, -3.59071016], "rotationX": -14.66832131, "rotationY": 3.36985355, "rotationZ": 1.69516597, "group": "hair-furslop4", "faces": {"north": {"texture": "#hair", "uv": [27.0, 7.99999809, 30.99999905, 12.0], "autoUv": false}, "east": {"texture": "#hair", "uv": [36.99999905, 7.99999809, 39.0, 12.0], "autoUv": false}, "south": {"texture": "#hair", "uv": [0, 0, 4, 4], "autoUv": false, "enabled": false}, "west": {"texture": "#hair", "uv": [30.99999905, 7.99999809, 33.0, 12.0], "autoUv": false}, "up": {"texture": "#hair", "uv": [33.0, 6.0, 36.99999905, 7.99999809], "autoUv": false}, "down": {"texture": "#hair", "uv": [0, 0, 4, 4], "autoUv": false, "enabled": false}}, "children": []}, {"name": "h.102", "from": [0.67316532, -3.1754961, 0.37125236], "to": [3.15178728, 2.94479752, 1.65289611], "rotationOrigin": [1.9124763, 2.94479752, 1.01207423], "rotationX": -100.0688693, "rotationY": 77.91216594, "rotationZ": 87.7142797, "group": "hair-furslop4", "faces": {"north": {"texture": "#hair", "uv": [27.99999905, 1.00000191, 32.00000095, 12.0], "autoUv": false}, "east": {"texture": "#hair", "uv": [35.00000095, 1.00000191, 36.99999905, 12.0], "autoUv": false}, "south": {"texture": "#hair", "uv": [36.99999905, 0.0, 41.00000095, 10.99999809], "autoUv": false}, "west": {"texture": "#hair", "uv": [30.0, 1.00000191, 32.00000095, 12.0], "autoUv": false}, "up": {"texture": "#hair", "uv": [32.00000095, 3.0, 35.00000095, 4.99999809], "autoUv": false}, "down": {"texture": "#hair", "uv": [0, 0, 4, 4], "autoUv": false, "enabled": false}}, "children": []}, {"name": "h.103", "from": [0.40640402, -7.18421412, 0.49991244], "to": [4.00395393, -0.19634628, 1.96323377], "rotationOrigin": [2.20517898, -0.19634628, 1.2315731], "rotationX": 63.15190175, "rotationY": 100.20389531, "rotationZ": -79.49161986, "group": "hair-furslop4", "faces": {"north": {"texture": "#hair", "uv": [27.99999905, 1.00000191, 32.00000095, 12.0], "autoUv": false}, "east": {"texture": "#hair", "uv": [35.00000095, 1.00000191, 36.99999905, 12.0], "autoUv": false}, "south": {"texture": "#hair", "uv": [30.0, 0.0, 36.99999905, 10.99999809], "autoUv": false}, "west": {"texture": "#hair", "uv": [30.0, 1.00000191, 32.00000095, 12.0], "autoUv": false}, "up": {"texture": "#hair", "uv": [32.00000095, 3.0, 35.00000095, 4.99999809], "autoUv": false}, "down": {"texture": "#hair", "uv": [0, 0, 4, 4], "autoUv": false, "enabled": false}}, "children": []}, {"name": "h.104", "from": [-0.03738737, -7.625247, -1.09335157], "to": [3.84565401, -0.6373806, 0.36996964], "rotationOrigin": [1.90413332, -0.6373806, -0.36169097], "rotationX": -87.41614877, "rotationY": 68.3392665, "rotationZ": 84.07507978, "group": "hair-furslop4", "faces": {"north": {"texture": "#hair", "uv": [27.99999905, 1.00000191, 32.00000095, 12.0], "autoUv": false}, "east": {"texture": "#hair", "uv": [35.00000095, 1.00000191, 36.99999905, 12.0], "autoUv": false}, "south": {"texture": "#hair", "uv": [32.00000095, 0.0, 39.0, 10.99999809], "autoUv": false}, "west": {"texture": "#hair", "uv": [30.0, 1.00000191, 32.00000095, 12.0], "autoUv": false}, "up": {"texture": "#hair", "uv": [32.00000095, 3.0, 35.00000095, 4.99999809], "autoUv": false}, "down": {"texture": "#hair", "uv": [0, 0, 4, 4], "autoUv": false, "enabled": false}}, "children": []}, {"name": "h.105", "from": [0.00926471, -7.30038071, -2.03211856], "to": [3.71125102, -0.31251526, -0.56879735], "rotationOrigin": [1.86025786, -0.31251526, -1.30045795], "rotationX": -65.17724408, "rotationY": 80.05404496, "rotationZ": 82.31915425, "group": "hair-furslop4", "faces": {"north": {"texture": "#hair", "uv": [27.99999905, 1.00000191, 32.00000095, 12.0], "autoUv": false}, "east": {"texture": "#hair", "uv": [35.00000095, 1.00000191, 36.99999905, 12.0], "autoUv": false}, "south": {"texture": "#hair", "uv": [27.0, 0.0, 33.99999905, 10.99999809], "autoUv": false}, "west": {"texture": "#hair", "uv": [30.0, 1.00000191, 32.00000095, 12.0], "autoUv": false}, "up": {"texture": "#hair", "uv": [32.00000095, 3.0, 35.00000095, 4.99999809], "autoUv": false}, "down": {"texture": "#hair", "uv": [0, 0, 4, 4], "autoUv": false, "enabled": false}}, "children": []}, {"name": "h.106", "from": [0.9574315, -5.09350729, -2.78830522], "to": [2.69753963, -0.08226395, -1.59073502], "rotationOrigin": [1.82748556, -0.08226395, -2.18952012], "rotationX": 84.81209134, "rotationY": 13.58109094, "rotationZ": -91.53916514, "group": "hair-furslop4", "faces": {"north": {"texture": "#hair", "uv": [33.0, 1.99999809, 36.0, 10.00000191], "autoUv": false}, "east": {"texture": "#hair", "uv": [35.00000095, 3.0, 36.99999905, 10.99999809], "autoUv": false}, "south": {"texture": "#hair", "uv": [32.00000095, 4.00000191, 35.00000095, 12.0], "autoUv": false}, "west": {"texture": "#hair", "uv": [30.0, 4.00000191, 32.00000095, 10.99999809], "autoUv": false}, "up": {"texture": "#hair", "uv": [32.00000095, 3.0, 35.00000095, 4.99999809], "autoUv": false}, "down": {"texture": "#hair", "uv": [35.00000095, 7.99999809, 32.00000095, 6.0], "autoUv": false}}, "children": []}, {"name": "h.107", "from": [-3.2800529, -3.74488711, -2.35499781], "to": [-1.98439813, -0.72288895, -1.15742809], "rotationOrigin": [-2.63222551, -0.72288895, -1.75621295], "rotationX": -70.24826339, "rotationY": 96.58914747, "rotationZ": 64.33664587, "group": "hair-furslop4", "faces": {"north": {"texture": "#hair", "uv": [41.00000095, 4.99999809, 42.99999905, 10.99999809], "autoUv": false}, "east": {"texture": "#hair", "uv": [35.00000095, 6.0, 36.99999905, 12.0], "autoUv": false}, "south": {"texture": "#hair", "uv": [33.0, 6.0, 35.00000095, 12.0], "autoUv": false}, "west": {"texture": "#hair", "uv": [30.99999905, 7.00000191, 33.0, 13.00000191], "autoUv": false}, "up": {"texture": "#hair", "uv": [32.00000095, 4.00000191, 35.00000095, 6.0], "autoUv": false}, "down": {"texture": "#hair", "uv": [0, 0, 4, 4], "autoUv": false, "enabled": false}}, "children": []}, {"name": "h.108", "from": [0.8459214, -0.69156647, -2.26711637], "to": [2.91741478, 4.21786118, -0.48599237], "rotationOrigin": [1.88166809, 4.21786118, -1.37655437], "rotationX": 24.54989408, "rotationY": -4.57754497, "rotationZ": -10.8496206, "group": "hair-furslop4", "faces": {"north": {"texture": "#hair", "uv": [33.0, 3.0, 36.0, 10.99999809], "autoUv": false}, "east": {"texture": "#hair", "uv": [35.00000095, 4.00000191, 36.99999905, 12.0], "autoUv": false}, "south": {"texture": "#hair", "uv": [32.00000095, 4.00000191, 35.00000095, 12.0], "autoUv": false}, "west": {"texture": "#hair", "uv": [29.00000095, 4.99999809, 30.99999905, 12.0], "autoUv": false}, "up": {"texture": "#hair", "uv": [32.00000095, 3.0, 35.00000095, 4.99999809], "autoUv": false}, "down": {"texture": "#hair", "uv": [0, 0, 4, 4], "autoUv": false, "enabled": false}}, "children": []}, {"name": "h.109", "from": [1.40239048, -5.17000914, 1.22453582], "to": [3.2139411, 0.046978, 2.47127378], "rotationOrigin": [2.30816579, 0.046978, 1.8479048], "rotationX": 105.71790703, "rotationY": 12.17819058, "rotationZ": -96.24920212, "group": "hair-furslop4", "faces": {"north": {"texture": "#hair", "uv": [32.00000095, 1.99999809, 35.00000095, 10.00000191], "autoUv": false}, "east": {"texture": "#hair", "uv": [33.99999905, 1.99999809, 36.0, 10.00000191], "autoUv": false}, "south": {"texture": "#hair", "uv": [30.99999905, 4.00000191, 33.99999905, 12.0], "autoUv": false}, "west": {"texture": "#hair", "uv": [29.00000095, 4.00000191, 30.99999905, 10.99999809], "autoUv": false}, "up": {"texture": "#hair", "uv": [30.99999905, 3.0, 33.99999905, 4.99999809], "autoUv": false}, "down": {"texture": "#hair", "uv": [33.99999905, 7.99999809, 30.99999905, 6.0], "autoUv": false}}, "children": []}, {"name": "h.110", "from": [-3.01778311, -4.04869246, 1.38931364], "to": [-1.66893345, -0.8334198, 2.63605124], "rotationOrigin": [-2.34335828, -0.8334198, 2.01268244], "rotationX": -70.24809263, "rotationY": 96.58914747, "rotationZ": 78.94738356, "group": "hair-furslop4", "faces": {"north": {"texture": "#hair", "uv": [27.0, 4.99999809, 29.00000095, 10.99999809], "autoUv": false}, "east": {"texture": "#hair", "uv": [35.00000095, 6.0, 36.99999905, 12.0], "autoUv": false}, "south": {"texture": "#hair", "uv": [33.0, 6.0, 35.00000095, 12.0], "autoUv": false}, "west": {"texture": "#hair", "uv": [30.99999905, 7.00000191, 33.0, 13.00000191], "autoUv": false}, "up": {"texture": "#hair", "uv": [32.00000095, 4.00000191, 35.00000095, 6.0], "autoUv": false}, "down": {"texture": "#hair", "uv": [0, 0, 4, 4], "autoUv": false, "enabled": false}}, "children": []}, {"name": "h.111", "from": [0.50429118, -0.48585081, 0.4013868], "to": [2.57578456, 4.42357635, 2.18251079], "rotationOrigin": [1.54003787, 4.42357635, 1.2919488], "rotationX": -26.52403731, "rotationY": 1.76697805, "rotationZ": 4.91508737, "group": "hair-furslop4", "faces": {"north": {"texture": "#hair", "uv": [33.0, 3.0, 36.0, 10.99999809], "autoUv": false}, "east": {"texture": "#hair", "uv": [35.00000095, 4.00000191, 36.99999905, 12.0], "autoUv": false}, "south": {"texture": "#hair", "uv": [32.00000095, 4.00000191, 35.00000095, 12.0], "autoUv": false}, "west": {"texture": "#hair", "uv": [30.0, 4.99999809, 32.00000095, 12.0], "autoUv": false}, "up": {"texture": "#hair", "uv": [32.00000095, 3.0, 35.00000095, 4.99999809], "autoUv": false}, "down": {"texture": "#hair", "uv": [0, 0, 4, 4], "autoUv": false, "enabled": false}}, "children": []}]}], "groups": []}