{"textureWidth": 96, "textureHeight": 96, "textures": {"hair": "kemono:entity/kemono/hair/hair"}, "textureSizes": {"hair": [96, 96]}, "elements": [{"name": "hair-uncovered", "from": [-6e-08, -5.72e-06, 0.0], "to": [0.99999994, 0.99999428, 1.0], "rotationOrigin": [-6e-08, -5.72e-06, 0.0], "stepParentName": "b_Head", "rotationX": -1.366e-05, "rotationY": 0.0, "rotationZ": 0.0, "group": "hair-furslop2", "faces": {"north": {"texture": "#hair", "uv": [2.38110119, 91.09286499, 4.38110125, 93.0928688], "autoUv": false, "enabled": false}, "east": {"texture": "#hair", "uv": [4.38110125, 91.09286499, 6.38110113, 93.0928688], "autoUv": false, "enabled": false}, "south": {"texture": "#hair", "uv": [6.38110113, 91.09286499, 8.38110137, 93.0928688], "autoUv": false, "enabled": false}, "west": {"texture": "#hair", "uv": [8.38110137, 91.09286499, 10.38110161, 93.0928688], "autoUv": false, "enabled": false}, "up": {"texture": "#hair", "uv": [2.38110119, 89.0928669, 4.38110125, 91.09286499], "autoUv": false, "enabled": false}, "down": {"texture": "#hair", "uv": [6.38110113, 91.09286499, 4.38110125, 89.0928669], "autoUv": false, "enabled": false}}, "children": [{"name": "h.016", "from": [-2.07155669, 2.70792055, -1.16931754], "to": [-0.06391919, 6.70792007, -0.16931766], "rotationOrigin": [-1.06773794, 6.70792007, -0.6693176], "rotationX": 91.12546742, "rotationY": 22.52552163, "rotationZ": -102.51592801, "group": "hair-furslop2", "faces": {"north": {"texture": "#hair", "uv": [27.0, 4.99999809, 30.0, 12.0], "autoUv": false}, "east": {"texture": "#hair", "uv": [35.00000095, 4.99999809, 36.99999905, 12.0], "autoUv": false}, "south": {"texture": "#hair", "uv": [32.00000095, 4.99999809, 35.00000095, 12.0], "autoUv": false}, "west": {"texture": "#hair", "uv": [30.0, 4.99999809, 32.00000095, 12.0], "autoUv": false}, "up": {"texture": "#hair", "uv": [32.00000095, 3.0, 35.00000095, 4.99999809], "autoUv": false}, "down": {"texture": "#hair", "uv": [35.00000095, 16.99999809, 32.00000095, 15.0], "autoUv": false, "enabled": false}}, "children": []}, {"name": "h.020", "from": [-0.90319538, 1.89539695, -1.22175762], "to": [1.22206688, 5.6012249, -0.22175816], "rotationOrigin": [0.15943575, 5.6012249, -0.72175789], "rotationX": 68.87700729, "rotationY": -22.76643606, "rotationZ": -124.28419852, "group": "hair-furslop2", "faces": {"north": {"texture": "#hair", "uv": [27.0, 4.99999809, 30.0, 12.0], "autoUv": false}, "east": {"texture": "#hair", "uv": [35.00000095, 4.99999809, 36.99999905, 12.0], "autoUv": false}, "south": {"texture": "#hair", "uv": [32.00000095, 4.99999809, 35.00000095, 12.0], "autoUv": false}, "west": {"texture": "#hair", "uv": [30.0, 4.99999809, 32.00000095, 12.0], "autoUv": false}, "up": {"texture": "#hair", "uv": [32.00000095, 3.0, 35.00000095, 4.99999809], "autoUv": false}, "down": {"texture": "#hair", "uv": [35.00000095, 16.99999809, 32.00000095, 15.0], "autoUv": false, "enabled": false}}, "children": []}, {"name": "h.033", "from": [-3.35717249, 1.17787385, 1.45708251], "to": [-1.75068569, 4.57038307, 2.45708251], "rotationOrigin": [-2.55392909, 4.57038307, 1.95708251], "rotationX": -39.3069532, "rotationY": 140.61463441, "rotationZ": -4.88678264, "group": "hair-furslop2", "faces": {"north": {"texture": "#hair", "uv": [27.99999905, 4.99999809, 30.99999905, 12.0], "autoUv": false}, "east": {"texture": "#hair", "uv": [36.99999905, 4.99999809, 39.0, 12.0], "autoUv": false}, "south": {"texture": "#hair", "uv": [33.0, 4.99999809, 36.0, 12.0], "autoUv": false}, "west": {"texture": "#hair", "uv": [30.99999905, 4.99999809, 33.0, 12.0], "autoUv": false}, "up": {"texture": "#hair", "uv": [33.0, 3.0, 36.0, 4.99999809], "autoUv": false}, "down": {"texture": "#hair", "uv": [36.0, 16.99999809, 33.0, 15.0], "autoUv": false, "enabled": false}}, "children": []}, {"name": "h.034", "from": [-2.55690587, 1.87649536, -0.05529061], "to": [-0.52724254, 5.87649536, 0.94470897], "rotationOrigin": [-1.5420742, 5.87649536, 0.44470918], "rotationX": 97.53037486, "rotationY": 19.41524131, "rotationZ": -137.26344307, "group": "hair-furslop2", "faces": {"north": {"texture": "#hair", "uv": [27.0, 4.99999809, 30.0, 12.0], "autoUv": false}, "east": {"texture": "#hair", "uv": [35.00000095, 4.99999809, 36.99999905, 12.0], "autoUv": false}, "south": {"texture": "#hair", "uv": [32.00000095, 4.99999809, 35.00000095, 12.0], "autoUv": false}, "west": {"texture": "#hair", "uv": [30.0, 4.99999809, 32.00000095, 12.0], "autoUv": false}, "up": {"texture": "#hair", "uv": [32.00000095, 3.0, 35.00000095, 4.99999809], "autoUv": false}, "down": {"texture": "#hair", "uv": [35.00000095, 16.99999809, 32.00000095, 15.0], "autoUv": false, "enabled": false}}, "children": []}, {"name": "h.035", "from": [-2.76663303, 2.25701904, -1.50822109], "to": [-1.14178824, 6.30272865, -0.49679357], "rotationOrigin": [-1.95421064, 6.30272865, -1.00250733], "rotationX": 66.34463952, "rotationY": 27.27151614, "rotationZ": -38.15273661, "group": "hair-furslop2", "faces": {"north": {"texture": "#hair", "uv": [27.0, 4.99999809, 30.0, 12.0], "autoUv": false}, "east": {"texture": "#hair", "uv": [35.00000095, 4.99999809, 36.99999905, 12.0], "autoUv": false}, "south": {"texture": "#hair", "uv": [32.00000095, 4.99999809, 35.00000095, 12.0], "autoUv": false, "enabled": false}, "west": {"texture": "#hair", "uv": [30.0, 4.99999809, 32.00000095, 12.0], "autoUv": false}, "up": {"texture": "#hair", "uv": [32.00000095, 3.0, 35.00000095, 4.99999809], "autoUv": false}, "down": {"texture": "#hair", "uv": [35.00000095, 16.99999809, 32.00000095, 15.0], "autoUv": false, "enabled": false}}, "children": []}, {"name": "h.036", "from": [0.35213524, 0.53241968, -1.04652211], "to": [1.95862144, 4.71692657, -0.04652265], "rotationOrigin": [1.15537834, 4.71692657, -0.54652238], "rotationX": -150.86611997, "rotationY": -4.53641443, "rotationZ": -44.77129237, "group": "hair-furslop2", "faces": {"north": {"texture": "#hair", "uv": [27.0, 4.99999809, 30.0, 12.0], "autoUv": false}, "east": {"texture": "#hair", "uv": [35.00000095, 4.99999809, 36.99999905, 12.0], "autoUv": false}, "south": {"texture": "#hair", "uv": [32.00000095, 4.99999809, 35.00000095, 12.0], "autoUv": false}, "west": {"texture": "#hair", "uv": [30.0, 4.99999809, 32.00000095, 12.0], "autoUv": false}, "up": {"texture": "#hair", "uv": [32.00000095, 3.0, 35.00000095, 4.99999809], "autoUv": false}, "down": {"texture": "#hair", "uv": [35.00000095, 16.99999809, 32.00000095, 15.0], "autoUv": false, "enabled": false}}, "children": []}, {"name": "h.037", "from": [-3.33136463, 2.08989787, 0.02469087], "to": [-1.7432127, 5.77290344, 1.02469099], "rotationOrigin": [-2.53728867, 5.77290344, 0.52469093], "rotationX": -65.95868602, "rotationY": 121.60910029, "rotationZ": 23.161291, "group": "hair-furslop2", "faces": {"north": {"texture": "#hair", "uv": [27.0, 4.99999809, 30.0, 12.0], "autoUv": false}, "east": {"texture": "#hair", "uv": [35.00000095, 4.99999809, 36.99999905, 12.0], "autoUv": false}, "south": {"texture": "#hair", "uv": [32.00000095, 4.99999809, 35.00000095, 12.0], "autoUv": false}, "west": {"texture": "#hair", "uv": [30.0, 4.99999809, 32.00000095, 12.0], "autoUv": false}, "up": {"texture": "#hair", "uv": [32.00000095, 3.0, 35.00000095, 4.99999809], "autoUv": false}, "down": {"texture": "#hair", "uv": [35.00000095, 16.99999809, 32.00000095, 15.0], "autoUv": false, "enabled": false}}, "children": []}, {"name": "h.038", "from": [1.03707355, 0.25803804, -0.98209986], "to": [2.92355496, 4.44254494, 0.01789996], "rotationOrigin": [1.98031425, 4.44254494, -0.48209995], "rotationX": 80.92183415, "rotationY": -45.01884916, "rotationZ": -96.50407063, "group": "hair-furslop2", "faces": {"north": {"texture": "#hair", "uv": [27.99999905, 6.0, 30.99999905, 13.00000191], "autoUv": false}, "east": {"texture": "#hair", "uv": [35.00000095, 4.99999809, 36.99999905, 12.0], "autoUv": false}, "south": {"texture": "#hair", "uv": [32.00000095, 4.99999809, 35.00000095, 12.0], "autoUv": false}, "west": {"texture": "#hair", "uv": [30.0, 4.99999809, 32.00000095, 12.0], "autoUv": false}, "up": {"texture": "#hair", "uv": [32.00000095, 3.0, 35.00000095, 4.99999809], "autoUv": false}, "down": {"texture": "#hair", "uv": [35.00000095, 16.99999809, 32.00000095, 15.0], "autoUv": false, "enabled": false}}, "children": []}, {"name": "h.039", "from": [-0.63098282, 0.85742378, -0.40510315], "to": [1.21436971, 5.2098732, 0.63503068], "rotationOrigin": [0.29169345, 5.2098732, 0.11496376], "rotationX": -96.16121563, "rotationY": 40.13907173, "rotationZ": 86.51885316, "group": "hair-furslop2", "faces": {"north": {"texture": "#hair", "uv": [27.99999905, 4.99999809, 30.99999905, 12.0], "autoUv": false}, "east": {"texture": "#hair", "uv": [35.00000095, 4.99999809, 36.99999905, 12.0], "autoUv": false}, "south": {"texture": "#hair", "uv": [32.00000095, 4.99999809, 35.00000095, 12.0], "autoUv": false}, "west": {"texture": "#hair", "uv": [30.0, 4.99999809, 32.00000095, 12.0], "autoUv": false}, "up": {"texture": "#hair", "uv": [32.00000095, 3.0, 35.00000095, 4.99999809], "autoUv": false}, "down": {"texture": "#hair", "uv": [35.00000095, 16.99999809, 32.00000095, 15.0], "autoUv": false, "enabled": false}}, "children": []}, {"name": "h.040", "from": [-0.58977801, -0.04354095, -0.96666789], "to": [1.25557476, 4.30890846, 0.07346594], "rotationOrigin": [0.33289838, 4.30890846, -0.44660097], "rotationX": -66.97632274, "rotationY": 24.92336711, "rotationZ": 99.85735201, "group": "hair-furslop2", "faces": {"north": {"texture": "#hair", "uv": [33.0, 4.00000191, 36.0, 10.99999809], "autoUv": false}, "east": {"texture": "#hair", "uv": [35.00000095, 4.99999809, 36.99999905, 12.0], "autoUv": false}, "south": {"texture": "#hair", "uv": [32.00000095, 4.99999809, 35.00000095, 12.0], "autoUv": false}, "west": {"texture": "#hair", "uv": [30.0, 4.99999809, 32.00000095, 12.0], "autoUv": false}, "up": {"texture": "#hair", "uv": [32.00000095, 3.0, 35.00000095, 4.99999809], "autoUv": false}, "down": {"texture": "#hair", "uv": [35.00000095, 16.99999809, 32.00000095, 15.0], "autoUv": false, "enabled": false}}, "children": []}, {"name": "h.041", "from": [-0.32135415, -0.21513462, -0.48697478], "to": [1.52399826, 4.13731384, 0.55315906], "rotationOrigin": [0.60132205, 4.13731384, 0.03309214], "rotationX": -89.66046697, "rotationY": 51.07194039, "rotationZ": 70.78170116, "group": "hair-furslop2", "faces": {"north": {"texture": "#hair", "uv": [29.00000095, 4.99999809, 32.00000095, 12.0], "autoUv": false}, "east": {"texture": "#hair", "uv": [35.00000095, 4.99999809, 36.99999905, 12.0], "autoUv": false}, "south": {"texture": "#hair", "uv": [32.00000095, 4.99999809, 35.00000095, 12.0], "autoUv": false}, "west": {"texture": "#hair", "uv": [30.0, 4.99999809, 32.00000095, 12.0], "autoUv": false}, "up": {"texture": "#hair", "uv": [32.00000095, 3.0, 35.00000095, 4.99999809], "autoUv": false}, "down": {"texture": "#hair", "uv": [35.00000095, 16.99999809, 32.00000095, 15.0], "autoUv": false, "enabled": false}}, "children": []}, {"name": "h.042", "from": [-0.10154265, 1.64990282, -0.8308906], "to": [1.67260593, 4.70826721, 0.16910917], "rotationOrigin": [0.78553164, 4.70826721, -0.33089072], "rotationX": -92.29252135, "rotationY": 7.22225142, "rotationZ": 111.0390547, "group": "hair-furslop2", "faces": {"north": {"texture": "#hair", "uv": [27.99999905, 4.99999809, 30.99999905, 12.0], "autoUv": false}, "east": {"texture": "#hair", "uv": [35.00000095, 4.99999809, 36.99999905, 12.0], "autoUv": false}, "south": {"texture": "#hair", "uv": [32.00000095, 4.99999809, 35.00000095, 12.0], "autoUv": false}, "west": {"texture": "#hair", "uv": [30.0, 4.99999809, 32.00000095, 12.0], "autoUv": false}, "up": {"texture": "#hair", "uv": [32.00000095, 3.0, 35.00000095, 4.99999809], "autoUv": false}, "down": {"texture": "#hair", "uv": [35.00000095, 16.99999809, 32.00000095, 15.0], "autoUv": false, "enabled": false}}, "children": []}, {"name": "h.043", "from": [-0.17737806, -1.7698679, -0.89807227], "to": [1.97041738, 2.58257866, 0.14206132], "rotationOrigin": [0.89651966, 2.58257866, -0.37800547], "rotationX": -88.45132541, "rotationY": 48.35224785, "rotationZ": 104.74168175, "group": "hair-furslop2", "faces": {"north": {"texture": "#hair", "uv": [29.00000095, 4.99999809, 33.0, 12.0], "autoUv": false}, "east": {"texture": "#hair", "uv": [35.00000095, 4.99999809, 36.99999905, 12.0], "autoUv": false}, "south": {"texture": "#hair", "uv": [30.99999905, 4.99999809, 35.00000095, 12.0], "autoUv": false}, "west": {"texture": "#hair", "uv": [30.0, 4.99999809, 32.00000095, 12.0], "autoUv": false}, "up": {"texture": "#hair", "uv": [32.00000095, 3.0, 35.00000095, 4.99999809], "autoUv": false}, "down": {"texture": "#hair", "uv": [35.00000095, 16.99999809, 32.00000095, 15.0], "autoUv": false, "enabled": false}}, "children": []}, {"name": "h.044", "from": [0.31834137, -1.94729257, -0.48237708], "to": [2.48157108, 1.99000168, 0.5176225], "rotationOrigin": [1.39995623, 1.99000168, 0.01762271], "rotationX": -96.48971357, "rotationY": 66.37271843, "rotationZ": 93.45191864, "group": "hair-furslop2", "faces": {"north": {"texture": "#hair", "uv": [27.99999905, 4.99999809, 32.00000095, 12.0], "autoUv": false}, "east": {"texture": "#hair", "uv": [35.00000095, 4.99999809, 36.99999905, 12.0], "autoUv": false}, "south": {"texture": "#hair", "uv": [32.00000095, 4.99999809, 36.0, 12.0], "autoUv": false}, "west": {"texture": "#hair", "uv": [30.0, 4.99999809, 32.00000095, 12.0], "autoUv": false}, "up": {"texture": "#hair", "uv": [32.00000095, 3.0, 35.00000095, 4.99999809], "autoUv": false}, "down": {"texture": "#hair", "uv": [35.00000095, 16.99999809, 32.00000095, 15.0], "autoUv": false, "enabled": false}}, "children": []}, {"name": "h.045", "from": [0.24600488, 1.25420237, -0.20431519], "to": [2.02015322, 4.31256676, 0.79568446], "rotationOrigin": [1.13307905, 4.31256676, 0.29568464], "rotationX": -134.08340262, "rotationY": -107.29331748, "rotationZ": 7.8608946, "group": "hair-furslop2", "faces": {"north": {"texture": "#hair", "uv": [27.99999905, 4.99999809, 30.99999905, 12.0], "autoUv": false}, "east": {"texture": "#hair", "uv": [35.00000095, 4.99999809, 36.99999905, 12.0], "autoUv": false}, "south": {"texture": "#hair", "uv": [32.00000095, 4.99999809, 35.00000095, 12.0], "autoUv": false}, "west": {"texture": "#hair", "uv": [30.0, 4.99999809, 32.00000095, 12.0], "autoUv": false}, "up": {"texture": "#hair", "uv": [32.00000095, 3.0, 35.00000095, 4.99999809], "autoUv": false}, "down": {"texture": "#hair", "uv": [35.00000095, 16.99999809, 32.00000095, 15.0], "autoUv": false, "enabled": false}}, "children": []}, {"name": "h.046", "from": [-3.42268372, 1.72797966, -0.97787637], "to": [-1.8161974, 5.72797966, 0.02212346], "rotationOrigin": [-2.61944056, 5.72797966, -0.47787645], "rotationX": 86.79865186, "rotationY": 58.38328906, "rotationZ": -107.36336107, "group": "hair-furslop2", "faces": {"north": {"texture": "#hair", "uv": [27.0, 4.99999809, 30.0, 12.0], "autoUv": false}, "east": {"texture": "#hair", "uv": [35.00000095, 4.99999809, 36.99999905, 12.0], "autoUv": false}, "south": {"texture": "#hair", "uv": [32.00000095, 4.99999809, 35.00000095, 12.0], "autoUv": false}, "west": {"texture": "#hair", "uv": [30.0, 4.99999809, 32.00000095, 12.0], "autoUv": false}, "up": {"texture": "#hair", "uv": [32.00000095, 3.0, 35.00000095, 4.99999809], "autoUv": false}, "down": {"texture": "#hair", "uv": [35.00000095, 16.99999809, 32.00000095, 15.0], "autoUv": false, "enabled": false}}, "children": []}, {"name": "h.047", "from": [-3.4574219, 1.51142073, -1.86398095], "to": [-1.59587228, 5.89415741, -0.85255343], "rotationOrigin": [-2.52664709, 5.89415741, -1.35826719], "rotationX": 35.95414994, "rotationY": 33.40548876, "rotationZ": -7.69262008, "group": "hair-furslop2", "faces": {"north": {"texture": "#hair", "uv": [27.0, 4.99999809, 30.0, 12.0], "autoUv": false}, "east": {"texture": "#hair", "uv": [35.00000095, 4.99999809, 36.99999905, 12.0], "autoUv": false}, "south": {"texture": "#hair", "uv": [32.00000095, 4.99999809, 35.00000095, 12.0], "autoUv": false, "enabled": false}, "west": {"texture": "#hair", "uv": [30.0, 4.99999809, 32.00000095, 12.0], "autoUv": false}, "up": {"texture": "#hair", "uv": [32.00000095, 3.0, 35.00000095, 4.99999809], "autoUv": false}, "down": {"texture": "#hair", "uv": [35.00000095, 16.99999809, 32.00000095, 15.0], "autoUv": false, "enabled": false}}, "children": []}]}, {"name": "h.032", "from": [-3.78662062, 1.5800519, -1.03273919], "to": [-2.18013382, 6.02821541, -0.03273925], "rotationOrigin": [-2.98337722, 6.02821541, -0.53273922], "stepParentName": "b_Head", "rotationX": -70.74887527, "rotationY": 98.40096443, "rotationZ": 53.39860335, "group": "hair-furslop2", "faces": {"north": {"texture": "#hair", "uv": [30.99999905, 4.99999809, 33.99999905, 12.0], "autoUv": false}, "east": {"texture": "#hair", "uv": [35.00000095, 4.99999809, 36.99999905, 12.0], "autoUv": false}, "south": {"texture": "#hair", "uv": [32.00000095, 4.99999809, 35.00000095, 12.0], "autoUv": false}, "west": {"texture": "#hair", "uv": [29.00000095, 4.99999809, 30.99999905, 12.0], "autoUv": false}, "up": {"texture": "#hair", "uv": [32.00000095, 3.0, 35.00000095, 4.99999809], "autoUv": false}, "down": {"texture": "#hair", "uv": [35.00000095, 16.99999809, 32.00000095, 15.0], "autoUv": false, "enabled": false}}, "children": []}], "groups": []}