{
	"editor": {
		"allAngles": false,
		"entityTextureMode": false
	},
	"textureWidth": 16,
	"textureHeight": 16,
	"textureSizes": {
	},
	"textures": {
	},
	"elements": [
		{
			"name": "MeshFootLowerL.004",
			"stepParentName": "b_FootLowerL",
			"from": [ -0.5629, -8.0585, 0.3721 ],
			"to": [ 2.8753, -0.4006, 3.3709 ],
			"rotationOrigin": [ 1.1562, -0.4006, 1.8715 ],
			"rotationX": 90.0251,
			"rotationY": 0.3848,
			"rotationZ": 75.0566,
			"faces": {
				"north": { "texture": "#main", "uv": [ 32.0, 105.0, 40.0, 119.0 ], "autoUv": false },
				"east": { "texture": "#main", "uv": [ 54.0, 105.0, 60.0, 119.0 ], "autoUv": false },
				"south": { "texture": "#main", "uv": [ 46.0, 105.0, 54.0, 119.0 ], "autoUv": false },
				"west": { "texture": "#main", "uv": [ 40.0, 105.0, 46.0, 119.0 ], "autoUv": false },
				"up": { "texture": "#main", "uv": [ 40.0, 104.0, 46.0, 112.0 ], "rotation": 90, "autoUv": false },
				"down": { "texture": "#main", "uv": [ 46.0, 127.0, 40.0, 119.0 ], "rotation": 90, "autoUv": false }
			}
		},
		{
			"name": "MeshFootLowerR.004",
			"stepParentName": "b_FootLowerR",
			"from": [ -0.5629, 0.4006, 0.3715 ],
			"to": [ 2.8753, 8.053, 3.3715 ],
			"rotationOrigin": [ 1.1562, 0.4006, 1.8715 ],
			"rotationX": 90.1003,
			"rotationY": -0.3857,
			"rotationZ": -104.9383,
			"faces": {
				"north": { "texture": "#main", "uv": [ 8.0, 105.0, 16.0, 119.0 ], "rotation": 180, "autoUv": false },
				"east": { "texture": "#main", "uv": [ 16.0, 105.0, 22.0, 119.0 ], "rotation": 180, "autoUv": false },
				"south": { "texture": "#main", "uv": [ 22.0, 105.0, 30.0, 119.0 ], "rotation": 180, "autoUv": false },
				"west": { "texture": "#main", "uv": [ 2.0, 105.0, 8.0, 119.0 ], "rotation": 180, "autoUv": false },
				"up": { "texture": "#main", "uv": [ 16.0, 119.0, 22.0, 127.0 ], "rotation": 270, "autoUv": false },
				"down": { "texture": "#main", "uv": [ 22.0, 112.0, 16.0, 104.0 ], "rotation": 270, "autoUv": false }
			}
		},
		{
			"name": "MeshFootUpperL.004",
			"stepParentName": "b_FootUpperL",
			"from": [ -3.4675, -8.5287, -0.8724 ],
			"to": [ 1.0032, -0.0735, 2.6608 ],
			"rotationOrigin": [ -1.2322, -0.0735, 0.8942 ],
			"rotationX": 89.6574,
			"rotationY": -1.9055,
			"rotationZ": 75.4355,
			"faces": {
				"north": { "texture": "#main", "uv": [ 32.0, 74.0, 40.0, 92.0 ], "autoUv": false },
				"east": { "texture": "#main", "uv": [ 54.0, 74.0, 60.0, 92.0 ], "autoUv": false },
				"south": { "texture": "#main", "uv": [ 46.0, 74.0, 54.0, 92.0 ], "autoUv": false },
				"west": { "texture": "#main", "uv": [ 40.0, 74.0, 46.0, 92.0 ], "autoUv": false },
				"up": { "texture": "#main", "uv": [ 40.0, 66.0, 46.0, 74.0 ], "rotation": 90, "autoUv": false },
				"down": { "texture": "#main", "uv": [ 46.0, 100.0, 40.0, 92.0 ], "rotation": 90, "autoUv": false }
			}
		},
		{
			"name": "MeshFootUpperR.004",
			"stepParentName": "b_FootUpperR",
			"from": [ -3.4675, 0.0767, -0.8671 ],
			"to": [ 1.0032, 8.5878, 2.6549 ],
			"rotationOrigin": [ -1.2322, 0.0767, 0.8939 ],
			"rotationX": 89.8306,
			"rotationY": 1.9069,
			"rotationZ": -104.5706,
			"faces": {
				"north": { "texture": "#main", "uv": [ 8.0, 74.0, 16.0, 92.0 ], "rotation": 180, "autoUv": false },
				"east": { "texture": "#main", "uv": [ 16.0, 74.0, 22.0, 92.0 ], "rotation": 180, "autoUv": false },
				"south": { "texture": "#main", "uv": [ 22.0, 74.0, 30.0, 92.0 ], "rotation": 180, "autoUv": false },
				"west": { "texture": "#main", "uv": [ 2.0, 74.0, 8.0, 92.0 ], "rotation": 180, "autoUv": false },
				"up": { "texture": "#main", "uv": [ 16.0, 92.0, 22.0, 100.0 ], "rotation": 270, "autoUv": false },
				"down": { "texture": "#main", "uv": [ 22.0, 74.0, 16.0, 66.0 ], "rotation": 270, "autoUv": false }
			}
		},
		{
			"name": "LowerFootL",
			"stepParentName": "b_FootLowerL",
			"from": [ 9.5809, 1.2806, -2.3998 ],
			"to": [ 9.5809, 1.2806, -2.3998 ],
			"rotationOrigin": [ 9.5809, 1.2806, -2.3998 ],
			"rotationX": 90.0251,
			"rotationY": 0.3848,
			"rotationZ": 75.0562,
			"faces": {
			}
		},
		{
			"name": "LowerFootR",
			"stepParentName": "b_FootLowerR",
			"from": [ 9.6552, 1.854, -2.3461 ],
			"to": [ 9.6552, 1.854, -2.3461 ],
			"rotationOrigin": [ 9.6552, 1.854, -2.3461 ],
			"rotationX": 90.1003,
			"rotationY": -0.3857,
			"rotationZ": 75.0597,
			"faces": {
			}
		},
		{
			"name": "UpperFootL",
			"stepParentName": "b_FootUpperL",
			"from": [ 7.4298, 1.3787, -3.6607 ],
			"to": [ 7.4298, 1.3787, -3.6607 ],
			"rotationOrigin": [ 7.4298, 1.3787, -3.6607 ],
			"rotationX": 89.6574,
			"rotationY": -1.9055,
			"rotationZ": 75.4354,
			"faces": {
			}
		},
		{
			"name": "UpperFootR",
			"stepParentName": "b_FootUpperR",
			"from": [ 7.3614, 2.1113, -3.6719 ],
			"to": [ 7.3614, 2.1113, -3.6719 ],
			"rotationOrigin": [ 7.3614, 2.1113, -3.6719 ],
			"rotationX": 89.8306,
			"rotationY": 1.9069,
			"rotationZ": 75.4297,
			"faces": {
			}
		},
		{
			"name": "MeshFootUpperL.005",
			"stepParentName": "b_FootLowerL",
			"from": [ -2.9292, -6.2309, -3.5116 ],
			"to": [ 0.6424, -0.2008, -0.5784 ],
			"rotationOrigin": [ -1.1434, -0.2008, -2.045 ],
			"rotationX": 91.448,
			"rotationY": -1.3736,
			"rotationZ": 138.7397,
			"faces": {
				"north": { "texture": "#main", "uv": [ 32.0, 100.0, 40.0, 109.0 ], "autoUv": false },
				"east": { "texture": "#main", "uv": [ 54.0, 100.0, 60.0, 109.0 ], "autoUv": false },
				"south": { "texture": "#main", "uv": [ 46.0, 100.0, 54.0, 109.0 ], "autoUv": false },
				"west": { "texture": "#main", "uv": [ 40.0, 100.0, 46.0, 109.0 ], "autoUv": false },
				"up": { "texture": "#main", "uv": [ 40.0, 92.0, 46.0, 100.0 ], "rotation": 90, "autoUv": false },
				"down": { "texture": "#main", "uv": [ 46.0, 117.0, 40.0, 109.0 ], "rotation": 90, "autoUv": false }
			}
		},
		{
			"name": "MeshFootUpperR.005",
			"stepParentName": "b_FootLowerR",
			"from": [ -2.9294, 0.2007, -3.5071 ],
			"to": [ 0.6422, 6.267, -0.5829 ],
			"rotationOrigin": [ -1.1436, 0.2007, -2.045 ],
			"rotationX": 88.3569,
			"rotationY": 1.1369,
			"rotationZ": -41.2714,
			"faces": {
				"north": { "texture": "#main", "uv": [ 8.0, 100.0, 16.0, 109.0 ], "rotation": 180, "autoUv": false },
				"east": { "texture": "#main", "uv": [ 16.0, 100.0, 22.0, 109.0 ], "rotation": 180, "autoUv": false },
				"south": { "texture": "#main", "uv": [ 22.0, 100.0, 30.0, 109.0 ], "rotation": 180, "autoUv": false },
				"west": { "texture": "#main", "uv": [ 2.0, 100.0, 8.0, 109.0 ], "rotation": 180, "autoUv": false },
				"up": { "texture": "#main", "uv": [ 16.0, 109.0, 22.0, 117.0 ], "rotation": 270, "autoUv": false },
				"down": { "texture": "#main", "uv": [ 22.0, 100.0, 16.0, 92.0 ], "rotation": 270, "autoUv": false }
			}
		},
		{
			"name": "MeshFootLowerL.005",
			"stepParentName": "b_FootLowerL",
			"from": [ 7.8113, -0.2727, -1.6821 ],
			"to": [ 11.4268, 1.4724, 1.3891 ],
			"rotationOrigin": [ 9.6191, -0.2727, -0.1465 ],
			"rotationX": 89.0002,
			"rotationY": 1.4073,
			"rotationZ": 90.0247,
			"faces": {
				"north": { "texture": "#main", "uv": [ 32.0, 117.0, 40.0, 120.0 ], "autoUv": false },
				"east": { "texture": "#main", "uv": [ 54.0, 117.0, 60.0, 120.0 ], "autoUv": false },
				"south": { "texture": "#main", "uv": [ 46.0, 117.0, 54.0, 120.0 ], "autoUv": false },
				"west": { "texture": "#main", "uv": [ 40.0, 117.0, 46.0, 120.0 ], "autoUv": false },
				"up": { "texture": "#main", "uv": [ 40.0, 109.0, 46.0, 117.0 ], "rotation": 90, "autoUv": false },
				"down": { "texture": "#main", "uv": [ 46.0, 128.0, 40.0, 120.0 ], "rotation": 90, "autoUv": false }
			}
		},
		{
			"name": "MeshFootLowerR.005",
			"stepParentName": "b_FootLowerR",
			"from": [ 7.8098, -1.4711, -1.6827 ],
			"to": [ 11.4252, 0.2727, 1.3897 ],
			"rotationOrigin": [ 9.6175, 0.2727, -0.1465 ],
			"rotationX": 90.9999,
			"rotationY": -1.4073,
			"rotationZ": -89.9751,
			"faces": {
				"north": { "texture": "#main", "uv": [ 8.0, 117.0, 16.0, 120.0 ], "rotation": 180, "autoUv": false },
				"east": { "texture": "#main", "uv": [ 16.0, 117.0, 22.0, 120.0 ], "rotation": 180, "autoUv": false },
				"south": { "texture": "#main", "uv": [ 22.0, 117.0, 30.0, 120.0 ], "rotation": 180, "autoUv": false },
				"west": { "texture": "#main", "uv": [ 2.0, 117.0, 8.0, 120.0 ], "rotation": 180, "autoUv": false },
				"up": { "texture": "#main", "uv": [ 16.0, 120.0, 22.0, 128.0 ], "rotation": 270, "autoUv": false },
				"down": { "texture": "#main", "uv": [ 22.0, 117.0, 16.0, 109.0 ], "rotation": 270, "autoUv": false }
			}
		}
	]}