{"textureWidth": 16, "textureHeight": 16, "textures": {}, "textureSizes": {}, "elements": [{"name": "MeshFootLowerL.001", "from": [-1.76549427, -9.34011, -0.62130475], "to": [2.23450716, -0.0616324, 2.37844265], "rotationOrigin": [0.23450644, -0.06163329, 0.87856853], "stepParentName": "b_FootLowerL", "rotationX": 90.2272429, "rotationY": 0.40991097, "rotationZ": 86.48854761, "group": "leg-kemono0", "faces": {"north": {"texture": "#main", "uv": [32.0, 100.0, 40.0, 120.0], "autoUv": false}, "east": {"texture": "#main", "uv": [54.0, 100.0, 60.0, 120.0], "autoUv": false}, "south": {"texture": "#main", "uv": [46.0, 100.0, 54.0, 120.0], "autoUv": false}, "west": {"texture": "#main", "uv": [40.0, 100.0, 46.0, 120.0], "autoUv": false}, "up": {"texture": "#main", "uv": [40.0, 92.0, 46.0, 100.0], "autoUv": false, "rotation": 90}, "down": {"texture": "#main", "uv": [46.0, 128.0, 40.0, 120.0], "autoUv": false, "rotation": 90}}, "children": []}, {"name": "MeshFootLowerR.001", "from": [-1.76549177, 0.0616314, -0.62143159], "to": [2.23451014, 9.33919824, 2.37856805], "rotationOrigin": [0.23450918, 0.06163229, 0.87856865], "stepParentName": "b_FootLowerR", "rotationX": 89.89582846, "rotationY": -0.38588512, "rotationZ": -93.50839064, "group": "leg-kemono0", "faces": {"north": {"texture": "#main", "uv": [8.0, 100.0, 16.0, 120.0], "autoUv": false, "rotation": 180}, "east": {"texture": "#main", "uv": [16.0, 100.0, 22.0, 120.0], "autoUv": false, "rotation": 180}, "south": {"texture": "#main", "uv": [22.0, 100.0, 30.0, 120.0], "autoUv": false, "rotation": 180}, "west": {"texture": "#main", "uv": [2.0, 100.0, 8.0, 120.0], "autoUv": false, "rotation": 180}, "up": {"texture": "#main", "uv": [16.0, 120.0, 22.0, 128.0], "autoUv": false, "rotation": 270}, "down": {"texture": "#main", "uv": [22.0, 100.0, 16.0, 92.0], "autoUv": false, "rotation": 270}}, "children": []}, {"name": "MeshFootUpperL.001", "from": [-3.44025183, -9.03245546, -1.20738712], "to": [1.0091269, -0.0735283, 1.99262878], "rotationOrigin": [-1.21556211, -0.07352926, 0.39262077], "stepParentName": "b_FootUpperL", "rotationX": 89.84793517, "rotationY": 0.08497834, "rotationZ": 86.97606602, "group": "leg-kemono0", "faces": {"north": {"texture": "#main", "uv": [32.0, 74.0, 40.0, 92.0], "autoUv": false}, "east": {"texture": "#main", "uv": [54.0, 74.0, 60.0, 92.0], "autoUv": false}, "south": {"texture": "#main", "uv": [46.0, 74.0, 54.0, 92.0], "autoUv": false}, "west": {"texture": "#main", "uv": [40.0, 74.0, 46.0, 92.0], "autoUv": false}, "up": {"texture": "#main", "uv": [40.0, 66.0, 46.0, 74.0], "autoUv": false, "rotation": 90}, "down": {"texture": "#main", "uv": [46.0, 100.0, 40.0, 92.0], "autoUv": false, "rotation": 90}}, "children": []}, {"name": "MeshFootUpperR.001", "from": [-3.4402616, 0.07493213, -1.20764545], "to": [1.00913763, 9.07493213, 1.99235544], "rotationOrigin": [-1.21556234, 0.07493308, 0.39235505], "stepParentName": "b_FootUpperR", "rotationX": 89.64087799, "rotationY": -0.10335404, "rotationZ": -93.04276299, "group": "leg-kemono0", "faces": {"north": {"texture": "#main", "uv": [8.0, 74.0, 16.0, 92.0], "autoUv": false, "rotation": 180}, "east": {"texture": "#main", "uv": [16.0, 74.0, 22.0, 92.0], "autoUv": false, "rotation": 180}, "south": {"texture": "#main", "uv": [22.0, 74.0, 30.0, 92.0], "autoUv": false, "rotation": 180}, "west": {"texture": "#main", "uv": [2.0, 74.0, 8.0, 92.0], "autoUv": false, "rotation": 180}, "up": {"texture": "#main", "uv": [16.0, 92.0, 22.0, 100.0], "autoUv": false, "rotation": 270}, "down": {"texture": "#main", "uv": [22.0, 74.0, 16.0, 66.0], "autoUv": false, "rotation": 270}}, "children": []}, {"name": "LowerFootL", "from": [9.36209869, 1.51377845, -1.67972708], "to": [9.36209869, 1.51377845, -1.67972708], "rotationOrigin": [9.36209869, 1.51377845, -1.67972708], "rotationX": 90.2272429, "rotationY": 0.40991097, "rotationZ": 86.48854761, "faces": {"north": {"texture": "#null", "uv": [0.0, 0.0, 0.0, 0.0], "enabled": false}, "east": {"texture": "#null", "uv": [0.0, 0.0, 0.0, 0.0], "enabled": false}, "south": {"texture": "#null", "uv": [0.0, 0.0, 0.0, 0.0], "enabled": false}, "west": {"texture": "#null", "uv": [0.0, 0.0, 0.0, 0.0], "enabled": false}, "up": {"texture": "#null", "uv": [0.0, 0.0, 0.0, 0.0], "enabled": false}, "down": {"texture": "#null", "uv": [0.0, 0.0, 0.0, 0.0], "enabled": false}}, "children": [], "stepParentName": "b_FootLowerL"}, {"name": "LowerFootR", "from": [9.38220692, 1.4953407, -1.68800771], "to": [9.38220692, 1.4953407, -1.68800771], "rotationOrigin": [9.38220692, 1.4953407, -1.68800771], "rotationX": 89.89583529, "rotationY": -0.38589312, "rotationZ": 86.49292576, "faces": {"north": {"texture": "#null", "uv": [0.0, 0.0, 0.0, 0.0], "enabled": false}, "east": {"texture": "#null", "uv": [0.0, 0.0, 0.0, 0.0], "enabled": false}, "south": {"texture": "#null", "uv": [0.0, 0.0, 0.0, 0.0], "enabled": false}, "west": {"texture": "#null", "uv": [0.0, 0.0, 0.0, 0.0], "enabled": false}, "up": {"texture": "#null", "uv": [0.0, 0.0, 0.0, 0.0], "enabled": false}, "down": {"texture": "#null", "uv": [0.0, 0.0, 0.0, 0.0], "enabled": false}}, "children": [], "stepParentName": "b_FootLowerR"}, {"name": "UpperFootL", "from": [7.61107302, 1.53245008, -2.30607367], "to": [7.61107302, 1.53245008, -2.30607367], "rotationOrigin": [7.61107302, 1.53245008, -2.30607367], "rotationX": 89.84793517, "rotationY": 0.08497834, "rotationZ": 86.97606602, "faces": {"north": {"texture": "#null", "uv": [0.0, 0.0, 0.0, 0.0], "enabled": false}, "east": {"texture": "#null", "uv": [0.0, 0.0, 0.0, 0.0], "enabled": false}, "south": {"texture": "#null", "uv": [0.0, 0.0, 0.0, 0.0], "enabled": false}, "west": {"texture": "#null", "uv": [0.0, 0.0, 0.0, 0.0], "enabled": false}, "up": {"texture": "#null", "uv": [0.0, 0.0, 0.0, 0.0], "enabled": false}, "down": {"texture": "#null", "uv": [0.0, 0.0, 0.0, 0.0], "enabled": false}}, "children": [], "scaleX": 1.100000023841858, "stepParentName": "b_FootUpperL"}, {"name": "UpperFootR", "from": [7.65657902, 1.64193213, -2.31667256], "to": [7.65657902, 1.64193213, -2.31667256], "rotationOrigin": [7.65657902, 1.64193213, -2.31667256], "rotationX": 89.64087799, "rotationY": -0.10335534, "rotationZ": 86.95933206, "faces": {"north": {"texture": "#null", "uv": [0.0, 0.0, 0.0, 0.0], "enabled": false}, "east": {"texture": "#null", "uv": [0.0, 0.0, 0.0, 0.0], "enabled": false}, "south": {"texture": "#null", "uv": [0.0, 0.0, 0.0, 0.0], "enabled": false}, "west": {"texture": "#null", "uv": [0.0, 0.0, 0.0, 0.0], "enabled": false}, "up": {"texture": "#null", "uv": [0.0, 0.0, 0.0, 0.0], "enabled": false}, "down": {"texture": "#null", "uv": [0.0, 0.0, 0.0, 0.0], "enabled": false}}, "children": [], "scaleX": 1.100000023841858, "stepParentName": "b_FootUpperR"}], "groups": []}