{"textureWidth": 16, "textureHeight": 16, "textures": {}, "textureSizes": {}, "elements": [{"name": "MeshFootLowerL.002", "from": [1.40594172, -6.84427145, -0.62084424], "to": [4.84413505, -0.29071391, 2.37798023], "rotationOrigin": [3.12503839, -0.29071453, 0.87856758], "stepParentName": "b_FootLowerL", "rotationX": 90.00050111, "rotationY": 0.39449225, "rotationZ": 81.69592681, "group": "leg-kemono1", "faces": {"north": {"texture": "#main", "uv": [32.0, 100.0, 40.0, 120.0], "autoUv": false}, "east": {"texture": "#main", "uv": [54.0, 100.0, 60.0, 120.0], "autoUv": false}, "south": {"texture": "#main", "uv": [46.0, 100.0, 54.0, 120.0], "autoUv": false}, "west": {"texture": "#main", "uv": [40.0, 100.0, 46.0, 120.0], "autoUv": false}, "up": {"texture": "#main", "uv": [40.0, 92.0, 46.0, 100.0], "autoUv": false, "rotation": 90}, "down": {"texture": "#main", "uv": [46.0, 128.0, 40.0, 120.0], "autoUv": false, "rotation": 90}}, "children": []}, {"name": "MeshFootLowerR.002", "from": [1.40595102, 0.29071283, -0.62143153], "to": [4.8441329, 6.83960596, 2.37856632], "rotationOrigin": [3.12504196, 0.29071346, 0.87856776], "stepParentName": "b_FootLowerR", "rotationX": 89.99956537, "rotationY": -0.38083494, "rotationZ": -98.30400306, "group": "leg-kemono1", "faces": {"north": {"texture": "#main", "uv": [8.0, 100.0, 16.0, 120.0], "autoUv": false, "rotation": 180}, "east": {"texture": "#main", "uv": [16.0, 100.0, 22.0, 120.0], "autoUv": false, "rotation": 180}, "south": {"texture": "#main", "uv": [22.0, 100.0, 30.0, 120.0], "autoUv": false, "rotation": 180}, "west": {"texture": "#main", "uv": [2.0, 100.0, 8.0, 120.0], "autoUv": false, "rotation": 180}, "up": {"texture": "#main", "uv": [16.0, 120.0, 22.0, 128.0], "autoUv": false, "rotation": 270}, "down": {"texture": "#main", "uv": [22.0, 100.0, 16.0, 92.0], "autoUv": false, "rotation": 270}}, "children": []}, {"name": "MeshFootUpperL.002", "from": [-3.44025207, -10.71456815, -1.37295249], "to": [1.00912714, -0.07352813, 2.15819415], "rotationOrigin": [-1.21556211, -0.07352926, 0.39262077], "stepParentName": "b_FootUpperL", "rotationX": 89.81287581, "rotationY": -1.91056293, "rotationZ": 84.74206141, "group": "leg-kemono1", "faces": {"north": {"texture": "#main", "uv": [32.0, 74.0, 40.0, 92.0], "autoUv": false}, "east": {"texture": "#main", "uv": [54.0, 74.0, 60.0, 92.0], "autoUv": false}, "south": {"texture": "#main", "uv": [46.0, 74.0, 54.0, 92.0], "autoUv": false}, "west": {"texture": "#main", "uv": [40.0, 74.0, 46.0, 92.0], "autoUv": false}, "up": {"texture": "#main", "uv": [40.0, 66.0, 46.0, 74.0], "autoUv": false, "rotation": 90}, "down": {"texture": "#main", "uv": [46.0, 100.0, 40.0, 92.0], "autoUv": false, "rotation": 90}}, "children": []}, {"name": "MeshFootUpperR.002", "from": [-3.44026113, 0.07493195, -1.36764517], "to": [1.00913715, 10.7861872, 2.15235516], "rotationOrigin": [-1.21556234, 0.07493308, 0.39235505], "stepParentName": "b_FootUpperR", "rotationX": 89.67525433, "rotationY": 1.90245571, "rotationZ": -95.26398149, "group": "leg-kemono1", "faces": {"north": {"texture": "#main", "uv": [8.0, 74.0, 16.0, 92.0], "autoUv": false, "rotation": 180}, "east": {"texture": "#main", "uv": [16.0, 74.0, 22.0, 92.0], "autoUv": false, "rotation": 180}, "south": {"texture": "#main", "uv": [22.0, 74.0, 30.0, 92.0], "autoUv": false, "rotation": 180}, "west": {"texture": "#main", "uv": [2.0, 74.0, 8.0, 92.0], "autoUv": false, "rotation": 180}, "up": {"texture": "#main", "uv": [16.0, 92.0, 22.0, 100.0], "autoUv": false, "rotation": 270}, "down": {"texture": "#main", "uv": [22.0, 74.0, 16.0, 66.0], "autoUv": false, "rotation": 270}}, "children": []}, {"name": "LowerFootL", "from": [9.58086014, 1.28262961, -2.1183157], "to": [9.58086014, 1.28262961, -2.1183157], "rotationOrigin": [9.58086014, 1.28262961, -2.1183157], "rotationX": 90.14308814, "rotationY": 0.39447539, "rotationZ": 81.69197213, "faces": {"north": {"texture": "#null", "uv": [0.0, 0.0, 0.0, 0.0], "enabled": false}, "east": {"texture": "#null", "uv": [0.0, 0.0, 0.0, 0.0], "enabled": false}, "south": {"texture": "#null", "uv": [0.0, 0.0, 0.0, 0.0], "enabled": false}, "west": {"texture": "#null", "uv": [0.0, 0.0, 0.0, 0.0], "enabled": false}, "up": {"texture": "#null", "uv": [0.0, 0.0, 0.0, 0.0], "enabled": false}, "down": {"texture": "#null", "uv": [0.0, 0.0, 0.0, 0.0], "enabled": false}}, "children": [], "scaleZ": 1.100000023841858, "stepParentName": "b_FootLowerL"}, {"name": "LowerFootR", "from": [9.65470695, 1.78775036, -2.06471467], "to": [9.65470695, 1.78775036, -2.06471467], "rotationOrigin": [9.65470695, 1.78775036, -2.06471467], "rotationX": 89.98156782, "rotationY": -0.3808228, "rotationZ": 81.69559213, "faces": {"north": {"texture": "#null", "uv": [0.0, 0.0, 0.0, 0.0], "enabled": false}, "east": {"texture": "#null", "uv": [0.0, 0.0, 0.0, 0.0], "enabled": false}, "south": {"texture": "#null", "uv": [0.0, 0.0, 0.0, 0.0], "enabled": false}, "west": {"texture": "#null", "uv": [0.0, 0.0, 0.0, 0.0], "enabled": false}, "up": {"texture": "#null", "uv": [0.0, 0.0, 0.0, 0.0], "enabled": false}, "down": {"texture": "#null", "uv": [0.0, 0.0, 0.0, 0.0], "enabled": false}}, "children": [], "scaleZ": 1.100000023841858, "stepParentName": "b_FootLowerR"}, {"name": "UpperFootL", "from": [9.65384674, 1.32674754, -2.84146738], "to": [9.65384674, 1.32674754, -2.84146738], "rotationOrigin": [9.65384674, 1.32674754, -2.84146738], "rotationX": 89.81286898, "rotationY": -1.91057274, "rotationZ": 84.7418565, "faces": {"north": {"texture": "#null", "uv": [0.0, 0.0, 0.0, 0.0], "enabled": false}, "east": {"texture": "#null", "uv": [0.0, 0.0, 0.0, 0.0], "enabled": false}, "south": {"texture": "#null", "uv": [0.0, 0.0, 0.0, 0.0], "enabled": false}, "west": {"texture": "#null", "uv": [0.0, 0.0, 0.0, 0.0], "enabled": false}, "up": {"texture": "#null", "uv": [0.0, 0.0, 0.0, 0.0], "enabled": false}, "down": {"texture": "#null", "uv": [0.0, 0.0, 0.0, 0.0], "enabled": false}}, "children": [], "scaleX": 1.100000023841858, "scaleY": 1.100000023841858, "scaleZ": 1.1100000143051147, "stepParentName": "b_FootUpperL"}, {"name": "UpperFootR", "from": [9.60595036, 2.17691135, -2.85664988], "to": [9.60595036, 2.17691135, -2.85664988], "rotationOrigin": [9.60595036, 2.17691135, -2.85664988], "rotationX": 89.67526116, "rotationY": 1.90244781, "rotationZ": 84.73617379, "faces": {"north": {"texture": "#null", "uv": [0.0, 0.0, 0.0, 0.0], "enabled": false}, "east": {"texture": "#null", "uv": [0.0, 0.0, 0.0, 0.0], "enabled": false}, "south": {"texture": "#null", "uv": [0.0, 0.0, 0.0, 0.0], "enabled": false}, "west": {"texture": "#null", "uv": [0.0, 0.0, 0.0, 0.0], "enabled": false}, "up": {"texture": "#null", "uv": [0.0, 0.0, 0.0, 0.0], "enabled": false}, "down": {"texture": "#null", "uv": [0.0, 0.0, 0.0, 0.0], "enabled": false}}, "children": [], "scaleX": 1.100000023841858, "scaleY": 1.100000023841858, "scaleZ": 1.100000023841858, "stepParentName": "b_FootUpperR"}, {"name": "MeshFootUpperL.003", "from": [-0.13761091, -4.30173524, -3.0137676], "to": [3.4339478, -0.16724002, -0.08062124], "rotationOrigin": [1.64816868, -0.16724046, -1.54719448], "stepParentName": "b_FootLowerL", "rotationX": 91.44798212, "rotationY": -1.3736393, "rotationZ": 133.99627672, "group": "leg-kemono1", "faces": {"north": {"texture": "#main", "uv": [32.0, 101.0, 40.0, 109.0], "autoUv": false}, "east": {"texture": "#main", "uv": [54.0, 84.0, 60.0, 92.0], "autoUv": false}, "south": {"texture": "#main", "uv": [46.0, 84.0, 54.0, 92.0], "autoUv": false}, "west": {"texture": "#main", "uv": [40.0, 101.0, 46.0, 109.0], "autoUv": false}, "up": {"texture": "#main", "uv": [40.0, 93.0, 46.0, 101.0], "autoUv": false, "rotation": 90}, "down": {"texture": "#main", "uv": [46.0, 117.0, 40.0, 109.0], "autoUv": false, "rotation": 90}}, "children": []}, {"name": "MeshFootUpperR.003", "from": [-0.13762164, 0.1672365, -3.00928044], "to": [3.43396544, 4.32656731, -0.08510911], "rotationOrigin": [1.64817166, 0.16723694, -1.54719472], "stepParentName": "b_FootLowerR", "rotationX": 88.35689122, "rotationY": 1.13686418, "rotationZ": -46.01517568, "group": "leg-kemono1", "faces": {"north": {"texture": "#main", "uv": [8.0, 84.0, 16.0, 92.0], "autoUv": false, "rotation": 180}, "east": {"texture": "#main", "uv": [16.0, 101.0, 22.0, 109.0], "autoUv": false, "rotation": 180}, "south": {"texture": "#main", "uv": [22.0, 101.0, 30.0, 109.0], "autoUv": false, "rotation": 180}, "west": {"texture": "#main", "uv": [2.0, 84.0, 8.0, 92.0], "autoUv": false, "rotation": 180}, "up": {"texture": "#main", "uv": [16.0, 109.0, 22.0, 117.0], "autoUv": false, "rotation": 270}, "down": {"texture": "#main", "uv": [22.0, 101.0, 16.0, 93.0], "autoUv": false, "rotation": 270}}, "children": []}, {"name": "MeshFootLowerL.003", "from": [7.9243412, -0.22271778, -1.62093252], "to": [11.31133842, 1.52236876, 1.45021242], "rotationOrigin": [9.61783981, -0.22271791, -0.08536023], "stepParentName": "b_FootLowerL", "rotationX": 89.00018575, "rotationY": 1.40725781, "rotationZ": 90.02470047, "group": "leg-kemono1", "faces": {"north": {"texture": "#main", "uv": [32.0, 116.0, 40.0, 120.0], "autoUv": false}, "east": {"texture": "#main", "uv": [54.0, 116.0, 60.0, 120.0], "autoUv": false}, "south": {"texture": "#main", "uv": [46.0, 116.0, 54.0, 120.0], "autoUv": false}, "west": {"texture": "#main", "uv": [40.0, 116.0, 46.0, 120.0], "autoUv": false}, "up": {"texture": "#main", "uv": [40.0, 108.0, 46.0, 116.0], "autoUv": false, "rotation": 90}, "down": {"texture": "#main", "uv": [46.0, 128.0, 40.0, 120.0], "autoUv": false, "rotation": 90}}, "children": []}, {"name": "MeshFootLowerR.003", "from": [7.92276466, -1.5210876, -1.62153438], "to": [11.30975091, 0.22275762, 1.4508123], "rotationOrigin": [9.61625767, 0.22275762, -0.08536116], "stepParentName": "b_FootLowerR", "rotationX": 90.99986024, "rotationY": -1.40730594, "rotationZ": -89.97514745, "group": "leg-kemono1", "faces": {"north": {"texture": "#main", "uv": [8.0, 116.0, 16.0, 120.0], "autoUv": false, "rotation": 180}, "east": {"texture": "#main", "uv": [16.0, 116.0, 22.0, 120.0], "autoUv": false, "rotation": 180}, "south": {"texture": "#main", "uv": [22.0, 116.0, 30.0, 120.0], "autoUv": false, "rotation": 180}, "west": {"texture": "#main", "uv": [2.0, 116.0, 8.0, 120.0], "autoUv": false, "rotation": 180}, "up": {"texture": "#main", "uv": [16.0, 120.0, 22.0, 128.0], "autoUv": false, "rotation": 270}, "down": {"texture": "#main", "uv": [22.0, 116.0, 16.0, 108.0], "autoUv": false, "rotation": 270}}, "children": []}], "groups": []}