{"textureWidth": 96, "textureHeight": 96, "textures": {"hairextra": "kemono:entity/horse/hair/hairextra"}, "textureSizes": {"hairextra": [96, 96]}, "elements": [{"name": "hair-uncovered", "from": [-2.76149511, 4.37295055, -3.32292247], "to": [-1.60149515, 5.53295052, -2.1629225], "rotationOrigin": [-2.76149511, 4.37295055, -3.32292247], "stepParentName": "b_Head", "rotationX": -0.0, "rotationY": 0.0, "rotationZ": -90.00000933, "group": "hairextra-vinylscratch", "faces": {"north": {"texture": "#disable", "uv": [0, 0, 4, 4], "autoUv": false, "enabled": false}, "east": {"texture": "#disable", "uv": [0, 0, 4, 4], "autoUv": false, "enabled": false}, "south": {"texture": "#disable", "uv": [0, 0, 4, 4], "autoUv": false, "enabled": false}, "west": {"texture": "#disable", "uv": [0, 0, 4, 4], "autoUv": false, "enabled": false}, "up": {"texture": "#disable", "uv": [0, 0, 4, 4], "autoUv": false, "enabled": false}, "down": {"texture": "#disable", "uv": [0, 0, 4, 4], "autoUv": false, "enabled": false}}, "children": [{"name": "Hairstrandextra", "from": [2.32664621, -0.20620918, -1.60680985], "to": [5.61306441, 7.95994186, -0.44681001], "rotationOrigin": [3.96985531, 7.95994186, -1.02680993], "rotationX": 12.28097126, "rotationY": 2.51530361, "rotationZ": -26.48753507, "group": "hairextra-vinylscratch", "faces": {"north": {"texture": "#hairextra", "uv": [61.00000191, 75.0, 66.0, 87.0], "autoUv": false}, "east": {"texture": "#hairextra", "uv": [70.00000191, 71.00000095, 72.0, 82.99999952], "autoUv": false}, "south": {"texture": "#hairextra", "uv": [73.99999809, 73.00000048, 78.0, 84.99999976], "autoUv": false}, "west": {"texture": "#hairextra", "uv": [73.99999809, 71.00000095, 76.00000191, 82.99999952], "autoUv": false}, "up": {"texture": "#hairextra", "uv": [66.0, 90.0, 67.99999809, 91.99999988], "autoUv": false}, "down": {"texture": "#hairextra", "uv": [72.0, 91.99999988, 70.00000191, 90.0], "autoUv": false}}, "children": []}, {"name": "Hairstrandextra.001", "from": [3.17984009, 4.63962412, -0.66037333], "to": [6.18856049, 10.0080204, 0.49962676], "rotationOrigin": [4.68420029, 10.0080204, -0.08037329], "rotationX": 34.39114653, "rotationY": -0.65779364, "rotationZ": -21.81734371, "group": "hairextra-vinylscratch", "faces": {"north": {"texture": "#hairextra", "uv": [66.0, 73.00000048, 70.00000191, 81.0], "autoUv": false}, "east": {"texture": "#hairextra", "uv": [72.0, 73.00000048, 73.99999809, 81.0], "autoUv": false}, "south": {"texture": "#hairextra", "uv": [73.99999809, 75.0, 78.0, 82.99999952], "autoUv": false}, "west": {"texture": "#hairextra", "uv": [73.99999809, 73.00000048, 76.00000191, 81.0], "autoUv": false}, "up": {"texture": "#hairextra", "uv": [67.99999809, 43.99999809, 70.00000191, 46.00000191], "autoUv": false}, "down": {"texture": "#hairextra", "uv": [76.99999809, 50.00000095, 75.0, 48.0], "autoUv": false}}, "children": []}, {"name": "Hairstrandextra.002", "from": [6.33719349, 0.16707039, 5.88745403], "to": [8.37504387, 9.24295425, 7.04745388], "rotationOrigin": [7.35611868, 9.24295425, 6.46745396], "rotationX": 99.73558339, "rotationY": 6.69878231, "rotationZ": -20.16625647, "group": "hairextra-vinylscratch", "faces": {"north": {"texture": "#hairextra", "uv": [60.0, 69.99999905, 64.00000191, 86.00000024], "autoUv": false}, "east": {"texture": "#hairextra", "uv": [69.0, 66.99999905, 70.99999809, 82.99999952], "autoUv": false}, "south": {"texture": "#hairextra", "uv": [55.99999809, 71.00000095, 60.0, 87.0], "autoUv": false}, "west": {"texture": "#hairextra", "uv": [70.00000191, 66.0, 72.0, 82.00000048], "autoUv": false}, "up": {"texture": "#hairextra", "uv": [57.0, 82.00000048, 61.00000191, 84.0], "autoUv": false}, "down": {"texture": "#hairextra", "uv": [76.99999809, 51.0, 75.0, 48.99999905], "autoUv": false}}, "children": []}, {"name": "Hairstrandextra.003", "from": [6.13528097, -1.15954304, 5.92033577], "to": [7.75775397, 8.57075691, 7.08033562], "rotationOrigin": [6.94651747, 8.57075691, 6.50033569], "rotationX": -17.16380605, "rotationY": 163.5546307, "rotationZ": 19.69403426, "group": "hairextra-vinylscratch", "faces": {"north": {"texture": "#hairextra", "uv": [67.99999809, 62.00000095, 70.99999809, 82.99999952], "autoUv": false}, "east": {"texture": "#hairextra", "uv": [73.00000191, 65.00000095, 73.99999809, 84.0], "autoUv": false}, "south": {"texture": "#hairextra", "uv": [73.99999809, 65.00000095, 76.99999809, 87.0], "autoUv": false}, "west": {"texture": "#hairextra", "uv": [73.99999809, 65.00000095, 76.00000191, 84.0], "autoUv": false}, "up": {"texture": "#hairextra", "uv": [55.99999809, 82.00000048, 60.0, 84.0], "autoUv": false}, "down": {"texture": "#hairextra", "uv": [76.99999809, 50.00000095, 75.0, 48.0], "autoUv": false}}, "children": []}]}], "groups": []}