{"textureWidth": 96, "textureHeight": 96, "textures": {"hairextra": "kemono:entity/horse/hair/hairextra"}, "textureSizes": {"hairextra": [96, 96]}, "elements": [{"name": "chrysaliscrownroot", "from": [4.79275358, -0.18732738, -0.53064758], "to": [5.33976424, 5.94275284, 0.0163635], "rotationOrigin": [5.06625891, -0.18732738, -0.25714207], "stepParentName": "b_Head", "rotationX": -8.46906233, "rotationY": -16.86600639, "rotationZ": -94.07446306, "group": "hairextra-chrysalis", "faces": {"north": {"texture": "#main", "uv": [19.0, 13.0, 20.0, 18.0], "autoUv": false}, "east": {"texture": "#main", "uv": [22.0, 13.0, 23.0, 18.0], "autoUv": false}, "south": {"texture": "#main", "uv": [21.0, 13.0, 22.0, 18.0], "autoUv": false}, "west": {"texture": "#main", "uv": [20.0, 13.0, 21.0, 18.0], "autoUv": false}, "up": {"texture": "#main", "uv": [20.0, 10.0, 21.0, 13.0], "autoUv": false, "rotation": 90}, "down": {"texture": "#main", "uv": [22.0, 13.0, 21.0, 10.0], "autoUv": false, "rotation": 270}}, "children": []}, {"name": "chrysaliscrowntop", "from": [9.49961966, -0.33354115, 0.84838277], "to": [10.86481172, 0.89626563, 2.21357495], "rotationOrigin": [10.18221569, -0.33354115, 1.5309788], "stepParentName": "b_Head", "rotationX": -8.46906233, "rotationY": -16.86600639, "rotationZ": -94.07446306, "group": "hairextra-chrysalis", "faces": {"north": {"texture": "#hair", "uv": [35.00000095, 1.99999809, 36.0, 4.00000191], "autoUv": false}, "east": {"texture": "#hair", "uv": [35.00000095, 1.99999809, 36.0, 4.00000191], "autoUv": false}, "south": {"texture": "#hair", "uv": [36.0, 1.99999809, 36.99999905, 4.00000191], "autoUv": false}, "west": {"texture": "#hair", "uv": [36.0, 3.0, 36.99999905, 4.99999809], "autoUv": false}, "up": {"texture": "#hair", "uv": [35.00000095, 1.00000191, 36.0, 1.99999809], "autoUv": false, "rotation": 90}, "down": {"texture": "#hair", "uv": [42.0, 4.00000191, 39.0, 1.99999809], "autoUv": false, "rotation": 270}}, "children": []}, {"name": "chrysaliscrownroot.001", "from": [6.00947312, 1.10239458, 0.38424914], "to": [6.48688957, 6.02414083, 0.86166584], "rotationOrigin": [6.24818134, 1.10239458, 0.62295747], "stepParentName": "b_Head", "rotationX": 11.32486602, "rotationY": 19.06471942, "rotationZ": -132.7520758, "group": "hairextra-chrysalis", "faces": {"north": {"texture": "#main", "uv": [19.0, 13.0, 20.0, 18.0], "autoUv": false}, "east": {"texture": "#main", "uv": [22.0, 13.0, 23.0, 18.0], "autoUv": false}, "south": {"texture": "#main", "uv": [21.0, 13.0, 22.0, 18.0], "autoUv": false}, "west": {"texture": "#main", "uv": [20.0, 13.0, 21.0, 18.0], "autoUv": false}, "up": {"texture": "#main", "uv": [20.0, 10.0, 21.0, 13.0], "autoUv": false, "rotation": 90}, "down": {"texture": "#main", "uv": [22.0, 13.0, 21.0, 10.0], "autoUv": false, "rotation": 270}}, "children": []}, {"name": "chrysaliscrownroot.002", "from": [4.71524063, 0.73283339, 0.23889309], "to": [5.2611073, 6.67468834, 0.78476024], "rotationOrigin": [4.98817396, 0.73283339, 0.51182663], "stepParentName": "b_Head", "rotationX": 12.43880328, "rotationY": -4.4045081, "rotationZ": -112.69942587, "group": "hairextra-chrysalis", "faces": {"north": {"texture": "#main", "uv": [19.0, 13.0, 20.0, 18.0], "autoUv": false}, "east": {"texture": "#main", "uv": [22.0, 13.0, 23.0, 18.0], "autoUv": false}, "south": {"texture": "#main", "uv": [21.0, 13.0, 22.0, 18.0], "autoUv": false}, "west": {"texture": "#main", "uv": [20.0, 13.0, 21.0, 18.0], "autoUv": false}, "up": {"texture": "#main", "uv": [20.0, 10.0, 21.0, 13.0], "autoUv": false, "rotation": 90}, "down": {"texture": "#main", "uv": [22.0, 13.0, 21.0, 10.0], "autoUv": false, "rotation": 270}}, "children": []}, {"name": "chrysaliscrownroot.003", "from": [4.92135808, -0.13444257, 0.05292949], "to": [5.49430946, 5.50823045, 0.62588122], "rotationOrigin": [5.20783377, -0.13444257, 0.33940533], "stepParentName": "b_Head", "rotationX": -5.73590322, "rotationY": 9.15559025, "rotationZ": -81.08690617, "group": "hairextra-chrysalis", "faces": {"north": {"texture": "#main", "uv": [19.0, 13.0, 20.0, 18.0], "autoUv": false}, "east": {"texture": "#main", "uv": [22.0, 13.0, 23.0, 18.0], "autoUv": false}, "south": {"texture": "#main", "uv": [21.0, 13.0, 22.0, 18.0], "autoUv": false}, "west": {"texture": "#main", "uv": [20.0, 13.0, 21.0, 18.0], "autoUv": false}, "up": {"texture": "#main", "uv": [20.0, 10.0, 21.0, 13.0], "autoUv": false, "rotation": 90}, "down": {"texture": "#main", "uv": [22.0, 13.0, 21.0, 10.0], "autoUv": false, "rotation": 270}}, "children": []}, {"name": "chrysaliscrowntop.001", "from": [9.42550546, 0.52828455, -1.12631166], "to": [10.50864333, 1.50400823, -0.04317355], "rotationOrigin": [9.96707439, 0.52828455, -0.58474267], "stepParentName": "b_Head", "rotationX": -5.73590322, "rotationY": 9.15559025, "rotationZ": -81.08690617, "group": "hairextra-chrysalis", "faces": {"north": {"texture": "#hair", "uv": [35.00000095, 1.99999809, 36.0, 4.00000191], "autoUv": false}, "east": {"texture": "#hair", "uv": [35.00000095, 1.99999809, 36.0, 4.00000191], "autoUv": false}, "south": {"texture": "#hair", "uv": [36.0, 1.99999809, 36.99999905, 4.00000191], "autoUv": false}, "west": {"texture": "#hair", "uv": [36.0, 3.0, 36.99999905, 4.99999809], "autoUv": false}, "up": {"texture": "#hair", "uv": [35.00000095, 1.00000191, 36.0, 1.99999809], "autoUv": false, "rotation": 90}, "down": {"texture": "#hair", "uv": [42.0, 4.00000191, 39.0, 1.99999809], "autoUv": false, "rotation": 270}}, "children": []}, {"name": "chrysaliscrowntop.002", "from": [8.98702469, -1.7688607, -1.52833208], "to": [9.85542068, -0.80590254, -0.65993598], "rotationOrigin": [9.42122269, -1.7688607, -1.09413409], "stepParentName": "b_Head", "rotationX": 11.32486602, "rotationY": 19.06471942, "rotationZ": -132.7520758, "group": "hairextra-chrysalis", "faces": {"north": {"texture": "#hair", "uv": [35.00000095, 1.99999809, 36.0, 4.00000191], "autoUv": false}, "east": {"texture": "#hair", "uv": [35.00000095, 1.99999809, 36.0, 4.00000191], "autoUv": false}, "south": {"texture": "#hair", "uv": [36.0, 1.99999809, 36.99999905, 4.00000191], "autoUv": false}, "west": {"texture": "#hair", "uv": [36.0, 3.0, 36.99999905, 4.99999809], "autoUv": false}, "up": {"texture": "#hair", "uv": [35.00000095, 1.00000191, 36.0, 1.99999809], "autoUv": false, "rotation": 90}, "down": {"texture": "#hair", "uv": [42.0, 4.00000191, 39.0, 1.99999809], "autoUv": false, "rotation": 270}}, "children": []}, {"name": "chrysaliscrowntop.003", "from": [9.73282796, -1.48241949, -0.30664107], "to": [10.89983577, -0.43114316, 0.86036685], "rotationOrigin": [10.31633186, -1.48241949, 0.27686283], "stepParentName": "b_Head", "rotationX": 12.43880328, "rotationY": -4.4045081, "rotationZ": -112.69942587, "group": "hairextra-chrysalis", "faces": {"north": {"texture": "#hair", "uv": [35.00000095, 1.99999809, 36.0, 4.00000191], "autoUv": false}, "east": {"texture": "#hair", "uv": [35.00000095, 1.99999809, 36.0, 4.00000191], "autoUv": false}, "south": {"texture": "#hair", "uv": [36.0, 1.99999809, 36.99999905, 4.00000191], "autoUv": false}, "west": {"texture": "#hair", "uv": [36.0, 3.0, 36.99999905, 4.99999809], "autoUv": false}, "up": {"texture": "#hair", "uv": [35.00000095, 1.00000191, 36.0, 1.99999809], "autoUv": false, "rotation": 90}, "down": {"texture": "#hair", "uv": [42.0, 4.00000191, 39.0, 1.99999809], "autoUv": false, "rotation": 270}}, "children": []}], "groups": []}