{"textureWidth": 96, "textureHeight": 96, "textures": {"hairextra": "kemono:entity/horse/hair/hairextra"}, "textureSizes": {"hairextra": [96, 96]}, "elements": [{"name": "hair-uncovered", "from": [-2.76149511, 4.37295055, -3.32292247], "to": [-1.60149515, 5.53295052, -2.1629225], "rotationOrigin": [-2.76149511, 4.37295055, -3.32292247], "stepParentName": "b_Head", "rotationX": -0.0, "rotationY": 0.0, "rotationZ": -90.00000933, "group": "hairextra-emoshy", "faces": {"north": {"texture": "#disable", "uv": [0, 0, 4, 4], "autoUv": false, "enabled": false}, "east": {"texture": "#disable", "uv": [0, 0, 4, 4], "autoUv": false, "enabled": false}, "south": {"texture": "#disable", "uv": [0, 0, 4, 4], "autoUv": false, "enabled": false}, "west": {"texture": "#disable", "uv": [0, 0, 4, 4], "autoUv": false, "enabled": false}, "up": {"texture": "#disable", "uv": [0, 0, 4, 4], "autoUv": false, "enabled": false}, "down": {"texture": "#disable", "uv": [0, 0, 4, 4], "autoUv": false, "enabled": false}}, "children": [{"name": "Hairstrandextra.004", "from": [3.68069696, 1.10876799, -2.03566247], "to": [5.82639265, 7.55352592, -0.87566251], "rotationOrigin": [4.75354481, 7.55352592, -1.45566249], "rotationX": 11.54671568, "rotationY": 5.73832794, "rotationZ": -19.07213529, "group": "hairextra-emoshy", "faces": {"north": {"texture": "#hairextra", "uv": [61.99999809, 73.00000048, 66.0, 87.0], "autoUv": false}, "east": {"texture": "#hairextra", "uv": [70.00000191, 69.0, 72.0, 82.99999952], "autoUv": false}, "south": {"texture": "#hairextra", "uv": [73.99999809, 71.00000095, 78.0, 84.99999976], "autoUv": false}, "west": {"texture": "#hairextra", "uv": [73.99999809, 69.0, 76.00000191, 82.99999952], "autoUv": false}, "up": {"texture": "#hairextra", "uv": [66.0, 90.0, 67.99999809, 91.99999988], "autoUv": false}, "down": {"texture": "#hairextra", "uv": [72.0, 91.99999988, 70.00000191, 90.0], "autoUv": false}}, "children": []}, {"name": "Hairstrandextra.005", "from": [3.50745833, 4.63962221, -0.3593725], "to": [5.77460992, 10.00801849, 0.80062759], "rotationOrigin": [4.64103413, 10.00801849, 0.22062755], "rotationX": 36.57366176, "rotationY": 6.70553053, "rotationZ": -4.55711545, "group": "hairextra-emoshy", "faces": {"north": {"texture": "#hairextra", "uv": [66.0, 73.00000048, 70.00000191, 81.0], "autoUv": false}, "east": {"texture": "#hairextra", "uv": [72.0, 73.00000048, 73.99999809, 81.0], "autoUv": false}, "south": {"texture": "#hairextra", "uv": [73.99999809, 75.0, 78.0, 82.99999952], "autoUv": false}, "west": {"texture": "#hairextra", "uv": [73.99999809, 73.00000048, 76.00000191, 81.0], "autoUv": false}, "up": {"texture": "#hairextra", "uv": [67.99999809, 43.99999809, 70.00000191, 46.00000191], "autoUv": false}, "down": {"texture": "#hairextra", "uv": [76.99999809, 50.00000095, 75.0, 48.0], "autoUv": false}}, "children": []}, {"name": "Hairstrandextra.006", "from": [6.33719349, 1.01617813, 5.88745427], "to": [8.37504387, 9.24295425, 7.04745364], "rotationOrigin": [7.35611868, 9.24295425, 6.46745396], "rotationX": 104.2559187, "rotationY": 7.70497504, "rotationZ": -21.50750755, "group": "hairextra-emoshy", "faces": {"north": {"texture": "#hairextra", "uv": [60.0, 69.99999905, 64.00000191, 86.00000024], "autoUv": false}, "east": {"texture": "#hairextra", "uv": [69.0, 66.99999905, 70.99999809, 82.99999952], "autoUv": false}, "south": {"texture": "#hairextra", "uv": [55.99999809, 71.00000095, 60.0, 87.0], "autoUv": false}, "west": {"texture": "#hairextra", "uv": [70.00000191, 66.0, 72.0, 82.00000048], "autoUv": false}, "up": {"texture": "#hairextra", "uv": [57.0, 82.00000048, 61.00000191, 84.0], "autoUv": false}, "down": {"texture": "#hairextra", "uv": [76.99999809, 51.0, 75.0, 48.99999905], "autoUv": false}}, "children": []}, {"name": "Hairstrandextra.007", "from": [6.90571088, 1.45297289, 5.68662825], "to": [8.25512916, 9.11312485, 6.65140542], "rotationOrigin": [7.58042002, 9.11312485, 6.16901684], "rotationX": -19.88470582, "rotationY": 162.09096214, "rotationZ": 17.23013402, "group": "hairextra-emoshy", "faces": {"north": {"texture": "#hairextra", "uv": [67.99999809, 68.00000095, 70.00000191, 81.0], "autoUv": false}, "east": {"texture": "#hairextra", "uv": [73.00000191, 65.00000095, 73.99999809, 84.0], "autoUv": false}, "south": {"texture": "#hairextra", "uv": [73.99999809, 65.00000095, 76.99999809, 87.0], "autoUv": false}, "west": {"texture": "#hairextra", "uv": [73.99999809, 65.00000095, 76.00000191, 84.0], "autoUv": false}, "up": {"texture": "#hairextra", "uv": [55.99999809, 82.00000048, 60.0, 84.0], "autoUv": false}, "down": {"texture": "#hairextra", "uv": [76.99999809, 50.00000095, 75.0, 48.0], "autoUv": false}}, "children": []}, {"name": "Hairstrandextra.008", "from": [5.55417395, -1.66191578, 6.48789445], "to": [6.90359163, 3.07710266, 7.45267162], "rotationOrigin": [6.22888279, 3.07710266, 6.97028303], "rotationX": -23.32406124, "rotationY": 170.75240699, "rotationZ": 11.09412857, "group": "hairextra-emoshy", "faces": {"north": {"texture": "#hairextra", "uv": [67.99999809, 73.00000048, 70.99999809, 82.99999952], "autoUv": false}, "east": {"texture": "#hairextra", "uv": [73.00000191, 65.00000095, 73.99999809, 84.0], "autoUv": false}, "south": {"texture": "#hairextra", "uv": [73.99999809, 65.00000095, 76.99999809, 87.0], "autoUv": false}, "west": {"texture": "#hairextra", "uv": [73.99999809, 65.00000095, 76.00000191, 84.0], "autoUv": false}, "up": {"texture": "#hairextra", "uv": [55.99999809, 82.00000048, 60.0, 84.0], "autoUv": false}, "down": {"texture": "#hairextra", "uv": [76.99999809, 50.00000095, 75.0, 48.0], "autoUv": false}}, "children": []}, {"name": "Hairstrandextra.009", "from": [0.25631821, 2.07578945, 5.29741862], "to": [2.29416835, 9.74225807, 6.28676412], "rotationOrigin": [1.27524328, 9.74225807, 5.79209137], "rotationX": 83.81857885, "rotationY": 8.55509368, "rotationZ": -26.71502477, "group": "hairextra-emoshy", "faces": {"north": {"texture": "#hairextra", "uv": [60.0, 69.99999905, 64.00000191, 86.00000024], "autoUv": false}, "east": {"texture": "#hairextra", "uv": [69.0, 66.99999905, 70.99999809, 82.99999952], "autoUv": false}, "south": {"texture": "#hairextra", "uv": [55.99999809, 71.00000095, 60.0, 87.0], "autoUv": false}, "west": {"texture": "#hairextra", "uv": [70.00000191, 66.0, 72.0, 82.00000048], "autoUv": false}, "up": {"texture": "#hairextra", "uv": [57.0, 82.00000048, 61.00000191, 84.0], "autoUv": false}, "down": {"texture": "#hairextra", "uv": [76.99999809, 51.0, 75.0, 48.99999905], "autoUv": false}}, "children": []}, {"name": "Hairstrandextra.010", "from": [-0.25955153, 2.31054497, 0.07270983], "to": [1.77829885, 8.27677917, 1.06205532], "rotationOrigin": [0.75937366, 8.27677917, 0.56738257], "rotationX": 11.13031576, "rotationY": -8.37409538, "rotationZ": -1.73574914, "group": "hairextra-emoshy", "faces": {"north": {"texture": "#hairextra", "uv": [60.0, 73.99999952, 64.00000191, 86.00000024], "autoUv": false}, "east": {"texture": "#hairextra", "uv": [69.0, 71.00000095, 70.99999809, 82.99999952], "autoUv": false}, "south": {"texture": "#hairextra", "uv": [55.99999809, 75.0, 60.0, 87.0], "autoUv": false}, "west": {"texture": "#hairextra", "uv": [70.00000191, 69.99999905, 72.0, 82.00000048], "autoUv": false}, "up": {"texture": "#hairextra", "uv": [57.0, 82.00000048, 61.00000191, 84.0], "autoUv": false}, "down": {"texture": "#hairextra", "uv": [76.99999809, 51.0, 75.0, 48.99999905], "autoUv": false}}, "children": []}, {"name": "Hairstrandextra.011", "from": [2.49173057, -0.99373341, -2.08409059], "to": [4.59070885, 4.2025032, -0.9240905], "rotationOrigin": [3.54121971, 4.2025032, -1.50409055], "rotationX": -5.25182808, "rotationY": 5.0936315, "rotationZ": -4.6188023, "group": "hairextra-emoshy", "faces": {"north": {"texture": "#hairextra", "uv": [61.00000191, 76.99999952, 64.99999809, 87.0], "autoUv": false}, "east": {"texture": "#hairextra", "uv": [70.00000191, 73.00000048, 72.0, 82.99999952], "autoUv": false}, "south": {"texture": "#hairextra", "uv": [73.99999809, 75.0, 78.0, 84.99999976], "autoUv": false}, "west": {"texture": "#hairextra", "uv": [73.99999809, 73.00000048, 76.00000191, 82.99999952], "autoUv": false}, "up": {"texture": "#hairextra", "uv": [66.0, 90.0, 67.99999809, 91.99999988], "autoUv": false}, "down": {"texture": "#hairextra", "uv": [72.0, 91.99999988, 70.00000191, 90.0], "autoUv": false}}, "children": []}, {"name": "Hairstrandextra.012", "from": [2.23886383, -3.9797895, -1.17031372], "to": [4.33784211, -0.35938072, -0.01031363], "rotationOrigin": [3.28835297, -0.35938072, -0.59031367], "rotationX": 37.1517519, "rotationY": -2.09852781, "rotationZ": 0.67208971, "group": "hairextra-emoshy", "faces": {"north": {"texture": "#hairextra", "uv": [61.00000191, 79.99999952, 64.99999809, 87.0], "autoUv": false}, "east": {"texture": "#hairextra", "uv": [70.00000191, 76.00000048, 72.0, 82.99999952], "autoUv": false}, "south": {"texture": "#hairextra", "uv": [73.99999809, 78.0, 78.0, 84.99999976], "autoUv": false}, "west": {"texture": "#hairextra", "uv": [73.99999809, 76.00000048, 76.00000191, 82.99999952], "autoUv": false}, "up": {"texture": "#hairextra", "uv": [66.0, 90.0, 67.99999809, 91.99999988], "autoUv": false}, "down": {"texture": "#hairextra", "uv": [72.0, 91.99999988, 70.00000191, 90.0], "autoUv": false}}, "children": []}]}], "groups": []}