{"textureWidth": 128, "textureHeight": 128, "textures": {}, "textureSizes": {}, "elements": [{"name": "MeshEarChrysalisL", "from": [5.446565981982019, -0.09743914008140564, 1.9376667737960815], "to": [11.016167640686035, 0.4847920835018158, 2.846941202878952], "rotationOrigin": [5.4465651512146, 0.19367647171020508, 2.392303943634033], "stepParentName": "b_Head", "rotationX": -52.57920945720294, "rotationY": -11.46926987598469, "rotationZ": -68.12353497033097, "group": "ear-chrysalis", "faces": {"north": {"texture": "#main", "uv": [50.0, 16.0, 62.0, 18.0], "autoUv": false}, "east": {"texture": "#main", "uv": [48.0, 16.0, 50.0, 18.0], "autoUv": false}, "south": {"texture": "#main", "uv": [35.0, 16.0, 48.0, 18.0], "autoUv": false}, "west": {"texture": "#main", "uv": [34.0, 16.0, 35.0, 18.0], "autoUv": false}, "up": {"texture": "#main", "uv": [35.0, 14.0, 48.0, 16.0], "autoUv": false}, "down": {"texture": "#main", "uv": [60.0, 16.0, 48.0, 14.0], "autoUv": false}}, "children": []}, {"name": "MeshEarChrysalisL.001", "from": [7.4772591041609076, -2.611519992351532, 6.047237187623978], "to": [10.306039333343506, -1.9361619353294373, 6.955631703138351], "rotationOrigin": [7.477258682250977, -2.4319076538085938, 6.5018744468688965], "stepParentName": "b_Head", "rotationX": -52.57922653267587, "rotationY": -11.469275852400214, "rotationZ": 147.41941527172688, "group": "ear-chrysalis", "faces": {"north": {"texture": "#main", "uv": [27.0, 16.0, 34.0, 18.0], "autoUv": false, "rotation": 180}, "east": {"texture": "#main", "uv": [17.0, 16.0, 19.0, 18.0], "autoUv": false, "rotation": 180}, "south": {"texture": "#main", "uv": [19.0, 16.0, 25.0, 18.0], "autoUv": false, "rotation": 180}, "west": {"texture": "#main", "uv": [25.0, 16.0, 27.0, 18.0], "autoUv": false, "rotation": 180}, "up": {"texture": "#main", "uv": [25.0, 14.0, 31.0, 16.0], "autoUv": false, "rotation": 180}, "down": {"texture": "#main", "uv": [25.0, 16.0, 19.0, 14.0], "autoUv": false, "rotation": 180}}, "children": []}, {"name": "MeshEarChrysalisL.002", "from": [5.3628945877723595, -2.5656804740428925, 4.868184000253677], "to": [8.917582273483276, -1.5741892158985138, 5.763717025518417], "rotationOrigin": [5.362894058227539, -2.069934844970703, 5.322821140289307], "stepParentName": "b_Head", "rotationX": -52.5792197024867, "rotationY": -11.469274998626569, "rotationZ": 92.59832940815608, "group": "ear-chrysalis", "faces": {"north": {"texture": "#main", "uv": [28.0, 21.0, 36.0, 23.0], "autoUv": false, "rotation": 180}, "east": {"texture": "#main", "uv": [17.0, 21.0, 19.0, 23.0], "autoUv": false, "rotation": 180}, "south": {"texture": "#main", "uv": [19.0, 21.0, 26.0, 23.0], "autoUv": false, "rotation": 180}, "west": {"texture": "#main", "uv": [26.0, 21.0, 28.0, 23.0], "autoUv": false, "rotation": 180}, "up": {"texture": "#main", "uv": [26.0, 19.0, 34.0, 21.0], "autoUv": false, "rotation": 180}, "down": {"texture": "#main", "uv": [26.0, 21.0, 19.0, 19.0], "autoUv": false, "rotation": 180}}, "children": []}, {"name": "MeshEarChrysalisL.003", "from": [5.30274011575932, -1.073354333639145, 2.9382585287094116], "to": [8.624992847442627, -0.1495017111301422, 3.8269408345222473], "rotationOrigin": [5.30273962020874, -0.6114280223846436, 3.3928956985473633], "stepParentName": "b_Head", "rotationX": -52.67806620015512, "rotationY": -11.508156704250512, "rotationZ": -68.14321274532978, "group": "ear-chrysalis", "faces": {"north": {"texture": "#main", "uv": [47.0, 21.0, 55.0, 23.0], "autoUv": false}, "east": {"texture": "#main", "uv": [45.0, 21.0, 47.0, 23.0], "autoUv": false}, "south": {"texture": "#main", "uv": [39.0, 21.0, 45.0, 23.0], "autoUv": false}, "west": {"texture": "#main", "uv": [37.0, 21.0, 39.0, 23.0], "autoUv": false}, "up": {"texture": "#main", "uv": [39.0, 19.0, 45.0, 21.0], "autoUv": false}, "down": {"texture": "#main", "uv": [53.0, 21.0, 45.0, 19.0], "autoUv": false}}, "children": []}, {"name": "MeshEarChrysalisR", "from": [5.446565981982019, -0.09743914008140564, -2.846941202878952], "to": [11.016167640686035, 0.4847920835018158, -1.9376667737960815], "rotationOrigin": [5.4465651512146, 0.19367647171020508, -2.392303943634033], "stepParentName": "b_Head", "rotationX": 52.5792197024867, "rotationY": 11.469277559947507, "rotationZ": -68.12355546089847, "group": "ear-chrysalis", "faces": {"north": {"texture": "#main", "uv": [48.0, 16.0, 35.0, 18.0], "autoUv": false}, "east": {"texture": "#main", "uv": [50.0, 16.0, 48.0, 18.0], "autoUv": false}, "south": {"texture": "#main", "uv": [62.0, 16.0, 50.0, 18.0], "autoUv": false}, "west": {"texture": "#main", "uv": [35.0, 16.0, 34.0, 18.0], "autoUv": false}, "up": {"texture": "#main", "uv": [48.0, 14.0, 35.0, 16.0], "autoUv": false, "rotation": 180}, "down": {"texture": "#main", "uv": [48.0, 16.0, 60.0, 14.0], "autoUv": false, "rotation": 180}}, "children": []}, {"name": "MeshEarChrysalisR.001", "from": [7.4772591041609076, -2.611520230770111, -6.955631703138351], "to": [10.306039333343506, -1.9361621737480164, -6.047237187623978], "rotationOrigin": [7.477258682250977, -2.431907892227173, -6.5018744468688965], "stepParentName": "b_Head", "rotationX": 52.57922653267587, "rotationY": 11.469275852400214, "rotationZ": 147.41941527172688, "group": "ear-chrysalis", "faces": {"north": {"texture": "#main", "uv": [25.0, 16.0, 19.0, 18.0], "autoUv": false, "rotation": 180}, "east": {"texture": "#main", "uv": [19.0, 16.0, 17.0, 18.0], "autoUv": false, "rotation": 180}, "south": {"texture": "#main", "uv": [34.0, 16.0, 27.0, 18.0], "autoUv": false, "rotation": 180}, "west": {"texture": "#main", "uv": [27.0, 16.0, 25.0, 18.0], "autoUv": false, "rotation": 180}, "up": {"texture": "#main", "uv": [31.0, 14.0, 25.0, 16.0], "autoUv": false}, "down": {"texture": "#main", "uv": [19.0, 16.0, 25.0, 14.0], "autoUv": false}}, "children": []}, {"name": "MeshEarChrysalisR.002", "from": [5.3628945877723595, -2.5656807124614716, -5.763717025518417], "to": [8.917582273483276, -1.574189454317093, -4.868184000253677], "rotationOrigin": [5.362894058227539, -2.0699350833892822, -5.322821140289307], "stepParentName": "b_Head", "rotationX": 52.5792197024867, "rotationY": 11.469274998626569, "rotationZ": 92.59832940815608, "group": "ear-chrysalis", "faces": {"north": {"texture": "#main", "uv": [26.0, 21.0, 19.0, 23.0], "autoUv": false, "rotation": 180}, "east": {"texture": "#main", "uv": [19.0, 21.0, 17.0, 23.0], "autoUv": false, "rotation": 180}, "south": {"texture": "#main", "uv": [36.0, 21.0, 28.0, 23.0], "autoUv": false, "rotation": 180}, "west": {"texture": "#main", "uv": [28.0, 21.0, 26.0, 23.0], "autoUv": false, "rotation": 180}, "up": {"texture": "#main", "uv": [34.0, 19.0, 26.0, 21.0], "autoUv": false}, "down": {"texture": "#main", "uv": [19.0, 21.0, 26.0, 19.0], "autoUv": false}}, "children": []}, {"name": "MeshEarChrysalisR.003", "from": [5.30274011575932, -1.073354333639145, -3.8269408345222473], "to": [8.624992847442627, -0.1495017111301422, -2.9382585287094116], "rotationOrigin": [5.30273962020874, -0.6114280223846436, -3.3928956985473633], "stepParentName": "b_Head", "rotationX": 52.67806620015512, "rotationY": 11.508156704250512, "rotationZ": -68.14321274532978, "group": "ear-chrysalis", "faces": {"north": {"texture": "#main", "uv": [45.0, 21.0, 39.0, 23.0], "autoUv": false}, "east": {"texture": "#main", "uv": [47.0, 21.0, 45.0, 23.0], "autoUv": false}, "south": {"texture": "#main", "uv": [55.0, 21.0, 47.0, 23.0], "autoUv": false}, "west": {"texture": "#main", "uv": [39.0, 21.0, 37.0, 23.0], "autoUv": false}, "up": {"texture": "#main", "uv": [45.0, 19.0, 39.0, 21.0], "autoUv": false, "rotation": 180}, "down": {"texture": "#main", "uv": [45.0, 21.0, 53.0, 19.0], "autoUv": false, "rotation": 180}}, "children": []}], "groups": []}