{"textureWidth": 128, "textureHeight": 128, "textures": {}, "textureSizes": {"earextra": [32, 32]}, "elements": [{"name": "MeshEarLowerL.002", "from": [4.621916949748993, -3.726878523826599, 1.9580142796039581], "to": [5.97515469789505, 0.7910996675491333, 2.9091674983501434], "rotationOrigin": [5.2985358238220215, -1.467889428138733, 2.433590888977051], "stepParentName": "b_Head", "rotationX": -42.71540542770737, "rotationY": -11.141059649571714, "rotationZ": -108.22455230452714, "group": "ear-bat", "faces": {"north": {"texture": "#main", "uv": [59.0, 20.0, 67.0, 23.0], "autoUv": false, "rotation": 90}, "east": {"texture": "#main", "uv": [65.0, 18.0, 57.0, 20.0], "autoUv": false, "rotation": 270}, "south": {"texture": "#main", "uv": [49.0, 20.0, 57.0, 23.0], "autoUv": false, "rotation": 270}, "west": {"texture": "#main", "uv": [49.0, 18.0, 57.0, 20.0], "autoUv": false, "rotation": 270}, "up": {"texture": "#main", "uv": [57.0, 20.0, 59.0, 23.0], "autoUv": false, "rotation": 270}, "down": {"texture": "#main", "uv": [49.0, 23.0, 47.0, 20.0], "autoUv": false, "rotation": 270}}, "children": []}, {"name": "MeshEarUpperL.002", "from": [4.22305691242218, -1.8860942721366882, 1.705407977104187], "to": [8.219050288200378, -0.11117678880691528, 2.741733193397522], "rotationOrigin": [6.221053600311279, -0.9986355304718018, 2.2235705852508545], "stepParentName": "b_Head", "rotationX": -40.789073515710335, "rotationY": -13.135177773986541, "rotationZ": -36.91961767164178, "group": "ear-bat", "faces": {"north": {"texture": "#main", "uv": [59.0, 13.0, 67.0, 17.0], "autoUv": false}, "east": {"texture": "#main", "uv": [57.0, 13.0, 59.0, 17.0], "autoUv": false}, "south": {"texture": "#main", "uv": [49.0, 13.0, 57.0, 17.0], "autoUv": false}, "west": {"texture": "#main", "uv": [47.0, 13.0, 49.0, 17.0], "autoUv": false}, "up": {"texture": "#main", "uv": [49.0, 11.0, 57.0, 13.0], "autoUv": false}, "down": {"texture": "#main", "uv": [65.0, 13.0, 57.0, 11.0], "autoUv": false}}, "children": []}, {"name": "EarBatFluffL", "from": [6.900561690330505, -1.8422982692718506, 2.7232699394226074], "to": [8.459441781044006, -1.111799955368042, 4.123326778411865], "rotationOrigin": [7.680001735687256, -1.4770491123199463, 3.4232983589172363], "stepParentName": "b_Head", "rotationX": 56.481610718733045, "rotationY": -49.40273436104013, "rotationZ": 20.943059004815137, "group": "ear-bat", "faces": {"north": {"texture": "#earextra", "uv": [2.0, 6.0, 5.0, 11.0], "autoUv": false, "rotation": 90}, "east": {"texture": "#main", "uv": [1.0, 28.0, 4.0, 31.0], "autoUv": false, "rotation": 90, "enabled": false}, "south": {"texture": "#earextra", "uv": [9.0, 7.0, 12.0, 12.0], "autoUv": false, "rotation": 270}, "west": {"texture": "#earextra", "uv": [2.0, 9.0, 5.0, 14.0], "autoUv": false, "rotation": 270}, "up": {"texture": "#earextra", "uv": [3.0, 5.0, 6.0, 12.0], "autoUv": false, "rotation": 270}, "down": {"texture": "#earextra", "uv": [7.0, 12.0, 4.0, 5.0], "autoUv": false, "rotation": 270}}, "children": []}, {"name": "MeshEarLowerR.002", "from": [4.621916949748993, -3.726878523826599, -2.9091674983501434], "to": [5.97515469789505, 0.7910996675491333, -1.9580142796039581], "rotationOrigin": [5.2985358238220215, -1.467889428138733, -2.433590888977051], "stepParentName": "b_Head", "rotationX": 42.715408842801956, "rotationY": 11.141066479760884, "rotationZ": -108.22456596490548, "group": "ear-bat", "faces": {"north": {"texture": "#main", "uv": [59.0, 20.0, 67.0, 23.0], "autoUv": false, "rotation": 90}, "east": {"texture": "#main", "uv": [49.0, 18.0, 57.0, 20.0], "autoUv": false, "rotation": 270}, "south": {"texture": "#main", "uv": [49.0, 20.0, 57.0, 23.0], "autoUv": false, "rotation": 270}, "west": {"texture": "#main", "uv": [65.0, 18.0, 57.0, 20.0], "autoUv": false, "rotation": 270}, "up": {"texture": "#main", "uv": [47.0, 20.0, 49.0, 23.0], "autoUv": false, "rotation": 270}, "down": {"texture": "#main", "uv": [59.0, 23.0, 57.0, 20.0], "autoUv": false, "rotation": 270}}, "children": []}, {"name": "MeshEarUpperR.002", "from": [4.22305691242218, -1.8860942721366882, -2.741733193397522], "to": [8.219050288200378, -0.11117678880691528, -1.705407977104187], "rotationOrigin": [6.221053600311279, -0.9986355304718018, -2.2235705852508545], "stepParentName": "b_Head", "rotationX": 40.789073515710335, "rotationY": 13.13518033530748, "rotationZ": -36.9196142565472, "group": "ear-bat", "faces": {"north": {"texture": "#main", "uv": [59.0, 13.0, 67.0, 17.0], "autoUv": false}, "east": {"texture": "#main", "uv": [47.0, 13.0, 49.0, 17.0], "autoUv": false}, "south": {"texture": "#main", "uv": [49.0, 13.0, 57.0, 17.0], "autoUv": false}, "west": {"texture": "#main", "uv": [57.0, 13.0, 59.0, 17.0], "autoUv": false}, "up": {"texture": "#main", "uv": [57.0, 11.0, 65.0, 13.0], "autoUv": false}, "down": {"texture": "#main", "uv": [57.0, 13.0, 49.0, 11.0], "autoUv": false}}, "children": []}, {"name": "EarBatFluffR", "from": [6.693061053752899, -1.9326094090938568, -4.155974745750427], "to": [8.439254581928253, -1.11433544754982, -2.5876885652542114], "rotationOrigin": [7.566157817840576, -1.5234724283218384, -3.3718316555023193], "stepParentName": "b_Head", "rotationX": -59.23019153886749, "rotationY": 45.70816892576435, "rotationZ": 20.998395489923286, "group": "ear-bat", "faces": {"north": {"texture": "#earextra", "uv": [12.0, 7.0, 9.0, 12.0], "autoUv": false, "rotation": 90}, "east": {"texture": "#main", "uv": [4.0, 28.0, 1.0, 31.0], "autoUv": false, "rotation": 270, "enabled": false}, "south": {"texture": "#earextra", "uv": [5.0, 6.0, 2.0, 11.0], "autoUv": false, "rotation": 270}, "west": {"texture": "#earextra", "uv": [5.0, 9.0, 2.0, 14.0], "autoUv": false, "rotation": 90}, "up": {"texture": "#earextra", "uv": [6.0, 5.0, 3.0, 12.0], "autoUv": false, "rotation": 270}, "down": {"texture": "#earextra", "uv": [4.0, 12.0, 7.0, 5.0], "autoUv": false, "rotation": 270}}, "children": []}], "groups": []}