{"textureWidth": 128, "textureHeight": 128, "textures": {}, "textureSizes": {}, "elements": [{"name": "MeshEarLowerL.001", "from": [4.339381456375122, -4.102112174034119, 1.9768531918525696], "to": [5.69261908531189, 0.41586601734161377, 2.8669773936271667], "rotationOrigin": [5.016000270843506, -1.8431230783462524, 2.421915292739868], "stepParentName": "b_Head", "rotationX": -43.056050867277996, "rotationY": -7.439639265690173, "rotationZ": -118.63716203383323, "group": "ear-horse", "faces": {"north": {"texture": "#main", "uv": [59.0, 20.0, 67.0, 23.0], "autoUv": false, "rotation": 90}, "east": {"texture": "#main", "uv": [65.0, 18.0, 57.0, 20.0], "autoUv": false, "rotation": 270}, "south": {"texture": "#main", "uv": [49.0, 20.0, 57.0, 23.0], "autoUv": false, "rotation": 270}, "west": {"texture": "#main", "uv": [49.0, 18.0, 57.0, 20.0], "autoUv": false, "rotation": 270}, "up": {"texture": "#main", "uv": [57.0, 20.0, 59.0, 23.0], "autoUv": false, "rotation": 270}, "down": {"texture": "#main", "uv": [49.0, 23.0, 47.0, 20.0], "autoUv": false, "rotation": 270}}, "children": []}, {"name": "MeshEarUpperL.001", "from": [4.099481701850891, -2.4465412497520447, 1.6756535768508911], "to": [8.09547507762909, -0.5125680565834045, 2.711978793144226], "rotationOrigin": [6.09747838973999, -1.4795546531677246, 2.1938161849975586], "stepParentName": "b_Head", "rotationX": -43.55437463893296, "rotationY": -11.3026542413714, "rotationZ": -49.028337541685886, "group": "ear-horse", "faces": {"north": {"texture": "#main", "uv": [59.0, 13.0, 67.0, 17.0], "autoUv": false}, "east": {"texture": "#main", "uv": [57.0, 13.0, 59.0, 17.0], "autoUv": false}, "south": {"texture": "#main", "uv": [49.0, 13.0, 57.0, 17.0], "autoUv": false}, "west": {"texture": "#main", "uv": [47.0, 13.0, 49.0, 17.0], "autoUv": false}, "up": {"texture": "#main", "uv": [49.0, 11.0, 57.0, 13.0], "autoUv": false}, "down": {"texture": "#main", "uv": [65.0, 13.0, 57.0, 11.0], "autoUv": false}}, "children": []}, {"name": "MeshEarLowerR.001", "from": [4.339381456375122, -4.1021116971969604, -2.8669773936271667], "to": [5.69261908531189, 0.41586554050445557, -1.9768531918525696], "rotationOrigin": [5.016000270843506, -1.8431230783462524, -2.421915292739868], "stepParentName": "b_Head", "rotationX": 43.056047452183414, "rotationY": 7.439636704369233, "rotationZ": -118.63714837345489, "group": "ear-horse", "faces": {"north": {"texture": "#main", "uv": [57.0, 20.0, 49.0, 23.0], "autoUv": false, "rotation": 90}, "east": {"texture": "#main", "uv": [57.0, 18.0, 65.0, 20.0], "autoUv": false, "rotation": 90}, "south": {"texture": "#main", "uv": [67.0, 20.0, 59.0, 23.0], "autoUv": false, "rotation": 270}, "west": {"texture": "#main", "uv": [57.0, 18.0, 49.0, 20.0], "autoUv": false, "rotation": 90}, "up": {"texture": "#main", "uv": [59.0, 20.0, 57.0, 23.0], "autoUv": false, "rotation": 270}, "down": {"texture": "#main", "uv": [47.0, 23.0, 49.0, 20.0], "autoUv": false, "rotation": 270}}, "children": []}, {"name": "MeshEarUpperR.001", "from": [4.09948194026947, -2.446541488170624, -2.711978793144226], "to": [8.09547483921051, -0.5125678181648254, -1.6756535768508911], "rotationOrigin": [6.09747838973999, -1.4795546531677246, -2.1938161849975586], "stepParentName": "b_Head", "rotationX": 43.55437463893296, "rotationY": 11.302661925334215, "rotationZ": -49.028330711496714, "group": "ear-horse", "faces": {"north": {"texture": "#main", "uv": [57.0, 13.0, 49.0, 17.0], "autoUv": false}, "east": {"texture": "#main", "uv": [59.0, 13.0, 57.0, 17.0], "autoUv": false}, "south": {"texture": "#main", "uv": [67.0, 13.0, 59.0, 17.0], "autoUv": false}, "west": {"texture": "#main", "uv": [49.0, 13.0, 47.0, 17.0], "autoUv": false}, "up": {"texture": "#main", "uv": [57.0, 11.0, 49.0, 13.0], "autoUv": false, "rotation": 180}, "down": {"texture": "#main", "uv": [57.0, 13.0, 65.0, 11.0], "autoUv": false, "rotation": 180}}, "children": []}], "groups": []}