{"textureWidth": 128, "textureHeight": 128, "textures": {}, "textureSizes": {}, "elements": [{"name": "neck-changeling", "from": [3.1483233351626154, -5.550210237503052, -0.052512386813759804], "to": [7.421801567077637, 2.8644096851348877, -0.004144458100199699], "rotationOrigin": [3.148322582244873, -1.1835105419158936, -0.02832842245697975], "stepParentName": "b_Head", "rotationX": -0.3181189687598264, "rotationY": -0.8358328737360861, "rotationZ": -86.98963760893007, "group": "ear-changeling", "faces": {"north": {"texture": "#main", "uv": [12.0, 22.0, -0.0, 44.0], "autoUv": false}, "east": {"texture": "#main", "uv": [2.0, 2.0, 10.0, 4.0], "autoUv": false, "rotation": 270}, "south": {"texture": "#main", "uv": [0.0, 22.0, 12.0, 44.0], "autoUv": false}, "west": {"texture": "#main", "uv": [0.0, 22.0, 1.0, 44.0], "autoUv": false}, "up": {"texture": "#disable.001", "uv": [0, 0, 4, 4], "autoUv": false, "enabled": false}, "down": {"texture": "#disable.001", "uv": [0, 0, 4, 4], "autoUv": false, "enabled": false}}, "children": []}, {"name": "EarChangelingL", "from": [4.569730799758304, -0.022157013416290283, 1.7384707927703857], "to": [7.0210206508636475, 0.4597170948982239, 2.6631170511245728], "rotationOrigin": [4.569732189178467, 0.2187800407409668, 2.2566328048706055], "stepParentName": "b_Head", "rotationX": -15.66408092739315, "rotationY": -3.610694554249439, "rotationZ": -39.29078955899799, "group": "EarChangelingL", "faces": {"north": {"texture": "#main", "uv": [59.0, 13.0, 67.0, 17.0], "autoUv": false}, "east": {"texture": "#main", "uv": [57.0, 13.0, 59.0, 17.0], "autoUv": false}, "south": {"texture": "#main", "uv": [44.0, 15.0, 57.0, 17.0], "autoUv": false}, "west": {"texture": "#main", "uv": [47.0, 13.0, 49.0, 17.0], "autoUv": false}, "up": {"texture": "#main", "uv": [49.0, 11.0, 57.0, 13.0], "autoUv": false}, "down": {"texture": "#main", "uv": [65.0, 13.0, 57.0, 11.0], "autoUv": false}}, "children": []}, {"name": "EarChangelingL.001", "from": [4.674815654754639, -0.8734471639616004, 2.6426344886422157], "to": [5.710422039031982, 2.956244707107544, 2.885480158030987], "rotationOrigin": [5.1926188468933105, -0.8734457492828369, 2.764057159423828], "stepParentName": "b_Head", "rotationX": -17.373257220013386, "rotationY": -1.643460694738016, "rotationZ": -129.53084930714002, "group": "EarChangelingL", "faces": {"north": {"texture": "#main", "uv": [74.0, 43.0, 67.0, 46.0], "autoUv": false, "rotation": 90}, "east": {"texture": "#main", "uv": [66.0, 41.0, 72.0, 43.0], "autoUv": false, "rotation": 270}, "south": {"texture": "#main", "uv": [66.0, 43.0, 72.0, 46.0], "autoUv": false, "rotation": 270}, "west": {"texture": "#main", "uv": [66.0, 41.0, 72.0, 43.0], "autoUv": false, "rotation": 270}, "up": {"texture": "#main", "uv": [72.0, 43.0, 74.0, 46.0], "autoUv": false, "rotation": 270}, "down": {"texture": "#main", "uv": [66.0, 46.0, 64.0, 43.0], "autoUv": false, "rotation": 270}}, "children": []}, {"name": "EarChangelingL.002", "from": [5.851222135483795, -1.0986175537109375, 2.308942198753357], "to": [9.886113166809082, -0.6326928064227104, 2.8625002056360245], "rotationOrigin": [5.851224422454834, -0.7451941967010498, 2.6535651683807373], "stepParentName": "b_Head", "rotationX": -17.661559504879623, "rotationY": -6.467565035466666, "rotationZ": -34.94974330368591, "group": "EarChangelingL", "faces": {"north": {"texture": "#main", "uv": [59.0, 13.0, 67.0, 17.0], "autoUv": false}, "east": {"texture": "#main", "uv": [65.0, 40.0, 67.0, 44.0], "autoUv": false}, "south": {"texture": "#main", "uv": [64.0, 41.0, 74.0, 45.0], "autoUv": false}, "west": {"texture": "#main", "uv": [47.0, 13.0, 49.0, 17.0], "autoUv": false}, "up": {"texture": "#main", "uv": [45.0, 11.0, 57.0, 13.0], "autoUv": false}, "down": {"texture": "#main", "uv": [74.0, 47.0, 64.0, 45.0], "autoUv": false}}, "children": []}, {"name": "EarChangelingL.003", "from": [5.1569072006404895, -1.7498487830162048, 1.8803161829710007], "to": [9.153205394744873, -0.3556409478187561, 2.3225855976343155], "rotationOrigin": [5.156909465789795, -1.0527448654174805, 2.1014506816864014], "stepParentName": "b_Head", "rotationX": -20.08998203785888, "rotationY": -9.88589883768692, "rotationZ": -37.80124482932869, "group": "EarChangelingL", "faces": {"north": {"texture": "#main", "uv": [54.0, 13.0, 67.0, 17.0], "autoUv": false}, "east": {"texture": "#main", "uv": [65.0, 40.0, 67.0, 44.0], "autoUv": false}, "south": {"texture": "#main", "uv": [65.0, 42.0, 73.0, 46.0], "autoUv": false}, "west": {"texture": "#main", "uv": [47.0, 13.0, 49.0, 17.0], "autoUv": false}, "up": {"texture": "#main", "uv": [49.0, 11.0, 57.0, 13.0], "autoUv": false}, "down": {"texture": "#main", "uv": [65.0, 13.0, 57.0, 11.0], "autoUv": false}}, "children": []}, {"name": "EarChangelingL.004", "from": [5.204381088517948, -1.7654951959848404, 2.521644711494446], "to": [9.235246658325195, -1.2855845093727112, 3.0818834602832794], "rotationOrigin": [5.204383373260498, -1.6549241542816162, 2.866267681121826], "stepParentName": "b_Head", "rotationX": -17.326540433637792, "rotationY": -6.725843089401997, "rotationZ": -40.67962656445005, "group": "EarChangelingL", "faces": {"north": {"texture": "#main", "uv": [59.0, 13.0, 67.0, 17.0], "autoUv": false}, "east": {"texture": "#main", "uv": [65.0, 40.0, 67.0, 44.0], "autoUv": false}, "south": {"texture": "#main", "uv": [64.0, 42.0, 74.0, 46.0], "autoUv": false}, "west": {"texture": "#main", "uv": [47.0, 13.0, 49.0, 17.0], "autoUv": false}, "up": {"texture": "#main", "uv": [64.0, 40.0, 74.0, 42.0], "autoUv": false}, "down": {"texture": "#main", "uv": [67.0, 13.0, 57.0, 11.0], "autoUv": false}}, "children": []}, {"name": "EarChangelingL.005", "from": [3.8603152893053903, -0.8848393857479095, 1.8946366906166077], "to": [6.432223796844482, -0.44586237519979477, 2.818173825740814], "rotationOrigin": [3.860316753387451, -0.5651848316192627, 2.4127986431121826], "stepParentName": "b_Head", "rotationX": -15.111588632978112, "rotationY": -4.036184603689968, "rotationZ": -36.82358521191141, "group": "EarChangelingL", "faces": {"north": {"texture": "#main", "uv": [59.0, 13.0, 67.0, 17.0], "autoUv": false}, "east": {"texture": "#main", "uv": [57.0, 13.0, 59.0, 17.0], "autoUv": false}, "south": {"texture": "#main", "uv": [44.0, 15.0, 57.0, 17.0], "autoUv": false}, "west": {"texture": "#main", "uv": [47.0, 13.0, 49.0, 17.0], "autoUv": false}, "up": {"texture": "#main", "uv": [49.0, 11.0, 57.0, 13.0], "autoUv": false}, "down": {"texture": "#main", "uv": [65.0, 13.0, 57.0, 11.0], "autoUv": false}}, "children": []}, {"name": "EarChangelingL.006", "from": [4.195047647164074, -0.5363801121711731, 2.0929713547229767], "to": [6.2432541847229, 0.21517831087112427, 2.7510255575180054], "rotationOrigin": [4.195048809051514, -0.16060090065002441, 2.435352087020874], "stepParentName": "b_Head", "rotationX": -11.950391816214973, "rotationY": -0.3814187073882716, "rotationZ": -40.81262059287395, "group": "EarChangelingL", "faces": {"north": {"texture": "#main", "uv": [59.0, 13.0, 67.0, 17.0], "autoUv": false}, "east": {"texture": "#main", "uv": [57.0, 13.0, 59.0, 17.0], "autoUv": false}, "south": {"texture": "#main", "uv": [44.0, 15.0, 57.0, 17.0], "autoUv": false}, "west": {"texture": "#main", "uv": [47.0, 13.0, 49.0, 17.0], "autoUv": false}, "up": {"texture": "#main", "uv": [49.0, 11.0, 57.0, 13.0], "autoUv": false}, "down": {"texture": "#main", "uv": [65.0, 13.0, 57.0, 11.0], "autoUv": false}}, "children": []}, {"name": "EarChangelingR", "from": [4.569730799758304, -0.022157013416290283, -2.6631170511245728], "to": [7.0210206508636475, 0.4597170948982239, -1.7384707927703857], "rotationOrigin": [4.569732189178467, 0.2187800407409668, -2.2566328048706055], "stepParentName": "b_Head", "rotationX": 15.664079219845858, "rotationY": 3.6106941273626156, "rotationZ": -39.29078955899799, "group": "EarChangelingR", "faces": {"north": {"texture": "#main", "uv": [57.0, 15.0, 44.0, 17.0], "autoUv": false}, "east": {"texture": "#main", "uv": [59.0, 13.0, 57.0, 17.0], "autoUv": false}, "south": {"texture": "#main", "uv": [67.0, 13.0, 59.0, 17.0], "autoUv": false}, "west": {"texture": "#main", "uv": [49.0, 13.0, 47.0, 17.0], "autoUv": false}, "up": {"texture": "#main", "uv": [57.0, 11.0, 49.0, 13.0], "autoUv": false, "rotation": 180}, "down": {"texture": "#main", "uv": [57.0, 13.0, 65.0, 11.0], "autoUv": false, "rotation": 180}}, "children": []}, {"name": "EarChangelingR.001", "from": [4.674815654754639, -0.8734471639616004, -2.885480158030987], "to": [5.710422039031982, 2.956244707107544, -2.6426344886422157], "rotationOrigin": [5.1926188468933105, -0.8734457492828369, -2.764057159423828], "stepParentName": "b_Head", "rotationX": 17.373257220013386, "rotationY": 1.6434610149031332, "rotationZ": -129.53084930714002, "group": "EarChangelingR", "faces": {"north": {"texture": "#main", "uv": [72.0, 43.0, 66.0, 46.0], "autoUv": false, "rotation": 90}, "east": {"texture": "#main", "uv": [72.0, 41.0, 66.0, 43.0], "autoUv": false, "rotation": 90}, "south": {"texture": "#main", "uv": [67.0, 43.0, 74.0, 46.0], "autoUv": false, "rotation": 270}, "west": {"texture": "#main", "uv": [72.0, 41.0, 66.0, 43.0], "autoUv": false, "rotation": 90}, "up": {"texture": "#main", "uv": [74.0, 43.0, 72.0, 46.0], "autoUv": false, "rotation": 270}, "down": {"texture": "#main", "uv": [64.0, 46.0, 66.0, 43.0], "autoUv": false, "rotation": 270}}, "children": []}, {"name": "EarChangelingR.002", "from": [5.851222076196791, -1.0989280045032501, -2.857414335012436], "to": [9.990712642669678, -0.6325939819216728, -2.3173309564590454], "rotationOrigin": [5.851224422454834, -0.7451941967010498, -2.6535651683807373], "stepParentName": "b_Head", "rotationX": 17.661559504879623, "rotationY": 6.467565035466666, "rotationZ": -34.94974330368591, "group": "EarChangelingR", "faces": {"north": {"texture": "#main", "uv": [74.0, 41.0, 64.0, 45.0], "autoUv": false}, "east": {"texture": "#main", "uv": [70.0, 44.0, 68.0, 48.0], "autoUv": false}, "south": {"texture": "#main", "uv": [67.0, 13.0, 59.0, 17.0], "autoUv": false}, "west": {"texture": "#main", "uv": [49.0, 13.0, 47.0, 17.0], "autoUv": false}, "up": {"texture": "#main", "uv": [57.0, 11.0, 45.0, 13.0], "autoUv": false, "rotation": 180}, "down": {"texture": "#main", "uv": [64.0, 47.0, 74.0, 45.0], "autoUv": false, "rotation": 180}}, "children": []}, {"name": "EarChangelingR.003", "from": [5.156907126541228, -1.7499525547027588, -2.315997302532196], "to": [9.283935070037842, -0.35553717613220215, -1.886904463171959], "rotationOrigin": [5.156909465789795, -1.0527448654174805, -2.1014506816864014], "stepParentName": "b_Head", "rotationX": 20.089975207669713, "rotationY": 9.88589627636598, "rotationZ": -37.801237999139516, "group": "EarChangelingR", "faces": {"north": {"texture": "#main", "uv": [73.0, 42.0, 65.0, 46.0], "autoUv": false}, "east": {"texture": "#main", "uv": [70.0, 44.0, 68.0, 48.0], "autoUv": false}, "south": {"texture": "#main", "uv": [67.0, 13.0, 54.0, 17.0], "autoUv": false}, "west": {"texture": "#main", "uv": [49.0, 13.0, 47.0, 17.0], "autoUv": false}, "up": {"texture": "#main", "uv": [57.0, 11.0, 49.0, 13.0], "autoUv": false, "rotation": 180}, "down": {"texture": "#main", "uv": [57.0, 13.0, 65.0, 11.0], "autoUv": false, "rotation": 180}}, "children": []}, {"name": "EarChangelingR.004", "from": [5.204381025329212, -1.7654251605272293, -3.0766283869743347], "to": [9.34672737121582, -1.2858184576034546, -2.530043989419937], "rotationOrigin": [5.204383373260498, -1.6549241542816162, -2.866267681121826], "stepParentName": "b_Head", "rotationX": 17.326540433637792, "rotationY": 6.725845223836113, "rotationZ": -40.67962656445005, "group": "EarChangelingR", "faces": {"north": {"texture": "#main", "uv": [74.0, 42.0, 64.0, 46.0], "autoUv": false}, "east": {"texture": "#main", "uv": [70.0, 44.0, 68.0, 48.0], "autoUv": false}, "south": {"texture": "#main", "uv": [67.0, 13.0, 59.0, 17.0], "autoUv": false}, "west": {"texture": "#main", "uv": [49.0, 13.0, 47.0, 17.0], "autoUv": false}, "up": {"texture": "#main", "uv": [74.0, 40.0, 64.0, 42.0], "autoUv": false, "rotation": 180}, "down": {"texture": "#main", "uv": [57.0, 13.0, 67.0, 11.0], "autoUv": false, "rotation": 180}}, "children": []}, {"name": "EarChangelingR.005", "from": [3.8603152893053903, -0.8848393857479095, -2.818173825740814], "to": [6.432223796844482, -0.44586237519979477, -1.8946366906166077], "rotationOrigin": [3.860316753387451, -0.5651848316192627, -2.4127986431121826], "stepParentName": "b_Head", "rotationX": 15.111590340525403, "rotationY": 4.036184176803145, "rotationZ": -36.82358521191141, "group": "EarChangelingR", "faces": {"north": {"texture": "#main", "uv": [57.0, 15.0, 44.0, 17.0], "autoUv": false}, "east": {"texture": "#main", "uv": [59.0, 13.0, 57.0, 17.0], "autoUv": false}, "south": {"texture": "#main", "uv": [67.0, 13.0, 59.0, 17.0], "autoUv": false}, "west": {"texture": "#main", "uv": [49.0, 13.0, 47.0, 17.0], "autoUv": false}, "up": {"texture": "#main", "uv": [57.0, 11.0, 49.0, 13.0], "autoUv": false, "rotation": 180}, "down": {"texture": "#main", "uv": [57.0, 13.0, 65.0, 11.0], "autoUv": false, "rotation": 180}}, "children": []}, {"name": "EarChangelingR.006", "from": [4.195047647164074, -0.5363801121711731, -2.7510255575180054], "to": [6.2432541847229, 0.21517831087112427, -2.0929713547229767], "rotationOrigin": [4.195048809051514, -0.16060090065002441, -2.435352087020874], "stepParentName": "b_Head", "rotationX": 11.950393523762266, "rotationY": 0.3814200147291674, "rotationZ": -40.81262400796854, "group": "EarChangelingR", "faces": {"north": {"texture": "#main", "uv": [57.0, 15.0, 44.0, 17.0], "autoUv": false}, "east": {"texture": "#main", "uv": [59.0, 13.0, 57.0, 17.0], "autoUv": false}, "south": {"texture": "#main", "uv": [67.0, 13.0, 59.0, 17.0], "autoUv": false}, "west": {"texture": "#main", "uv": [49.0, 13.0, 47.0, 17.0], "autoUv": false}, "up": {"texture": "#main", "uv": [57.0, 11.0, 49.0, 13.0], "autoUv": false, "rotation": 180}, "down": {"texture": "#main", "uv": [57.0, 13.0, 65.0, 11.0], "autoUv": false, "rotation": 180}}, "children": []}], "groups": []}