{"editor":{"backDropShape":"entity/humanoid/seraph-hairless","allAngles":true,"entityTextureMode":true},"textureWidth":48,"textureHeight":48,"textureSizes":{"facialhair":[48,48]},"textures":{},"elements":[{"name":"hidefacialhair","from":[0.0,0.0,0.0],"to":[0.0,0.0,0.0],"uv":[0.0,0.0],"stepParentName":"Head","faces":{"north":{"texture":"#null","uv":[0.0,1.0,1.0,2.0],"enabled":false},"east":{"texture":"#null","uv":[1.0,1.0,2.0,2.0],"enabled":false},"south":{"texture":"#null","uv":[2.0,1.0,3.0,2.0],"enabled":false},"west":{"texture":"#null","uv":[3.0,1.0,4.0,2.0],"enabled":false},"up":{"texture":"#null","uv":[0.0,0.0,1.0,1.0],"enabled":false},"down":{"texture":"#null","uv":[1.0,0.0,2.0,1.0],"enabled":false}},"children":[{"name":"brd-Wolverine","from":[-0.3,-0.4,-0.22],"to":[2.7,0.6,1.89],"uv":[14.0,0.0],"rotationOrigin":[-0.1,0.0,2.4],"faces":{"north":{"texture":"#facialhair","uv":[14.0,2.0,17.0,3.0]},"east":{"texture":"#facialhair","uv":[24.9,2.5,26.5,3.5],"autoUv":false},"south":{"texture":"#facialhair","uv":[17.0,2.0,20.0,3.0]},"west":{"texture":"#facialhair","uv":[20.0,2.0,22.0,3.0]},"up":{"texture":"#facialhair","uv":[14.0,0.0,17.0,2.0],"rotation":180},"down":{"texture":"#facialhair","uv":[17.0,0.0,20.0,2.0]}},"children":[{"name":"WolverineUpL84","from":[2.5,1.0,5.2],"to":[3.0,2.5,5.5],"unwrapMode":2,"uv":[20.5,0.0],"rotationOrigin":[2.6,1.0,5.2],"faces":{"north":{"texture":"#facialhair","uv":[21.5,0.5,22.0,2.0],"enabled":false},"east":{"texture":"#facialhair","uv":[21.0,0.5,21.5,2.0]},"south":{"texture":"#facialhair","uv":[20.5,0.5,21.0,2.0]},"west":{"texture":"#facialhair","uv":[21.5,0.5,22.0,2.0]},"up":{"texture":"#facialhair","uv":[21.0,0.0,21.5,0.5],"rotation":270},"down":{"texture":"#facialhair","uv":[21.0,2.0,21.5,2.5],"rotation":270}}},{"name":"WolverineUpR85","from":[2.5,1.0,0.0],"to":[3.0,2.5,0.2],"unwrapMode":2,"uv":[22.5,0.0],"rotationOrigin":[2.5,1.0,0.0],"faces":{"north":{"texture":"#facialhair","uv":[23.0,0.5,23.5,2.0]},"east":{"texture":"#facialhair","uv":[22.5,0.5,23.0,2.0]},"south":{"texture":"#facialhair","uv":[22.5,0.5,23.0,2.0],"enabled":false},"west":{"texture":"#facialhair","uv":[23.5,0.5,24.0,2.0]},"up":{"texture":"#facialhair","uv":[22.5,0.0,23.0,0.5],"rotation":270},"down":{"texture":"#facialhair","uv":[22.5,2.0,23.0,2.5],"rotation":270}}},{"name":"WolverineL86","from":[0.0,0.0,3.39],"to":[3.0,1.0,5.5],"unwrapMode":5,"uv":[20.7,0.0],"rotationOrigin":[0.1,0.0,3.4],"faces":{"north":{"texture":"#facialhair","uv":[22.0,0.0,25.0,1.0],"rotation":180},"east":{"texture":"#facialhair","uv":[25.0,1.0,26.0,3.0],"rotation":90},"south":{"texture":"#facialhair","uv":[22.0,3.0,25.0,4.0]},"west":{"texture":"#facialhair","uv":[20.5,1.0,21.5,3.0],"rotation":270},"up":{"texture":"#facialhair","uv":[22.0,1.0,25.0,3.0]},"down":{"texture":"#facialhair","uv":[26.0,1.0,29.0,3.0]}}},{"name":"WolverineCornerL","from":[0.0,1.0,3.9],"to":[0.5,1.5,4.4],"uv":[11.5,0.0],"rotationOrigin":[0.1,1.0,4.0],"faces":{"north":{"texture":"#facialhair","uv":[11.5,0.5,12.0,1.0],"rotation":180},"east":{"texture":"#facialhair","uv":[12.0,0.5,12.5,1.0],"rotation":90},"south":{"texture":"#facialhair","uv":[12.5,0.5,13.0,1.0]},"west":{"texture":"#facialhair","uv":[13.0,0.5,13.5,1.0],"rotation":270},"up":{"texture":"#facialhair","uv":[11.5,0.0,12.0,0.5]},"down":{"texture":"#facialhair","uv":[12.0,0.0,12.5,0.5]}}},{"name":"WolverineCornerR","from":[0.0,1.0,1.1],"to":[0.5,1.5,1.6],"unwrapMode":5,"uv":[14.5,3.0],"rotationOrigin":[0.1,1.0,1.1],"faces":{"north":{"texture":"#facialhair","uv":[15.0,3.0,15.5,3.5],"rotation":180},"east":{"texture":"#facialhair","uv":[15.5,3.5,16.0,4.0],"rotation":90},"south":{"texture":"#facialhair","uv":[15.0,4.0,15.5,4.5]},"west":{"texture":"#facialhair","uv":[14.5,3.5,15.0,4.0],"rotation":270},"up":{"texture":"#facialhair","uv":[15.0,3.5,15.5,4.0]},"down":{"texture":"#facialhair","uv":[16.0,3.5,16.5,4.0]}}}]}]}]}