{"editor":{"backDropShape":"entity/humanoid/seraph-hairless","allAngles":true,"entityTextureMode":true},"textureWidth":48,"textureHeight":48,"textureSizes":{"facialhair":[48,48]},"textures":{},"elements":[{"name":"hidefacialhair","from":[0.0,0.0,0.0],"to":[0.0,0.0,0.0],"uv":[0.0,0.0],"stepParentName":"Head","faces":{"north":{"texture":"#null","uv":[0.0,0.5,0.5,1.0],"enabled":false},"east":{"texture":"#null","uv":[0.5,0.5,1.0,1.0],"enabled":false},"south":{"texture":"#null","uv":[1.0,0.5,1.5,1.0],"enabled":false},"west":{"texture":"#null","uv":[1.5,0.5,2.0,1.0],"enabled":false},"up":{"texture":"#null","uv":[0.0,0.0,0.5,0.5],"enabled":false},"down":{"texture":"#null","uv":[0.5,0.0,1.0,0.5],"enabled":false}},"children":[{"name":"brd-ShortBox","from":[-0.3,-0.5,-0.23],"to":[2.8,0.5,5.22],"unwrapMode":5,"unwrapRotation":1,"uv":[13.4,0.0],"rotationOrigin":[-0.1,-0.1,2.4],"faces":{"north":{"texture":"#facialhair","uv":[13.5,1.0,14.5,4.0],"rotation":270},"east":{"texture":"#facialhair","uv":[14.5,0.0,19.5,1.0],"rotation":180},"south":{"texture":"#facialhair","uv":[19.5,1.0,20.5,4.0],"rotation":90},"west":{"texture":"#facialhair","uv":[14.5,4.0,19.5,5.0]},"up":{"texture":"#facialhair","uv":[14.5,1.0,19.5,4.0],"rotation":90},"down":{"texture":"#facialhair","uv":[20.5,1.0,25.5,4.0],"rotation":270}},"children":[{"name":"ShortBoxLeftUp","from":[2.6,1.0,5.15],"to":[3.1,2.5,5.45],"unwrapMode":2,"uv":[23.5,0.0],"rotationOrigin":[2.7,1.0,5.2],"faces":{"north":{"texture":"#facialhair","uv":[24.0,0.5,24.5,2.0],"enabled":false},"east":{"texture":"#facialhair","uv":[24.0,0.5,24.5,2.0]},"south":{"texture":"#facialhair","uv":[23.5,0.5,24.0,2.0]},"west":{"texture":"#facialhair","uv":[24.5,0.5,25.0,2.0]},"up":{"texture":"#facialhair","uv":[24.0,0.0,24.5,0.5],"rotation":270},"down":{"texture":"#facialhair","uv":[24.0,2.0,24.5,2.5],"rotation":270}}},{"name":"ShortBoxRightUp","from":[2.6,1.0,0.0],"to":[3.1,2.5,0.25],"unwrapMode":2,"uv":[23.5,0.0],"rotationOrigin":[2.6,1.0,0.0],"faces":{"north":{"texture":"#facialhair","uv":[23.5,0.5,24.0,2.0]},"east":{"texture":"#facialhair","uv":[23.5,0.5,24.0,2.0],"enabled":false},"south":{"texture":"#facialhair","uv":[23.5,0.5,24.0,2.0],"enabled":false},"west":{"texture":"#facialhair","uv":[24.0,0.5,24.5,2.0]},"up":{"texture":"#facialhair","uv":[23.5,0.0,24.0,0.5],"rotation":270},"down":{"texture":"#facialhair","uv":[23.5,2.0,24.0,2.5],"rotation":270}}}]}]}]}