{"editor":{"backDropShape":"entity/humanoid/seraph-hairless","allAngles":true,"entityTextureMode":true},"textureWidth":48,"textureHeight":48,"textureSizes":{"facialhair":[48,48]},"textures":{},"elements":[{"name":"hidefacialhair","from":[0.0,0.0,0.0],"to":[0.0,0.0,0.0],"uv":[0.0,0.0],"stepParentName":"Head","faces":{"north":{"texture":"#null","uv":[0.0,1.0,1.0,2.0],"enabled":false},"east":{"texture":"#null","uv":[1.0,1.0,2.0,2.0],"enabled":false},"south":{"texture":"#null","uv":[2.0,1.0,3.0,2.0],"enabled":false},"west":{"texture":"#null","uv":[3.0,1.0,4.0,2.0],"enabled":false},"up":{"texture":"#null","uv":[0.0,0.0,1.0,1.0],"enabled":false},"down":{"texture":"#null","uv":[1.0,0.0,2.0,1.0],"enabled":false}},"children":[{"name":"brd-FriendlyR1","from":[-0.3,-0.2,-0.23],"to":[0.2,0.3,1.38],"unwrapMode":4,"uv":[0.0,0.0],"rotationOrigin":[-0.3,-0.2,-0.2],"faces":{"north":{"texture":"#facialhair","uv":[0.0,0.5,0.5,1.0]},"east":{"texture":"#facialhair","uv":[2.5,0.5,4.0,1.0]},"south":{"texture":"#facialhair","uv":[2.0,0.5,2.5,1.0]},"west":{"texture":"#facialhair","uv":[0.5,0.5,2.0,1.0]},"up":{"texture":"#facialhair","uv":[0.5,0.0,2.0,0.5],"rotation":90},"down":{"texture":"#facialhair","uv":[0.5,1.0,2.0,1.5],"rotation":90}},"children":[{"name":"FriendlyLeftJaw","from":[0.5,0.0,4.91],"to":[3.0,0.5,5.41],"unwrapMode":3,"uv":[20.5,1.0],"rotationOrigin":[0.6,0.0,4.9],"faces":{"north":{"texture":"#facialhair","uv":[24.0,1.5,26.5,2.0]},"east":{"texture":"#facialhair","uv":[23.5,1.5,24.0,2.0]},"south":{"texture":"#facialhair","uv":[21.0,1.5,23.5,2.0]},"west":{"texture":"#facialhair","uv":[20.5,1.5,21.0,2.0]},"up":{"texture":"#facialhair","uv":[21.0,1.0,23.5,1.5]},"down":{"texture":"#facialhair","uv":[21.0,2.0,23.5,2.5],"rotation":180}},"children":[{"name":"FriendlyLeftUp","from":[2.0,0.5,0.3],"to":[2.5,2.5,0.5],"unwrapMode":2,"uv":[19.5,0.0],"rotationOrigin":[2.1,0.5,0.3],"faces":{"north":{"texture":"#facialhair","uv":[20.5,0.5,21.0,2.5],"enabled":false},"east":{"texture":"#facialhair","uv":[20.0,0.5,20.5,2.5]},"south":{"texture":"#facialhair","uv":[19.5,0.5,20.0,2.5]},"west":{"texture":"#facialhair","uv":[20.5,0.5,21.0,2.5]},"up":{"texture":"#facialhair","uv":[20.0,0.0,20.5,0.5],"rotation":270},"down":{"texture":"#facialhair","uv":[20.0,2.5,20.5,3.0],"rotation":270}}}]},{"name":"FriendlyRightJaw","from":[0.5,0.0,0.0],"to":[3.0,0.5,0.5],"unwrapMode":1,"uv":[17.5,0.0],"rotationOrigin":[0.5,0.0,0.0],"faces":{"north":{"texture":"#facialhair","uv":[18.0,0.5,20.5,1.0]},"east":{"texture":"#facialhair","uv":[17.5,0.5,18.0,1.0]},"south":{"texture":"#facialhair","uv":[21.0,0.5,23.5,1.0]},"west":{"texture":"#facialhair","uv":[20.5,0.5,21.0,1.0]},"up":{"texture":"#facialhair","uv":[18.0,0.0,20.5,0.5],"rotation":180},"down":{"texture":"#facialhair","uv":[18.0,1.0,20.5,1.5]}},"children":[{"name":"FriendlyRightUp","from":[2.0,0.5,0.0],"to":[2.5,2.5,0.2],"unwrapMode":2,"uv":[16.5,0.0],"rotationOrigin":[2.0,0.5,0.0],"faces":{"north":{"texture":"#facialhair","uv":[17.0,0.5,17.5,2.5]},"east":{"texture":"#facialhair","uv":[16.5,0.5,17.0,2.5]},"south":{"texture":"#facialhair","uv":[16.5,0.5,17.0,2.5],"enabled":false},"west":{"texture":"#facialhair","uv":[17.5,0.5,18.0,2.5]},"up":{"texture":"#facialhair","uv":[16.5,0.0,17.0,0.5],"rotation":270},"down":{"texture":"#facialhair","uv":[16.5,2.5,17.0,3.0],"rotation":270}}}]},{"name":"FriendlyL","from":[0.0,0.0,3.79],"to":[0.5,0.5,5.4],"unwrapMode":2,"uv":[13.5,0.0],"rotationOrigin":[0.0,0.0,3.8],"faces":{"north":{"texture":"#facialhair","uv":[14.0,0.5,14.5,1.0]},"east":{"texture":"#facialhair","uv":[14.0,0.5,15.5,1.0],"enabled":false},"south":{"texture":"#facialhair","uv":[13.5,0.5,14.0,1.0]},"west":{"texture":"#facialhair","uv":[14.5,0.5,16.0,1.0]},"up":{"texture":"#facialhair","uv":[14.0,0.0,15.5,0.5],"rotation":270},"down":{"texture":"#facialhair","uv":[14.0,1.0,15.5,1.5],"rotation":270}}}]}]}]}