{"editor":{"backDropShape":"entity/humanoid/seraph-hairless","allAngles":true,"entityTextureMode":true},"textureWidth":48,"textureHeight":48,"textureSizes":{"facialhair":[48,48]},"textures":{},"elements":[{"name":"hidefacialhair","stepParentName":"Head","from":[-0.1,0.0,2.01],"to":[0.9,1.0,3.01],"uv":[24.0,2.0],"rotationOrigin":[0.4,0.5,2.5],"faces":{},"children":[{"name":"OrthadoxUpL","from":[2.3,0.7,3.0],"to":[2.8,2.2,3.2],"unwrapMode":2,"uv":[4.5,0.0],"rotationOrigin":[2.4,0.7,3.0],"faces":{"east":{"texture":"#facialhair","uv":[5.0,0.5,5.5,2.0]},"south":{"texture":"#facialhair","uv":[4.5,0.5,5.0,2.0]},"west":{"texture":"#facialhair","uv":[5.5,0.5,6.0,2.0]},"up":{"texture":"#facialhair","uv":[5.0,0.0,5.5,0.5],"rotation":270},"down":{"texture":"#facialhair","uv":[5.0,2.0,5.5,2.5],"rotation":270}}},{"name":"OrthadoxUpR","from":[2.3,0.7,-2.2],"to":[2.8,2.2,-2.0],"unwrapMode":2,"uv":[2.5,0.0],"rotationOrigin":[2.3,0.7,-2.2],"faces":{"north":{"texture":"#facialhair","uv":[3.0,0.5,3.5,2.0]},"east":{"texture":"#facialhair","uv":[2.5,0.5,3.0,2.0]},"west":{"texture":"#facialhair","uv":[3.5,0.5,4.0,2.0]},"up":{"texture":"#facialhair","uv":[2.5,0.0,3.0,0.5],"rotation":270},"down":{"texture":"#facialhair","uv":[2.5,2.0,3.0,2.5],"rotation":270}}},{"name":"OrthadoxJawL","from":[0.8,-0.3,2.8],"to":[2.8,0.7,3.2],"unwrapMode":3,"uv":[24.5,0.0],"rotationOrigin":[0.9,-0.3,2.8],"faces":{"north":{"texture":"#facialhair","uv":[27.5,0.5,29.5,1.5]},"east":{"texture":"#facialhair","uv":[27.0,0.5,27.5,1.5]},"south":{"texture":"#facialhair","uv":[25.0,0.5,27.0,1.5]},"west":{"texture":"#facialhair","uv":[24.5,0.5,25.0,1.5]},"up":{"texture":"#facialhair","uv":[25.0,0.0,27.0,0.5]},"down":{"texture":"#facialhair","uv":[25.0,1.5,27.0,2.0],"rotation":180}}},{"name":"OrthadoxJawR","from":[0.8,-0.3,-2.2],"to":[2.8,0.7,-1.7],"unwrapMode":1,"uv":[24.5,4.0],"rotationOrigin":[0.9,-0.3,-2.2],"faces":{"north":{"texture":"#facialhair","uv":[25.0,4.5,27.0,5.5]},"east":{"texture":"#facialhair","uv":[24.5,4.5,25.0,5.5]},"south":{"texture":"#facialhair","uv":[27.5,4.5,29.5,5.5]},"west":{"texture":"#facialhair","uv":[27.0,4.5,27.5,5.5]},"up":{"texture":"#facialhair","uv":[25.0,4.0,27.0,4.5],"rotation":180},"down":{"texture":"#facialhair","uv":[25.0,5.5,27.0,6.0]}}},{"name":"donthideme","from":[0.0,0.0,0.0],"to":[0.0,0.0,0.0],"uv":[0.0,0.0],"faces":{},"children":[{"name":"OrthadoxRight","from":[-0.2,-2.3,-2.2],"to":[0.8,0.7,0.3],"unwrapMode":2,"uv":[16.5,0.0],"rotationOrigin":[-0.2,0.7,-2.2],"rotationX":5.0,"faces":{"north":{"texture":"#facialhair","uv":[20.0,1.0,21.0,4.0]},"east":{"texture":"#facialhair","uv":[17.5,1.0,20.0,4.0]},"south":{"texture":"#facialhair","uv":[16.5,1.0,17.5,4.0]},"west":{"texture":"#facialhair","uv":[21.0,1.0,23.5,4.0]},"up":{"texture":"#facialhair","uv":[17.5,0.0,20.0,1.0],"rotation":270},"down":{"texture":"#facialhair","uv":[17.5,4.0,20.0,5.0],"rotation":270}},"children":[{"name":"OrthadoxRightA","from":[0.0,-0.3,1.5],"to":[0.5,0.0,2.1],"unwrapMode":2,"uv":[20.5,0.0],"rotationOrigin":[0.0,-0.1,1.5],"faces":{"north":{"texture":"#facialhair","uv":[21.5,0.5,22.0,1.0]},"east":{"texture":"#facialhair","uv":[21.0,0.5,21.5,1.0]},"south":{"texture":"#facialhair","uv":[20.5,0.5,21.0,1.0]},"west":{"texture":"#facialhair","uv":[22.0,0.5,22.5,1.0]},"up":{"texture":"#facialhair","uv":[21.0,0.0,21.5,0.5],"rotation":270},"down":{"texture":"#facialhair","uv":[21.0,1.0,21.5,1.5],"rotation":270}}},{"name":"OrthadoxRightB","from":[0.0,-0.2,0.5],"to":[0.5,0.0,1.0],"unwrapMode":2,"uv":[22.5,0.0],"rotationOrigin":[0.0,0.0,0.5],"faces":{"north":{"texture":"#facialhair","uv":[23.5,0.5,24.0,1.0]},"east":{"texture":"#facialhair","uv":[23.0,0.5,23.5,1.0]},"south":{"texture":"#facialhair","uv":[22.5,0.5,23.0,1.0]},"west":{"texture":"#facialhair","uv":[24.0,0.5,24.5,1.0]},"up":{"texture":"#facialhair","uv":[23.0,0.0,23.5,0.5],"rotation":270},"down":{"texture":"#facialhair","uv":[23.0,1.0,23.5,1.5],"rotation":270}}}]},{"name":"OrthadoxCenter","from":[-0.21,-2.9,0.0],"to":[0.29,0.6,1.0],"unwrapMode":2,"uv":[24.5,0.0],"rotationOrigin":[-0.1,-2.9,0.0],"faces":{"east":{"texture":"#facialhair","uv":[25.0,0.5,26.0,4.0]},"south":{"texture":"#facialhair","uv":[24.5,0.5,25.0,4.0]},"west":{"texture":"#facialhair","uv":[26.0,0.5,27.0,4.0]},"up":{"texture":"#facialhair","uv":[25.0,0.0,26.0,0.5],"rotation":270},"down":{"texture":"#facialhair","uv":[25.0,4.0,26.0,4.5],"rotation":270}}},{"name":"OrthadoxLeft","from":[-0.2,-2.3,0.7],"to":[0.8,0.7,3.2],"unwrapMode":2,"uv":[12.5,0.0],"rotationOrigin":[-0.2,0.7,3.2],"rotationX":-5.0,"faces":{"north":{"texture":"#facialhair","uv":[16.0,1.0,17.0,4.0]},"east":{"texture":"#facialhair","uv":[13.5,1.0,16.0,4.0]},"south":{"texture":"#facialhair","uv":[12.5,1.0,13.5,4.0]},"west":{"texture":"#facialhair","uv":[17.0,1.0,19.5,4.0]},"up":{"texture":"#facialhair","uv":[13.5,0.0,16.0,1.0],"rotation":270},"down":{"texture":"#facialhair","uv":[13.5,4.0,16.0,5.0],"rotation":270}},"children":[{"name":"OrthadoxLeftA","from":[0.0,-0.4,0.5],"to":[0.5,0.0,1.1],"unwrapMode":2,"uv":[10.5,0.0],"rotationOrigin":[0.0,-0.2,0.5],"faces":{"north":{"texture":"#facialhair","uv":[11.5,0.5,12.0,1.0]},"east":{"texture":"#facialhair","uv":[11.0,0.5,11.5,1.0]},"south":{"texture":"#facialhair","uv":[10.5,0.5,11.0,1.0]},"west":{"texture":"#facialhair","uv":[12.0,0.5,12.5,1.0]},"up":{"texture":"#facialhair","uv":[11.0,0.0,11.5,0.5],"rotation":270},"down":{"texture":"#facialhair","uv":[11.0,1.0,11.5,1.5],"rotation":270}}},{"name":"OrthadoxLeftB","from":[0.0,-0.2,1.5],"to":[0.5,0.0,2.0],"unwrapMode":2,"uv":[6.5,0.0],"rotationOrigin":[0.0,0.0,1.5],"faces":{"north":{"texture":"#facialhair","uv":[7.5,0.5,8.0,1.0]},"east":{"texture":"#facialhair","uv":[7.0,0.5,7.5,1.0]},"south":{"texture":"#facialhair","uv":[6.5,0.5,7.0,1.0]},"west":{"texture":"#facialhair","uv":[8.0,0.5,8.5,1.0]},"up":{"texture":"#facialhair","uv":[7.0,0.0,7.5,0.5],"rotation":270},"down":{"texture":"#facialhair","uv":[7.0,1.0,7.5,1.5],"rotation":270}}}]}]}]}]}