{"editor":{"allAngles":true,"backDropShape":"entity/humanoid/seraph-hairless","entityTextureMode":true},"textureWidth":48,"textureHeight":48,"textureSizes":{"facialhair":[48,48]},"textures":{"hair":"game:entity/humanoid/seraphskinparts/hair/lightgray"},"elements":[{"name":"hidefacialhair","stepParentName":"Head","from":[-0.1,-0.85,1.75],"to":[0.4,0.15,3.25],"unwrapMode":2,"uv":[13.5,0.0],"rotationOrigin":[-0.1,-0.8,2.5],"faces":{"north":{"texture":"#facialhair","uv":[14.0,0.5,14.5,1.5]},"east":{"texture":"#facialhair","uv":[14.0,0.5,15.5,1.5],"enabled":false},"south":{"texture":"#facialhair","uv":[13.5,0.5,14.0,1.5]},"west":{"texture":"#facialhair","uv":[14.5,0.5,16.0,1.5]},"up":{"texture":"#facialhair","uv":[14.0,0.0,15.5,0.5],"rotation":270},"down":{"texture":"#facialhair","uv":[14.0,1.5,15.5,2.0],"rotation":270}},"children":[{"name":"GoateeCenter","from":[0.0,1.0,0.5],"to":[0.5,1.4,1.0],"unwrapMode":2,"uv":[12.5,0.0],"rotationOrigin":[0.0,1.0,0.8],"faces":{"north":{"texture":"#facialhair","uv":[13.0,0.5,13.5,1.0]},"east":{"texture":"#facialhair","uv":[13.0,0.5,13.5,1.0],"enabled":false},"south":{"texture":"#facialhair","uv":[12.5,0.5,13.0,1.0]},"west":{"texture":"#facialhair","uv":[13.5,0.5,14.0,1.0]},"up":{"texture":"#facialhair","uv":[13.0,0.0,13.5,0.5],"rotation":270},"down":{"texture":"#facialhair","uv":[13.0,1.0,13.5,1.5],"rotation":270}}}]}]}