{"editor":{"backDropShape":"entity/humanoid/seraph-hairless","allAngles":true,"entityTextureMode":true},"textureWidth":48,"textureHeight":48,"textureSizes":{"facialhair":[48,48]},"textures":{},"elements":[{"name":"hidefacialhair","from":[0.0,0.0,0.0],"to":[0.0,0.0,0.0],"uv":[0.0,0.0],"stepParentName":"Head","faces":{"north":{"texture":"#null","uv":[0.0,0.5,0.5,1.0],"enabled":false},"east":{"texture":"#null","uv":[0.5,0.5,1.0,1.0],"enabled":false},"south":{"texture":"#null","uv":[1.0,0.5,1.5,1.0],"enabled":false},"west":{"texture":"#null","uv":[1.5,0.5,2.0,1.0],"enabled":false},"up":{"texture":"#null","uv":[0.0,0.0,0.5,0.5],"enabled":false},"down":{"texture":"#null","uv":[0.5,0.0,1.0,0.5],"enabled":false}},"children":[{"name":"brd-MutChopsR1","from":[-0.3,-0.4,-0.22],"to":[2.7,0.6,1.39],"unwrapMode":5,"uv":[11.0,0.0],"rotationOrigin":[-0.3,-0.4,-0.2],"faces":{"north":{"texture":"#facialhair","uv":[12.0,0.0,15.0,1.0],"rotation":180},"east":{"texture":"#facialhair","uv":[15.0,1.0,16.0,2.5],"rotation":90},"south":{"texture":"#facialhair","uv":[12.0,2.5,15.0,3.5]},"west":{"texture":"#facialhair","uv":[11.0,1.0,12.0,2.5],"rotation":270},"up":{"texture":"#facialhair","uv":[12.0,1.0,15.0,2.5]},"down":{"texture":"#facialhair","uv":[16.0,1.0,19.0,2.5]}},"children":[{"name":"MutChopsUpL","from":[2.5,1.0,5.2],"to":[3.0,2.5,5.5],"unwrapMode":2,"uv":[24.5,0.0],"rotationOrigin":[2.6,1.0,5.2],"faces":{"north":{"texture":"#facialhair","uv":[25.5,0.5,26.0,2.0],"enabled":false},"east":{"texture":"#facialhair","uv":[25.0,0.5,25.5,2.0]},"south":{"texture":"#facialhair","uv":[24.5,0.5,25.0,2.0]},"west":{"texture":"#facialhair","uv":[25.5,0.5,26.0,2.0]},"up":{"texture":"#facialhair","uv":[25.0,0.0,25.5,0.5],"rotation":270},"down":{"texture":"#facialhair","uv":[25.0,2.0,25.5,2.5],"rotation":270}}},{"name":"MutChopsUpR","from":[2.5,1.0,0.0],"to":[3.0,2.5,0.2],"unwrapMode":2,"uv":[21.5,0.0],"rotationOrigin":[2.5,1.0,0.0],"faces":{"north":{"texture":"#facialhair","uv":[22.0,0.5,22.5,2.0]},"east":{"texture":"#facialhair","uv":[21.5,0.5,22.0,2.0]},"south":{"texture":"#facialhair","uv":[21.5,0.5,22.0,2.0],"enabled":false},"west":{"texture":"#facialhair","uv":[22.5,0.5,23.0,2.0]},"up":{"texture":"#facialhair","uv":[21.5,0.0,22.0,0.5],"rotation":270},"down":{"texture":"#facialhair","uv":[21.5,2.0,22.0,2.5],"rotation":270}}},{"name":"MutChopsBoxL","from":[0.0,0.0,3.89],"to":[3.0,1.0,5.5],"unwrapMode":5,"uv":[21.5,0.0],"rotationOrigin":[0.1,0.0,3.9],"faces":{"north":{"texture":"#facialhair","uv":[22.5,0.0,25.5,1.0],"rotation":180},"east":{"texture":"#facialhair","uv":[25.5,1.0,26.5,2.5],"rotation":90},"south":{"texture":"#facialhair","uv":[22.5,2.5,25.5,3.5]},"west":{"texture":"#facialhair","uv":[21.5,1.0,22.5,2.5],"rotation":270},"up":{"texture":"#facialhair","uv":[22.5,1.0,25.5,2.5]},"down":{"texture":"#facialhair","uv":[26.5,1.0,29.5,2.5]}}}]}]}]}