{"editor":{"backDropShape":"entity/humanoid/seraph-hairless","allAngles":true,"entityTextureMode":true},"textureWidth":48,"textureHeight":48,"textureSizes":{"facialhair":[48,48]},"textures":{},"elements":[{"name":"hidefacialhair","from":[0.0,0.0,0.0],"to":[0.0,0.0,0.0],"uv":[0.0,0.0],"stepParentName":"Head","faces":{"north":{"texture":"#null","uv":[0.0,1.0,1.0,2.0],"enabled":false},"east":{"texture":"#null","uv":[1.0,1.0,2.0,2.0],"enabled":false},"south":{"texture":"#null","uv":[2.0,1.0,3.0,2.0],"enabled":false},"west":{"texture":"#null","uv":[3.0,1.0,4.0,2.0],"enabled":false},"up":{"texture":"#null","uv":[0.0,0.0,1.0,1.0],"enabled":false},"down":{"texture":"#null","uv":[1.0,0.0,2.0,1.0],"enabled":false}},"children":[{"name":"brd-Fullmover","from":[0.0,-0.1,2.01],"to":[1.0,0.9,3.01],"uv":[0.0,0.0],"rotationOrigin":[0.5,0.4,2.5],"faces":{"north":{"texture":"#facialhair","uv":[0.0,1.0,1.0,2.0],"enabled":false},"east":{"texture":"#facialhair","uv":[1.0,1.0,2.0,2.0],"enabled":false},"south":{"texture":"#facialhair","uv":[2.0,1.0,3.0,2.0],"enabled":false},"west":{"texture":"#facialhair","uv":[3.0,1.0,4.0,2.0],"enabled":false},"up":{"texture":"#facialhair","uv":[0.0,0.0,1.0,1.0],"enabled":false},"down":{"texture":"#facialhair","uv":[1.0,0.0,2.0,1.0],"enabled":false}},"children":[{"name":"FullJawL","from":[0.8,-0.4,2.8],"to":[2.8,0.6,3.1],"unwrapMode":3,"uv":[19.5,0.0],"rotationOrigin":[0.9,-0.4,2.8],"faces":{"north":{"texture":"#facialhair","uv":[22.5,0.5,24.5,1.5],"enabled":false},"east":{"texture":"#facialhair","uv":[22.0,0.5,22.5,1.5]},"south":{"texture":"#facialhair","uv":[20.0,0.5,22.0,1.5]},"west":{"texture":"#facialhair","uv":[19.5,0.5,20.0,1.5]},"up":{"texture":"#facialhair","uv":[20.0,0.0,22.0,0.5]},"down":{"texture":"#facialhair","uv":[20.0,1.5,22.0,2.0],"rotation":180}}},{"name":"FullJawR","from":[0.8,-0.4,-2.2],"to":[2.8,0.6,-1.7],"unwrapMode":1,"uv":[23.5,0.0],"rotationOrigin":[0.8,-0.4,-2.2],"faces":{"north":{"texture":"#facialhair","uv":[24.0,0.5,26.0,1.5]},"east":{"texture":"#facialhair","uv":[23.5,0.5,24.0,1.5]},"south":{"texture":"#facialhair","uv":[26.5,0.5,28.5,1.5],"enabled":false},"west":{"texture":"#facialhair","uv":[26.0,0.5,26.5,1.5]},"up":{"texture":"#facialhair","uv":[24.0,0.0,26.0,0.5],"rotation":180},"down":{"texture":"#facialhair","uv":[24.0,1.5,26.0,2.0]}}},{"name":"FullUpL","from":[1.8,0.6,2.9],"to":[2.8,2.1,3.1],"unwrapMode":3,"uv":[27.5,0.0],"rotationOrigin":[1.9,0.6,2.9],"faces":{"north":{"texture":"#facialhair","uv":[29.5,0.5,30.5,2.0],"enabled":false},"east":{"texture":"#facialhair","uv":[29.0,0.5,29.5,2.0]},"south":{"texture":"#facialhair","uv":[28.0,0.5,29.0,2.0]},"west":{"texture":"#facialhair","uv":[27.5,0.5,28.0,2.0]},"up":{"texture":"#facialhair","uv":[28.0,0.0,29.0,0.5]},"down":{"texture":"#facialhair","uv":[28.0,2.0,29.0,2.5],"rotation":180}}},{"name":"FullUpR","from":[1.8,0.5,-2.2],"to":[2.8,2.0,-2.0],"unwrapMode":1,"uv":[26.5,2.0],"rotationOrigin":[1.8,0.5,-2.2],"faces":{"north":{"texture":"#facialhair","uv":[27.0,2.5,28.0,4.0]},"east":{"texture":"#facialhair","uv":[26.5,2.5,27.0,4.0]},"south":{"texture":"#facialhair","uv":[28.5,2.5,29.5,4.0],"enabled":false},"west":{"texture":"#facialhair","uv":[28.0,2.5,28.5,4.0]},"up":{"texture":"#facialhair","uv":[27.0,2.0,28.0,2.5],"rotation":180},"down":{"texture":"#facialhair","uv":[27.0,4.0,28.0,4.5]}}},{"name":"Full","from":[-0.3,-1.4,-2.2],"to":[0.8,0.6,3.1],"unwrapMode":4,"unwrapRotation":1,"uv":[30.6,32.5],"rotationOrigin":[-0.2,-1.4,-2.2],"faces":{"north":{"texture":"#facialhair","uv":[32.0,38.5,34.0,39.5],"rotation":90},"east":{"texture":"#facialhair","uv":[35.0,33.5,37.0,38.5],"rotation":270},"south":{"texture":"#facialhair","uv":[32.0,32.5,34.0,33.5],"rotation":90},"west":{"texture":"#facialhair","uv":[32.0,33.5,34.0,38.5],"rotation":90},"up":{"texture":"#facialhair","uv":[30.5,33.5,31.5,38.5],"rotation":180},"down":{"texture":"#facialhair","uv":[34.0,33.5,35.0,38.5],"rotation":180}}}]}]}]}