{"editor":{"backDropShape":"entity/humanoid/seraph-hairless","allAngles":true,"entityTextureMode":true},"textureWidth":48,"textureHeight":48,"textureSizes":{"facialhair":[48,48]},"textures":{},"elements":[{"name":"hidefacialhair","from":[0.0,0.0,0.0],"to":[0.0,0.0,0.0],"uv":[0.0,0.0],"stepParentName":"Head","faces":{"north":{"texture":"#null","uv":[0.0,0.5,0.5,1.0],"enabled":false},"east":{"texture":"#null","uv":[0.5,0.5,1.0,1.0],"enabled":false},"south":{"texture":"#null","uv":[1.0,0.5,1.5,1.0],"enabled":false},"west":{"texture":"#null","uv":[1.5,0.5,2.0,1.0],"enabled":false},"up":{"texture":"#null","uv":[0.0,0.0,0.5,0.5],"enabled":false},"down":{"texture":"#null","uv":[0.5,0.0,1.0,0.5],"enabled":false}},"children":[{"name":"brd-Sensei","from":[-0.2,0.65,2.0],"to":[0.4,3.65,3.0],"unwrapMode":2,"uv":[24.5,0.0],"rotationOrigin":[-0.2,0.6,2.5],"rotationX":-179.9999851079241,"rotationZ":0.9999999066157403,"faces":{"north":{"texture":"#facialhair","uv":[26.0,0.5,26.5,3.5]},"east":{"texture":"#facialhair","uv":[25.0,0.5,26.0,3.5]},"south":{"texture":"#facialhair","uv":[24.5,0.5,25.0,3.5]},"west":{"texture":"#facialhair","uv":[26.5,0.5,27.5,3.5]},"up":{"texture":"#facialhair","uv":[25.0,0.0,26.0,0.5],"rotation":270},"down":{"texture":"#facialhair","uv":[25.0,3.5,26.0,4.0],"rotation":270}},"children":[{"name":"Sensei2","from":[0.0,3.0,0.2],"to":[0.6,5.0,0.8],"unwrapMode":2,"uv":[26.5,3.0],"rotationOrigin":[0.0,3.0,0.6],"faces":{"north":{"texture":"#facialhair","uv":[27.5,3.5,28.0,5.5]},"east":{"texture":"#facialhair","uv":[27.0,3.5,27.5,5.5]},"south":{"texture":"#facialhair","uv":[26.5,3.5,27.0,5.5]},"west":{"texture":"#facialhair","uv":[28.0,3.5,28.5,5.5]},"up":{"texture":"#facialhair","uv":[27.0,3.0,27.5,3.5],"rotation":270},"down":{"texture":"#facialhair","uv":[27.0,5.5,27.5,6.0],"rotation":270}}}]}]}]}