{"editor":{"allAngles":true,"backDropShape":"entity/humanoid/seraph-hairless","entityTextureMode":true},"textureWidth":48,"textureHeight":48,"textureSizes":{"facialhair":[48,48]},"textures":{"hair":"game:entity/humanoid/seraphskinparts/hair/lightgray"},"elements":[{"name":"hidefacialhair","stepParentName":"Head","from":[-0.01,-0.01,-0.01],"to":[1.99,0.49,5.01],"unwrapMode":5,"uv":[24.5,0.0],"rotationOrigin":[0.2,1.0,-0.1],"faces":{"north":{"texture":"#facialhair","uv":[25.0,0.0,27.0,0.5],"rotation":180},"east":{"texture":"#facialhair","uv":[27.0,0.5,27.5,5.5],"rotation":90,"enabled":false},"south":{"texture":"#facialhair","uv":[25.0,5.5,27.0,6.0]},"west":{"texture":"#facialhair","uv":[24.5,0.5,25.0,5.5],"rotation":270},"up":{"texture":"#facialhair","uv":[25.0,0.5,27.0,5.5]},"down":{"texture":"#facialhair","uv":[27.0,0.5,29.0,5.5]}},"children":[{"name":"5oclockshadow2","from":[0.0,0.5,-0.01],"to":[2.0,1.0,1.49],"unwrapMode":5,"uv":[20.5,0.0],"rotationOrigin":[0.21,1.51,-0.09],"faces":{"north":{"texture":"#facialhair","uv":[21.0,0.0,23.0,0.5],"rotation":180},"east":{"texture":"#facialhair","uv":[23.0,0.5,23.5,2.0],"rotation":90,"enabled":false},"south":{"texture":"#facialhair","uv":[21.0,2.0,23.0,2.5],"enabled":false},"west":{"texture":"#facialhair","uv":[20.5,0.5,21.0,2.0],"rotation":270},"up":{"texture":"#facialhair","uv":[21.0,0.5,23.0,2.0]},"down":{"texture":"#facialhair","uv":[23.0,0.5,25.0,2.0]}}},{"name":"5oclockshadow3","from":[0.0,0.5,3.52],"to":[2.0,1.0,5.02],"unwrapMode":5,"uv":[20.5,0.0],"rotationOrigin":[0.21,1.51,3.41],"faces":{"north":{"texture":"#facialhair","uv":[21.0,0.0,23.0,0.5],"rotation":180,"enabled":false},"east":{"texture":"#facialhair","uv":[23.0,0.0,23.5,1.5],"rotation":90,"enabled":false},"south":{"texture":"#facialhair","uv":[21.0,1.5,23.0,2.0]},"west":{"texture":"#facialhair","uv":[20.5,0.0,21.0,1.5],"rotation":270},"up":{"texture":"#facialhair","uv":[21.0,0.0,23.0,1.5]},"down":{"texture":"#facialhair","uv":[23.0,0.0,25.0,1.5]}}},{"name":"5oclockshadow4","from":[0.0,1.0,0.0],"to":[2.0,1.5,5.02],"unwrapMode":5,"uv":[36.5,0.0],"rotationOrigin":[0.0,1.6,0.0],"faces":{"north":{"texture":"#facialhair","uv":[37.0,0.0,39.0,0.5],"rotation":180},"east":{"texture":"#facialhair","uv":[39.0,0.5,39.5,5.5],"rotation":90,"enabled":false},"south":{"texture":"#facialhair","uv":[37.0,5.5,39.0,6.0]},"west":{"texture":"#facialhair","uv":[36.5,0.5,37.0,5.5],"rotation":270},"up":{"texture":"#facialhair","uv":[37.0,0.5,39.0,5.5]},"down":{"texture":"#facialhair","uv":[39.0,0.5,41.0,5.5]}}}]}]}