{"editor":{"backDropShape":"entity/humanoid/seraph-hairless","allAngles":true,"entityTextureMode":true},"textureWidth":48,"textureHeight":48,"textureSizes":{"facialhair":[48,48]},"textures":{},"elements":[{"name":"hidefacialhair","stepParentName":"Head","from":[-0.15,-0.5,2.0],"to":[0.45,0.5,3.0],"unwrapMode":2,"uv":[21.5,2.0],"rotationOrigin":[0.0,0.6,2.0],"faces":{"north":{"texture":"#facialhair","uv":[23.0,2.5,23.5,3.5]},"east":{"texture":"#facialhair","uv":[22.0,2.5,23.0,3.5]},"south":{"texture":"#facialhair","uv":[21.5,2.5,22.0,3.5]},"west":{"texture":"#facialhair","uv":[23.5,2.5,24.5,3.5]},"up":{"texture":"#facialhair","uv":[22.0,2.0,23.0,2.5],"rotation":270},"down":{"texture":"#facialhair","uv":[22.0,3.5,23.0,4.0],"rotation":270}}}]}