{"editor":{"backDropShape":"entity/humanoid/seraph-hairless","allAngles":true,"entityTextureMode":true},"textureWidth":48,"textureHeight":48,"textureSizes":{"facialhair":[48,48]},"textures":{},"elements":[{"name":"hidefacialhair","from":[0.0,0.0,0.0],"to":[0.0,0.0,0.0],"uv":[0.0,0.0],"stepParentName":"Head","faces":{"north":{"texture":"#null","uv":[0.0,1.0,1.0,2.0],"enabled":false},"east":{"texture":"#null","uv":[1.0,1.0,2.0,2.0],"enabled":false},"south":{"texture":"#null","uv":[2.0,1.0,3.0,2.0],"enabled":false},"west":{"texture":"#null","uv":[3.0,1.0,4.0,2.0],"enabled":false},"up":{"texture":"#null","uv":[0.0,0.0,1.0,1.0],"enabled":false},"down":{"texture":"#null","uv":[1.0,0.0,2.0,1.0],"enabled":false}},"children":[{"name":"brd-BurnsidesMover","from":[1.5,0.5,2.0],"to":[2.5,1.5,3.0],"uv":[24.0,2.0],"rotationOrigin":[1.7,0.9,2.6],"rotationZ":-0.9999999066157403,"faces":{"north":{"texture":"#facialhair","uv":[24.0,3.0,25.0,4.0],"enabled":false},"east":{"texture":"#facialhair","uv":[25.0,2.6667,26.0,3.6667],"enabled":false},"south":{"texture":"#facialhair","uv":[24.0,3.0,25.0,4.0],"enabled":false},"west":{"texture":"#facialhair","uv":[25.0,3.0,26.0,4.0],"enabled":false},"up":{"texture":"#facialhair","uv":[24.0,2.0,25.0,3.0],"rotation":180,"enabled":false},"down":{"texture":"#facialhair","uv":[24.0,2.0,25.0,3.0],"enabled":false}},"children":[{"name":"BurnsidesUpL","from":[0.49,0.0,2.6],"to":[1.49,1.5,3.2],"unwrapMode":3,"uv":[27.0,0.0],"rotationOrigin":[0.6,1.5,3.2],"rotationX":-20.0,"faces":{"north":{"texture":"#facialhair","uv":[28.0,0.3333,29.0,1.6667],"enabled":false},"east":{"texture":"#facialhair","uv":[28.0,0.3333,28.3333,1.6667]},"south":{"texture":"#facialhair","uv":[27.0,0.3333,28.0,1.6667]},"west":{"texture":"#facialhair","uv":[27.0,0.3333,27.3333,1.6667]},"up":{"texture":"#facialhair","uv":[27.0,0.0,28.0,0.3333]},"down":{"texture":"#facialhair","uv":[27.0,1.5,28.0,2.0],"rotation":180}}},{"name":"BurnsidesJawL","from":[-1.7,-0.6,2.6],"to":[1.5,0.4,3.6],"unwrapMode":5,"uv":[21.0,0.0],"rotationOrigin":[-1.7,-0.1,3.0],"rotationX":-50.0,"faces":{"north":{"texture":"#facialhair","uv":[22.0,0.0,25.0,1.0],"rotation":180},"east":{"texture":"#facialhair","uv":[25.0,1.0,26.0,2.0],"rotation":90},"south":{"texture":"#facialhair","uv":[22.0,2.0,25.0,3.0]},"west":{"texture":"#facialhair","uv":[21.0,1.0,22.0,2.0],"rotation":270},"up":{"texture":"#facialhair","uv":[22.0,1.0,25.0,2.0]},"down":{"texture":"#facialhair","uv":[26.0,1.0,29.0,2.0]}}},{"name":"BurnsidesJawR","from":[-1.7,-0.6,-2.6],"to":[1.5,0.4,-1.6],"unwrapMode":5,"uv":[14.0,0.0],"rotationOrigin":[-1.7,-0.1,-2.0],"rotationX":50.0,"faces":{"north":{"texture":"#facialhair","uv":[15.0,0.0,18.0,1.0],"rotation":180},"east":{"texture":"#facialhair","uv":[18.0,1.0,19.0,2.0],"rotation":90},"south":{"texture":"#facialhair","uv":[15.0,2.0,18.0,3.0]},"west":{"texture":"#facialhair","uv":[14.0,1.0,15.0,2.0],"rotation":270},"up":{"texture":"#facialhair","uv":[15.0,1.0,18.0,2.0]},"down":{"texture":"#facialhair","uv":[19.0,1.0,22.0,2.0]}}},{"name":"BurnsidesUpR","from":[0.49,0.0,-2.15],"to":[1.49,1.5,-1.55],"unwrapMode":1,"uv":[23.5,0.0],"rotationOrigin":[0.6,1.5,-2.2],"rotationX":20.0,"faces":{"north":{"texture":"#facialhair","uv":[23.6667,0.3333,24.6667,1.6667]},"east":{"texture":"#facialhair","uv":[23.6667,0.3333,24.0,1.6667]},"south":{"texture":"#facialhair","uv":[24.6667,0.3333,25.6667,1.6667],"enabled":false},"west":{"texture":"#facialhair","uv":[24.6667,0.3333,25.0,1.6667]},"up":{"texture":"#facialhair","uv":[23.5,0.0,24.5,0.5],"rotation":180},"down":{"texture":"#facialhair","uv":[23.6667,1.6667,24.6667,2.0]}}}]}]}]}