{"editor":{"backDropShape":"entity/humanoid/seraph-hairless","allAngles":true,"entityTextureMode":true},"textureWidth":48,"textureHeight":48,"textureSizes":{"facialhair":[48,48]},"textures":{},"elements":[{"name":"hidefacialhair","stepParentName":"Head","from":[1.5,0.5,2.0],"to":[2.5,1.5,3.0],"uv":[26.0,0.0],"rotationOrigin":[1.7,0.9,4.6],"faces":{"north":{"texture":"#facialhair","uv":[26.0,1.0,27.0,2.0]},"east":{"texture":"#facialhair","uv":[24.9,2.5,26.5,3.5],"autoUv":false},"south":{"texture":"#facialhair","uv":[27.0,1.0,28.0,2.0]},"west":{"texture":"#facialhair","uv":[28.0,1.0,29.0,2.0]},"up":{"texture":"#facialhair","uv":[26.0,0.0,27.0,1.0],"rotation":180},"down":{"texture":"#facialhair","uv":[27.0,0.0,28.0,1.0]}},"children":[{"name":"SideburnsUpR","from":[0.5,0.0,-2.3],"to":[1.5,1.5,-1.9],"unwrapMode":1,"uv":[25.5,1.5],"rotationOrigin":[0.5,0.0,-2.3],"faces":{"north":{"texture":"#facialhair","uv":[26.0,2.0,27.0,3.5]},"east":{"texture":"#facialhair","uv":[25.5,2.0,26.0,3.5]},"south":{"texture":"#facialhair","uv":[27.5,2.0,28.5,3.5],"enabled":false},"west":{"texture":"#facialhair","uv":[27.0,2.0,27.5,3.5]},"up":{"texture":"#facialhair","uv":[26.0,1.5,27.0,2.0],"rotation":180},"down":{"texture":"#facialhair","uv":[26.0,3.5,27.0,4.0]}},"children":[{"name":"SideburnsR","from":[-0.5,0.0,0.0],"to":[0.0,1.0,0.4],"unwrapMode":1,"uv":[21.5,0.0],"rotationOrigin":[-0.5,0.0,0.0],"faces":{"north":{"texture":"#facialhair","uv":[21.5,0.5,22.0,1.5]},"east":{"texture":"#facialhair","uv":[21.5,0.5,22.0,1.5],"enabled":false},"south":{"texture":"#facialhair","uv":[22.5,0.5,23.0,1.5],"enabled":false},"west":{"texture":"#facialhair","uv":[22.0,0.5,22.5,1.5]},"up":{"texture":"#facialhair","uv":[21.5,0.0,22.0,0.5],"rotation":180},"down":{"texture":"#facialhair","uv":[21.5,1.5,22.0,2.0]}}}]},{"name":"SideburnsUpL","from":[0.5,0.0,2.8],"to":[1.5,1.5,3.2],"unwrapMode":3,"uv":[23.5,0.5],"rotationOrigin":[0.6,0.0,2.81],"faces":{"north":{"texture":"#facialhair","uv":[25.5,1.0,26.5,2.5],"enabled":false},"east":{"texture":"#facialhair","uv":[25.0,1.0,25.5,2.5]},"south":{"texture":"#facialhair","uv":[24.0,1.0,25.0,2.5]},"west":{"texture":"#facialhair","uv":[23.5,1.0,24.0,2.5]},"up":{"texture":"#facialhair","uv":[23.5,0.5,24.5,1.0]},"down":{"texture":"#facialhair","uv":[24.0,2.5,25.0,3.0],"rotation":180}},"children":[{"name":"SideburnsL","from":[-0.5,0.0,0.0],"to":[0.0,1.0,0.4],"unwrapMode":3,"uv":[22.5,2.0],"rotationOrigin":[-0.4,0.0,0.0],"faces":{"north":{"texture":"#facialhair","uv":[24.0,2.5,24.5,3.5]},"east":{"texture":"#facialhair","uv":[23.5,2.5,24.0,3.5]},"south":{"texture":"#facialhair","uv":[23.0,2.5,23.5,3.5]},"west":{"texture":"#facialhair","uv":[22.5,2.5,23.0,3.5]},"up":{"texture":"#facialhair","uv":[23.0,2.0,23.5,2.5]},"down":{"texture":"#facialhair","uv":[23.0,3.5,23.5,4.0],"rotation":180}}}]}]}]}