{"editor":{"allAngles":true,"backDropShape":"entity/humanoid/seraph-hairless","entityTextureMode":true},"textureWidth":48,"textureHeight":48,"textureSizes":{"facialhair":[48,48]},"textures":{"hair":"game:entity/humanoid/seraphskinparts/hair/lightgray"},"elements":[{"name":"hidefacialhair","stepParentName":"Head","from":[-0.18,0.8,2.2],"to":[0.02,1.5,2.8],"unwrapMode":2,"uv":[19.5,0.0],"rotationOrigin":[0.0,1.2,2.5],"faces":{"north":{"texture":"#facialhair","uv":[20.5,0.5,21.0,1.0]},"east":{"texture":"#facialhair","uv":[20.0,0.5,20.5,1.0]},"south":{"texture":"#facialhair","uv":[19.5,0.5,20.0,1.0]},"west":{"texture":"#facialhair","uv":[21.0,0.5,21.5,1.0]},"up":{"texture":"#facialhair","uv":[20.0,0.0,20.5,0.5],"rotation":270},"down":{"texture":"#facialhair","uv":[20.0,1.0,20.5,1.5],"rotation":270}},"children":[{"name":"FatWalrusL1","from":[-0.01,0.0,0.6],"to":[0.19,0.7,1.6],"unwrapMode":2,"uv":[21.5,2.0],"rotationOrigin":[0.2,0.7,0.6],"rotationX":8.0,"faces":{"north":{"texture":"#facialhair","uv":[23.0,2.5,23.5,3.0]},"east":{"texture":"#facialhair","uv":[22.0,2.5,23.0,3.0]},"south":{"texture":"#facialhair","uv":[21.5,2.5,22.0,3.0]},"west":{"texture":"#facialhair","uv":[23.5,2.5,24.5,3.0]},"up":{"texture":"#facialhair","uv":[22.0,2.0,23.0,2.5],"rotation":270},"down":{"texture":"#facialhair","uv":[22.0,3.0,23.0,3.5],"rotation":270}},"children":[{"name":"FatWalrusL2","from":[0.0,0.0,1.0],"to":[0.2,0.6,2.0],"unwrapMode":2,"uv":[22.5,0.0],"rotationOrigin":[0.2,0.6,1.0],"rotationX":10.0,"faces":{"north":{"texture":"#facialhair","uv":[24.0,0.5,24.5,1.0]},"east":{"texture":"#facialhair","uv":[23.0,0.5,24.0,1.0]},"south":{"texture":"#facialhair","uv":[22.5,0.5,23.0,1.0]},"west":{"texture":"#facialhair","uv":[24.5,0.5,25.5,1.0]},"up":{"texture":"#facialhair","uv":[23.0,0.0,24.0,0.5],"rotation":270},"down":{"texture":"#facialhair","uv":[23.0,1.0,24.0,1.5],"rotation":270}},"children":[{"name":"FatWalrusL3","from":[0.0,0.0,0.9],"to":[0.2,0.4,1.3],"unwrapMode":2,"uv":[25.5,1.0],"rotationOrigin":[0.2,0.4,0.9],"rotationX":-5.0,"rotationZ":8.537735993741082e-07,"faces":{"north":{"texture":"#facialhair","uv":[26.5,1.5,27.0,2.0]},"east":{"texture":"#facialhair","uv":[26.0,1.5,26.5,2.0]},"south":{"texture":"#facialhair","uv":[25.5,1.5,26.0,2.0]},"west":{"texture":"#facialhair","uv":[27.0,1.5,27.5,2.0]},"up":{"texture":"#facialhair","uv":[26.0,1.0,26.5,1.5],"rotation":270},"down":{"texture":"#facialhair","uv":[26.0,2.0,26.5,2.5],"rotation":270}}}]}]},{"name":"FatWalrusR1","from":[-0.01,0.0,-1.0],"to":[0.19,0.7,0.0],"unwrapMode":2,"uv":[17.5,1.0],"rotationOrigin":[0.2,0.7,0.0],"rotationX":-8.0,"faces":{"north":{"texture":"#facialhair","uv":[19.0,1.5,19.5,2.0]},"east":{"texture":"#facialhair","uv":[18.0,1.5,19.0,2.0]},"south":{"texture":"#facialhair","uv":[17.5,1.5,18.0,2.0]},"west":{"texture":"#facialhair","uv":[19.5,1.5,20.5,2.0]},"up":{"texture":"#facialhair","uv":[18.0,1.0,19.0,1.5],"rotation":270},"down":{"texture":"#facialhair","uv":[18.0,2.0,19.0,2.5],"rotation":270}},"children":[{"name":"FatWalrusR2","from":[0.0,0.0,-1.0],"to":[0.2,0.6,0.0],"unwrapMode":2,"uv":[15.5,0.0],"rotationOrigin":[0.2,0.6,0.0],"rotationX":-10.0,"faces":{"north":{"texture":"#facialhair","uv":[17.0,0.5,17.5,1.0]},"east":{"texture":"#facialhair","uv":[16.0,0.5,17.0,1.0]},"south":{"texture":"#facialhair","uv":[15.5,0.5,16.0,1.0]},"west":{"texture":"#facialhair","uv":[17.5,0.5,18.5,1.0]},"up":{"texture":"#facialhair","uv":[16.0,0.0,17.0,0.5],"rotation":270},"down":{"texture":"#facialhair","uv":[16.0,1.0,17.0,1.5],"rotation":270}},"children":[{"name":"FatWalrusR3","from":[0.0,0.0,-0.3],"to":[0.2,0.4,0.1],"unwrapMode":2,"uv":[15.5,2.0],"rotationOrigin":[0.2,0.4,0.1],"rotationX":5.0,"faces":{"north":{"texture":"#facialhair","uv":[16.5,2.5,17.0,3.0]},"east":{"texture":"#facialhair","uv":[16.0,2.5,16.5,3.0]},"south":{"texture":"#facialhair","uv":[15.5,2.5,16.0,3.0]},"west":{"texture":"#facialhair","uv":[17.0,2.5,17.5,3.0]},"up":{"texture":"#facialhair","uv":[16.0,2.0,16.5,2.5],"rotation":270},"down":{"texture":"#facialhair","uv":[16.0,3.0,16.5,3.5],"rotation":270}}}]}]}]}]}