{"editor":{"allAngles":true,"backDropShape":"entity/humanoid/seraph-hairless","entityTextureMode":true},"textureWidth":48,"textureHeight":48,"textureSizes":{"facialhair":[48,48]},"textures":{"hair":"game:entity/humanoid/seraphskinparts/hair/lightgray"},"elements":[{"name":"hidefacialhair","stepParentName":"Head","from":[-0.15,0.8,2.2],"to":[0.05,1.5,2.8],"unwrapMode":2,"uv":[21.5,1.0],"rotationOrigin":[0.0,1.2,2.2],"faces":{"north":{"texture":"#facialhair","uv":[22.5,1.5,23.0,2.0]},"east":{"texture":"#facialhair","uv":[22.0,1.5,22.5,2.0]},"south":{"texture":"#facialhair","uv":[21.5,1.5,22.0,2.0]},"west":{"texture":"#facialhair","uv":[23.0,1.5,23.5,2.0]},"up":{"texture":"#facialhair","uv":[22.0,1.0,22.5,1.5],"rotation":270},"down":{"texture":"#facialhair","uv":[22.0,2.0,22.5,2.5],"rotation":270}},"children":[{"name":"walrusNeatL","from":[-0.01,0.0,0.6],"to":[0.19,0.7,1.6],"unwrapMode":2,"uv":[22.5,1.0],"rotationOrigin":[0.2,0.7,0.6],"rotationX":8.0,"faces":{"north":{"texture":"#facialhair","uv":[24.0,1.5,24.5,2.0]},"east":{"texture":"#facialhair","uv":[23.0,1.5,24.0,2.0]},"south":{"texture":"#facialhair","uv":[22.5,1.5,23.0,2.0]},"west":{"texture":"#facialhair","uv":[24.5,1.5,25.5,2.0]},"up":{"texture":"#facialhair","uv":[23.0,1.0,24.0,1.5],"rotation":270},"down":{"texture":"#facialhair","uv":[23.0,2.0,24.0,2.5],"rotation":270}}},{"name":"walrusNeatR","from":[-0.01,0.0,-1.0],"to":[0.19,0.7,0.0],"unwrapMode":2,"uv":[17.5,1.0],"rotationOrigin":[0.2,0.7,0.0],"rotationX":-5.0,"faces":{"north":{"texture":"#facialhair","uv":[19.0,1.5,19.5,2.0]},"east":{"texture":"#facialhair","uv":[18.0,1.5,19.0,2.0]},"south":{"texture":"#facialhair","uv":[17.5,1.5,18.0,2.0]},"west":{"texture":"#facialhair","uv":[19.5,1.5,20.5,2.0]},"up":{"texture":"#facialhair","uv":[18.0,1.0,19.0,1.5],"rotation":270},"down":{"texture":"#facialhair","uv":[18.0,2.0,19.0,2.5],"rotation":270}}}]}]}