{"editor":{"backDropShape":"entity/humanoid/seraph-hairless","allAngles":true,"entityTextureMode":true},"textureWidth":48,"textureHeight":48,"textureSizes":{"facialhair":[48,48]},"textures":{},"elements":[{"name":"hidefacialhair","stepParentName":"Head","from":[-0.15,0.5,2.2],"to":[0.05,1.5,2.8],"unwrapMode":2,"uv":[21.5,1.0],"rotationOrigin":[0.0,0.9,2.2],"faces":{"north":{"texture":"#facialhair","uv":[22.5,1.5,23.0,2.5]},"east":{"texture":"#facialhair","uv":[22.0,1.5,22.5,2.5]},"south":{"texture":"#facialhair","uv":[21.5,1.5,22.0,2.5]},"west":{"texture":"#facialhair","uv":[23.0,1.5,23.5,2.5]},"up":{"texture":"#facialhair","uv":[22.0,1.0,22.5,1.5],"rotation":270},"down":{"texture":"#facialhair","uv":[22.0,2.5,22.5,3.0],"rotation":270}},"children":[{"name":"broomL1","from":[-0.01,-0.2,0.5],"to":[0.19,1.0,0.9],"unwrapMode":2,"uv":[26.5,1.0],"rotationOrigin":[0.2,1.0,0.5],"rotationX":-7.0,"faces":{"north":{"texture":"#facialhair","uv":[27.5,1.5,28.0,2.5]},"east":{"texture":"#facialhair","uv":[27.0,1.5,27.5,2.5]},"south":{"texture":"#facialhair","uv":[26.5,1.5,27.0,2.5]},"west":{"texture":"#facialhair","uv":[28.0,1.5,28.5,2.5]},"up":{"texture":"#facialhair","uv":[27.0,1.0,27.5,1.5],"rotation":270},"down":{"texture":"#facialhair","uv":[27.0,2.5,27.5,3.0],"rotation":270}},"children":[{"name":"broomL2","from":[0.0,-0.4,0.3],"to":[0.2,1.1,0.7],"unwrapMode":2,"uv":[23.5,1.0],"rotationOrigin":[0.2,1.1,0.3],"rotationX":-5.0,"faces":{"north":{"texture":"#facialhair","uv":[24.5,1.5,25.0,3.0]},"east":{"texture":"#facialhair","uv":[24.0,1.5,24.5,3.0]},"south":{"texture":"#facialhair","uv":[23.5,1.5,24.0,3.0]},"west":{"texture":"#facialhair","uv":[25.0,1.5,25.5,3.0]},"up":{"texture":"#facialhair","uv":[24.0,1.0,24.5,1.5],"rotation":270},"down":{"texture":"#facialhair","uv":[24.0,3.0,24.5,3.5],"rotation":270}}}]},{"name":"broomR1","from":[-0.01,-0.2,-0.3],"to":[0.19,1.0,0.1],"unwrapMode":2,"uv":[14.5,2.0],"rotationOrigin":[0.2,1.0,0.1],"rotationX":7.0,"faces":{"north":{"texture":"#facialhair","uv":[15.5,2.5,16.0,3.5]},"east":{"texture":"#facialhair","uv":[15.0,2.5,15.5,3.5]},"south":{"texture":"#facialhair","uv":[14.5,2.5,15.0,3.5]},"west":{"texture":"#facialhair","uv":[16.0,2.5,16.5,3.5]},"up":{"texture":"#facialhair","uv":[15.0,2.0,15.5,2.5],"rotation":270},"down":{"texture":"#facialhair","uv":[15.0,3.5,15.5,4.0],"rotation":270}},"children":[{"name":"broomR2","from":[0.0,-0.4,-0.3],"to":[0.2,1.1,0.1],"unwrapMode":2,"uv":[14.5,2.0],"rotationOrigin":[0.2,1.1,0.1],"rotationX":5.0,"faces":{"north":{"texture":"#facialhair","uv":[15.5,2.5,16.0,4.0]},"east":{"texture":"#facialhair","uv":[15.0,2.5,15.5,4.0]},"south":{"texture":"#facialhair","uv":[14.5,2.5,15.0,4.0]},"west":{"texture":"#facialhair","uv":[16.0,2.5,16.5,4.0]},"up":{"texture":"#facialhair","uv":[15.0,2.0,15.5,2.5],"rotation":270},"down":{"texture":"#facialhair","uv":[15.0,4.0,15.5,4.5],"rotation":270}}}]}]}]}