{"editor":{"backDropShape":"entity/humanoid/seraph-hairless","allAngles":true,"entityTextureMode":true},"textureWidth":48,"textureHeight":48,"textureSizes":{"facialhair":[48,48]},"textures":{},"elements":[{"name":"hidefacialhair","stepParentName":"Head","from":[-0.15,1.1,1.5],"to":[0.25,1.4,3.5],"unwrapMode":2,"uv":[16.0,0.0],"rotationOrigin":[-0.2,1.1,1.5],"faces":{"north":{"texture":"#facialhair","uv":[18.5,0.5,19.0,1.0]},"east":{"texture":"#facialhair","uv":[16.5,0.5,18.5,1.0]},"south":{"texture":"#facialhair","uv":[16.0,0.5,16.5,1.0]},"west":{"texture":"#facialhair","uv":[19.0,0.5,21.0,1.0]},"up":{"texture":"#facialhair","uv":[16.5,0.0,18.5,0.5],"rotation":270},"down":{"texture":"#facialhair","uv":[16.5,1.0,18.5,1.5],"rotation":270}},"children":[{"name":"english2","from":[-0.01,0.0,0.0],"to":[0.39,1.5,0.3],"unwrapMode":2,"uv":[22.0,1.0],"rotationOrigin":[0.0,0.0,0.0],"rotationX":-67.5,"faces":{"north":{"texture":"#facialhair","uv":[23.0,1.5,23.5,3.0]},"east":{"texture":"#facialhair","uv":[22.5,1.5,23.0,3.0]},"south":{"texture":"#facialhair","uv":[22.0,1.5,22.5,3.0]},"west":{"texture":"#facialhair","uv":[23.5,1.5,24.0,3.0]},"up":{"texture":"#facialhair","uv":[22.5,1.0,23.0,1.5],"rotation":270},"down":{"texture":"#facialhair","uv":[22.5,3.0,23.0,3.5],"rotation":270}}},{"name":"english3","from":[-0.01,-0.1,1.6],"to":[0.39,1.4,1.9],"unwrapMode":2,"uv":[14.0,2.0],"rotationOrigin":[0.0,-0.1,2.0],"rotationX":67.5,"faces":{"north":{"texture":"#facialhair","uv":[15.0,2.5,15.5,4.0]},"east":{"texture":"#facialhair","uv":[14.5,2.5,15.0,4.0]},"south":{"texture":"#facialhair","uv":[14.0,2.5,14.5,4.0]},"west":{"texture":"#facialhair","uv":[15.5,2.5,16.0,4.0]},"up":{"texture":"#facialhair","uv":[14.5,2.0,15.0,2.5],"rotation":270},"down":{"texture":"#facialhair","uv":[14.5,4.0,15.0,4.5],"rotation":270}}}]}]}