{"editor":{"allAngles":true,"backDropShape":"entity/humanoid/seraph-hairless","entityTextureMode":true},"textureWidth":48,"textureHeight":48,"textureSizes":{"facialhair":[48,48]},"textures":{"hair":"game:entity/humanoid/seraphskinparts/hair/lightgray"},"elements":[{"name":"hidefacialhair","stepParentName":"Head","from":[-0.15,1.05,1.7],"to":[0.25,1.45,3.3],"unwrapMode":2,"uv":[16.0,1.0],"rotationOrigin":[-0.2,1.0,2.5],"faces":{"north":{"texture":"#facialhair","uv":[18.0,1.5,18.5,2.0]},"east":{"texture":"#facialhair","uv":[16.5,1.5,18.0,2.0]},"south":{"texture":"#facialhair","uv":[16.0,1.5,16.5,2.0]},"west":{"texture":"#facialhair","uv":[18.5,1.5,20.0,2.0]},"up":{"texture":"#facialhair","uv":[16.5,1.0,18.0,1.5],"rotation":270},"down":{"texture":"#facialhair","uv":[16.5,2.0,18.0,2.5],"rotation":270}},"children":[{"name":"handlebar2","from":[0.01,0.05,-1.0],"to":[0.41,0.35,0.0],"unwrapMode":2,"uv":[23.0,0.0],"rotationOrigin":[0.0,0.4,0.0],"rotationX":-10.0,"faces":{"north":{"texture":"#facialhair","uv":[24.5,0.5,25.0,1.0]},"east":{"texture":"#facialhair","uv":[23.5,0.5,24.5,1.0]},"south":{"texture":"#facialhair","uv":[23.0,0.5,23.5,1.0]},"west":{"texture":"#facialhair","uv":[25.0,0.5,26.0,1.0]},"up":{"texture":"#facialhair","uv":[23.5,0.0,24.5,0.5],"rotation":270},"down":{"texture":"#facialhair","uv":[23.5,1.0,24.5,1.5],"rotation":270}},"children":[{"name":"handlebar2B","from":[0.0,0.0872,-0.5],"to":[0.4,0.2872,0.0],"unwrapMode":2,"uv":[23.0,1.0],"rotationOrigin":[-0.01,0.1,0.0],"rotationX":67.5,"faces":{"north":{"texture":"#facialhair","uv":[24.0,1.5,24.5,2.0]},"east":{"texture":"#facialhair","uv":[23.5,1.5,24.0,2.0]},"south":{"texture":"#facialhair","uv":[23.0,1.5,23.5,2.0]},"west":{"texture":"#facialhair","uv":[24.5,1.5,25.0,2.0]},"up":{"texture":"#facialhair","uv":[23.5,1.0,24.0,1.5],"rotation":270},"down":{"texture":"#facialhair","uv":[23.5,2.0,24.0,2.5],"rotation":270}},"children":[{"name":"handlebar2C","from":[0.0,0.05,-0.4],"to":[0.4,0.15,0.0],"unwrapMode":2,"uv":[27.0,2.0],"rotationOrigin":[0.0,0.0,0.0],"rotationX":67.5,"faces":{"north":{"texture":"#facialhair","uv":[28.0,2.5,28.5,3.0]},"east":{"texture":"#facialhair","uv":[27.5,2.5,28.0,3.0]},"south":{"texture":"#facialhair","uv":[27.0,2.5,27.5,3.0]},"west":{"texture":"#facialhair","uv":[28.5,2.5,29.0,3.0]},"up":{"texture":"#facialhair","uv":[27.5,2.0,28.0,2.5],"rotation":270},"down":{"texture":"#facialhair","uv":[27.5,3.0,28.0,3.5],"rotation":270}}}]}]},{"name":"handlebar3","from":[0.01,0.05,1.6],"to":[0.41,0.35,2.6],"unwrapMode":2,"uv":[14.0,2.0],"rotationOrigin":[0.0,0.3,1.6],"rotationX":10.0,"faces":{"north":{"texture":"#facialhair","uv":[15.5,2.5,16.0,3.0]},"east":{"texture":"#facialhair","uv":[14.5,2.5,15.5,3.0]},"south":{"texture":"#facialhair","uv":[14.0,2.5,14.5,3.0]},"west":{"texture":"#facialhair","uv":[16.0,2.5,17.0,3.0]},"up":{"texture":"#facialhair","uv":[14.5,2.0,15.5,2.5],"rotation":270},"down":{"texture":"#facialhair","uv":[14.5,3.0,15.5,3.5],"rotation":270}},"children":[{"name":"handlebar3B","from":[0.0,0.1,1.0],"to":[0.4,0.3,1.5],"unwrapMode":2,"uv":[23.0,1.0],"rotationOrigin":[0.0,0.1,1.0],"rotationX":-67.5,"faces":{"north":{"texture":"#facialhair","uv":[24.0,1.5,24.5,2.0]},"east":{"texture":"#facialhair","uv":[23.5,1.5,24.0,2.0]},"south":{"texture":"#facialhair","uv":[23.0,1.5,23.5,2.0]},"west":{"texture":"#facialhair","uv":[24.5,1.5,25.0,2.0]},"up":{"texture":"#facialhair","uv":[23.5,1.0,24.0,1.5],"rotation":270},"down":{"texture":"#facialhair","uv":[23.5,2.0,24.0,2.5],"rotation":270}},"children":[{"name":"handlebar3C","from":[0.0,0.05,0.55],"to":[0.4,0.15,0.95],"unwrapMode":2,"uv":[26.0,4.0],"rotationOrigin":[0.0,0.0,0.5],"rotationX":-67.5,"faces":{"north":{"texture":"#facialhair","uv":[27.0,4.5,27.5,5.0]},"east":{"texture":"#facialhair","uv":[26.5,4.5,27.0,5.0]},"south":{"texture":"#facialhair","uv":[26.0,4.5,26.5,5.0]},"west":{"texture":"#facialhair","uv":[27.5,4.5,28.0,5.0]},"up":{"texture":"#facialhair","uv":[26.5,4.0,27.0,4.5],"rotation":270},"down":{"texture":"#facialhair","uv":[26.5,5.0,27.0,5.5],"rotation":270}}}]}]}]}]}