{"editor":{"allAngles":true,"backDropShape":"entity/humanoid/seraph-hairless","entityTextureMode":true},"textureWidth":48,"textureHeight":48,"textureSizes":{"facialhair":[48,48]},"textures":{"hair":"game:entity/humanoid/seraphskinparts/hair/lightgray"},"elements":[{"name":"hidefacialhair","stepParentName":"Head","from":[-0.19,1.1,1.0],"to":[0.21,1.5,4.0],"unwrapMode":2,"uv":[16.0,0.0],"rotationOrigin":[-0.2,1.1,1.0],"faces":{"north":{"texture":"#facialhair","uv":[19.5,0.5,20.0,1.0]},"east":{"texture":"#facialhair","uv":[16.5,0.5,19.5,1.0]},"south":{"texture":"#facialhair","uv":[16.0,0.5,16.5,1.0]},"west":{"texture":"#facialhair","uv":[20.0,0.5,23.0,1.0]},"up":{"texture":"#facialhair","uv":[16.5,0.0,19.5,0.5],"rotation":270},"down":{"texture":"#facialhair","uv":[16.5,1.0,19.5,1.5],"rotation":270}},"children":[{"name":"horseshoeR","from":[0.0,-1.3,0.0],"to":[0.4,0.0,0.4],"unwrapMode":2,"uv":[27.0,1.0],"rotationOrigin":[0.0,-1.3,0.0],"faces":{"north":{"texture":"#facialhair","uv":[28.0,1.5,28.5,2.5]},"east":{"texture":"#facialhair","uv":[27.5,1.5,28.0,2.5]},"south":{"texture":"#facialhair","uv":[27.0,1.5,27.5,2.5]},"west":{"texture":"#facialhair","uv":[28.5,1.5,29.0,2.5]},"up":{"texture":"#facialhair","uv":[27.5,1.0,28.0,1.5],"rotation":270},"down":{"texture":"#facialhair","uv":[27.5,2.5,28.0,3.0],"rotation":270}}},{"name":"horseshoeL","from":[0.0,-1.3,2.6],"to":[0.4,0.0,3.0],"unwrapMode":2,"uv":[24.0,1.0],"rotationOrigin":[0.0,-1.3,2.6],"faces":{"north":{"texture":"#facialhair","uv":[25.0,1.5,25.5,2.5]},"east":{"texture":"#facialhair","uv":[24.5,1.5,25.0,2.5]},"south":{"texture":"#facialhair","uv":[24.0,1.5,24.5,2.5]},"west":{"texture":"#facialhair","uv":[25.5,1.5,26.0,2.5]},"up":{"texture":"#facialhair","uv":[24.5,1.0,25.0,1.5],"rotation":270},"down":{"texture":"#facialhair","uv":[24.5,2.5,25.0,3.0],"rotation":270}}}]}]}