{"textureWidth": 64, "textureHeight": 64, "textures": {"tail": "kemono:entity/avali/tail/tail"}, "textureSizes": {"tail": [64, 64], "disable": [64, 64]}, "elements": [{"name": "TailFox1.002", "from": [-0.56769979, -1.9351689816, -1.6895880715], "to": [4.5346976519, 2.0108373165, 1.6895880683], "rotationOrigin": [-0.56769979, 0.0378322601, -1.6e-09], "stepParentName": "b_Tail2", "rotationX": 0, "rotationY": 0, "rotationZ": -9.071e-07, "group": "tail-fox1", "faces": {"north": {"texture": "#tail", "uv": [53, 9, 44, 16], "autoUv": false}, "east": {"texture": "#tail", "uv": [63, 10, 57, 18], "autoUv": false, "enabled": false}, "south": {"texture": "#tail", "uv": [44, 9, 53, 16], "autoUv": false}, "west": {"texture": "#tail", "uv": [3, 20, 10, 30], "autoUv": false}, "up": {"texture": "#tail", "uv": [44, 5, 50, 12], "autoUv": false}, "down": {"texture": "#tail", "uv": [53, 16, 46, 12], "autoUv": false}}, "children": []}, {"name": "TailFox1Fluff.003", "from": [1.966838479, 0.002076447, -1.2366260551], "to": [5.6706448793, 1.7772679329, 1.1302696206], "rotationOrigin": [1.966838479, 0.8896713257, -0.0531782173], "stepParentName": "b_Tail2", "rotationX": -0.1906111564, "rotationY": 0.976840635, "rotationZ": 10.5090050428, "group": "tail-fox1", "faces": {"north": {"texture": "#tail", "uv": [52, 11, 46, 14], "autoUv": false}, "east": {"texture": "#tail", "uv": [61, 13, 63, 15], "autoUv": false, "rotation": 90, "enabled": false}, "south": {"texture": "#tail", "uv": [46, 9, 52, 12], "autoUv": false}, "west": {"texture": "#tail", "uv": [7, 22, 12, 27], "autoUv": false, "rotation": 90}, "up": {"texture": "#tail", "uv": [46, 11, 52, 14], "autoUv": false}, "down": {"texture": "#tail", "uv": [52, 16, 44, 13], "autoUv": false}}, "children": []}, {"name": "TailFox1.003", "from": [-1.2594054937, -1.7323801517, -1.3054041879], "to": [2.3392494917, 1.4509080648, 1.3054041846], "rotationOrigin": [-1.2594054937, -0.1407375336, -1.6e-09], "stepParentName": "b_Tail3", "rotationX": 0, "rotationY": 0, "rotationZ": -9.071e-07, "group": "tail-fox1", "faces": {"north": {"texture": "#tail", "uv": [54, 41, 48, 46], "autoUv": false}, "east": {"texture": "#tail", "uv": [61, 43, 63, 45], "autoUv": false, "rotation": 90, "enabled": false}, "south": {"texture": "#tail", "uv": [49, 41, 54, 46], "autoUv": false}, "west": {"texture": "#tail", "uv": [7, 37, 12, 42], "autoUv": false, "rotation": 90}, "up": {"texture": "#tail", "uv": [49, 42, 54, 47], "autoUv": false}, "down": {"texture": "#tail", "uv": [54, 46, 48, 41], "autoUv": false}}, "children": []}, {"name": "TailFox1Fluff.001", "from": [-0.5232676864, -0.9619693756, -1.2943128049], "to": [3.0113974214, 0.8545302153, 0.4243883193], "rotationOrigin": [-0.5232676864, -0.0537204742, -0.4349622428], "stepParentName": "b_Tail1", "rotationX": -9.1561648419, "rotationY": 6.3746074415, "rotationZ": 23.9998486962, "group": "tail-fox1", "faces": {"north": {"texture": "#tail", "uv": [54, 13, 44, 17], "autoUv": false}, "east": {"texture": "#tail", "uv": [61, 13, 63, 15], "autoUv": false, "rotation": 90, "enabled": false}, "south": {"texture": "#tail", "uv": [42, 9, 52, 13], "autoUv": false}, "west": {"texture": "#tail", "uv": [7, 22, 12, 27], "autoUv": false, "rotation": 90}, "up": {"texture": "#tail", "uv": [48, 6, 58, 10], "autoUv": false}, "down": {"texture": "#tail", "uv": [52, 16, 40, 12], "autoUv": false}}, "children": []}, {"name": "TailFox1", "from": [-1.2311812639, -1.1474447334, -1.222442867], "to": [3.3874839544, 1.1670958912, 1.2224428637], "rotationOrigin": [-1.2311812639, 0.0098266518, -1.6e-09], "stepParentName": "b_Tail0", "rotationX": 0, "rotationY": 0, "rotationZ": -1.334e-06, "group": "tail-fox1", "faces": {"north": {"texture": "#tail", "uv": [32, 10, 20, 15], "autoUv": false}, "east": {"texture": "#tail", "uv": [6, 21, 11, 27], "autoUv": false}, "south": {"texture": "#tail", "uv": [20, 10, 32, 15], "autoUv": false}, "west": {"texture": "#tail", "uv": [3, 25, 8, 30], "autoUv": false}, "up": {"texture": "#tail", "uv": [24, 6, 37, 11], "autoUv": false}, "down": {"texture": "#tail", "uv": [35, 15, 23, 8], "autoUv": false}}, "children": []}, {"name": "TailFox1.001", "from": [-0.3087624609, -1.5866110325, -1.4973683374], "to": [5.0538369119, 1.6062612534, 1.4973683341], "rotationOrigin": [-0.3087624609, 0.0098266602, -1.6e-09], "stepParentName": "b_Tail1", "rotationX": 0, "rotationY": 0, "rotationZ": -9.071e-07, "group": "tail-fox1", "faces": {"north": {"texture": "#tail", "uv": [41, 8, 31, 13], "autoUv": false}, "east": {"texture": "#tail", "uv": [4, 19, 13, 30], "autoUv": false}, "south": {"texture": "#tail", "uv": [28, 10, 41, 16], "autoUv": false}, "west": {"texture": "#tail", "uv": [3, 22, 9, 30], "autoUv": false}, "up": {"texture": "#tail", "uv": [28, 4, 47, 10], "autoUv": false}, "down": {"texture": "#tail", "uv": [50, 15, 35, 9], "autoUv": false}}, "children": []}, {"name": "TailFox1Fluff", "from": [-0.0183985345, -0.803787902, -0.8406259567], "to": [3.4582893737, 1.0663171858, 0.7908182591], "rotationOrigin": [-0.0183985345, 0.131263718, -0.0249038488], "stepParentName": "b_Tail0", "rotationX": -3.851517206, "rotationY": -5.4729089192, "rotationZ": 7.5746507612, "group": "tail-fox1", "faces": {"north": {"texture": "#tail", "uv": [53, 12, 43, 16], "autoUv": false}, "east": {"texture": "#tail", "uv": [61, 13, 63, 15], "autoUv": false, "rotation": 90, "enabled": false}, "south": {"texture": "#tail", "uv": [43, 10, 53, 14], "autoUv": false}, "west": {"texture": "#tail", "uv": [7, 22, 12, 27], "autoUv": false, "rotation": 90}, "up": {"texture": "#tail", "uv": [43, 9, 53, 13], "autoUv": false}, "down": {"texture": "#tail", "uv": [53, 16, 40, 12], "autoUv": false}}, "children": []}, {"name": "TailFox1.004", "from": [0.2604413927, -1.186085701, -0.9727309362], "to": [4.8641010225, 0.9046126604, 0.972730933], "rotationOrigin": [0.2604413927, -0.1407375336, -1.6e-09], "stepParentName": "b_Tail3", "rotationX": 0, "rotationY": 0, "rotationZ": -9.071e-07, "group": "tail-fox1", "faces": {"north": {"texture": "#tail", "uv": [54, 43, 46, 47], "autoUv": false}, "east": {"texture": "#tail", "uv": [61, 43, 63, 45], "autoUv": false, "rotation": 90, "enabled": false}, "south": {"texture": "#tail", "uv": [46, 43, 54, 47], "autoUv": false}, "west": {"texture": "#tail", "uv": [7, 37, 12, 42], "autoUv": false, "rotation": 90}, "up": {"texture": "#tail", "uv": [46, 43, 54, 47], "autoUv": false}, "down": {"texture": "#tail", "uv": [54, 45, 46, 41], "autoUv": false}}, "children": []}, {"name": "TailFox1Fluff.002", "from": [2.4031581879, -1.0019255877, -1.4643774107], "to": [6.2873725891, 0.7872056365, 1.5253572389], "rotationOrigin": [2.4031581879, -0.1073608398, 0.0304899141], "stepParentName": "b_Tail1", "rotationX": -63.8575285883, "rotationY": -12.6579080604, "rotationZ": 13.1945423632, "group": "tail-fox1", "faces": {"north": {"texture": "#tail", "uv": [54, 13, 44, 17], "autoUv": false}, "east": {"texture": "#tail", "uv": [61, 13, 63, 15], "autoUv": false, "rotation": 90, "enabled": false}, "south": {"texture": "#tail", "uv": [42, 9, 52, 13], "autoUv": false}, "west": {"texture": "#tail", "uv": [7, 22, 12, 27], "autoUv": false, "rotation": 90}, "up": {"texture": "#tail", "uv": [48, 6, 58, 10], "autoUv": false}, "down": {"texture": "#tail", "uv": [52, 16, 40, 12], "autoUv": false}}, "children": []}], "groups": []}