{"textureWidth": 64, "textureHeight": 64, "textures": {"tail": "kemono:entity/avali/tail/tail"}, "textureSizes": {"tail": [64, 64]}, "elements": [{"name": "TailShark0", "from": [-1.2068787813, -1.7765761698, -1.733129503], "to": [3.3548859358, 1.7962260162, 1.7331294997], "rotationOrigin": [-1.2068787813, 0.0098266518, -1.6e-09], "stepParentName": "b_Tail0", "rotationX": 0, "rotationY": 0, "rotationZ": -1.334e-06, "group": "tail-shark0", "faces": {"north": {"texture": "#tail", "uv": [34, 28, 24, 34], "autoUv": false}, "east": {"texture": "#tail", "uv": [6, 28, 11, 34], "autoUv": false}, "south": {"texture": "#tail", "uv": [22, 28, 32, 34], "autoUv": false}, "west": {"texture": "#tail", "uv": [3, 28, 7, 34], "autoUv": false}, "up": {"texture": "#tail", "uv": [25, 5, 35, 10], "autoUv": false}, "down": {"texture": "#tail", "uv": [32, 40, 22, 35], "autoUv": false}}, "children": []}, {"name": "TailShark0.001", "from": [-0.2945469916, -1.68347013, -1.4651862399], "to": [3.9417835176, 1.7031202316, 1.4651862367], "rotationOrigin": [-0.2945469916, 0.0098266602, -1.6e-09], "stepParentName": "b_Tail1", "rotationX": 0, "rotationY": 0, "rotationZ": -9.071e-07, "group": "tail-shark0", "faces": {"north": {"texture": "#tail", "uv": [46, 28, 36, 34], "autoUv": false}, "east": {"texture": "#tail", "uv": [2, 27, 9, 34], "autoUv": false}, "south": {"texture": "#tail", "uv": [38, 28, 48, 34], "autoUv": false}, "west": {"texture": "#tail", "uv": [7, 27, 14, 34], "autoUv": false}, "up": {"texture": "#tail", "uv": [30, 6, 40, 12], "autoUv": false}, "down": {"texture": "#tail", "uv": [40, 58, 30, 52], "autoUv": false}}, "children": []}, {"name": "TailShark0.002", "from": [-0.531409204, -1.4631274939, -1.3466606156], "to": [4.5119729638, 1.4827779531, 1.3466606124], "rotationOrigin": [-0.531409204, 0.0098266602, -1.6e-09], "stepParentName": "b_Tail2", "rotationX": 0, "rotationY": 0, "rotationZ": -9.071e-07, "group": "tail-shark0", "faces": {"north": {"texture": "#tail", "uv": [33, 27, 21, 34], "autoUv": false}, "east": {"texture": "#tail", "uv": [2, 27, 9, 34], "autoUv": false}, "south": {"texture": "#tail", "uv": [23, 27, 35, 34], "autoUv": false}, "west": {"texture": "#tail", "uv": [7, 27, 14, 34], "autoUv": false}, "up": {"texture": "#tail", "uv": [32, 3, 44, 10], "autoUv": false}, "down": {"texture": "#tail", "uv": [41, 42, 29, 35], "autoUv": false}}, "children": []}, {"name": "TailShark0.003", "from": [-0.3819898665, -1.2718508244, -1.1223179118], "to": [4.341830343, 1.2915017605, 1.1223179086], "rotationOrigin": [-0.3819898665, 0.0098266602, -1.6e-09], "stepParentName": "b_Tail3", "rotationX": 0, "rotationY": 0, "rotationZ": -9.071e-07, "group": "tail-shark0", "faces": {"north": {"texture": "#tail", "uv": [36, 28, 26, 33], "autoUv": false}, "east": {"texture": "#tail", "uv": [2, 27, 9, 34], "autoUv": false}, "south": {"texture": "#tail", "uv": [28, 28, 38, 33], "autoUv": false}, "west": {"texture": "#tail", "uv": [7, 27, 14, 34], "autoUv": false}, "up": {"texture": "#tail", "uv": [34, 5, 44, 9], "autoUv": false}, "down": {"texture": "#tail", "uv": [41, 47, 31, 43], "autoUv": false}}, "children": []}, {"name": "TailShark0.004", "from": [-0.495044142, -0.9847031236, -0.9241391437], "to": [3.8040538728, 1.0043544769, 0.9241391404], "rotationOrigin": [-0.495044142, 0.0098266602, -1.6e-09], "stepParentName": "b_Tail4", "rotationX": 0, "rotationY": 0, "rotationZ": -9.071e-07, "group": "tail-shark0", "faces": {"north": {"texture": "#tail", "uv": [39, 28, 30, 33], "autoUv": false}, "east": {"texture": "#tail", "uv": [2, 27, 9, 34], "autoUv": false}, "south": {"texture": "#tail", "uv": [32, 28, 41, 33], "autoUv": false}, "west": {"texture": "#tail", "uv": [7, 27, 14, 34], "autoUv": false}, "up": {"texture": "#tail", "uv": [35, 6, 44, 10], "autoUv": false}, "down": {"texture": "#tail", "uv": [41, 42, 32, 35], "autoUv": false}}, "children": []}, {"name": "TailShark0FinTop.001", "from": [2.2753722072, 0.5682906508, -0.4934443235], "to": [3.9492862821, 4.1741082668, 0.4934443235], "rotationOrigin": [3.1123292446, 1.4170322418, 0], "stepParentName": "b_Tail2", "rotationX": 0, "rotationY": 0, "rotationZ": 17.38643607, "group": "tail-shark0", "faces": {"north": {"texture": "#tail", "uv": [30, 5, 34, 14], "autoUv": false}, "east": {"texture": "#tail", "uv": [27, 5, 30, 14], "autoUv": false}, "south": {"texture": "#tail", "uv": [23, 5, 27, 14], "autoUv": false}, "west": {"texture": "#tail", "uv": [34, 5, 37, 14], "autoUv": false}, "up": {"texture": "#tail", "uv": [27, 2, 30, 5], "autoUv": false, "rotation": 270}, "down": {"texture": "#tail", "uv": [34, 5, 30, 2], "autoUv": false, "rotation": 90}}, "children": []}, {"name": "TailShark0FinTop", "from": [0.6886004806, 0.2794463038, -0.4882778823], "to": [2.6402814388, 3.7313435078, 0.4882778823], "rotationOrigin": [1.3138939142, 1.0656929016, 0], "stepParentName": "b_Tail2", "rotationX": 0, "rotationY": 0, "rotationZ": -16.8840893169, "group": "tail-shark0", "faces": {"north": {"texture": "#tail", "uv": [30, 5, 34, 13], "autoUv": false}, "east": {"texture": "#tail", "uv": [27, 5, 30, 13], "autoUv": false}, "south": {"texture": "#tail", "uv": [23, 5, 27, 13], "autoUv": false}, "west": {"texture": "#tail", "uv": [34, 5, 37, 13], "autoUv": false}, "up": {"texture": "#tail", "uv": [27, 2, 30, 5], "autoUv": false, "rotation": 270}, "down": {"texture": "#tail", "uv": [34, 5, 30, 2], "autoUv": false, "rotation": 90}}, "children": []}, {"name": "TailShark0FinR", "from": [-0.2326936722, -1.9394770861, -2.3817358017], "to": [2.2945119143, 2.0062953234, -1.2303378582], "rotationOrigin": [1.0309091806, 0.0334091187, -1.8060368299], "stepParentName": "b_Tail5", "rotationX": -90.0000025045, "rotationY": -2.24e-08, "rotationZ": -7.6834462832, "group": "tail-shark0", "faces": {"north": {"texture": "#tail", "uv": [27, 5, 22, 13], "autoUv": false}, "east": {"texture": "#tail", "uv": [30, 5, 27, 13], "autoUv": false}, "south": {"texture": "#tail", "uv": [35, 5, 30, 13], "autoUv": false}, "west": {"texture": "#tail", "uv": [38, 5, 35, 13], "autoUv": false}, "up": {"texture": "#tail", "uv": [30, 2, 27, 5], "autoUv": false, "rotation": 270}, "down": {"texture": "#tail", "uv": [30, 5, 35, 2], "autoUv": false, "rotation": 90}}, "children": []}, {"name": "TailShark0FinR.001", "from": [0.5049945116, -1.1473764181, -4.3956202865], "to": [2.5192415714, 1.2141946554, -3.2523222566], "rotationOrigin": [1.7685972452, 0.0334091187, -3.8239712715], "stepParentName": "b_Tail5", "rotationX": -89.9999956743, "rotationY": 3.085e-07, "rotationZ": -46.579561045, "group": "tail-shark0", "faces": {"north": {"texture": "#tail", "uv": [27, 8, 23, 14], "autoUv": false}, "east": {"texture": "#tail", "uv": [30, 8, 27, 14], "autoUv": false}, "south": {"texture": "#tail", "uv": [34, 8, 30, 14], "autoUv": false}, "west": {"texture": "#tail", "uv": [37, 8, 34, 14], "autoUv": false}, "up": {"texture": "#tail", "uv": [30, 5, 27, 8], "autoUv": false, "rotation": 270}, "down": {"texture": "#tail", "uv": [30, 8, 34, 5], "autoUv": false, "rotation": 90}}, "children": []}, {"name": "TailShark0FinR.002", "from": [1.4271537066, -2.4981389046, -3.598751843], "to": [3.4162997007, 2.4389448166, -2.4741675258], "rotationOrigin": [2.4217267036, 0.0334091187, -3.0364596844], "stepParentName": "b_Tail5", "rotationX": -90.0000025045, "rotationY": -2.24e-08, "rotationZ": -7.6834462832, "group": "tail-shark0", "faces": {"north": {"texture": "#tail", "uv": [27, 5, 23, 14], "autoUv": false}, "east": {"texture": "#tail", "uv": [30, 5, 27, 14], "autoUv": false}, "south": {"texture": "#tail", "uv": [34, 5, 30, 14], "autoUv": false}, "west": {"texture": "#tail", "uv": [37, 5, 34, 14], "autoUv": false}, "up": {"texture": "#tail", "uv": [30, 2, 27, 5], "autoUv": false, "rotation": 270}, "down": {"texture": "#tail", "uv": [30, 5, 34, 2], "autoUv": false, "rotation": 90}}, "children": []}, {"name": "TailShark0FinR.003", "from": [0.5978270769, -1.1473764181, -0.8159187138], "to": [2.1419723034, 1.2141946554, 0.2712672651], "rotationOrigin": [1.8614298105, 0.0334091187, -0.2723257244], "stepParentName": "b_Tail5", "rotationX": -90.0000025045, "rotationY": -8.316e-07, "rotationZ": -70.8494907888, "group": "tail-shark0", "faces": {"north": {"texture": "#tail", "uv": [27, 5, 24, 14], "autoUv": false}, "east": {"texture": "#tail", "uv": [30, 5, 27, 14], "autoUv": false}, "south": {"texture": "#tail", "uv": [33, 5, 30, 14], "autoUv": false}, "west": {"texture": "#tail", "uv": [36, 5, 33, 14], "autoUv": false}, "up": {"texture": "#tail", "uv": [30, 2, 27, 5], "autoUv": false, "rotation": 270}, "down": {"texture": "#tail", "uv": [30, 5, 33, 2], "autoUv": false, "rotation": 90}}, "children": []}, {"name": "TailShark0FinL", "from": [-0.2326936722, -1.9394770861, 1.2248337865], "to": [2.2945119143, 2.0062953234, 2.3872398734], "rotationOrigin": [1.0309091806, 0.0334091187, 1.8060368299], "stepParentName": "b_Tail5", "rotationX": 90.0000025045, "rotationY": 2.24e-08, "rotationZ": -7.6834462832, "group": "tail-shark0", "faces": {"north": {"texture": "#tail", "uv": [30, 5, 35, 13], "autoUv": false}, "east": {"texture": "#tail", "uv": [27, 5, 30, 13], "autoUv": false}, "south": {"texture": "#tail", "uv": [22, 5, 27, 13], "autoUv": false}, "west": {"texture": "#tail", "uv": [35, 5, 38, 13], "autoUv": false}, "up": {"texture": "#tail", "uv": [27, 2, 30, 5], "autoUv": false, "rotation": 270}, "down": {"texture": "#tail", "uv": [35, 5, 30, 2], "autoUv": false, "rotation": 90}}, "children": []}, {"name": "TailShark0FinL.001", "from": [0.5049945116, -1.1473764181, 3.2523222566], "to": [2.5192415714, 1.2141946554, 4.3956202865], "rotationOrigin": [1.7685972452, 0.0334091187, 3.8239712715], "stepParentName": "b_Tail5", "rotationX": 89.9999956743, "rotationY": -3.085e-07, "rotationZ": -46.579561045, "group": "tail-shark0", "faces": {"north": {"texture": "#tail", "uv": [30, 8, 34, 14], "autoUv": false}, "east": {"texture": "#tail", "uv": [27, 8, 30, 14], "autoUv": false}, "south": {"texture": "#tail", "uv": [23, 8, 27, 14], "autoUv": false}, "west": {"texture": "#tail", "uv": [34, 8, 37, 14], "autoUv": false}, "up": {"texture": "#tail", "uv": [27, 5, 30, 8], "autoUv": false, "rotation": 270}, "down": {"texture": "#tail", "uv": [34, 8, 30, 5], "autoUv": false, "rotation": 90}}, "children": []}, {"name": "TailShark0FinL.002", "from": [1.4271537066, -2.4981389046, 2.4741675258], "to": [3.4162997007, 2.4389448166, 3.598751843], "rotationOrigin": [2.4217267036, 0.0334091187, 3.0364596844], "stepParentName": "b_Tail5", "rotationX": 90.0000025045, "rotationY": 2.24e-08, "rotationZ": -7.6834462832, "group": "tail-shark0", "faces": {"north": {"texture": "#tail", "uv": [30, 5, 34, 14], "autoUv": false}, "east": {"texture": "#tail", "uv": [27, 5, 30, 14], "autoUv": false}, "south": {"texture": "#tail", "uv": [23, 5, 27, 14], "autoUv": false}, "west": {"texture": "#tail", "uv": [34, 5, 37, 14], "autoUv": false}, "up": {"texture": "#tail", "uv": [27, 2, 30, 5], "autoUv": false, "rotation": 270}, "down": {"texture": "#tail", "uv": [34, 5, 30, 2], "autoUv": false, "rotation": 90}}, "children": []}, {"name": "TailShark0FinL.003", "from": [0.5978270769, -1.1473764181, -0.2712672651], "to": [2.1419723034, 1.2141946554, 0.8159187138], "rotationOrigin": [1.8614298105, 0.0334091187, 0.2723257244], "stepParentName": "b_Tail5", "rotationX": 90.0000025045, "rotationY": 8.316e-07, "rotationZ": -70.8494907888, "group": "tail-shark0", "faces": {"north": {"texture": "#tail", "uv": [30, 5, 33, 14], "autoUv": false}, "east": {"texture": "#tail", "uv": [27, 5, 30, 14], "autoUv": false}, "south": {"texture": "#tail", "uv": [24, 5, 27, 14], "autoUv": false}, "west": {"texture": "#tail", "uv": [33, 5, 36, 14], "autoUv": false}, "up": {"texture": "#tail", "uv": [27, 2, 30, 5], "autoUv": false, "rotation": 270}, "down": {"texture": "#tail", "uv": [33, 5, 30, 2], "autoUv": false, "rotation": 90}}, "children": []}], "groups": []}