{"textureWidth": 64, "textureHeight": 64, "textures": {"tail": "kemono:entity/avali/tail/tail"}, "textureSizes": {"tail": [64, 64], "disable": [64, 64]}, "elements": [{"name": "TailDragon0", "from": [-0.7893089056, -1.6093052737, -1.733129503], "to": [3.8243595362, 1.6289554723, 1.7331294997], "rotationOrigin": [-0.7893089056, 0.009826649, -1.6e-09], "stepParentName": "b_Tail0", "rotationX": 0, "rotationY": 0, "rotationZ": -1.334e-06, "group": "tail-dragon0", "faces": {"north": {"texture": "#tail", "uv": [34, 28, 24, 34], "autoUv": false}, "east": {"texture": "#tail", "uv": [6, 28, 11, 34], "autoUv": false}, "south": {"texture": "#tail", "uv": [22, 28, 32, 34], "autoUv": false}, "west": {"texture": "#tail", "uv": [3, 28, 7, 34], "autoUv": false}, "up": {"texture": "#tail", "uv": [25, 5, 35, 10], "autoUv": false}, "down": {"texture": "#tail", "uv": [32, 40, 22, 35], "autoUv": false}}, "children": []}, {"name": "TailDragon0.002", "from": [-0.2945469916, -1.4542233944, -1.4651863591], "to": [4.1965032518, 1.4738738537, 1.4651863559], "rotationOrigin": [-0.2945469916, 0.0098266602, -1.6e-09], "stepParentName": "b_Tail1", "rotationX": 0, "rotationY": 0, "rotationZ": -9.071e-07, "group": "tail-dragon0", "faces": {"north": {"texture": "#tail", "uv": [46, 28, 36, 34], "autoUv": false}, "east": {"texture": "#tail", "uv": [2, 27, 9, 34], "autoUv": false}, "south": {"texture": "#tail", "uv": [38, 28, 48, 34], "autoUv": false}, "west": {"texture": "#tail", "uv": [7, 27, 14, 34], "autoUv": false}, "up": {"texture": "#tail", "uv": [30, 6, 40, 12], "autoUv": false}, "down": {"texture": "#tail", "uv": [40, 58, 30, 52], "autoUv": false}}, "children": []}, {"name": "TailDragon0.003", "from": [-0.531409204, -1.246557951, -1.3466606156], "to": [4.5119729638, 1.2662088871, 1.3466606124], "rotationOrigin": [-0.531409204, 0.0098266602, -1.6e-09], "stepParentName": "b_Tail2", "rotationX": 0, "rotationY": 0, "rotationZ": -9.071e-07, "group": "tail-dragon0", "faces": {"north": {"texture": "#tail", "uv": [33, 27, 21, 34], "autoUv": false}, "east": {"texture": "#tail", "uv": [2, 27, 9, 34], "autoUv": false}, "south": {"texture": "#tail", "uv": [23, 27, 35, 34], "autoUv": false}, "west": {"texture": "#tail", "uv": [7, 27, 14, 34], "autoUv": false}, "up": {"texture": "#tail", "uv": [32, 3, 44, 10], "autoUv": false}, "down": {"texture": "#tail", "uv": [41, 42, 29, 35], "autoUv": false}}, "children": []}, {"name": "TailDragon0.004", "from": [-0.3819898665, -1.0164856911, -1.1223179118], "to": [4.341830343, 1.036137104, 1.1223179086], "rotationOrigin": [-0.3819898665, 0.0098266602, -1.6e-09], "stepParentName": "b_Tail3", "rotationX": 0, "rotationY": 0, "rotationZ": -9.071e-07, "group": "tail-dragon0", "faces": {"north": {"texture": "#tail", "uv": [36, 28, 26, 33], "autoUv": false}, "east": {"texture": "#tail", "uv": [2, 27, 9, 34], "autoUv": false}, "south": {"texture": "#tail", "uv": [28, 28, 38, 33], "autoUv": false}, "west": {"texture": "#tail", "uv": [7, 27, 14, 34], "autoUv": false}, "up": {"texture": "#tail", "uv": [34, 5, 44, 9], "autoUv": false}, "down": {"texture": "#tail", "uv": [41, 47, 31, 43], "autoUv": false}}, "children": []}, {"name": "TailDragon0.005", "from": [-0.495044142, -0.8671813011, -0.9241391437], "to": [3.8040538728, 0.8868329525, 0.9241391404], "rotationOrigin": [-0.495044142, 0.0098266602, -1.6e-09], "stepParentName": "b_Tail4", "rotationX": 0, "rotationY": 0, "rotationZ": -9.071e-07, "group": "tail-dragon0", "faces": {"north": {"texture": "#tail", "uv": [39, 28, 30, 33], "autoUv": false}, "east": {"texture": "#tail", "uv": [2, 27, 9, 34], "autoUv": false}, "south": {"texture": "#tail", "uv": [32, 28, 41, 33], "autoUv": false}, "west": {"texture": "#tail", "uv": [7, 27, 14, 34], "autoUv": false}, "up": {"texture": "#tail", "uv": [35, 6, 44, 10], "autoUv": false}, "down": {"texture": "#tail", "uv": [41, 42, 32, 35], "autoUv": false}}, "children": []}, {"name": "TailDragon0.006", "from": [-0.6902117133, -0.6606523395, -0.6745082752], "to": [3.7240191102, 0.6803044081, 0.674508272], "rotationOrigin": [-0.6902117133, 0.0098266602, -1.6e-09], "stepParentName": "b_Tail5", "rotationX": 0, "rotationY": 0, "rotationZ": -9.071e-07, "group": "tail-dragon0", "faces": {"north": {"texture": "#tail", "uv": [39, 29, 25, 33], "autoUv": false}, "east": {"texture": "#tail", "uv": [2, 27, 9, 34], "autoUv": false}, "south": {"texture": "#tail", "uv": [27, 29, 41, 33], "autoUv": false}, "west": {"texture": "#tail", "uv": [7, 27, 14, 34], "autoUv": false}, "up": {"texture": "#tail", "uv": [31, 6, 45, 10], "autoUv": false}, "down": {"texture": "#tail", "uv": [41, 47, 27, 42], "autoUv": false}}, "children": []}, {"name": "TailDragon0Hair.001", "from": [1.1877467632, -0.9379409552, -0.2706674933], "to": [5.2858974934, 2.1461502314, 0.2706674933], "rotationOrigin": [1.1877467632, 0.6041030884, 0], "stepParentName": "b_Tail0", "rotationX": -4.0833731, "rotationY": -1.8646194453, "rotationZ": 24.1799539544, "group": "tail-dragon0", "faces": {"north": {"texture": "#tail", "uv": [15, 51, 8, 56], "autoUv": false}, "east": {"texture": "#tail", "uv": [60, 50, 62, 52], "autoUv": false, "rotation": 90, "enabled": false}, "south": {"texture": "#tail", "uv": [8, 52, 15, 57], "autoUv": false}, "west": {"texture": "#tail", "uv": [1, 57, 8, 60], "autoUv": false, "rotation": 90}, "up": {"texture": "#tail", "uv": [4, 50, 14, 52], "autoUv": false}, "down": {"texture": "#tail", "uv": [14, 55, 4, 53], "autoUv": false}}, "children": []}, {"name": "TailDragon0Hair", "from": [1.577850461, -0.9379413128, -0.2706675231], "to": [5.6760007143, 2.1461504698, 0.2706675231], "rotationOrigin": [1.577850461, 0.6041030884, 0], "stepParentName": "b_Tail1", "rotationX": 1.6307671083, "rotationY": -1.31717989, "rotationZ": 25.026502968, "group": "tail-dragon0", "faces": {"north": {"texture": "#tail", "uv": [16, 53, 9, 58], "autoUv": false}, "east": {"texture": "#tail", "uv": [60, 50, 62, 52], "autoUv": false, "rotation": 90, "enabled": false}, "south": {"texture": "#tail", "uv": [8, 53, 15, 58], "autoUv": false}, "west": {"texture": "#tail", "uv": [1, 57, 8, 60], "autoUv": false, "rotation": 90}, "up": {"texture": "#tail", "uv": [6, 52, 16, 54], "autoUv": false}, "down": {"texture": "#tail", "uv": [14, 55, 4, 53], "autoUv": false}}, "children": []}, {"name": "TailDragon0Hair.002", "from": [1.7941004038, -0.9855837822, -0.2478607781], "to": [4.7709830999, 1.7106803656, 0.2254008465], "rotationOrigin": [1.7941004038, 0.3625469208, -0.0112299658], "stepParentName": "b_Tail2", "rotationX": 1.5085155801, "rotationY": 0.2127187045, "rotationZ": 60.4546668721, "group": "tail-dragon0", "faces": {"north": {"texture": "#tail", "uv": [16, 53, 9, 58], "autoUv": false}, "east": {"texture": "#tail", "uv": [60, 50, 62, 52], "autoUv": false, "rotation": 90, "enabled": false}, "south": {"texture": "#tail", "uv": [8, 52, 15, 57], "autoUv": false}, "west": {"texture": "#tail", "uv": [1, 57, 8, 60], "autoUv": false, "rotation": 90}, "up": {"texture": "#tail", "uv": [6, 52, 16, 54], "autoUv": false}, "down": {"texture": "#tail", "uv": [14, 55, 4, 53], "autoUv": false}}, "children": []}, {"name": "TailDragon0Hair.003", "from": [0.2524296045, -0.6810288429, -0.2255729446], "to": [3.6678074598, 1.8892375231, 0.2255729428], "rotationOrigin": [0.2524296045, 0.6041030884, -9e-10], "stepParentName": "b_Tail3", "rotationX": 1.2333876629, "rotationY": -0.8942801898, "rotationZ": 16.4909760717, "group": "tail-dragon0", "faces": {"north": {"texture": "#tail", "uv": [16, 53, 9, 58], "autoUv": false}, "east": {"texture": "#tail", "uv": [60, 50, 62, 52], "autoUv": false, "rotation": 90, "enabled": false}, "south": {"texture": "#tail", "uv": [8, 53, 15, 58], "autoUv": false}, "west": {"texture": "#tail", "uv": [1, 57, 8, 60], "autoUv": false, "rotation": 90}, "up": {"texture": "#tail", "uv": [6, 53, 16, 54], "autoUv": false}, "down": {"texture": "#tail", "uv": [14, 55, 4, 53], "autoUv": false}}, "children": []}, {"name": "TailDragon0Hair.004", "from": [-0.127675429, -0.4915745258, -0.192318961], "to": [2.7842069715, 1.6997828484, 0.192318961], "rotationOrigin": [-0.127675429, 0.6041030884, 0], "stepParentName": "b_Tail4", "rotationX": 1.2333876629, "rotationY": -0.8942801898, "rotationZ": 16.4909760717, "group": "tail-dragon0", "faces": {"north": {"texture": "#tail", "uv": [16, 53, 9, 58], "autoUv": false}, "east": {"texture": "#tail", "uv": [60, 50, 62, 52], "autoUv": false, "rotation": 90, "enabled": false}, "south": {"texture": "#tail", "uv": [8, 53, 15, 58], "autoUv": false}, "west": {"texture": "#tail", "uv": [1, 57, 8, 60], "autoUv": false, "rotation": 90}, "up": {"texture": "#tail", "uv": [6, 53, 16, 54], "autoUv": false}, "down": {"texture": "#tail", "uv": [14, 55, 4, 53], "autoUv": false}}, "children": []}, {"name": "TailDragon0Hair.005", "from": [1.2842699289, -0.4664573669, -0.8199282885], "to": [8.9551912546, 1.6196043491, 0.7742657661], "rotationOrigin": [1.2842699289, 0.5765724182, -0.0228312612], "stepParentName": "b_Tail5", "rotationX": -4.501890807, "rotationY": -3.734072957, "rotationZ": 8.2623833625, "group": "tail-dragon0", "faces": {"north": {"texture": "#tail", "uv": [16, 53, 5, 57], "autoUv": false}, "east": {"texture": "#tail", "uv": [60, 50, 62, 52], "autoUv": false, "rotation": 90, "enabled": false}, "south": {"texture": "#tail", "uv": [4, 52, 15, 56], "autoUv": false}, "west": {"texture": "#tail", "uv": [1, 57, 8, 60], "autoUv": false, "rotation": 90}, "up": {"texture": "#tail", "uv": [5, 53, 16, 55], "autoUv": false}, "down": {"texture": "#tail", "uv": [14, 55, 3, 53], "autoUv": false}}, "children": []}, {"name": "TailDragon0Hair.006", "from": [0.449146837, -0.7556772232, -0.51163885], "to": [7.4176517427, 1.2510824203, 0.6404445469], "rotationOrigin": [0.449146837, 0.2477016449, 0.0644028485], "stepParentName": "b_Tail5", "rotationX": 2.5998615618, "rotationY": -2.999907449, "rotationZ": 25.1118427666, "group": "tail-dragon0", "faces": {"north": {"texture": "#tail", "uv": [16, 51, 6, 55], "autoUv": false}, "east": {"texture": "#tail", "uv": [60, 50, 62, 52], "autoUv": false, "rotation": 90, "enabled": false}, "south": {"texture": "#tail", "uv": [5, 51, 15, 55], "autoUv": false}, "west": {"texture": "#tail", "uv": [1, 57, 8, 60], "autoUv": false, "rotation": 90}, "up": {"texture": "#tail", "uv": [6, 53, 16, 54], "autoUv": false}, "down": {"texture": "#tail", "uv": [14, 55, 4, 53], "autoUv": false}}, "children": []}, {"name": "TailDragon0Hair.007", "from": [2.5888962746, -0.502704978, -0.1942726659], "to": [5.530359745, 1.7109134197, 0.1942726684], "rotationOrigin": [2.5888962746, 0.6041030884, 1.3e-09], "stepParentName": "b_Tail4", "rotationX": 0.3627203442, "rotationY": -0.7018225345, "rotationZ": 30.2411167578, "group": "tail-dragon0", "faces": {"north": {"texture": "#tail", "uv": [16, 53, 9, 58], "autoUv": false}, "east": {"texture": "#tail", "uv": [60, 50, 62, 52], "autoUv": false, "rotation": 90, "enabled": false}, "south": {"texture": "#tail", "uv": [8, 53, 15, 58], "autoUv": false}, "west": {"texture": "#tail", "uv": [1, 57, 8, 60], "autoUv": false, "rotation": 90}, "up": {"texture": "#tail", "uv": [6, 53, 16, 54], "autoUv": false}, "down": {"texture": "#tail", "uv": [14, 55, 4, 53], "autoUv": false}}, "children": []}, {"name": "TailDragon0Hair.009", "from": [1.5833250284, -0.2390384674, -0.7614679746], "to": [9.2542463541, 1.8470232487, 0.83272608], "rotationOrigin": [1.5833250284, 0.8039913177, 0.0356290527], "stepParentName": "b_Tail5", "rotationX": -1.0688187372, "rotationY": 0.881026101, "rotationZ": -5.3490835659, "group": "tail-dragon0", "faces": {"north": {"texture": "#tail", "uv": [16, 55, 5, 59], "autoUv": false}, "east": {"texture": "#tail", "uv": [60, 50, 62, 52], "autoUv": false, "rotation": 90, "enabled": false}, "south": {"texture": "#tail", "uv": [4, 54, 15, 58], "autoUv": false}, "west": {"texture": "#tail", "uv": [1, 59, 8, 62], "autoUv": false, "rotation": 90}, "up": {"texture": "#tail", "uv": [5, 55, 16, 57], "autoUv": false}, "down": {"texture": "#tail", "uv": [15, 57, 4, 55], "autoUv": false}}, "children": []}], "groups": []}