{"textureWidth": 64, "textureHeight": 64, "textures": {"tail": "kemono:entity/avali/tail/tail"}, "textureSizes": {"tail": [64, 64]}, "elements": [{"name": "TailLizard0", "from": [-0.7893089056, -1.630905401, -1.733129503], "to": [3.8243595362, 1.6505555995, 1.7331294997], "rotationOrigin": [-0.7893089056, 0.009826649, -1.6e-09], "stepParentName": "b_Tail0", "rotationX": 0, "rotationY": 0, "rotationZ": -1.334e-06, "group": "tail-lizard0", "faces": {"north": {"texture": "#tail", "uv": [34, 28, 24, 34], "autoUv": false}, "east": {"texture": "#tail", "uv": [6, 28, 11, 34], "autoUv": false}, "south": {"texture": "#tail", "uv": [22, 28, 32, 34], "autoUv": false}, "west": {"texture": "#tail", "uv": [3, 28, 7, 34], "autoUv": false}, "up": {"texture": "#tail", "uv": [25, 5, 35, 10], "autoUv": false}, "down": {"texture": "#tail", "uv": [32, 40, 22, 35], "autoUv": false}}, "children": []}, {"name": "TailLizard0.001", "from": [-0.2945469916, -1.4663697481, -1.4651862399], "to": [4.4542013109, 1.4860202074, 1.4651862367], "rotationOrigin": [-0.2945469916, 0.0098266602, -1.6e-09], "stepParentName": "b_Tail1", "rotationX": 0, "rotationY": 0, "rotationZ": -9.071e-07, "group": "tail-lizard0", "faces": {"north": {"texture": "#tail", "uv": [46, 28, 36, 34], "autoUv": false}, "east": {"texture": "#tail", "uv": [2, 27, 9, 34], "autoUv": false}, "south": {"texture": "#tail", "uv": [38, 28, 48, 34], "autoUv": false}, "west": {"texture": "#tail", "uv": [7, 27, 14, 34], "autoUv": false}, "up": {"texture": "#tail", "uv": [30, 6, 40, 12], "autoUv": false}, "down": {"texture": "#tail", "uv": [40, 58, 30, 52], "autoUv": false}}, "children": []}, {"name": "TailLizard0.002", "from": [-0.531409204, -1.2742775679, -1.3466606156], "to": [4.5119729638, 1.2939283848, 1.3466606124], "rotationOrigin": [-0.531409204, 0.0098266602, -1.6e-09], "stepParentName": "b_Tail2", "rotationX": 0, "rotationY": 0, "rotationZ": -9.071e-07, "group": "tail-lizard0", "faces": {"north": {"texture": "#tail", "uv": [33, 27, 21, 34], "autoUv": false}, "east": {"texture": "#tail", "uv": [2, 27, 9, 34], "autoUv": false}, "south": {"texture": "#tail", "uv": [23, 27, 35, 34], "autoUv": false}, "west": {"texture": "#tail", "uv": [7, 27, 14, 34], "autoUv": false}, "up": {"texture": "#tail", "uv": [32, 3, 44, 10], "autoUv": false}, "down": {"texture": "#tail", "uv": [41, 42, 29, 35], "autoUv": false}}, "children": []}, {"name": "TailLizard0.003", "from": [-0.3819898665, -1.1057869196, -1.1223179118], "to": [4.341830343, 1.1254380941, 1.1223179086], "rotationOrigin": [-0.3819898665, 0.0098266602, -1.6e-09], "stepParentName": "b_Tail3", "rotationX": 0, "rotationY": 0, "rotationZ": -9.071e-07, "group": "tail-lizard0", "faces": {"north": {"texture": "#tail", "uv": [36, 28, 26, 33], "autoUv": false}, "east": {"texture": "#tail", "uv": [2, 27, 9, 34], "autoUv": false}, "south": {"texture": "#tail", "uv": [28, 28, 38, 33], "autoUv": false}, "west": {"texture": "#tail", "uv": [7, 27, 14, 34], "autoUv": false}, "up": {"texture": "#tail", "uv": [34, 5, 44, 9], "autoUv": false}, "down": {"texture": "#tail", "uv": [41, 47, 31, 43], "autoUv": false}}, "children": []}, {"name": "TailLizard0.004", "from": [-0.495044142, -0.9087920189, -0.9241391437], "to": [3.8040538728, 0.9284435511, 0.9241391404], "rotationOrigin": [-0.495044142, 0.0098266602, -1.6e-09], "stepParentName": "b_Tail4", "rotationX": 0, "rotationY": 0, "rotationZ": -9.071e-07, "group": "tail-lizard0", "faces": {"north": {"texture": "#tail", "uv": [39, 28, 30, 33], "autoUv": false}, "east": {"texture": "#tail", "uv": [2, 27, 9, 34], "autoUv": false}, "south": {"texture": "#tail", "uv": [32, 28, 41, 33], "autoUv": false}, "west": {"texture": "#tail", "uv": [7, 27, 14, 34], "autoUv": false}, "up": {"texture": "#tail", "uv": [35, 6, 44, 10], "autoUv": false}, "down": {"texture": "#tail", "uv": [41, 42, 32, 35], "autoUv": false}}, "children": []}, {"name": "TailLizard0.005", "from": [-0.6902117133, -0.6606523395, -0.6745082752], "to": [3.7240191102, 0.6803044081, 0.674508272], "rotationOrigin": [-0.6902117133, 0.0098266602, -1.6e-09], "stepParentName": "b_Tail5", "rotationX": 0, "rotationY": 0, "rotationZ": -9.071e-07, "group": "tail-lizard0", "faces": {"north": {"texture": "#tail", "uv": [39, 29, 25, 33], "autoUv": false}, "east": {"texture": "#tail", "uv": [2, 27, 9, 34], "autoUv": false}, "south": {"texture": "#tail", "uv": [27, 29, 41, 33], "autoUv": false}, "west": {"texture": "#tail", "uv": [7, 27, 14, 34], "autoUv": false}, "up": {"texture": "#tail", "uv": [31, 6, 45, 10], "autoUv": false}, "down": {"texture": "#tail", "uv": [41, 47, 27, 42], "autoUv": false}}, "children": []}, {"name": "TailLizard0.006", "from": [3.0127434731, -0.3956736028, -0.3750614838], "to": [6.4845747948, 0.4153261483, 0.3750614806], "rotationOrigin": [3.0127434731, 0.0098266602, -1.6e-09], "stepParentName": "b_Tail5", "rotationX": 0, "rotationY": 0, "rotationZ": -9.071e-07, "group": "tail-lizard0", "faces": {"north": {"texture": "#tail", "uv": [39, 29, 25, 33], "autoUv": false}, "east": {"texture": "#tail", "uv": [2, 27, 9, 34], "autoUv": false}, "south": {"texture": "#tail", "uv": [27, 29, 41, 33], "autoUv": false}, "west": {"texture": "#tail", "uv": [7, 27, 14, 34], "autoUv": false}, "up": {"texture": "#tail", "uv": [27, 3, 41, 10], "autoUv": false}, "down": {"texture": "#tail", "uv": [41, 42, 27, 35], "autoUv": false}}, "children": []}], "groups": []}