{"textureWidth": 64, "textureHeight": 64, "textures": {"tail": "kemono:entity/avali/tail/tail"}, "textureSizes": {"tail": [64, 64], "disable": [64, 64]}, "elements": [{"name": "TailGeneric1.004", "from": [-0.3646368086, -1.9351689816, -2.0331604497], "to": [5.2710271776, 2.0108373165, 2.0331604464], "rotationOrigin": [-0.3646368086, 0.0378322601, -1.6e-09], "stepParentName": "b_Tail4", "rotationX": 0, "rotationY": 0, "rotationZ": -9.071e-07, "group": "tail-generic1", "faces": {"north": {"texture": "#tail", "uv": [53, 25, 41, 34], "autoUv": false}, "east": {"texture": "#tail", "uv": [62, 12, 59, 15], "autoUv": false, "enabled": false}, "south": {"texture": "#tail", "uv": [40, 25, 52, 34], "autoUv": false}, "west": {"texture": "#tail", "uv": [4, 25, 11, 34], "autoUv": false}, "up": {"texture": "#tail", "uv": [42, 20, 54, 27], "autoUv": false}, "down": {"texture": "#tail", "uv": [54, 45, 42, 38], "autoUv": false}}, "children": []}, {"name": "TailGeneric1Fluff.008", "from": [2.6472935677, -0.4957736731, -1.6416037099], "to": [6.5325286388, 1.35176301, 1.6416037066], "rotationOrigin": [2.6472935677, 0.4279937744, -1.6e-09], "stepParentName": "b_Tail4", "rotationX": 0, "rotationY": 0, "rotationZ": 6.086775159, "group": "tail-generic1", "faces": {"north": {"texture": "#tail", "uv": [53, 10, 44, 14], "autoUv": false}, "east": {"texture": "#tail", "uv": [60, 12, 63, 15], "autoUv": false, "enabled": false}, "south": {"texture": "#tail", "uv": [45, 10, 54, 14], "autoUv": false}, "west": {"texture": "#tail", "uv": [3, 9, 9, 15], "autoUv": false}, "up": {"texture": "#tail", "uv": [30, 3, 42, 10], "autoUv": false}, "down": {"texture": "#tail", "uv": [54, 16, 44, 10], "autoUv": false}}, "children": []}, {"name": "TailGeneric1Fluff.007", "from": [4.4824147224, -0.3949916363, -1.2706719653], "to": [8.0083651543, 1.1678584218, 1.2706719621], "rotationOrigin": [4.4824147224, 0.3864326477, -1.6e-09], "stepParentName": "b_Tail4", "rotationX": 0, "rotationY": 0, "rotationZ": 29.9036132053, "group": "tail-generic1", "faces": {"north": {"texture": "#tail", "uv": [52, 11, 45, 14], "autoUv": false}, "east": {"texture": "#tail", "uv": [60, 12, 63, 15], "autoUv": false, "enabled": false}, "south": {"texture": "#tail", "uv": [45, 11, 52, 14], "autoUv": false}, "west": {"texture": "#tail", "uv": [3, 10, 8, 15], "autoUv": false}, "up": {"texture": "#tail", "uv": [42, 10, 52, 15], "autoUv": false}, "down": {"texture": "#tail", "uv": [53, 16, 45, 11], "autoUv": false}}, "children": []}, {"name": "TailGeneric1Fluff.006", "from": [3.2146060467, 1.1269806027, -1.3160082118], "to": [6.2916479111, 2.6016013026, 1.3160082086], "rotationOrigin": [3.2146060467, 1.8642902374, -1.6e-09], "stepParentName": "b_Tail4", "rotationX": -1.6022210797, "rotationY": 0.8593035382, "rotationZ": 25.1861210738, "group": "tail-generic1", "faces": {"north": {"texture": "#tail", "uv": [52, 13, 46, 16], "autoUv": false}, "east": {"texture": "#tail", "uv": [61, 13, 63, 15], "autoUv": false, "rotation": 90, "enabled": false}, "south": {"texture": "#tail", "uv": [46, 11, 52, 14], "autoUv": false}, "west": {"texture": "#tail", "uv": [5, 21, 10, 26], "autoUv": false, "rotation": 90}, "up": {"texture": "#tail", "uv": [46, 11, 52, 14], "autoUv": false}, "down": {"texture": "#tail", "uv": [52, 16, 44, 13], "autoUv": false}}, "children": []}, {"name": "TailGeneric1Fluff", "from": [0.3253251016, -0.6059966087, -1.0335471034], "to": [3.818287462, 0.7103031278, 0.7214999795], "rotationOrigin": [0.3253251016, 0.0521526337, -0.156023562], "stepParentName": "b_Tail1", "rotationX": 2.1116127461, "rotationY": -4.1866003103, "rotationZ": 24.352853363, "group": "tail-generic1", "faces": {"north": {"texture": "#tail", "uv": [52, 13, 46, 16], "autoUv": false}, "east": {"texture": "#tail", "uv": [61, 13, 63, 15], "autoUv": false, "rotation": 90, "enabled": false}, "south": {"texture": "#tail", "uv": [46, 11, 52, 14], "autoUv": false}, "west": {"texture": "#tail", "uv": [7, 7, 12, 12], "autoUv": false, "rotation": 90}, "up": {"texture": "#tail", "uv": [46, 15, 53, 19], "autoUv": false}, "down": {"texture": "#tail", "uv": [52, 16, 44, 13], "autoUv": false}}, "children": []}, {"name": "TailGeneric1Fluff.005", "from": [1.0622240305, -0.0176367164, -1.584766628], "to": [4.7661532164, 1.7576172352, 1.5847666247], "rotationOrigin": [1.0622240305, 0.8699893951, -1.6e-09], "stepParentName": "b_Tail4", "rotationX": -0.6878823852, "rotationY": 0.3025081712, "rotationZ": 20.4450699124, "group": "tail-generic1", "faces": {"north": {"texture": "#tail", "uv": [52, 11, 46, 14], "autoUv": false}, "east": {"texture": "#tail", "uv": [61, 13, 63, 15], "autoUv": false, "rotation": 90, "enabled": false}, "south": {"texture": "#tail", "uv": [46, 9, 52, 12], "autoUv": false}, "west": {"texture": "#tail", "uv": [5, 21, 10, 26], "autoUv": false, "rotation": 90}, "up": {"texture": "#tail", "uv": [46, 11, 52, 14], "autoUv": false}, "down": {"texture": "#tail", "uv": [52, 16, 44, 13], "autoUv": false}}, "children": []}, {"name": "TailGeneric1Fluff.009", "from": [3.4958329201, -1.4429467916, -0.9829300062], "to": [6.5720834732, 0.0314644575, 0.982930003], "rotationOrigin": [3.4958329201, -0.7057418823, -1.6e-09], "stepParentName": "b_Tail4", "rotationX": 0, "rotationY": 0, "rotationZ": 7.9335012163, "group": "tail-generic1", "faces": {"north": {"texture": "#tail", "uv": [52, 13, 46, 16], "autoUv": false}, "east": {"texture": "#tail", "uv": [61, 13, 63, 15], "autoUv": false, "rotation": 90, "enabled": false}, "south": {"texture": "#tail", "uv": [46, 11, 52, 14], "autoUv": false}, "west": {"texture": "#tail", "uv": [5, 21, 10, 26], "autoUv": false, "rotation": 90}, "up": {"texture": "#tail", "uv": [46, 11, 52, 14], "autoUv": false}, "down": {"texture": "#tail", "uv": [52, 16, 44, 13], "autoUv": false}}, "children": []}, {"name": "TailGeneric1Fluff.003", "from": [1.7069221735, -0.9619693756, -1.1785232425], "to": [5.2415872812, 0.8545302153, 0.5401778817], "rotationOrigin": [1.7069221735, -0.0537204742, -0.3191726804], "stepParentName": "b_Tail2", "rotationX": -9.2254878468, "rotationY": 9.4556165568, "rotationZ": 24.5030850814, "group": "tail-generic1", "faces": {"north": {"texture": "#tail", "uv": [54, 13, 45, 17], "autoUv": false}, "east": {"texture": "#tail", "uv": [61, 13, 63, 15], "autoUv": false, "rotation": 90, "enabled": false}, "south": {"texture": "#tail", "uv": [43, 9, 52, 13], "autoUv": false}, "west": {"texture": "#tail", "uv": [7, 7, 12, 12], "autoUv": false, "rotation": 90}, "up": {"texture": "#tail", "uv": [49, 6, 58, 10], "autoUv": false}, "down": {"texture": "#tail", "uv": [52, 16, 41, 12], "autoUv": false}}, "children": []}, {"name": "TailGeneric1.002", "from": [-0.5194286704, -1.147444725, -1.222442867], "to": [5.1779561639, 1.1670958996, 1.2224428637], "rotationOrigin": [-0.5194286704, 0.0098266602, -1.6e-09], "stepParentName": "b_Tail2", "rotationX": 0, "rotationY": 0, "rotationZ": -9.071e-07, "group": "tail-generic1", "faces": {"north": {"texture": "#tail", "uv": [38, 28, 24, 34], "autoUv": false}, "east": {"texture": "#tail", "uv": [6, 28, 11, 34], "autoUv": false}, "south": {"texture": "#tail", "uv": [22, 28, 36, 34], "autoUv": false}, "west": {"texture": "#tail", "uv": [3, 28, 7, 34], "autoUv": false}, "up": {"texture": "#tail", "uv": [24, 25, 38, 30], "autoUv": false}, "down": {"texture": "#tail", "uv": [36, 40, 22, 35], "autoUv": false}}, "children": []}, {"name": "TailGeneric1", "from": [-0.0457680412, -0.7453845926, -0.8229093952], "to": [3.1049883179, 0.6397645883, 0.8229094939], "rotationOrigin": [-0.0457680412, -0.0528106876, 7.92e-08], "stepParentName": "b_Tail0", "rotationX": 0, "rotationY": 0, "rotationZ": -1.334e-06, "group": "tail-generic1", "faces": {"north": {"texture": "#tail", "uv": [21, 29, 32, 34], "autoUv": false}, "east": {"texture": "#tail", "uv": [10, 22, 6, 26], "autoUv": false}, "south": {"texture": "#tail", "uv": [30, 29, 19, 34], "autoUv": false}, "west": {"texture": "#tail", "uv": [9, 29, 4, 34], "autoUv": false}, "up": {"texture": "#tail", "uv": [33, 26, 22, 30], "autoUv": false}, "down": {"texture": "#tail", "uv": [21, 37, 32, 34], "autoUv": false}}, "children": []}, {"name": "TailGeneric1.003", "from": [-0.175235182, -1.5866110325, -1.6060315387], "to": [5.1873641908, 1.6062612534, 1.6060315354], "rotationOrigin": [-0.175235182, 0.0098266602, -1.6e-09], "stepParentName": "b_Tail3", "rotationX": 0, "rotationY": 0, "rotationZ": -9.071e-07, "group": "tail-generic1", "faces": {"north": {"texture": "#tail", "uv": [39, 27, 25, 34], "autoUv": false}, "east": {"texture": "#tail", "uv": [2, 27, 9, 34], "autoUv": false}, "south": {"texture": "#tail", "uv": [27, 27, 41, 34], "autoUv": false}, "west": {"texture": "#tail", "uv": [7, 27, 14, 34], "autoUv": false}, "up": {"texture": "#tail", "uv": [26, 23, 40, 30], "autoUv": false}, "down": {"texture": "#tail", "uv": [41, 42, 27, 35], "autoUv": false}}, "children": []}, {"name": "TailGeneric1.001", "from": [-0.1502665579, -0.9112502933, -0.8901900069], "to": [4.3799072206, 0.9309018254, 0.8901900037], "rotationOrigin": [-0.1502665579, 0.0098266602, -1.6e-09], "stepParentName": "b_Tail1", "rotationX": 0, "rotationY": 0, "rotationZ": -9.071e-07, "group": "tail-generic1", "faces": {"north": {"texture": "#tail", "uv": [33, 29, 21, 34], "autoUv": false}, "east": {"texture": "#tail", "uv": [8, 8, 13, 14], "autoUv": false}, "south": {"texture": "#tail", "uv": [20, 29, 32, 34], "autoUv": false}, "west": {"texture": "#tail", "uv": [5, 29, 10, 34], "autoUv": false}, "up": {"texture": "#tail", "uv": [24, 25, 36, 29], "autoUv": false}, "down": {"texture": "#tail", "uv": [32, 37, 20, 32], "autoUv": false}}, "children": []}, {"name": "TailGeneric1Fluff.001", "from": [1.1139580011, -0.6594881415, -0.7237114385], "to": [5.2892471552, 0.6769569516, 0.7113884017], "rotationOrigin": [1.1139580011, 0.0087337494, -0.0061615184], "stepParentName": "b_Tail1", "rotationX": -29.0057950841, "rotationY": 15.0064190877, "rotationZ": 15.2556680584, "group": "tail-generic1", "faces": {"north": {"texture": "#tail", "uv": [52, 12, 40, 16], "autoUv": false}, "east": {"texture": "#tail", "uv": [61, 13, 63, 15], "autoUv": false, "rotation": 90, "enabled": false}, "south": {"texture": "#tail", "uv": [40, 9, 52, 13], "autoUv": false}, "west": {"texture": "#tail", "uv": [5, 21, 10, 26], "autoUv": false, "rotation": 90}, "up": {"texture": "#tail", "uv": [40, 9, 52, 13], "autoUv": false}, "down": {"texture": "#tail", "uv": [52, 16, 38, 12], "autoUv": false}}, "children": []}, {"name": "TailGeneric1Fluff.002", "from": [3.0366401672, -0.7333495021, -0.8463022932], "to": [6.5133280754, 1.1367555857, 0.7851419225], "rotationOrigin": [3.0366401672, 0.2017021179, -0.0305801854], "stepParentName": "b_Tail1", "rotationX": -4.0113585736, "rotationY": -5.7386677378, "rotationZ": 23.1362805586, "group": "tail-generic1", "faces": {"north": {"texture": "#tail", "uv": [53, 12, 43, 16], "autoUv": false}, "east": {"texture": "#tail", "uv": [61, 13, 63, 15], "autoUv": false, "rotation": 90, "enabled": false}, "south": {"texture": "#tail", "uv": [43, 10, 53, 14], "autoUv": false}, "west": {"texture": "#tail", "uv": [7, 7, 12, 12], "autoUv": false, "rotation": 90}, "up": {"texture": "#tail", "uv": [43, 9, 53, 13], "autoUv": false}, "down": {"texture": "#tail", "uv": [53, 16, 40, 12], "autoUv": false}}, "children": []}, {"name": "TailGeneric1Fluff.004", "from": [1.6447540522, -1.0768554211, -1.0598944798], "to": [6.2745658159, 1.0827054977, 1.1932636127], "rotationOrigin": [1.6447540522, 0.0029239655, 0.0666845664], "stepParentName": "b_Tail2", "rotationX": 6.691075719, "rotationY": -0.6243224057, "rotationZ": 20.1543429104, "group": "tail-generic1", "faces": {"north": {"texture": "#tail", "uv": [52, 10, 42, 15], "autoUv": false}, "east": {"texture": "#tail", "uv": [61, 13, 63, 15], "autoUv": false, "rotation": 90, "enabled": false}, "south": {"texture": "#tail", "uv": [43, 13, 53, 17], "autoUv": false}, "west": {"texture": "#tail", "uv": [7, 7, 12, 12], "autoUv": false, "rotation": 90}, "up": {"texture": "#tail", "uv": [42, 10, 52, 14], "autoUv": false}, "down": {"texture": "#tail", "uv": [52, 15, 40, 10], "autoUv": false}}, "children": []}], "groups": []}