{"textureWidth":64,"textureHeight":64,"textures":{},"textureSizes":{"head":[64,64]},"elements":[{"name":"MeshHead.100","from":[2.268405918615,0.503517187426,0.95076584816],"to":[2.412981982691,3.116677962949,1.189943552017],"rotationOrigin":[2.34069442749,1.810098528862,1.070354700089],"stepParentName":"b_WingMainL","rotationX":94.389457725533,"rotationY":34.250547083635,"rotationZ":-70.987453779885,"group":"wings-insect","faces":{"north":{"texture":"#wings","uv":[3.0,2.0,5.0,7.0],"autoUv":false},"east":{"texture":"#wings","uv":[-0.0,2.0,3.0,7.0],"autoUv":false,"rotation":180},"south":{"texture":"#wings","uv":[8.0,2.0,10.0,7.0],"autoUv":false},"west":{"texture":"#wings","uv":[5.0,2.0,8.0,7.0],"autoUv":false},"up":{"texture":"#wings","uv":[3.0,0.0,5.0,2.0],"autoUv":false},"down":{"texture":"#wings","uv":[5.0,9.0,3.0,7.0],"autoUv":false,"rotation":180}},"children":[]},{"name":"MeshHead.101","from":[4.145920276642,1.984697181379,1.896870382126],"to":[4.290496349335,4.597858112658,2.146729223434],"rotationOrigin":[4.218208312988,3.291278600693,2.02179980278],"stepParentName":"b_WingMainL","rotationX":89.906961667604,"rotationY":43.627672814011,"rotationZ":-68.159769123878,"group":"wings-insect","faces":{"north":{"texture":"#wings","uv":[3.0,2.0,5.0,7.0],"autoUv":false},"east":{"texture":"#wings","uv":[-0.0,2.0,3.0,7.0],"autoUv":false,"rotation":180},"south":{"texture":"#wings","uv":[8.0,2.0,10.0,7.0],"autoUv":false},"west":{"texture":"#wings","uv":[5.0,2.0,8.0,7.0],"autoUv":false},"up":{"texture":"#wings","uv":[3.0,0.0,5.0,2.0],"autoUv":false},"down":{"texture":"#wings","uv":[5.0,9.0,3.0,7.0],"autoUv":false,"rotation":180}},"children":[]},{"name":"MeshHead.102","from":[5.272765168224,3.683461210162,2.420917272568],"to":[5.417340746845,4.38446996507,2.684289693832],"rotationOrigin":[5.345052719116,4.033965587616,2.552602529526],"stepParentName":"b_WingMainL","rotationX":107.872783901893,"rotationY":-8.895325040096,"rotationZ":-74.183647632181,"group":"wings-insect","faces":{"north":{"texture":"#wings","uv":[3.0,2.0,5.0,7.0],"autoUv":false},"east":{"texture":"#wings","uv":[-0.0,2.0,3.0,7.0],"autoUv":false,"rotation":180},"south":{"texture":"#wings","uv":[8.0,2.0,10.0,7.0],"autoUv":false},"west":{"texture":"#wings","uv":[5.0,2.0,8.0,7.0],"autoUv":false},"up":{"texture":"#wings","uv":[3.0,0.0,5.0,2.0],"autoUv":false},"down":{"texture":"#wings","uv":[5.0,9.0,3.0,7.0],"autoUv":false,"rotation":180}},"children":[]},{"name":"MeshHead.103","from":[6.110437401806,2.571405172348,2.482075460965],"to":[6.255013934101,4.211516141891,2.755886784976],"rotationOrigin":[6.182725906372,3.391460180283,2.618981122971],"stepParentName":"b_WingMainL","rotationX":120.058237532168,"rotationY":-42.212932316132,"rotationZ":-68.680195387687,"group":"wings-insect","faces":{"north":{"texture":"#wings","uv":[3.0,2.0,5.0,7.0],"autoUv":false},"east":{"texture":"#wings","uv":[-0.0,2.0,3.0,7.0],"autoUv":false,"rotation":180},"south":{"texture":"#wings","uv":[8.0,2.0,10.0,7.0],"autoUv":false},"west":{"texture":"#wings","uv":[5.0,2.0,8.0,7.0],"autoUv":false},"up":{"texture":"#wings","uv":[3.0,0.0,5.0,2.0],"autoUv":false},"down":{"texture":"#wings","uv":[5.0,9.0,3.0,7.0],"autoUv":false,"rotation":180}},"children":[]},{"name":"MeshHead.104","from":[6.731954097748,2.296546697617,2.436840780859],"to":[6.876530170441,2.854030370712,2.7129962362],"rotationOrigin":[6.804242134094,2.575288534164,2.574917554855],"stepParentName":"b_WingMainL","rotationX":142.44463332937,"rotationY":-65.120471547006,"rotationZ":-50.203710645008,"group":"wings-insect","faces":{"north":{"texture":"#wings","uv":[3.0,2.0,5.0,7.0],"autoUv":false},"east":{"texture":"#wings","uv":[-0.0,2.0,3.0,7.0],"autoUv":false,"rotation":180},"south":{"texture":"#wings","uv":[8.0,2.0,10.0,7.0],"autoUv":false},"west":{"texture":"#wings","uv":[5.0,2.0,8.0,7.0],"autoUv":false},"up":{"texture":"#wings","uv":[3.0,0.0,5.0,2.0],"autoUv":false},"down":{"texture":"#wings","uv":[5.0,9.0,3.0,7.0],"autoUv":false,"rotation":180}},"children":[]},{"name":"MeshHead.105","from":[5.840732574463,-0.196113824844,1.845181107521],"to":[5.978405475616,2.966192007065,2.131542801857],"rotationOrigin":[5.909569740295,1.385038137436,1.988361954689],"stepParentName":"b_WingMainL","rotationX":-91.351430563846,"rotationY":-45.809829461371,"rotationZ":67.274480984796,"group":"wings-insect","faces":{"north":{"texture":"#wings","uv":[3.0,2.0,5.0,7.0],"autoUv":false},"east":{"texture":"#wings","uv":[-0.0,2.0,3.0,7.0],"autoUv":false,"rotation":180},"south":{"texture":"#wings","uv":[8.0,2.0,10.0,7.0],"autoUv":false},"west":{"texture":"#wings","uv":[5.0,2.0,8.0,7.0],"autoUv":false},"up":{"texture":"#wings","uv":[3.0,0.0,5.0,2.0],"autoUv":false},"down":{"texture":"#wings","uv":[5.0,9.0,3.0,7.0],"autoUv":false,"rotation":180}},"children":[]},{"name":"MeshHead.106","from":[3.696011561862,-1.708152979612,0.775988996029],"to":[3.820584755429,1.171112805605,1.044433057308],"rotationOrigin":[3.758297920227,-0.268518656492,0.91020911932],"stepParentName":"b_WingMainL","rotationX":-83.732935110776,"rotationY":-29.487197062131,"rotationZ":71.979784643639,"group":"wings-insect","faces":{"north":{"texture":"#wings","uv":[3.0,2.0,5.0,7.0],"autoUv":false},"east":{"texture":"#wings","uv":[-0.0,2.0,3.0,7.0],"autoUv":false,"rotation":180},"south":{"texture":"#wings","uv":[8.0,2.0,10.0,7.0],"autoUv":false},"west":{"texture":"#wings","uv":[5.0,2.0,8.0,7.0],"autoUv":false},"up":{"texture":"#wings","uv":[3.0,0.0,5.0,2.0],"autoUv":false},"down":{"texture":"#wings","uv":[5.0,9.0,3.0,7.0],"autoUv":false,"rotation":180}},"children":[]},{"name":"MeshHead.107","from":[1.185819628351,-2.865167737007,-0.252106949687],"to":[1.269582745917,0.191979289055,0.017971709371],"rotationOrigin":[1.227701187134,-1.336593747139,-0.117066666484],"stepParentName":"b_WingMainL","rotationX":-80.858429508009,"rotationY":-21.189922531987,"rotationZ":73.21342609077,"group":"wings-insect","faces":{"north":{"texture":"#wings","uv":[3.0,2.0,5.0,7.0],"autoUv":false},"east":{"texture":"#wings","uv":[-0.0,2.0,3.0,7.0],"autoUv":false,"rotation":180},"south":{"texture":"#wings","uv":[8.0,2.0,10.0,7.0],"autoUv":false},"west":{"texture":"#wings","uv":[5.0,2.0,8.0,7.0],"autoUv":false},"up":{"texture":"#wings","uv":[3.0,0.0,5.0,2.0],"autoUv":false},"down":{"texture":"#wings","uv":[5.0,9.0,3.0,7.0],"autoUv":false,"rotation":180}},"children":[]},{"name":"MeshHead.108","from":[5.114517688751,0.96830534935,0.872792959213],"to":[5.188611984253,3.841069936752,3.224500417709],"rotationOrigin":[5.151565074921,2.404687643051,2.048646688461],"stepParentName":"b_WingMainL","rotationX":89.405974122173,"rotationY":44.516208708043,"rotationZ":-67.811415815829,"group":"wings-insect","faces":{"north":{"texture":"#wings","uv":[1.0,48.0,29.0,58.0],"autoUv":false,"rotation":180},"east":{"texture":"#wings","uv":[51.0,53.0,59.0,64.0],"autoUv":false},"south":{"texture":"#wings","uv":[1.0,48.0,29.0,58.0],"autoUv":false,"rotation":180},"west":{"texture":"#wings","uv":[51.0,53.0,59.0,64.0],"autoUv":false,"rotation":180},"up":{"texture":"#wings","uv":[1.0,48.0,29.0,58.0],"autoUv":false,"rotation":270},"down":{"texture":"#wings","uv":[29.0,58.0,1.0,48.0],"autoUv":false,"rotation":90}},"children":[]},{"name":"MeshHead.109","from":[2.917137162279,-1.175872635656,-0.250798451848],"to":[2.991231425215,2.62723679524,2.150946247526],"rotationOrigin":[2.954184532166,0.725683033466,0.950074851513],"stepParentName":"b_WingMainL","rotationX":95.64847332543,"rotationY":31.111815612826,"rotationZ":-71.667303489111,"group":"wings-insect","faces":{"north":{"texture":"#wings","uv":[1.0,48.0,29.0,58.0],"autoUv":false,"rotation":180},"east":{"texture":"#wings","uv":[39.0,53.0,51.0,64.0],"autoUv":false},"south":{"texture":"#wings","uv":[1.0,48.0,29.0,58.0],"autoUv":false,"rotation":180},"west":{"texture":"#wings","uv":[39.0,53.0,51.0,64.0],"autoUv":false,"rotation":180},"up":{"texture":"#wings","uv":[1.0,48.0,29.0,58.0],"autoUv":false,"rotation":270},"down":{"texture":"#wings","uv":[29.0,58.0,1.0,48.0],"autoUv":false,"rotation":90}},"children":[]},{"name":"MeshHead.110","from":[0.531313838783,-1.647604107857,-1.084427573234],"to":[0.605408129868,0.55985057354,0.900572918802],"rotationOrigin":[0.568361222744,-0.543876767159,-0.091927327216],"stepParentName":"b_WingMainL","rotationX":98.242264983499,"rotationY":23.913487784286,"rotationZ":-72.868235160307,"group":"wings-insect","faces":{"north":{"texture":"#wings","uv":[1.0,48.0,29.0,58.0],"autoUv":false,"rotation":180},"east":{"texture":"#wings","uv":[31.0,53.0,39.0,64.0],"autoUv":false},"south":{"texture":"#wings","uv":[1.0,48.0,29.0,58.0],"autoUv":false,"rotation":180},"west":{"texture":"#wings","uv":[31.0,53.0,39.0,64.0],"autoUv":false,"rotation":180},"up":{"texture":"#wings","uv":[1.0,48.0,29.0,58.0],"autoUv":false,"rotation":270},"down":{"texture":"#wings","uv":[29.0,58.0,1.0,48.0],"autoUv":false,"rotation":90}},"children":[]},{"name":"MeshHead.099","from":[0.519505509411,-0.486272931099,0.112042642807],"to":[0.664081088032,1.693454623222,0.351219378734],"rotationOrigin":[0.591793060303,0.603589892387,0.231630533934],"stepParentName":"b_WingMainL","rotationX":103.535046873234,"rotationY":40.910531354626,"rotationZ":-81.084413146888,"group":"wings-insect","faces":{"north":{"texture":"#wings","uv":[3.0,2.0,5.0,7.0],"autoUv":false},"east":{"texture":"#wings","uv":[-0.0,2.0,3.0,7.0],"autoUv":false,"rotation":180},"south":{"texture":"#wings","uv":[8.0,2.0,10.0,7.0],"autoUv":false},"west":{"texture":"#wings","uv":[5.0,2.0,8.0,7.0],"autoUv":false},"up":{"texture":"#wings","uv":[3.0,0.0,5.0,2.0],"autoUv":false},"down":{"texture":"#wings","uv":[5.0,9.0,3.0,7.0],"autoUv":false,"rotation":180}},"children":[]},{"name":"MeshHead.111","from":[-0.498073030726,0.48399598832,-0.30391313764],"to":[1.681654621379,0.723172769596,-0.159337559019],"rotationOrigin":[0.591791093349,0.60358440876,-0.231625586748],"stepParentName":"b_WingMainR","rotationX":-19.400672516632,"rotationY":6.725973289883,"rotationZ":-138.74441932765,"group":"wings-insect","faces":{"north":{"texture":"#wings","uv":[8.0,2.0,5.0,7.0],"autoUv":false,"rotation":90},"east":{"texture":"#wings","uv":[5.0,7.0,3.0,9.0],"autoUv":false,"rotation":180},"south":{"texture":"#wings","uv":[3.0,2.0,-0.0,7.0],"autoUv":false,"rotation":90},"west":{"texture":"#wings","uv":[5.0,0.0,3.0,2.0],"autoUv":false,"rotation":180},"up":{"texture":"#wings","uv":[10.0,2.0,8.0,7.0],"autoUv":false,"rotation":270},"down":{"texture":"#wings","uv":[3.0,7.0,5.0,2.0],"autoUv":false,"rotation":270}},"children":[]},{"name":"MeshHead.112","from":[1.034112847636,1.690515577793,-1.14264558884],"to":[3.647273861577,1.929693341255,-0.998069533382],"rotationOrigin":[2.340693473816,1.810104489326,-1.070357561111],"stepParentName":"b_WingMainR","rotationX":-15.364599330403,"rotationY":15.621522018675,"rotationZ":-144.239415797952,"group":"wings-insect","faces":{"north":{"texture":"#wings","uv":[8.0,2.0,5.0,7.0],"autoUv":false,"rotation":90},"east":{"texture":"#wings","uv":[5.0,7.0,3.0,9.0],"autoUv":false,"rotation":180},"south":{"texture":"#wings","uv":[3.0,2.0,-0.0,7.0],"autoUv":false,"rotation":90},"west":{"texture":"#wings","uv":[5.0,0.0,3.0,2.0],"autoUv":false,"rotation":180},"up":{"texture":"#wings","uv":[10.0,2.0,8.0,7.0],"autoUv":false,"rotation":270},"down":{"texture":"#wings","uv":[3.0,7.0,5.0,2.0],"autoUv":false,"rotation":270}},"children":[]},{"name":"MeshHead.113","from":[2.91161759535,3.166360974308,-2.094092122043],"to":[5.524778169001,3.416219823067,-1.949515589748],"rotationOrigin":[4.218197822571,3.291290521622,-2.02180314064],"stepParentName":"b_WingMainR","rotationX":-15.364797405889,"rotationY":15.621576660188,"rotationZ":-134.239185569975,"group":"wings-insect","faces":{"north":{"texture":"#wings","uv":[8.0,2.0,5.0,7.0],"autoUv":false,"rotation":90},"east":{"texture":"#wings","uv":[5.0,7.0,3.0,9.0],"autoUv":false,"rotation":180},"south":{"texture":"#wings","uv":[3.0,2.0,-0.0,7.0],"autoUv":false,"rotation":90},"west":{"texture":"#wings","uv":[5.0,0.0,3.0,2.0],"autoUv":false,"rotation":180},"up":{"texture":"#wings","uv":[10.0,2.0,8.0,7.0],"autoUv":false,"rotation":270},"down":{"texture":"#wings","uv":[3.0,7.0,5.0,2.0],"autoUv":false,"rotation":270}},"children":[]},{"name":"MeshHead.114","from":[3.159115336649,1.298543302467,-2.012128344775],"to":[3.860124168984,1.561915930754,-1.867552774771],"rotationOrigin":[5.345052719116,4.03396654129,6.034533500671],"stepParentName":"b_WingMainR","rotationX":-15.364657387011,"rotationY":15.621247103561,"rotationZ":170.76056223187,"group":"wings-insect","faces":{"north":{"texture":"#wings","uv":[8.0,2.0,5.0,7.0],"autoUv":false,"rotation":90},"east":{"texture":"#wings","uv":[5.0,7.0,3.0,9.0],"autoUv":false,"rotation":180},"south":{"texture":"#wings","uv":[3.0,2.0,-0.0,7.0],"autoUv":false,"rotation":90},"west":{"texture":"#wings","uv":[5.0,0.0,3.0,2.0],"autoUv":false,"rotation":180},"up":{"texture":"#wings","uv":[10.0,2.0,8.0,7.0],"autoUv":false,"rotation":270},"down":{"texture":"#wings","uv":[3.0,7.0,5.0,2.0],"autoUv":false,"rotation":270}},"children":[]},{"name":"MeshHead.115","from":[5.362676978111,3.254556433786,-2.691273442234],"to":[7.002788066864,3.528368456733,-2.546697386776],"rotationOrigin":[6.182732582092,3.391462564468,-2.618983983994],"stepParentName":"b_WingMainR","rotationX":-15.364662509653,"rotationY":15.621516896033,"rotationZ":135.760582886839,"group":"wings-insect","faces":{"north":{"texture":"#wings","uv":[8.0,2.0,5.0,7.0],"autoUv":false,"rotation":90},"east":{"texture":"#wings","uv":[5.0,7.0,3.0,9.0],"autoUv":false,"rotation":180},"south":{"texture":"#wings","uv":[3.0,2.0,-0.0,7.0],"autoUv":false,"rotation":90},"west":{"texture":"#wings","uv":[5.0,0.0,3.0,2.0],"autoUv":false,"rotation":180},"up":{"texture":"#wings","uv":[10.0,2.0,8.0,7.0],"autoUv":false,"rotation":270},"down":{"texture":"#wings","uv":[3.0,7.0,5.0,2.0],"autoUv":false,"rotation":270}},"children":[]},{"name":"MeshHead.116","from":[6.525510549545,2.437208668957,-2.647211781467],"to":[7.08299446106,2.713364346257,-2.502635249172],"rotationOrigin":[6.804252624512,2.575287103653,-2.574923276901],"stepParentName":"b_WingMainR","rotationX":-15.364691537957,"rotationY":15.62146225452,"rotationZ":109.611565649471,"group":"wings-insect","faces":{"north":{"texture":"#wings","uv":[8.0,2.0,5.0,7.0],"autoUv":false,"rotation":90},"east":{"texture":"#wings","uv":[5.0,7.0,3.0,9.0],"autoUv":false,"rotation":180},"south":{"texture":"#wings","uv":[3.0,2.0,-0.0,7.0],"autoUv":false,"rotation":90},"west":{"texture":"#wings","uv":[5.0,0.0,3.0,2.0],"autoUv":false,"rotation":180},"up":{"texture":"#wings","uv":[10.0,2.0,8.0,7.0],"autoUv":false,"rotation":270},"down":{"texture":"#wings","uv":[3.0,7.0,5.0,2.0],"autoUv":false,"rotation":270}},"children":[]},{"name":"MeshHead.117","from":[4.328430270025,1.24185167253,-2.05719935894],"to":[7.490735913446,1.528213873506,-1.919525980949],"rotationOrigin":[5.909583091736,1.385032892227,-1.988362669945],"stepParentName":"b_WingMainR","rotationX":-15.364293679438,"rotationY":15.621424688479,"rotationZ":48.118853457469,"group":"wings-insect","faces":{"north":{"texture":"#wings","uv":[8.0,2.0,5.0,7.0],"autoUv":false,"rotation":90},"east":{"texture":"#wings","uv":[5.0,7.0,3.0,9.0],"autoUv":false,"rotation":180},"south":{"texture":"#wings","uv":[3.0,2.0,-0.0,7.0],"autoUv":false,"rotation":90},"west":{"texture":"#wings","uv":[5.0,0.0,3.0,2.0],"autoUv":false,"rotation":180},"up":{"texture":"#wings","uv":[10.0,2.0,8.0,7.0],"autoUv":false,"rotation":270},"down":{"texture":"#wings","uv":[3.0,7.0,5.0,2.0],"autoUv":false,"rotation":270}},"children":[]},{"name":"MeshHead.118","from":[2.318676080682,-0.40272667204,-0.972509432622],"to":[5.197943124793,-0.134282626761,-0.847936224154],"rotationOrigin":[3.758309841156,-0.268504887819,-0.910223066807],"stepParentName":"b_WingMainR","rotationX":-15.364469556809,"rotationY":15.621709848877,"rotationZ":30.737603208579,"group":"wings-insect","faces":{"north":{"texture":"#wings","uv":[8.0,2.0,5.0,7.0],"autoUv":false,"rotation":90},"east":{"texture":"#wings","uv":[5.0,7.0,3.0,9.0],"autoUv":false,"rotation":180},"south":{"texture":"#wings","uv":[3.0,2.0,-0.0,7.0],"autoUv":false,"rotation":90},"west":{"texture":"#wings","uv":[5.0,0.0,3.0,2.0],"autoUv":false,"rotation":180},"up":{"texture":"#wings","uv":[10.0,2.0,8.0,7.0],"autoUv":false,"rotation":270},"down":{"texture":"#wings","uv":[3.0,7.0,5.0,2.0],"autoUv":false,"rotation":270}},"children":[]},{"name":"MeshHead.119","from":[-0.300870804276,-1.471633128223,0.075184543953],"to":[2.756276158775,-1.201554515066,0.158947894945],"rotationOrigin":[1.227702736855,-1.33659350872,0.11706610024],"stepParentName":"b_WingMainR","rotationX":-15.364443943599,"rotationY":15.621465669614,"rotationZ":22.044360414135,"group":"wings-insect","faces":{"north":{"texture":"#wings","uv":[8.0,2.0,5.0,7.0],"autoUv":false,"rotation":90},"east":{"texture":"#wings","uv":[5.0,7.0,3.0,9.0],"autoUv":false,"rotation":180},"south":{"texture":"#wings","uv":[3.0,2.0,-0.0,7.0],"autoUv":false,"rotation":90},"west":{"texture":"#wings","uv":[5.0,0.0,3.0,2.0],"autoUv":false,"rotation":180},"up":{"texture":"#wings","uv":[10.0,2.0,8.0,7.0],"autoUv":false,"rotation":270},"down":{"texture":"#wings","uv":[3.0,7.0,5.0,2.0],"autoUv":false,"rotation":270}},"children":[]},{"name":"MeshHead.120","from":[3.715157985687,1.228843688965,-2.085695505142],"to":[6.587922930717,3.58055126667,-2.011601209641],"rotationOrigin":[5.151540756226,2.404697656631,-2.04864859581],"stepParentName":"b_WingMainR","rotationX":-15.364322707742,"rotationY":15.621877188512,"rotationZ":-133.28059584072,"group":"wings-insect","faces":{"north":{"texture":"#wings","uv":[59.0,53.0,51.0,64.0],"autoUv":false,"rotation":270},"east":{"texture":"#wings","uv":[29.0,48.0,1.0,58.0],"autoUv":false,"rotation":270},"south":{"texture":"#wings","uv":[59.0,53.0,51.0,64.0],"autoUv":false,"rotation":270},"west":{"texture":"#wings","uv":[29.0,48.0,1.0,58.0],"autoUv":false,"rotation":270},"up":{"texture":"#wings","uv":[29.0,48.0,1.0,58.0],"autoUv":false,"rotation":90},"down":{"texture":"#wings","uv":[1.0,58.0,29.0,48.0],"autoUv":false,"rotation":90}},"children":[]},{"name":"MeshHead.121","from":[1.052640664763,-0.475179827109,-0.987133792151],"to":[4.855750214868,1.926564490691,-0.913039514314],"rotationOrigin":[2.95419549942,0.725692927837,-0.950086414814],"stepParentName":"b_WingMainR","rotationX":-15.364075113384,"rotationY":15.62234505647,"rotationZ":-147.552262451084,"group":"wings-insect","faces":{"north":{"texture":"#wings","uv":[51.0,53.0,39.0,64.0],"autoUv":false,"rotation":270},"east":{"texture":"#wings","uv":[29.0,48.0,1.0,58.0],"autoUv":false,"rotation":270},"south":{"texture":"#wings","uv":[51.0,53.0,39.0,64.0],"autoUv":false,"rotation":270},"west":{"texture":"#wings","uv":[29.0,48.0,1.0,58.0],"autoUv":false,"rotation":270},"up":{"texture":"#wings","uv":[29.0,48.0,1.0,58.0],"autoUv":false,"rotation":90},"down":{"texture":"#wings","uv":[1.0,58.0,29.0,48.0],"autoUv":false,"rotation":90}},"children":[]},{"name":"MeshHead.122","from":[-0.535367906094,-1.536377013177,0.054881058633],"to":[1.672087132931,0.448623836488,0.128975592554],"rotationOrigin":[0.568359792233,-0.54387652874,0.091928444803],"stepParentName":"b_WingMainR","rotationX":-15.364445651147,"rotationY":15.621627886607,"rotationZ":-155.108282163815,"group":"wings-insect","faces":{"north":{"texture":"#wings","uv":[39.0,53.0,31.0,64.0],"autoUv":false,"rotation":270},"east":{"texture":"#wings","uv":[29.0,48.0,1.0,58.0],"autoUv":false,"rotation":270},"south":{"texture":"#wings","uv":[39.0,53.0,31.0,64.0],"autoUv":false,"rotation":270},"west":{"texture":"#wings","uv":[29.0,48.0,1.0,58.0],"autoUv":false,"rotation":270},"up":{"texture":"#wings","uv":[29.0,48.0,1.0,58.0],"autoUv":false,"rotation":90},"down":{"texture":"#wings","uv":[1.0,58.0,29.0,48.0],"autoUv":false,"rotation":90}},"children":[]}],"groups":[]}