{"textureWidth":64,"textureHeight":64,"textures":{},"textureSizes":{"head":[64,64]},"elements":[{"name":"MeshHead.045","from":[-0.92714862623,-0.383483454044,-0.285313667278],"to":[1.853407788295,0.674822192548,0.38891644768],"rotationOrigin":[0.553074836731,0.121265314519,0.051801409572],"stepParentName":"b_WingMainL","rotationX":11.565533708373,"rotationY":16.658414744122,"rotationZ":44.283217295076,"group":"wings-dragon","faces":{"north":{"texture":"#wings","uv":[23.0,23.0,20.0,28.0],"autoUv":false,"rotation":270},"east":{"texture":"#wings","uv":[20.0,28.0,18.0,30.0],"autoUv":false},"south":{"texture":"#wings","uv":[18.0,23.0,15.0,28.0],"autoUv":false,"rotation":270},"west":{"texture":"#wings","uv":[20.0,21.0,18.0,23.0],"autoUv":false},"up":{"texture":"#wings","uv":[25.0,23.0,23.0,28.0],"autoUv":false,"rotation":90},"down":{"texture":"#wings","uv":[18.0,28.0,20.0,23.0],"autoUv":false,"rotation":90}},"children":[]},{"name":"MeshHead.046","from":[0.441481141645,1.825751804543,-0.278520999989],"to":[3.250187729242,2.81618634648,0.399987223631],"rotationOrigin":[1.956603527069,2.272773504257,0.060733150691],"stepParentName":"b_WingMainL","rotationX":11.565533708373,"rotationY":16.658413036574,"rotationZ":66.983207567641,"group":"wings-dragon","faces":{"north":{"texture":"#wings","uv":[23.0,23.0,20.0,28.0],"autoUv":false,"rotation":270},"east":{"texture":"#wings","uv":[20.0,28.0,18.0,30.0],"autoUv":false},"south":{"texture":"#wings","uv":[18.0,23.0,15.0,28.0],"autoUv":false,"rotation":270},"west":{"texture":"#wings","uv":[20.0,21.0,18.0,23.0],"autoUv":false},"up":{"texture":"#wings","uv":[25.0,23.0,23.0,28.0],"autoUv":false,"rotation":90},"down":{"texture":"#wings","uv":[18.0,28.0,20.0,23.0],"autoUv":false,"rotation":90}},"children":[]},{"name":"MeshHead.047","from":[1.586682688041,3.734347592175,-0.046098063281],"to":[4.310430239668,4.692261334941,0.632410238078],"rotationOrigin":[2.45361328125,4.15029335022,0.293156087399],"stepParentName":"b_WingMainL","rotationX":11.565531147052,"rotationY":16.658411329027,"rotationZ":88.909419369513,"group":"wings-dragon","faces":{"north":{"texture":"#wings","uv":[23.0,23.0,20.0,28.0],"autoUv":false,"rotation":270},"east":{"texture":"#wings","uv":[20.0,28.0,18.0,30.0],"autoUv":false},"south":{"texture":"#wings","uv":[18.0,23.0,15.0,28.0],"autoUv":false,"rotation":270},"west":{"texture":"#wings","uv":[20.0,21.0,18.0,23.0],"autoUv":false},"up":{"texture":"#wings","uv":[25.0,23.0,23.0,28.0],"autoUv":false,"rotation":90},"down":{"texture":"#wings","uv":[18.0,28.0,20.0,23.0],"autoUv":false,"rotation":90}},"children":[]},{"name":"MeshHead.048","from":[2.559826585918,4.783570982421,0.103459180061],"to":[3.574717280667,5.596669633606,1.951128898468],"rotationOrigin":[2.922725915909,4.899169921875,1.097549438477],"stepParentName":"b_WingMainL","rotationX":28.425437325463,"rotationY":16.658413036574,"rotationZ":81.505262082787,"group":"wings-dragon","faces":{"north":{"texture":"#wings","uv":[23.0,23.0,20.0,28.0],"autoUv":false,"rotation":270},"east":{"texture":"#wings","uv":[20.0,28.0,18.0,30.0],"autoUv":false},"south":{"texture":"#wings","uv":[18.0,23.0,15.0,28.0],"autoUv":false,"rotation":270},"west":{"texture":"#wings","uv":[20.0,21.0,18.0,23.0],"autoUv":false},"up":{"texture":"#wings","uv":[25.0,23.0,23.0,28.0],"autoUv":false,"rotation":90},"down":{"texture":"#wings","uv":[18.0,28.0,20.0,23.0],"autoUv":false,"rotation":90}},"children":[]},{"name":"MeshHead.049","from":[2.839604429493,4.097991818936,1.659295785375],"to":[3.82734974537,4.965467051747,2.776631588003],"rotationOrigin":[3.185909509659,4.192762374878,2.354110002518],"stepParentName":"b_WingMainL","rotationX":31.184068768961,"rotationY":0.171004804887,"rotationZ":81.864215844428,"group":"wings-dragon","faces":{"north":{"texture":"#wings","uv":[23.0,23.0,20.0,28.0],"autoUv":false,"rotation":270},"east":{"texture":"#wings","uv":[20.0,28.0,18.0,30.0],"autoUv":false},"south":{"texture":"#wings","uv":[18.0,23.0,15.0,28.0],"autoUv":false,"rotation":270},"west":{"texture":"#wings","uv":[20.0,21.0,18.0,23.0],"autoUv":false},"up":{"texture":"#wings","uv":[25.0,23.0,23.0,28.0],"autoUv":false,"rotation":90},"down":{"texture":"#wings","uv":[18.0,28.0,20.0,23.0],"autoUv":false,"rotation":90}},"children":[]},{"name":"MeshHead.050","from":[2.559723143514,3.647693936666,2.449450242467],"to":[3.456737767314,4.205705662313,3.839078599014],"rotationOrigin":[2.873539686203,3.664451360703,3.14426445961],"stepParentName":"b_WingMainL","rotationX":36.677367937254,"rotationY":-21.177713568846,"rotationZ":85.331281338829,"group":"wings-dragon","faces":{"north":{"texture":"#wings","uv":[23.0,23.0,20.0,28.0],"autoUv":false,"rotation":270},"east":{"texture":"#wings","uv":[20.0,28.0,18.0,30.0],"autoUv":false},"south":{"texture":"#wings","uv":[18.0,23.0,15.0,28.0],"autoUv":false,"rotation":270},"west":{"texture":"#wings","uv":[20.0,21.0,18.0,23.0],"autoUv":false},"up":{"texture":"#wings","uv":[25.0,23.0,23.0,28.0],"autoUv":false,"rotation":90},"down":{"texture":"#wings","uv":[18.0,28.0,20.0,23.0],"autoUv":false,"rotation":90}},"children":[]},{"name":"MeshHead.051","from":[1.679087277196,2.518659891271,3.572794811693],"to":[3.068715584469,3.294093123284,4.130806239745],"rotationOrigin":[2.372026443481,2.864665746689,4.114048957825],"stepParentName":"b_WingMainL","rotationX":48.355277040494,"rotationY":67.33328891355,"rotationZ":-3.102006183972,"group":"wings-dragon","faces":{"north":{"texture":"#wings","uv":[25.0,23.0,23.0,28.0],"autoUv":false},"east":{"texture":"#wings","uv":[23.0,23.0,20.0,28.0],"autoUv":false},"south":{"texture":"#wings","uv":[20.0,23.0,18.0,28.0],"autoUv":false},"west":{"texture":"#wings","uv":[18.0,23.0,15.0,28.0],"autoUv":false,"rotation":180},"up":{"texture":"#wings","uv":[20.0,28.0,18.0,30.0],"autoUv":false},"down":{"texture":"#wings","uv":[18.0,23.0,20.0,21.0],"autoUv":false,"rotation":180}},"children":[]},{"name":"MeshHead.052","from":[1.409543155414,1.981457178434,4.190074431844],"to":[2.100612839244,2.539468904081,5.579702788391],"rotationOrigin":[1.789199948311,1.99821460247,4.884888648987],"stepParentName":"b_WingMainL","rotationX":54.109359661488,"rotationY":-30.516612437984,"rotationZ":92.633819071083,"group":"wings-dragon","faces":{"north":{"texture":"#wings","uv":[23.0,23.0,20.0,28.0],"autoUv":false,"rotation":270},"east":{"texture":"#wings","uv":[20.0,28.0,18.0,30.0],"autoUv":false},"south":{"texture":"#wings","uv":[18.0,23.0,15.0,28.0],"autoUv":false,"rotation":270},"west":{"texture":"#wings","uv":[20.0,21.0,18.0,23.0],"autoUv":false},"up":{"texture":"#wings","uv":[25.0,23.0,23.0,28.0],"autoUv":false,"rotation":90},"down":{"texture":"#wings","uv":[18.0,28.0,20.0,23.0],"autoUv":false,"rotation":90}},"children":[]},{"name":"MeshHead.053","from":[0.867229102832,1.011002008756,4.649036395497],"to":[1.492309102616,1.569013734403,6.038664752045],"rotationOrigin":[1.246885895729,1.027759432793,5.34385061264],"stepParentName":"b_WingMainL","rotationX":74.53274543085,"rotationY":-22.503425965988,"rotationZ":102.212510514055,"group":"wings-dragon","faces":{"north":{"texture":"#wings","uv":[23.0,23.0,20.0,28.0],"autoUv":false,"rotation":270},"east":{"texture":"#wings","uv":[20.0,28.0,18.0,30.0],"autoUv":false},"south":{"texture":"#wings","uv":[18.0,23.0,15.0,28.0],"autoUv":false,"rotation":270},"west":{"texture":"#wings","uv":[20.0,21.0,18.0,23.0],"autoUv":false},"up":{"texture":"#wings","uv":[25.0,23.0,23.0,28.0],"autoUv":false,"rotation":90},"down":{"texture":"#wings","uv":[18.0,28.0,20.0,23.0],"autoUv":false,"rotation":90}},"children":[]},{"name":"MeshHead.054","from":[2.744505165798,4.497606818517,2.013397056092],"to":[3.503818673852,5.064684624633,2.535498910942],"rotationOrigin":[3.124161958694,4.514364242554,1.840684771538],"stepParentName":"b_WingMainL","rotationX":76.150933358442,"rotationY":8.965670865906,"rotationZ":13.915941820653,"group":"wings-dragon","faces":{"north":{"texture":"#wings","uv":[23.0,23.0,20.0,28.0],"autoUv":false,"rotation":270},"east":{"texture":"#wings","uv":[20.0,28.0,18.0,30.0],"autoUv":false},"south":{"texture":"#wings","uv":[18.0,23.0,15.0,28.0],"autoUv":false,"rotation":270},"west":{"texture":"#wings","uv":[20.0,21.0,18.0,23.0],"autoUv":false},"up":{"texture":"#wings","uv":[25.0,23.0,23.0,28.0],"autoUv":false,"rotation":90},"down":{"texture":"#wings","uv":[18.0,28.0,20.0,23.0],"autoUv":false,"rotation":90}},"children":[]},{"name":"MeshHead.055","from":[2.902192114574,3.20438415273,1.461458194203],"to":[3.661505661498,3.762395878377,2.851086550751],"rotationOrigin":[3.281848907471,3.221141576767,2.156272411346],"stepParentName":"b_WingMainL","rotationX":76.144984263675,"rotationY":4.767184745837,"rotationZ":14.251538896653,"group":"wings-dragon","faces":{"north":{"texture":"#wings","uv":[23.0,23.0,20.0,28.0],"autoUv":false,"rotation":270},"east":{"texture":"#wings","uv":[20.0,28.0,18.0,30.0],"autoUv":false},"south":{"texture":"#wings","uv":[18.0,23.0,15.0,28.0],"autoUv":false,"rotation":270},"west":{"texture":"#wings","uv":[20.0,21.0,18.0,23.0],"autoUv":false},"up":{"texture":"#wings","uv":[25.0,23.0,23.0,28.0],"autoUv":false,"rotation":90},"down":{"texture":"#wings","uv":[18.0,28.0,20.0,23.0],"autoUv":false,"rotation":90}},"children":[]},{"name":"MeshHead.058","from":[2.524479149562,4.851450507482,1.88433212609],"to":[3.283792657617,5.418528313598,2.407682353058],"rotationOrigin":[2.904135942459,4.868207931519,1.712868213654],"stepParentName":"b_WingMainL","rotationX":72.579830422603,"rotationY":22.389945788023,"rotationZ":14.887920428228,"group":"wings-dragon","faces":{"north":{"texture":"#wings","uv":[23.0,23.0,20.0,28.0],"autoUv":false,"rotation":270},"east":{"texture":"#wings","uv":[20.0,28.0,18.0,30.0],"autoUv":false},"south":{"texture":"#wings","uv":[18.0,23.0,15.0,28.0],"autoUv":false,"rotation":270},"west":{"texture":"#wings","uv":[20.0,21.0,18.0,23.0],"autoUv":false},"up":{"texture":"#wings","uv":[25.0,23.0,23.0,28.0],"autoUv":false,"rotation":90},"down":{"texture":"#wings","uv":[18.0,28.0,20.0,23.0],"autoUv":false,"rotation":90}},"children":[]},{"name":"MeshHead.056","from":[2.953951834423,1.914985959371,1.764177548833],"to":[3.713265381347,2.472997685018,3.15380590538],"rotationOrigin":[3.333608627319,1.931743383408,2.458991765976],"stepParentName":"b_WingMainL","rotationX":77.246400078664,"rotationY":0.426198788289,"rotationZ":14.201621312878,"group":"wings-dragon","faces":{"north":{"texture":"#wings","uv":[23.0,23.0,20.0,28.0],"autoUv":false,"rotation":270},"east":{"texture":"#wings","uv":[20.0,28.0,18.0,30.0],"autoUv":false},"south":{"texture":"#wings","uv":[18.0,23.0,15.0,28.0],"autoUv":false,"rotation":270},"west":{"texture":"#wings","uv":[20.0,21.0,18.0,23.0],"autoUv":false},"up":{"texture":"#wings","uv":[25.0,23.0,23.0,28.0],"autoUv":false,"rotation":90},"down":{"texture":"#wings","uv":[18.0,28.0,20.0,23.0],"autoUv":false,"rotation":90}},"children":[]},{"name":"MeshHead.057","from":[2.960604189617,0.959057216486,2.394282026487],"to":[3.719917736541,1.517068942132,3.372776204147],"rotationOrigin":[3.340260982513,0.975814640522,2.677962064743],"stepParentName":"b_WingMainL","rotationX":76.654837394649,"rotationY":0.276472450585,"rotationZ":14.205250704648,"group":"wings-dragon","faces":{"north":{"texture":"#wings","uv":[23.0,23.0,20.0,28.0],"autoUv":false,"rotation":270},"east":{"texture":"#wings","uv":[20.0,28.0,18.0,30.0],"autoUv":false},"south":{"texture":"#wings","uv":[18.0,23.0,15.0,28.0],"autoUv":false,"rotation":270},"west":{"texture":"#wings","uv":[20.0,21.0,18.0,23.0],"autoUv":false},"up":{"texture":"#wings","uv":[25.0,23.0,23.0,28.0],"autoUv":false,"rotation":90},"down":{"texture":"#wings","uv":[18.0,28.0,20.0,23.0],"autoUv":false,"rotation":90}},"children":[]},{"name":"MeshHead.059","from":[2.448802225626,-0.364351731981,3.788926357825],"to":[2.620869285998,1.204487697189,4.664690203126],"rotationOrigin":[2.501980304718,1.178020358086,4.278173446655],"stepParentName":"b_WingMainL","rotationX":74.944838064234,"rotationY":-1.955707701844,"rotationZ":30.454847037319,"group":"wings-dragon","faces":{"north":{"texture":"#wings","uv":[49.0,23.0,46.0,28.0],"autoUv":false,"rotation":270},"east":{"texture":"#wings","uv":[46.0,28.0,44.0,30.0],"autoUv":false},"south":{"texture":"#wings","uv":[44.0,23.0,41.0,28.0],"autoUv":false,"rotation":270},"west":{"texture":"#wings","uv":[46.0,21.0,44.0,23.0],"autoUv":false},"up":{"texture":"#wings","uv":[51.0,23.0,49.0,28.0],"autoUv":false,"rotation":90},"down":{"texture":"#wings","uv":[44.0,28.0,46.0,23.0],"autoUv":false,"rotation":90}},"children":[]},{"name":"MeshHead.060","from":[2.184883525006,1.130842923509,4.303236843499],"to":[3.044403879781,1.302909935294,5.85307616585],"rotationOrigin":[2.553155899048,1.183898806572,4.310704231262],"stepParentName":"b_WingMainL","rotationX":-16.062217776755,"rotationY":-59.681291382601,"rotationZ":87.50808311788,"group":"wings-dragon","faces":{"north":{"texture":"#wings","uv":[51.0,23.0,49.0,28.0],"autoUv":false},"east":{"texture":"#wings","uv":[49.0,23.0,46.0,28.0],"autoUv":false},"south":{"texture":"#wings","uv":[46.0,23.0,44.0,28.0],"autoUv":false},"west":{"texture":"#wings","uv":[44.0,23.0,41.0,28.0],"autoUv":false,"rotation":180},"up":{"texture":"#wings","uv":[46.0,28.0,44.0,30.0],"autoUv":false},"down":{"texture":"#wings","uv":[44.0,23.0,46.0,21.0],"autoUv":false,"rotation":180}},"children":[]},{"name":"MeshHead.061","from":[2.514958565065,0.455884474074,3.604239227193],"to":[2.682737808095,2.04548734066,4.480599408548],"rotationOrigin":[2.571147918701,1.99825656414,3.991352319717],"stepParentName":"b_WingMainL","rotationX":68.938970764771,"rotationY":-5.461114890037,"rotationZ":30.255391853177,"group":"wings-dragon","faces":{"north":{"texture":"#wings","uv":[49.0,23.0,46.0,28.0],"autoUv":false,"rotation":270},"east":{"texture":"#wings","uv":[46.0,28.0,44.0,30.0],"autoUv":false},"south":{"texture":"#wings","uv":[44.0,23.0,41.0,28.0],"autoUv":false,"rotation":270},"west":{"texture":"#wings","uv":[46.0,21.0,44.0,23.0],"autoUv":false},"up":{"texture":"#wings","uv":[51.0,23.0,49.0,28.0],"autoUv":false,"rotation":90},"down":{"texture":"#wings","uv":[44.0,28.0,46.0,23.0],"autoUv":false,"rotation":90}},"children":[]},{"name":"MeshHead.062","from":[2.548424362858,0.980900626749,3.652942010428],"to":[2.725376485201,2.003946652859,4.52886510412],"rotationOrigin":[2.612236022949,2.011840581894,4.039618015289],"stepParentName":"b_WingMainL","rotationX":70.072987072668,"rotationY":-4.800919477034,"rotationZ":-120.379611592995,"group":"wings-dragon","faces":{"north":{"texture":"#wings","uv":[49.0,23.0,46.0,28.0],"autoUv":false,"rotation":270},"east":{"texture":"#wings","uv":[46.0,28.0,44.0,30.0],"autoUv":false},"south":{"texture":"#wings","uv":[44.0,23.0,41.0,28.0],"autoUv":false,"rotation":270},"west":{"texture":"#wings","uv":[46.0,21.0,44.0,23.0],"autoUv":false},"up":{"texture":"#wings","uv":[51.0,23.0,49.0,28.0],"autoUv":false,"rotation":90},"down":{"texture":"#wings","uv":[44.0,28.0,46.0,23.0],"autoUv":false,"rotation":90}},"children":[]},{"name":"MeshHead.063","from":[2.614689571714,1.459341771866,3.285433532613],"to":[2.786756641803,2.766356245582,4.161793713968],"rotationOrigin":[2.667867660522,2.739888906479,3.672546625137],"stepParentName":"b_WingMainL","rotationX":62.91886252089,"rotationY":-9.579855136452,"rotationZ":29.741256193593,"group":"wings-dragon","faces":{"north":{"texture":"#wings","uv":[49.0,23.0,46.0,28.0],"autoUv":false,"rotation":270},"east":{"texture":"#wings","uv":[46.0,28.0,44.0,30.0],"autoUv":false},"south":{"texture":"#wings","uv":[44.0,23.0,41.0,28.0],"autoUv":false,"rotation":270},"west":{"texture":"#wings","uv":[46.0,21.0,44.0,23.0],"autoUv":false},"up":{"texture":"#wings","uv":[51.0,23.0,49.0,28.0],"autoUv":false,"rotation":90},"down":{"texture":"#wings","uv":[44.0,28.0,46.0,23.0],"autoUv":false,"rotation":90}},"children":[]},{"name":"MeshHead.064","from":[2.660761105961,2.134088837474,3.325843402411],"to":[2.832828180909,2.763142363013,4.201766496103],"rotationOrigin":[2.713939189911,2.751601934433,3.712519407272],"stepParentName":"b_WingMainL","rotationX":62.91886252089,"rotationY":-9.579853428904,"rotationZ":-120.995175561753,"group":"wings-dragon","faces":{"north":{"texture":"#wings","uv":[49.0,23.0,46.0,28.0],"autoUv":false,"rotation":270},"east":{"texture":"#wings","uv":[46.0,28.0,44.0,30.0],"autoUv":false},"south":{"texture":"#wings","uv":[44.0,23.0,41.0,28.0],"autoUv":false,"rotation":270},"west":{"texture":"#wings","uv":[46.0,21.0,44.0,23.0],"autoUv":false},"up":{"texture":"#wings","uv":[51.0,23.0,49.0,28.0],"autoUv":false,"rotation":90},"down":{"texture":"#wings","uv":[44.0,28.0,46.0,23.0],"autoUv":false,"rotation":90}},"children":[]},{"name":"MeshHead.065","from":[2.755999543433,2.485557358952,2.716965605819],"to":[2.928066628098,3.5118224876,3.780628209512],"rotationOrigin":[2.8091776371,3.485355138779,3.291381120682],"stepParentName":"b_WingMainL","rotationX":62.91886252089,"rotationY":-9.579855136452,"rotationZ":29.741256193593,"group":"wings-dragon","faces":{"north":{"texture":"#wings","uv":[49.0,23.0,46.0,28.0],"autoUv":false,"rotation":270},"east":{"texture":"#wings","uv":[46.0,28.0,44.0,30.0],"autoUv":false},"south":{"texture":"#wings","uv":[44.0,23.0,41.0,28.0],"autoUv":false,"rotation":270},"west":{"texture":"#wings","uv":[46.0,21.0,44.0,23.0],"autoUv":false},"up":{"texture":"#wings","uv":[51.0,23.0,49.0,28.0],"autoUv":false,"rotation":90},"down":{"texture":"#wings","uv":[44.0,28.0,46.0,23.0],"autoUv":false,"rotation":90}},"children":[]},{"name":"MeshHead.066","from":[2.803554537514,3.204623583659,2.802877736975],"to":[2.975621597886,3.51643826145,3.816598420541],"rotationOrigin":[2.856732606888,3.50489783287,3.327351331711],"stepParentName":"b_WingMainL","rotationX":62.91886252089,"rotationY":-9.579853428904,"rotationZ":-120.995175561753,"group":"wings-dragon","faces":{"north":{"texture":"#wings","uv":[49.0,23.0,46.0,28.0],"autoUv":false,"rotation":270},"east":{"texture":"#wings","uv":[46.0,28.0,44.0,30.0],"autoUv":false},"south":{"texture":"#wings","uv":[44.0,23.0,41.0,28.0],"autoUv":false,"rotation":270},"west":{"texture":"#wings","uv":[46.0,21.0,44.0,23.0],"autoUv":false},"up":{"texture":"#wings","uv":[51.0,23.0,49.0,28.0],"autoUv":false,"rotation":90},"down":{"texture":"#wings","uv":[44.0,28.0,46.0,23.0],"autoUv":false,"rotation":90}},"children":[]},{"name":"MeshHead.067","from":[2.877599222516,3.656722406393,2.971300840487],"to":[3.04966631204,4.411179149482,3.285647874276],"rotationOrigin":[2.930777311325,4.388820648193,2.796400785446],"stepParentName":"b_WingMainL","rotationX":59.428526571986,"rotationY":-3.456480622178,"rotationZ":29.344329995262,"group":"wings-dragon","faces":{"north":{"texture":"#wings","uv":[49.0,23.0,46.0,28.0],"autoUv":false,"rotation":270},"east":{"texture":"#wings","uv":[46.0,28.0,44.0,30.0],"autoUv":false},"south":{"texture":"#wings","uv":[44.0,23.0,41.0,28.0],"autoUv":false,"rotation":270},"west":{"texture":"#wings","uv":[46.0,21.0,44.0,23.0],"autoUv":false},"up":{"texture":"#wings","uv":[51.0,23.0,49.0,28.0],"autoUv":false,"rotation":90},"down":{"texture":"#wings","uv":[44.0,28.0,46.0,23.0],"autoUv":false,"rotation":90}},"children":[]},{"name":"MeshHead.069","from":[1.89098096154,-0.970883014007,0.164546186526],"to":[2.063048012195,0.399327144926,1.143040364187],"rotationOrigin":[1.944159030914,0.372859805822,0.653793275356],"stepParentName":"b_WingMainL","rotationX":83.128470199419,"rotationY":1.601555029581,"rotationZ":141.235088789631,"group":"wings-dragon","faces":{"north":{"texture":"#wings","uv":[49.0,23.0,46.0,28.0],"autoUv":false,"rotation":270},"east":{"texture":"#wings","uv":[46.0,28.0,44.0,30.0],"autoUv":false},"south":{"texture":"#wings","uv":[44.0,23.0,41.0,28.0],"autoUv":false,"rotation":270},"west":{"texture":"#wings","uv":[46.0,21.0,44.0,23.0],"autoUv":false},"up":{"texture":"#wings","uv":[51.0,23.0,49.0,28.0],"autoUv":false,"rotation":90},"down":{"texture":"#wings","uv":[44.0,28.0,46.0,23.0],"autoUv":false,"rotation":90}},"children":[]},{"name":"MeshHead.070","from":[2.639396908501,-1.029614385372,1.48443895209],"to":[2.811463959155,0.405660722764,2.023167124112],"rotationOrigin":[2.692574977875,0.491880267859,1.522235393524],"stepParentName":"b_WingMainL","rotationX":76.576433653166,"rotationY":5.288257316296,"rotationZ":152.342110191474,"group":"wings-dragon","faces":{"north":{"texture":"#wings","uv":[49.0,23.0,46.0,28.0],"autoUv":false,"rotation":270},"east":{"texture":"#wings","uv":[46.0,28.0,44.0,30.0],"autoUv":false},"south":{"texture":"#wings","uv":[44.0,23.0,41.0,28.0],"autoUv":false,"rotation":270},"west":{"texture":"#wings","uv":[46.0,21.0,44.0,23.0],"autoUv":false},"up":{"texture":"#wings","uv":[51.0,23.0,49.0,28.0],"autoUv":false,"rotation":90},"down":{"texture":"#wings","uv":[44.0,28.0,46.0,23.0],"autoUv":false,"rotation":90}},"children":[]},{"name":"MeshHead.071","from":[1.861740830162,-0.045893283887,0.049092704852],"to":[2.033807880817,1.324316875046,1.027586882512],"rotationOrigin":[1.914918899536,1.297849535942,0.538339793682],"stepParentName":"b_WingMainL","rotationX":83.883520291408,"rotationY":0.995195914668,"rotationZ":141.21797233557,"group":"wings-dragon","faces":{"north":{"texture":"#wings","uv":[49.0,23.0,46.0,28.0],"autoUv":false,"rotation":270},"east":{"texture":"#wings","uv":[46.0,28.0,44.0,30.0],"autoUv":false},"south":{"texture":"#wings","uv":[44.0,23.0,41.0,28.0],"autoUv":false,"rotation":270},"west":{"texture":"#wings","uv":[46.0,21.0,44.0,23.0],"autoUv":false},"up":{"texture":"#wings","uv":[51.0,23.0,49.0,28.0],"autoUv":false,"rotation":90},"down":{"texture":"#wings","uv":[44.0,28.0,46.0,23.0],"autoUv":false,"rotation":90}},"children":[]},{"name":"MeshHead.068","from":[0.771160128334,-1.091066928907,-0.571065349083],"to":[0.943227178989,0.279143230026,0.407428828578],"rotationOrigin":[0.824338197708,0.252675890923,-0.081818260252],"stepParentName":"b_WingMainL","rotationX":83.12846336923,"rotationY":1.601551080878,"rotationZ":123.260612705663,"group":"wings-dragon","faces":{"north":{"texture":"#wings","uv":[49.0,23.0,46.0,28.0],"autoUv":false,"rotation":270},"east":{"texture":"#wings","uv":[46.0,28.0,44.0,30.0],"autoUv":false},"south":{"texture":"#wings","uv":[44.0,23.0,41.0,28.0],"autoUv":false,"rotation":270},"west":{"texture":"#wings","uv":[46.0,21.0,44.0,23.0],"autoUv":false},"up":{"texture":"#wings","uv":[51.0,23.0,49.0,28.0],"autoUv":false,"rotation":90},"down":{"texture":"#wings","uv":[44.0,28.0,46.0,23.0],"autoUv":false,"rotation":90}},"children":[]},{"name":"MeshHead.072","from":[0.744895699242,-0.158444019361,-0.683455025356],"to":[0.916962788766,0.592065699692,0.295039152305],"rotationOrigin":[0.798073768616,1.185298800468,-0.194207936525],"stepParentName":"b_WingMainL","rotationX":83.12846336923,"rotationY":1.601551080878,"rotationZ":123.260612705663,"group":"wings-dragon","faces":{"north":{"texture":"#wings","uv":[49.0,23.0,46.0,28.0],"autoUv":false,"rotation":270},"east":{"texture":"#wings","uv":[46.0,28.0,44.0,30.0],"autoUv":false},"south":{"texture":"#wings","uv":[44.0,23.0,41.0,28.0],"autoUv":false,"rotation":270},"west":{"texture":"#wings","uv":[46.0,21.0,44.0,23.0],"autoUv":false},"up":{"texture":"#wings","uv":[51.0,23.0,49.0,28.0],"autoUv":false,"rotation":90},"down":{"texture":"#wings","uv":[44.0,28.0,46.0,23.0],"autoUv":false,"rotation":90}},"children":[]},{"name":"MeshHead.073","from":[2.570458653191,-0.158013250833,0.851216549475],"to":[2.742525703845,1.133028515991,1.841395368893],"rotationOrigin":[2.623636722565,1.363481402397,1.340463638306],"stepParentName":"b_WingMainL","rotationX":80.662512361856,"rotationY":3.137966703066,"rotationZ":152.041732132155,"group":"wings-dragon","faces":{"north":{"texture":"#wings","uv":[49.0,23.0,46.0,28.0],"autoUv":false,"rotation":270},"east":{"texture":"#wings","uv":[46.0,28.0,44.0,30.0],"autoUv":false},"south":{"texture":"#wings","uv":[44.0,23.0,41.0,28.0],"autoUv":false,"rotation":270},"west":{"texture":"#wings","uv":[46.0,21.0,44.0,23.0],"autoUv":false},"up":{"texture":"#wings","uv":[51.0,23.0,49.0,28.0],"autoUv":false,"rotation":90},"down":{"texture":"#wings","uv":[44.0,28.0,46.0,23.0],"autoUv":false,"rotation":90}},"children":[]},{"name":"MeshHead.074","from":[2.620694878319,-0.514618780618,1.418337875442],"to":[2.792761928973,0.840412969901,1.957066049893],"rotationOrigin":[2.673872947693,1.006875872612,1.456134319305],"stepParentName":"b_WingMainL","rotationX":82.685949073283,"rotationY":2.062881694214,"rotationZ":151.949920729331,"group":"wings-dragon","faces":{"north":{"texture":"#wings","uv":[49.0,23.0,46.0,28.0],"autoUv":false,"rotation":270},"east":{"texture":"#wings","uv":[46.0,28.0,44.0,30.0],"autoUv":false},"south":{"texture":"#wings","uv":[44.0,23.0,41.0,28.0],"autoUv":false,"rotation":270},"west":{"texture":"#wings","uv":[46.0,21.0,44.0,23.0],"autoUv":false},"up":{"texture":"#wings","uv":[51.0,23.0,49.0,28.0],"autoUv":false,"rotation":90},"down":{"texture":"#wings","uv":[44.0,28.0,46.0,23.0],"autoUv":false,"rotation":90}},"children":[]},{"name":"MeshHead.075","from":[1.800983669975,0.84816863914,-0.168582265775],"to":[1.973050730347,2.380470202241,0.809911911885],"rotationOrigin":[1.854161739349,2.191911458969,0.320664823055],"stepParentName":"b_WingMainL","rotationX":80.847822224228,"rotationY":-2.780803945091,"rotationZ":141.170598143487,"group":"wings-dragon","faces":{"north":{"texture":"#wings","uv":[49.0,23.0,46.0,28.0],"autoUv":false,"rotation":270},"east":{"texture":"#wings","uv":[46.0,28.0,44.0,30.0],"autoUv":false},"south":{"texture":"#wings","uv":[44.0,23.0,41.0,28.0],"autoUv":false,"rotation":270},"west":{"texture":"#wings","uv":[46.0,21.0,44.0,23.0],"autoUv":false},"up":{"texture":"#wings","uv":[51.0,23.0,49.0,28.0],"autoUv":false,"rotation":90},"down":{"texture":"#wings","uv":[44.0,28.0,46.0,23.0],"autoUv":false,"rotation":90}},"children":[]},{"name":"MeshHead.076","from":[2.491864445427,0.71267220735,0.574267382224],"to":[2.663931496081,2.003713974175,1.564446201642],"rotationOrigin":[2.545042514801,2.23416686058,1.063514471054],"stepParentName":"b_WingMainL","rotationX":77.633221012118,"rotationY":-0.629427598587,"rotationZ":151.782526453153,"group":"wings-dragon","faces":{"north":{"texture":"#wings","uv":[49.0,23.0,46.0,28.0],"autoUv":false,"rotation":270},"east":{"texture":"#wings","uv":[46.0,28.0,44.0,30.0],"autoUv":false},"south":{"texture":"#wings","uv":[44.0,23.0,41.0,28.0],"autoUv":false,"rotation":270},"west":{"texture":"#wings","uv":[46.0,21.0,44.0,23.0],"autoUv":false},"up":{"texture":"#wings","uv":[51.0,23.0,49.0,28.0],"autoUv":false,"rotation":90},"down":{"texture":"#wings","uv":[44.0,28.0,46.0,23.0],"autoUv":false,"rotation":90}},"children":[]},{"name":"MeshHead.077","from":[1.889867665985,1.786988524394,-0.036465348413],"to":[2.06193471664,3.157198683327,0.722915967505],"rotationOrigin":[1.943045735359,3.130731344223,0.233668878675],"stepParentName":"b_WingMainL","rotationX":87.639345693349,"rotationY":-1.688666728647,"rotationZ":141.641498705625,"group":"wings-dragon","faces":{"north":{"texture":"#wings","uv":[49.0,23.0,46.0,28.0],"autoUv":false,"rotation":270},"east":{"texture":"#wings","uv":[46.0,28.0,44.0,30.0],"autoUv":false},"south":{"texture":"#wings","uv":[44.0,23.0,41.0,28.0],"autoUv":false,"rotation":270},"west":{"texture":"#wings","uv":[46.0,21.0,44.0,23.0],"autoUv":false},"up":{"texture":"#wings","uv":[51.0,23.0,49.0,28.0],"autoUv":false,"rotation":90},"down":{"texture":"#wings","uv":[44.0,28.0,46.0,23.0],"autoUv":false,"rotation":90}},"children":[]},{"name":"MeshHead.078","from":[2.531430008629,1.575520489211,0.649339439702],"to":[2.703497059283,2.866562256035,1.437912633736],"rotationOrigin":[2.584608078003,3.097015142441,0.936980903149],"stepParentName":"b_WingMainL","rotationX":84.877654325103,"rotationY":1.15768718224,"rotationZ":152.300036226186,"group":"wings-dragon","faces":{"north":{"texture":"#wings","uv":[49.0,23.0,46.0,28.0],"autoUv":false,"rotation":270},"east":{"texture":"#wings","uv":[46.0,28.0,44.0,30.0],"autoUv":false},"south":{"texture":"#wings","uv":[44.0,23.0,41.0,28.0],"autoUv":false,"rotation":270},"west":{"texture":"#wings","uv":[46.0,21.0,44.0,23.0],"autoUv":false},"up":{"texture":"#wings","uv":[51.0,23.0,49.0,28.0],"autoUv":false,"rotation":90},"down":{"texture":"#wings","uv":[44.0,28.0,46.0,23.0],"autoUv":false,"rotation":90}},"children":[]},{"name":"MeshHead.079","from":[1.913246515015,2.579312590556,-0.288241436283],"to":[2.085313565669,3.568781574945,0.767356754266],"rotationOrigin":[1.966424584389,3.923055410385,0.201005652547],"stepParentName":"b_WingMainL","rotationX":87.639345693349,"rotationY":-1.688666728647,"rotationZ":141.641498705625,"group":"wings-dragon","faces":{"north":{"texture":"#wings","uv":[49.0,23.0,46.0,28.0],"autoUv":false,"rotation":270},"east":{"texture":"#wings","uv":[46.0,28.0,44.0,30.0],"autoUv":false},"south":{"texture":"#wings","uv":[44.0,23.0,41.0,28.0],"autoUv":false,"rotation":270},"west":{"texture":"#wings","uv":[46.0,21.0,44.0,23.0],"autoUv":false},"up":{"texture":"#wings","uv":[51.0,23.0,49.0,28.0],"autoUv":false,"rotation":90},"down":{"texture":"#wings","uv":[44.0,28.0,46.0,23.0],"autoUv":false,"rotation":90}},"children":[]},{"name":"MeshHead.080","from":[2.515401132414,2.507586258837,0.376916582186],"to":[2.687468187928,3.656572708306,1.367095401604],"rotationOrigin":[2.56857919693,3.887025594711,0.866163671017],"stepParentName":"b_WingMainL","rotationX":84.877654325103,"rotationY":1.15768718224,"rotationZ":152.300036226186,"group":"wings-dragon","faces":{"north":{"texture":"#wings","uv":[49.0,23.0,46.0,28.0],"autoUv":false,"rotation":270},"east":{"texture":"#wings","uv":[46.0,28.0,44.0,30.0],"autoUv":false},"south":{"texture":"#wings","uv":[44.0,23.0,41.0,28.0],"autoUv":false,"rotation":270},"west":{"texture":"#wings","uv":[46.0,21.0,44.0,23.0],"autoUv":false},"up":{"texture":"#wings","uv":[51.0,23.0,49.0,28.0],"autoUv":false,"rotation":90},"down":{"texture":"#wings","uv":[44.0,28.0,46.0,23.0],"autoUv":false,"rotation":90}},"children":[]},{"name":"MeshHead.081","from":[1.929632070282,3.192283181147,-0.323662569325],"to":[2.101699140371,4.069560955073,0.654831608336],"rotationOrigin":[1.982810139656,4.536026000977,0.165584519506],"stepParentName":"b_WingMainL","rotationX":87.639345693349,"rotationY":-1.688666728647,"rotationZ":141.641498705625,"group":"wings-dragon","faces":{"north":{"texture":"#wings","uv":[49.0,23.0,46.0,28.0],"autoUv":false,"rotation":270},"east":{"texture":"#wings","uv":[46.0,28.0,44.0,30.0],"autoUv":false},"south":{"texture":"#wings","uv":[44.0,23.0,41.0,28.0],"autoUv":false,"rotation":270},"west":{"texture":"#wings","uv":[46.0,21.0,44.0,23.0],"autoUv":false},"up":{"texture":"#wings","uv":[51.0,23.0,49.0,28.0],"autoUv":false,"rotation":90},"down":{"texture":"#wings","uv":[44.0,28.0,46.0,23.0],"autoUv":false,"rotation":90}},"children":[]},{"name":"MeshHead.082","from":[1.927441927269,1.249983665117,4.344173686513],"to":[2.413906206829,1.422050676903,6.219859186346],"rotationOrigin":[2.438206672668,1.303039431572,4.351641178131],"stepParentName":"b_WingMainL","rotationX":16.119386460108,"rotationY":-56.20163784956,"rotationZ":115.007053093755,"group":"wings-dragon","faces":{"north":{"texture":"#wings","uv":[51.0,23.0,49.0,28.0],"autoUv":false},"east":{"texture":"#wings","uv":[49.0,23.0,46.0,28.0],"autoUv":false},"south":{"texture":"#wings","uv":[46.0,23.0,44.0,28.0],"autoUv":false},"west":{"texture":"#wings","uv":[44.0,23.0,41.0,28.0],"autoUv":false,"rotation":180},"up":{"texture":"#wings","uv":[46.0,28.0,44.0,30.0],"autoUv":false},"down":{"texture":"#wings","uv":[44.0,23.0,46.0,21.0],"autoUv":false,"rotation":180}},"children":[]},{"name":"MeshHead.083","from":[-0.528275197635,-1.64999862969,-0.168690270999],"to":[2.252280829459,-0.591692789383,0.505540331959],"rotationOrigin":[0.553074836731,0.121265508235,3.533732652664],"stepParentName":"b_WingMainR","rotationX":-11.565531147052,"rotationY":-16.658407913933,"rotationZ":-135.71678771388,"group":"wings-dragon","faces":{"north":{"texture":"#wings","uv":[15.0,23.0,18.0,28.0],"autoUv":false,"rotation":270},"east":{"texture":"#wings","uv":[18.0,21.0,20.0,23.0],"autoUv":false,"rotation":180},"south":{"texture":"#wings","uv":[20.0,23.0,23.0,28.0],"autoUv":false,"rotation":270},"west":{"texture":"#wings","uv":[18.0,28.0,20.0,30.0],"autoUv":false,"rotation":180},"up":{"texture":"#wings","uv":[18.0,23.0,20.0,28.0],"autoUv":false,"rotation":270},"down":{"texture":"#wings","uv":[25.0,28.0,23.0,23.0],"autoUv":false,"rotation":270}},"children":[]},{"name":"MeshHead.084","from":[0.393784518882,0.515455349966,-0.178663332276],"to":[3.202491261957,1.5058900213,0.499845108838],"rotationOrigin":[1.956603527069,2.272773981094,3.542664289474],"stepParentName":"b_WingMainR","rotationX":-11.565536269694,"rotationY":-16.658416451669,"rotationZ":-113.016824762072,"group":"wings-dragon","faces":{"north":{"texture":"#wings","uv":[15.0,23.0,18.0,28.0],"autoUv":false,"rotation":270},"east":{"texture":"#wings","uv":[18.0,21.0,20.0,23.0],"autoUv":false,"rotation":180},"south":{"texture":"#wings","uv":[20.0,23.0,23.0,28.0],"autoUv":false,"rotation":270},"west":{"texture":"#wings","uv":[18.0,28.0,20.0,30.0],"autoUv":false,"rotation":180},"up":{"texture":"#wings","uv":[18.0,23.0,20.0,28.0],"autoUv":false,"rotation":270},"down":{"texture":"#wings","uv":[25.0,28.0,23.0,23.0],"autoUv":false,"rotation":270}},"children":[]},{"name":"MeshHead.085","from":[-0.196939480924,2.45046288804,-0.382537759606],"to":[2.526808439963,3.408376514197,0.295970619492],"rotationOrigin":[2.45361328125,4.15029335022,3.775087356567],"stepParentName":"b_WingMainR","rotationX":-11.565502972522,"rotationY":-16.658402791291,"rotationZ":-91.090537828119,"group":"wings-dragon","faces":{"north":{"texture":"#wings","uv":[15.0,23.0,18.0,28.0],"autoUv":false,"rotation":270},"east":{"texture":"#wings","uv":[18.0,21.0,20.0,23.0],"autoUv":false,"rotation":180},"south":{"texture":"#wings","uv":[20.0,23.0,23.0,28.0],"autoUv":false,"rotation":270},"west":{"texture":"#wings","uv":[18.0,28.0,20.0,30.0],"autoUv":false,"rotation":180},"up":{"texture":"#wings","uv":[18.0,23.0,20.0,28.0],"autoUv":false,"rotation":270},"down":{"texture":"#wings","uv":[25.0,28.0,23.0,23.0],"autoUv":false,"rotation":270}},"children":[]},{"name":"MeshHead.086","from":[-0.190557166443,2.386983293929,-1.057153967298],"to":[0.824333815415,3.200081867375,0.790516062065],"rotationOrigin":[2.922725915909,4.899169921875,4.579480648041],"stepParentName":"b_WingMainR","rotationX":-28.425445863199,"rotationY":-16.65840962148,"rotationZ":-98.494729265791,"group":"wings-dragon","faces":{"north":{"texture":"#wings","uv":[15.0,23.0,18.0,28.0],"autoUv":false,"rotation":270},"east":{"texture":"#wings","uv":[18.0,21.0,20.0,23.0],"autoUv":false,"rotation":180},"south":{"texture":"#wings","uv":[20.0,23.0,23.0,28.0],"autoUv":false,"rotation":270},"west":{"texture":"#wings","uv":[18.0,28.0,20.0,30.0],"autoUv":false,"rotation":180},"up":{"texture":"#wings","uv":[18.0,23.0,20.0,28.0],"autoUv":false,"rotation":270},"down":{"texture":"#wings","uv":[25.0,28.0,23.0,23.0],"autoUv":false,"rotation":270}},"children":[]},{"name":"MeshHead.087","from":[-1.650663186732,2.799205632225,-1.593188371064],"to":[-0.662917586227,3.666680554081,-0.475852218609],"rotationOrigin":[3.185909509659,4.192762374878,5.836040973663],"stepParentName":"b_WingMainR","rotationX":-31.184082429339,"rotationY":-0.171003937774,"rotationZ":-98.135782334339,"group":"wings-dragon","faces":{"north":{"texture":"#wings","uv":[15.0,23.0,18.0,28.0],"autoUv":false,"rotation":270},"east":{"texture":"#wings","uv":[18.0,21.0,20.0,23.0],"autoUv":false,"rotation":180},"south":{"texture":"#wings","uv":[20.0,23.0,23.0,28.0],"autoUv":false,"rotation":270},"west":{"texture":"#wings","uv":[18.0,28.0,20.0,30.0],"autoUv":false,"rotation":180},"up":{"texture":"#wings","uv":[18.0,23.0,20.0,28.0],"autoUv":false,"rotation":270},"down":{"texture":"#wings","uv":[25.0,28.0,23.0,23.0],"autoUv":false,"rotation":270}},"children":[]},{"name":"MeshHead.088","from":[-3.7566904405,5.469646032003,-1.375433189505],"to":[-2.859675307147,6.027657473429,0.01419540026],"rotationOrigin":[2.873539686203,3.66445183754,6.626195430756],"stepParentName":"b_WingMainR","rotationX":-36.677357691971,"rotationY":21.17771698394,"rotationZ":-94.668730500316,"group":"wings-dragon","faces":{"north":{"texture":"#wings","uv":[15.0,23.0,18.0,28.0],"autoUv":false,"rotation":270},"east":{"texture":"#wings","uv":[18.0,21.0,20.0,23.0],"autoUv":false,"rotation":180},"south":{"texture":"#wings","uv":[20.0,23.0,23.0,28.0],"autoUv":false,"rotation":270},"west":{"texture":"#wings","uv":[18.0,28.0,20.0,30.0],"autoUv":false,"rotation":180},"up":{"texture":"#wings","uv":[18.0,23.0,20.0,28.0],"autoUv":false,"rotation":270},"down":{"texture":"#wings","uv":[25.0,28.0,23.0,23.0],"autoUv":false,"rotation":270}},"children":[]},{"name":"MeshHead.089","from":[-6.406681642222,5.322138951619,-0.740378386695],"to":[-5.631247866037,5.880150806007,0.649250203069],"rotationOrigin":[2.372026443481,2.864666223526,7.595980167389],"stepParentName":"b_WingMainR","rotationX":-44.994195591445,"rotationY":22.631645692182,"rotationZ":-91.294637540897,"group":"wings-dragon","faces":{"north":{"texture":"#wings","uv":[15.0,23.0,18.0,28.0],"autoUv":false,"rotation":270},"east":{"texture":"#wings","uv":[18.0,21.0,20.0,23.0],"autoUv":false,"rotation":180},"south":{"texture":"#wings","uv":[20.0,23.0,23.0,28.0],"autoUv":false,"rotation":270},"west":{"texture":"#wings","uv":[18.0,28.0,20.0,30.0],"autoUv":false,"rotation":180},"up":{"texture":"#wings","uv":[18.0,23.0,20.0,28.0],"autoUv":false,"rotation":270},"down":{"texture":"#wings","uv":[25.0,28.0,23.0,23.0],"autoUv":false,"rotation":270}},"children":[]},{"name":"MeshHead.090","from":[-9.06530247137,5.890969775664,0.979430186738],"to":[-8.37423246201,6.44898178553,2.369058649489],"rotationOrigin":[1.789199948311,1.998214840889,8.366820335388],"stepParentName":"b_WingMainR","rotationX":-54.109369906772,"rotationY":30.516632928551,"rotationZ":-87.366185937873,"group":"wings-dragon","faces":{"north":{"texture":"#wings","uv":[15.0,23.0,18.0,28.0],"autoUv":false,"rotation":270},"east":{"texture":"#wings","uv":[18.0,21.0,20.0,23.0],"autoUv":false,"rotation":180},"south":{"texture":"#wings","uv":[20.0,23.0,23.0,28.0],"autoUv":false,"rotation":270},"west":{"texture":"#wings","uv":[18.0,28.0,20.0,30.0],"autoUv":false,"rotation":180},"up":{"texture":"#wings","uv":[18.0,23.0,20.0,28.0],"autoUv":false,"rotation":270},"down":{"texture":"#wings","uv":[25.0,28.0,23.0,23.0],"autoUv":false,"rotation":270}},"children":[]},{"name":"MeshHead.091","from":[-12.039988244136,4.788954012039,4.639836690505],"to":[-11.414908030571,5.346965970903,6.029465591226],"rotationOrigin":[1.246885895729,1.027759671211,8.825781822205],"stepParentName":"b_WingMainR","rotationX":-74.532786411985,"rotationY":22.503454994292,"rotationZ":-77.787453513766,"group":"wings-dragon","faces":{"north":{"texture":"#wings","uv":[15.0,23.0,18.0,28.0],"autoUv":false,"rotation":270},"east":{"texture":"#wings","uv":[18.0,21.0,20.0,23.0],"autoUv":false,"rotation":180},"south":{"texture":"#wings","uv":[20.0,23.0,23.0,28.0],"autoUv":false,"rotation":270},"west":{"texture":"#wings","uv":[18.0,28.0,20.0,30.0],"autoUv":false,"rotation":180},"up":{"texture":"#wings","uv":[18.0,23.0,20.0,28.0],"autoUv":false,"rotation":270},"down":{"texture":"#wings","uv":[25.0,28.0,23.0,23.0],"autoUv":false,"rotation":270}},"children":[]},{"name":"MeshHead.092","from":[1.331197494107,-2.851147037151,2.934106288719],"to":[2.090511149302,-2.284069516084,3.456208463376],"rotationOrigin":[3.124161958694,4.514364242554,5.322616100311],"stepParentName":"b_WingMainR","rotationX":-76.150926528253,"rotationY":-8.965671719679,"rotationZ":-166.084040990189,"group":"wings-dragon","faces":{"north":{"texture":"#wings","uv":[15.0,23.0,18.0,28.0],"autoUv":false,"rotation":270},"east":{"texture":"#wings","uv":[18.0,21.0,20.0,23.0],"autoUv":false,"rotation":180},"south":{"texture":"#wings","uv":[20.0,23.0,23.0,28.0],"autoUv":false,"rotation":270},"west":{"texture":"#wings","uv":[18.0,28.0,20.0,30.0],"autoUv":false,"rotation":180},"up":{"texture":"#wings","uv":[18.0,23.0,20.0,28.0],"autoUv":false,"rotation":270},"down":{"texture":"#wings","uv":[25.0,28.0,23.0,23.0],"autoUv":false,"rotation":270}},"children":[]},{"name":"MeshHead.093","from":[1.18952698149,-4.693093701037,3.083334848213],"to":[1.948840792164,-4.135082313082,4.472963671194],"rotationOrigin":[3.281848907471,3.221142053604,5.638203620911],"stepParentName":"b_WingMainR","rotationX":-76.144963773107,"rotationY":-4.767194564234,"rotationZ":-165.74844647551,"group":"wings-dragon","faces":{"north":{"texture":"#wings","uv":[15.0,23.0,18.0,28.0],"autoUv":false,"rotation":270},"east":{"texture":"#wings","uv":[18.0,21.0,20.0,23.0],"autoUv":false,"rotation":180},"south":{"texture":"#wings","uv":[20.0,23.0,23.0,28.0],"autoUv":false,"rotation":270},"west":{"texture":"#wings","uv":[18.0,28.0,20.0,30.0],"autoUv":false,"rotation":180},"up":{"texture":"#wings","uv":[18.0,23.0,20.0,28.0],"autoUv":false,"rotation":270},"down":{"texture":"#wings","uv":[25.0,28.0,23.0,23.0],"autoUv":false,"rotation":270}},"children":[]},{"name":"MeshHead.094","from":[1.592372935933,-2.254095278717,2.587890437524],"to":[2.351686443987,-1.687017757649,3.111240897709],"rotationOrigin":[2.904135942459,4.868207931519,5.194799423218],"stepParentName":"b_WingMainR","rotationX":-72.579809932036,"rotationY":-22.389935542739,"rotationZ":-165.112132392053,"group":"wings-dragon","faces":{"north":{"texture":"#wings","uv":[15.0,23.0,18.0,28.0],"autoUv":false,"rotation":270},"east":{"texture":"#wings","uv":[18.0,21.0,20.0,23.0],"autoUv":false,"rotation":180},"south":{"texture":"#wings","uv":[20.0,23.0,23.0,28.0],"autoUv":false,"rotation":270},"west":{"texture":"#wings","uv":[18.0,28.0,20.0,30.0],"autoUv":false,"rotation":180},"up":{"texture":"#wings","uv":[18.0,23.0,20.0,28.0],"autoUv":false,"rotation":270},"down":{"texture":"#wings","uv":[25.0,28.0,23.0,23.0],"autoUv":false,"rotation":270}},"children":[]},{"name":"MeshHead.095","from":[0.957378379331,-6.555190362039,3.39180766259],"to":[1.716692120603,-5.997178974085,4.781436358558],"rotationOrigin":[3.333608627319,1.931743860245,5.940922737122],"stepParentName":"b_WingMainR","rotationX":-77.246386418285,"rotationY":-0.426214156214,"rotationZ":-165.798375158342,"group":"wings-dragon","faces":{"north":{"texture":"#wings","uv":[15.0,23.0,18.0,28.0],"autoUv":false,"rotation":270},"east":{"texture":"#wings","uv":[18.0,21.0,20.0,23.0],"autoUv":false,"rotation":180},"south":{"texture":"#wings","uv":[20.0,23.0,23.0,28.0],"autoUv":false,"rotation":270},"west":{"texture":"#wings","uv":[18.0,28.0,20.0,30.0],"autoUv":false,"rotation":180},"up":{"texture":"#wings","uv":[18.0,23.0,20.0,28.0],"autoUv":false,"rotation":270},"down":{"texture":"#wings","uv":[25.0,28.0,23.0,23.0],"autoUv":false,"rotation":270}},"children":[]},{"name":"MeshHead.096","from":[0.859934223069,-7.904124664275,3.425177518568],"to":[1.619248033742,-7.346112705411,4.403671929446],"rotationOrigin":[3.340260982513,0.97581499815,6.159893035889],"stepParentName":"b_WingMainR","rotationX":-76.654816904081,"rotationY":-0.276481895456,"rotationZ":-165.794755158082,"group":"wings-dragon","faces":{"north":{"texture":"#wings","uv":[15.0,23.0,18.0,28.0],"autoUv":false,"rotation":270},"east":{"texture":"#wings","uv":[18.0,21.0,20.0,23.0],"autoUv":false,"rotation":180},"south":{"texture":"#wings","uv":[20.0,23.0,23.0,28.0],"autoUv":false,"rotation":270},"west":{"texture":"#wings","uv":[18.0,28.0,20.0,30.0],"autoUv":false,"rotation":180},"up":{"texture":"#wings","uv":[18.0,23.0,20.0,28.0],"autoUv":false,"rotation":270},"down":{"texture":"#wings","uv":[25.0,28.0,23.0,23.0],"autoUv":false,"rotation":270}},"children":[]},{"name":"MeshHead.097","from":[-3.601172971243,-8.815515951867,4.248489576541],"to":[-3.429105399557,-7.246676379304,5.124253968322],"rotationOrigin":[2.501980304718,1.178020596504,7.760104656219],"stepParentName":"b_WingMainR","rotationX":-74.94486538499,"rotationY":1.955727765524,"rotationZ":-149.545120405597,"group":"wings-dragon","faces":{"north":{"texture":"#wings","uv":[41.0,23.0,44.0,28.0],"autoUv":false,"rotation":270},"east":{"texture":"#wings","uv":[44.0,21.0,46.0,23.0],"autoUv":false,"rotation":180},"south":{"texture":"#wings","uv":[46.0,23.0,49.0,28.0],"autoUv":false,"rotation":270},"west":{"texture":"#wings","uv":[44.0,28.0,46.0,30.0],"autoUv":false,"rotation":180},"up":{"texture":"#wings","uv":[44.0,23.0,46.0,28.0],"autoUv":false,"rotation":270},"down":{"texture":"#wings","uv":[51.0,28.0,49.0,23.0],"autoUv":false,"rotation":270}},"children":[]},{"name":"MeshHead.098","from":[12.614752360561,7.037705311206,4.519571907107],"to":[12.786819916519,8.587545464541,5.379092572838],"rotationOrigin":[2.553155899048,1.183899044991,7.792635440826],"stepParentName":"b_WingMainR","rotationX":-76.061287125585,"rotationY":1.249591219503,"rotationZ":59.691898666382,"group":"wings-dragon","faces":{"north":{"texture":"#wings","uv":[41.0,23.0,44.0,28.0],"autoUv":false,"rotation":270},"east":{"texture":"#wings","uv":[44.0,21.0,46.0,23.0],"autoUv":false,"rotation":180},"south":{"texture":"#wings","uv":[46.0,23.0,49.0,28.0],"autoUv":false,"rotation":270},"west":{"texture":"#wings","uv":[44.0,28.0,46.0,30.0],"autoUv":false,"rotation":180},"up":{"texture":"#wings","uv":[44.0,23.0,46.0,28.0],"autoUv":false,"rotation":270},"down":{"texture":"#wings","uv":[51.0,28.0,49.0,23.0],"autoUv":false,"rotation":270}},"children":[]},{"name":"MeshHead.099","from":[-3.269766106578,-7.092883205763,2.882784791003],"to":[-3.101986619854,-5.503280470831,3.759144974719],"rotationOrigin":[2.571147918701,1.998256802559,7.473283290863],"stepParentName":"b_WingMainR","rotationX":-68.938998085528,"rotationY":5.46114007636,"rotationZ":-149.744520948226,"group":"wings-dragon","faces":{"north":{"texture":"#wings","uv":[41.0,23.0,44.0,28.0],"autoUv":false,"rotation":270},"east":{"texture":"#wings","uv":[44.0,21.0,46.0,23.0],"autoUv":false,"rotation":180},"south":{"texture":"#wings","uv":[46.0,23.0,49.0,28.0],"autoUv":false,"rotation":270},"west":{"texture":"#wings","uv":[44.0,28.0,46.0,30.0],"autoUv":false,"rotation":180},"up":{"texture":"#wings","uv":[44.0,23.0,46.0,28.0],"autoUv":false,"rotation":270},"down":{"texture":"#wings","uv":[51.0,28.0,49.0,23.0],"autoUv":false,"rotation":270}},"children":[]},{"name":"MeshHead.100","from":[12.042467848188,7.231959311588,3.105802033332],"to":[12.219420524421,8.255005490747,3.981725474528],"rotationOrigin":[2.612236022949,2.011841058731,7.521549224854],"stepParentName":"b_WingMainR","rotationX":-70.072898280209,"rotationY":4.800916915714,"rotationZ":59.620359265015,"group":"wings-dragon","faces":{"north":{"texture":"#wings","uv":[41.0,23.0,44.0,28.0],"autoUv":false,"rotation":270},"east":{"texture":"#wings","uv":[44.0,21.0,46.0,23.0],"autoUv":false,"rotation":180},"south":{"texture":"#wings","uv":[46.0,23.0,49.0,28.0],"autoUv":false,"rotation":270},"west":{"texture":"#wings","uv":[44.0,28.0,46.0,30.0],"autoUv":false,"rotation":180},"up":{"texture":"#wings","uv":[44.0,23.0,46.0,28.0],"autoUv":false,"rotation":270},"down":{"texture":"#wings","uv":[51.0,28.0,49.0,23.0],"autoUv":false,"rotation":270}},"children":[]},{"name":"MeshHead.101","from":[-2.945501219682,-5.249787328422,1.804937550356],"to":[-2.773434285636,-3.942772310532,2.681297964928],"rotationOrigin":[2.667867660522,2.739889383316,7.154477596283],"stepParentName":"b_WingMainR","rotationX":-62.918814709565,"rotationY":9.579825254374,"rotationZ":-150.258765890836,"group":"wings-dragon","faces":{"north":{"texture":"#wings","uv":[41.0,23.0,44.0,28.0],"autoUv":false,"rotation":270},"east":{"texture":"#wings","uv":[44.0,21.0,46.0,23.0],"autoUv":false,"rotation":180},"south":{"texture":"#wings","uv":[46.0,23.0,49.0,28.0],"autoUv":false,"rotation":270},"west":{"texture":"#wings","uv":[44.0,28.0,46.0,30.0],"autoUv":false,"rotation":180},"up":{"texture":"#wings","uv":[44.0,23.0,46.0,28.0],"autoUv":false,"rotation":270},"down":{"texture":"#wings","uv":[51.0,28.0,49.0,23.0],"autoUv":false,"rotation":270}},"children":[]},{"name":"MeshHead.102","from":[11.345104191584,7.032612027568,1.80901431231],"to":[11.517171141357,7.661665580638,2.68493760267],"rotationOrigin":[2.713939189911,2.75160241127,7.194450378418],"stepParentName":"b_WingMainR","rotationX":-62.918794218998,"rotationY":9.579860259093,"rotationZ":59.004788466068,"group":"wings-dragon","faces":{"north":{"texture":"#wings","uv":[41.0,23.0,44.0,28.0],"autoUv":false,"rotation":270},"east":{"texture":"#wings","uv":[44.0,21.0,46.0,23.0],"autoUv":false,"rotation":180},"south":{"texture":"#wings","uv":[46.0,23.0,49.0,28.0],"autoUv":false,"rotation":270},"west":{"texture":"#wings","uv":[44.0,28.0,46.0,30.0],"autoUv":false,"rotation":180},"up":{"texture":"#wings","uv":[44.0,23.0,46.0,28.0],"autoUv":false,"rotation":270},"down":{"texture":"#wings","uv":[51.0,28.0,49.0,23.0],"autoUv":false,"rotation":270}},"children":[]},{"name":"MeshHead.103","from":[-2.417326265949,-3.943628638603,1.765990277721],"to":[-2.245258383307,-2.917363535735,2.829653328459],"rotationOrigin":[2.8091776371,3.485355615616,6.773312091827],"stepParentName":"b_WingMainR","rotationX":-62.91886252089,"rotationY":9.57986879683,"rotationZ":-150.258724909701,"group":"wings-dragon","faces":{"north":{"texture":"#wings","uv":[41.0,23.0,44.0,28.0],"autoUv":false,"rotation":270},"east":{"texture":"#wings","uv":[44.0,21.0,46.0,23.0],"autoUv":false,"rotation":180},"south":{"texture":"#wings","uv":[46.0,23.0,49.0,28.0],"autoUv":false,"rotation":270},"west":{"texture":"#wings","uv":[44.0,28.0,46.0,30.0],"autoUv":false,"rotation":180},"up":{"texture":"#wings","uv":[44.0,23.0,46.0,28.0],"autoUv":false,"rotation":270},"down":{"texture":"#wings","uv":[51.0,28.0,49.0,23.0],"autoUv":false,"rotation":270}},"children":[]},{"name":"MeshHead.104","from":[10.869897186913,7.482717105551,1.769669560921],"to":[11.041964758598,7.794531751761,2.783390881315],"rotationOrigin":[2.856732606888,3.504898309708,6.809282302856],"stepParentName":"b_WingMainR","rotationX":-62.91877372843,"rotationY":9.579846598715,"rotationZ":59.004808956635,"group":"wings-dragon","faces":{"north":{"texture":"#wings","uv":[41.0,23.0,44.0,28.0],"autoUv":false,"rotation":270},"east":{"texture":"#wings","uv":[44.0,21.0,46.0,23.0],"autoUv":false,"rotation":180},"south":{"texture":"#wings","uv":[46.0,23.0,49.0,28.0],"autoUv":false,"rotation":270},"west":{"texture":"#wings","uv":[44.0,28.0,46.0,30.0],"autoUv":false,"rotation":180},"up":{"texture":"#wings","uv":[44.0,23.0,46.0,28.0],"autoUv":false,"rotation":270},"down":{"texture":"#wings","uv":[51.0,28.0,49.0,23.0],"autoUv":false,"rotation":270}},"children":[]},{"name":"MeshHead.105","from":[-1.259641928742,-2.307944770364,1.181956460474],"to":[-1.087574668013,-1.553488163319,1.496303815357],"rotationOrigin":[2.930777311325,4.388820648193,6.278331756592],"stepParentName":"b_WingMainR","rotationX":-59.428533402175,"rotationY":3.456459704724,"rotationZ":-150.655627202371,"group":"wings-dragon","faces":{"north":{"texture":"#wings","uv":[41.0,23.0,44.0,28.0],"autoUv":false,"rotation":270},"east":{"texture":"#wings","uv":[44.0,21.0,46.0,23.0],"autoUv":false,"rotation":180},"south":{"texture":"#wings","uv":[46.0,23.0,49.0,28.0],"autoUv":false,"rotation":270},"west":{"texture":"#wings","uv":[44.0,28.0,46.0,30.0],"autoUv":false,"rotation":180},"up":{"texture":"#wings","uv":[44.0,23.0,46.0,28.0],"autoUv":false,"rotation":270},"down":{"texture":"#wings","uv":[51.0,28.0,49.0,23.0],"autoUv":false,"rotation":270}},"children":[]},{"name":"MeshHead.106","from":[-1.164521589833,4.044029258833,3.073666571564],"to":[-0.99245464006,5.414240009439,4.05216106216],"rotationOrigin":[1.944159030914,0.372860103846,4.135724544525],"stepParentName":"b_WingMainR","rotationX":-83.128456539041,"rotationY":-1.601555029581,"rotationZ":-38.764895728758,"group":"wings-dragon","faces":{"north":{"texture":"#wings","uv":[41.0,23.0,44.0,28.0],"autoUv":false,"rotation":270},"east":{"texture":"#wings","uv":[44.0,21.0,46.0,23.0],"autoUv":false,"rotation":180},"south":{"texture":"#wings","uv":[46.0,23.0,49.0,28.0],"autoUv":false,"rotation":270},"west":{"texture":"#wings","uv":[44.0,28.0,46.0,30.0],"autoUv":false,"rotation":180},"up":{"texture":"#wings","uv":[44.0,23.0,46.0,28.0],"autoUv":false,"rotation":270},"down":{"texture":"#wings","uv":[51.0,28.0,49.0,23.0],"autoUv":false,"rotation":270}},"children":[]},{"name":"MeshHead.107","from":[-0.496732232111,6.136017929915,2.994596476531],"to":[-0.324664987109,7.571293008899,3.533324853271],"rotationOrigin":[2.692574977875,0.491880565882,5.004166603088],"stepParentName":"b_WingMainR","rotationX":-76.576460973923,"rotationY":-5.288280795072,"rotationZ":-27.657946043902,"group":"wings-dragon","faces":{"north":{"texture":"#wings","uv":[41.0,23.0,44.0,28.0],"autoUv":false,"rotation":270},"east":{"texture":"#wings","uv":[44.0,21.0,46.0,23.0],"autoUv":false,"rotation":180},"south":{"texture":"#wings","uv":[46.0,23.0,49.0,28.0],"autoUv":false,"rotation":270},"west":{"texture":"#wings","uv":[44.0,28.0,46.0,30.0],"autoUv":false,"rotation":180},"up":{"texture":"#wings","uv":[44.0,23.0,46.0,28.0],"autoUv":false,"rotation":270},"down":{"texture":"#wings","uv":[51.0,28.0,49.0,23.0],"autoUv":false,"rotation":270}},"children":[]},{"name":"MeshHead.108","from":[-1.049621159093,4.799465117881,3.045375252569],"to":[-0.877554225047,6.169675432292,4.02386957554],"rotationOrigin":[1.914918899536,1.297849774361,4.020270824432],"stepParentName":"b_WingMainR","rotationX":-83.883547612164,"rotationY":-0.995212776697,"rotationZ":-38.782053163953,"group":"wings-dragon","faces":{"north":{"texture":"#wings","uv":[41.0,23.0,44.0,28.0],"autoUv":false,"rotation":270},"east":{"texture":"#wings","uv":[44.0,21.0,46.0,23.0],"autoUv":false,"rotation":180},"south":{"texture":"#wings","uv":[46.0,23.0,49.0,28.0],"autoUv":false,"rotation":270},"west":{"texture":"#wings","uv":[44.0,28.0,46.0,30.0],"autoUv":false,"rotation":180},"up":{"texture":"#wings","uv":[44.0,23.0,46.0,28.0],"autoUv":false,"rotation":270},"down":{"texture":"#wings","uv":[51.0,28.0,49.0,23.0],"autoUv":false,"rotation":270}},"children":[]},{"name":"MeshHead.109","from":[-2.055413151152,2.023775396652,2.514010046056],"to":[-1.883346217106,3.393985711063,3.492504328629],"rotationOrigin":[0.824338197708,0.252676129341,3.400112867355],"stepParentName":"b_WingMainR","rotationX":-83.128538501311,"rotationY":-1.601562286657,"rotationZ":-56.739511831604,"group":"wings-dragon","faces":{"north":{"texture":"#wings","uv":[41.0,23.0,44.0,28.0],"autoUv":false,"rotation":270},"east":{"texture":"#wings","uv":[44.0,21.0,46.0,23.0],"autoUv":false,"rotation":180},"south":{"texture":"#wings","uv":[46.0,23.0,49.0,28.0],"autoUv":false,"rotation":270},"west":{"texture":"#wings","uv":[44.0,28.0,46.0,30.0],"autoUv":false,"rotation":180},"up":{"texture":"#wings","uv":[44.0,23.0,46.0,28.0],"autoUv":false,"rotation":270},"down":{"texture":"#wings","uv":[51.0,28.0,49.0,23.0],"autoUv":false,"rotation":270}},"children":[]},{"name":"MeshHead.110","from":[-1.894658387139,3.454330385757,2.428505042736],"to":[-1.722591313342,4.204840113951,3.406999492483],"rotationOrigin":[0.798073768616,1.185299038887,3.287723302841],"stepParentName":"b_WingMainR","rotationX":-83.128504350365,"rotationY":-1.60155748418,"rotationZ":-56.739450359901,"group":"wings-dragon","faces":{"north":{"texture":"#wings","uv":[41.0,23.0,44.0,28.0],"autoUv":false,"rotation":270},"east":{"texture":"#wings","uv":[44.0,21.0,46.0,23.0],"autoUv":false,"rotation":180},"south":{"texture":"#wings","uv":[46.0,23.0,49.0,28.0],"autoUv":false,"rotation":270},"west":{"texture":"#wings","uv":[44.0,28.0,46.0,30.0],"autoUv":false,"rotation":180},"up":{"texture":"#wings","uv":[44.0,23.0,46.0,28.0],"autoUv":false,"rotation":270},"down":{"texture":"#wings","uv":[51.0,28.0,49.0,23.0],"autoUv":false,"rotation":270}},"children":[]},{"name":"MeshHead.111","from":[-0.39463658461,6.939732425938,3.323042930268],"to":[-0.222569355335,8.230774754977,4.31322176245],"rotationOrigin":[2.623636722565,1.363481640816,4.82239484787],"stepParentName":"b_WingMainR","rotationX":-80.662532852424,"rotationY":-3.137987833963,"rotationZ":-27.958259216423,"group":"wings-dragon","faces":{"north":{"texture":"#wings","uv":[41.0,23.0,44.0,28.0],"autoUv":false,"rotation":270},"east":{"texture":"#wings","uv":[44.0,21.0,46.0,23.0],"autoUv":false,"rotation":180},"south":{"texture":"#wings","uv":[46.0,23.0,49.0,28.0],"autoUv":false,"rotation":270},"west":{"texture":"#wings","uv":[44.0,28.0,46.0,30.0],"autoUv":false,"rotation":180},"up":{"texture":"#wings","uv":[44.0,23.0,46.0,28.0],"autoUv":false,"rotation":270},"down":{"texture":"#wings","uv":[51.0,28.0,49.0,23.0],"autoUv":false,"rotation":270}},"children":[]},{"name":"MeshHead.112","from":[-0.453239025713,6.756767777722,3.623629077304],"to":[-0.281172107394,8.111799392198,4.162357482543],"rotationOrigin":[2.673872947693,1.006876111031,4.93806552887],"stepParentName":"b_WingMainR","rotationX":-82.685969563851,"rotationY":-2.062923742566,"rotationZ":-28.050094524909,"group":"wings-dragon","faces":{"north":{"texture":"#wings","uv":[41.0,23.0,44.0,28.0],"autoUv":false,"rotation":270},"east":{"texture":"#wings","uv":[44.0,21.0,46.0,23.0],"autoUv":false,"rotation":180},"south":{"texture":"#wings","uv":[46.0,23.0,49.0,28.0],"autoUv":false,"rotation":270},"west":{"texture":"#wings","uv":[44.0,28.0,46.0,30.0],"autoUv":false,"rotation":180},"up":{"texture":"#wings","uv":[44.0,23.0,46.0,28.0],"autoUv":false,"rotation":270},"down":{"texture":"#wings","uv":[51.0,28.0,49.0,23.0],"autoUv":false,"rotation":270}},"children":[]},{"name":"MeshHead.113","from":[-0.792327448556,5.194503106559,2.658286002298],"to":[-0.620260203554,6.726804432433,3.636780207132],"rotationOrigin":[1.854161739349,2.191911935806,3.802596092224],"stepParentName":"b_WingMainR","rotationX":-80.847870035552,"rotationY":2.780770861362,"rotationZ":-38.829369299429,"group":"wings-dragon","faces":{"north":{"texture":"#wings","uv":[41.0,23.0,44.0,28.0],"autoUv":false,"rotation":270},"east":{"texture":"#wings","uv":[44.0,21.0,46.0,23.0],"autoUv":false,"rotation":180},"south":{"texture":"#wings","uv":[46.0,23.0,49.0,28.0],"autoUv":false,"rotation":270},"west":{"texture":"#wings","uv":[44.0,28.0,46.0,30.0],"autoUv":false,"rotation":180},"up":{"texture":"#wings","uv":[44.0,23.0,46.0,28.0],"autoUv":false,"rotation":270},"down":{"texture":"#wings","uv":[51.0,28.0,49.0,23.0],"autoUv":false,"rotation":270}},"children":[]},{"name":"MeshHead.114","from":[-0.152709715716,7.298568105866,2.843319657594],"to":[0.019357513559,8.589609930995,3.833498477012],"rotationOrigin":[2.545042514801,2.234167337418,4.5454454422],"stepParentName":"b_WingMainR","rotationX":-77.633234672496,"rotationY":0.62939712954,"rotationZ":-28.217509291655,"group":"wings-dragon","faces":{"north":{"texture":"#wings","uv":[41.0,23.0,44.0,28.0],"autoUv":false,"rotation":270},"east":{"texture":"#wings","uv":[44.0,21.0,46.0,23.0],"autoUv":false,"rotation":180},"south":{"texture":"#wings","uv":[46.0,23.0,49.0,28.0],"autoUv":false,"rotation":270},"west":{"texture":"#wings","uv":[44.0,28.0,46.0,30.0],"autoUv":false,"rotation":180},"up":{"texture":"#wings","uv":[44.0,23.0,46.0,28.0],"autoUv":false,"rotation":270},"down":{"texture":"#wings","uv":[51.0,28.0,49.0,23.0],"autoUv":false,"rotation":270}},"children":[]},{"name":"MeshHead.115","from":[-0.620843639354,6.201399670913,3.063751201635],"to":[-0.448776565557,7.57160954913,3.823132616114],"rotationOrigin":[1.943045735359,3.13073182106,3.715600013733],"stepParentName":"b_WingMainR","rotationX":-87.639311542403,"rotationY":1.688659364849,"rotationZ":-38.358496058048,"group":"wings-dragon","faces":{"north":{"texture":"#wings","uv":[41.0,23.0,44.0,28.0],"autoUv":false,"rotation":270},"east":{"texture":"#wings","uv":[44.0,21.0,46.0,23.0],"autoUv":false,"rotation":180},"south":{"texture":"#wings","uv":[46.0,23.0,49.0,28.0],"autoUv":false,"rotation":270},"west":{"texture":"#wings","uv":[44.0,28.0,46.0,30.0],"autoUv":false,"rotation":180},"up":{"texture":"#wings","uv":[44.0,23.0,46.0,28.0],"autoUv":false,"rotation":270},"down":{"texture":"#wings","uv":[51.0,28.0,49.0,23.0],"autoUv":false,"rotation":270}},"children":[]},{"name":"MeshHead.116","from":[-0.022532880939,8.046119012028,3.439889196869],"to":[0.149534208585,9.337160719154,4.228462599023],"rotationOrigin":[2.584608078003,3.097015619278,4.418911933899],"stepParentName":"b_WingMainR","rotationX":-84.877702136427,"rotationY":-1.157725068445,"rotationZ":-27.700002933716,"group":"wings-dragon","faces":{"north":{"texture":"#wings","uv":[41.0,23.0,44.0,28.0],"autoUv":false,"rotation":270},"east":{"texture":"#wings","uv":[44.0,21.0,46.0,23.0],"autoUv":false,"rotation":180},"south":{"texture":"#wings","uv":[46.0,23.0,49.0,28.0],"autoUv":false,"rotation":270},"west":{"texture":"#wings","uv":[44.0,28.0,46.0,30.0],"autoUv":false,"rotation":180},"up":{"texture":"#wings","uv":[44.0,23.0,46.0,28.0],"autoUv":false,"rotation":270},"down":{"texture":"#wings","uv":[51.0,28.0,49.0,23.0],"autoUv":false,"rotation":270}},"children":[]},{"name":"MeshHead.117","from":[-0.557022310554,7.323237040956,2.956672756914],"to":[-0.384955236757,8.312706271261,4.012270966207],"rotationOrigin":[1.966424584389,3.923055887222,3.682936906815],"stepParentName":"b_WingMainR","rotationX":-87.639366183917,"rotationY":1.688639194446,"rotationZ":-38.358639492021,"group":"wings-dragon","faces":{"north":{"texture":"#wings","uv":[41.0,23.0,44.0,28.0],"autoUv":false,"rotation":270},"east":{"texture":"#wings","uv":[44.0,21.0,46.0,23.0],"autoUv":false,"rotation":180},"south":{"texture":"#wings","uv":[46.0,23.0,49.0,28.0],"autoUv":false,"rotation":270},"west":{"texture":"#wings","uv":[44.0,28.0,46.0,30.0],"autoUv":false,"rotation":180},"up":{"texture":"#wings","uv":[44.0,23.0,46.0,28.0],"autoUv":false,"rotation":270},"down":{"texture":"#wings","uv":[51.0,28.0,49.0,23.0],"autoUv":false,"rotation":270}},"children":[]},{"name":"MeshHead.118","from":[0.02723880336,8.711348080461,3.381716078476],"to":[0.199306064089,9.860334794172,4.371894900323],"rotationOrigin":[2.56857919693,3.887026071548,4.348094940186],"stepParentName":"b_WingMainR","rotationX":-84.877715796805,"rotationY":-1.157731471747,"rotationZ":-27.699982443148,"group":"wings-dragon","faces":{"north":{"texture":"#wings","uv":[41.0,23.0,44.0,28.0],"autoUv":false,"rotation":270},"east":{"texture":"#wings","uv":[44.0,21.0,46.0,23.0],"autoUv":false,"rotation":180},"south":{"texture":"#wings","uv":[46.0,23.0,49.0,28.0],"autoUv":false,"rotation":270},"west":{"texture":"#wings","uv":[44.0,28.0,46.0,30.0],"autoUv":false,"rotation":180},"up":{"texture":"#wings","uv":[44.0,23.0,46.0,28.0],"autoUv":false,"rotation":270},"down":{"texture":"#wings","uv":[51.0,28.0,49.0,23.0],"autoUv":false,"rotation":270}},"children":[]},{"name":"MeshHead.119","from":[-0.496777405921,7.992842842554,3.001275405213],"to":[-0.324710316397,8.870121048934,3.979769633439],"rotationOrigin":[1.982810139656,4.536026000977,3.647515773773],"stepParentName":"b_WingMainR","rotationX":-87.639373014106,"rotationY":1.688648372513,"rotationZ":-38.358639492021,"group":"wings-dragon","faces":{"north":{"texture":"#wings","uv":[41.0,23.0,44.0,28.0],"autoUv":false,"rotation":270},"east":{"texture":"#wings","uv":[44.0,21.0,46.0,23.0],"autoUv":false,"rotation":180},"south":{"texture":"#wings","uv":[46.0,23.0,49.0,28.0],"autoUv":false,"rotation":270},"west":{"texture":"#wings","uv":[44.0,28.0,46.0,30.0],"autoUv":false,"rotation":180},"up":{"texture":"#wings","uv":[44.0,23.0,46.0,28.0],"autoUv":false,"rotation":270},"down":{"texture":"#wings","uv":[51.0,28.0,49.0,23.0],"autoUv":false,"rotation":270}},"children":[]},{"name":"MeshHead.120","from":[12.568712870887,7.800724126564,6.280482871286],"to":[12.740780426845,9.676410227831,6.766947208415],"rotationOrigin":[2.438206672668,1.303039669991,7.833572387695],"stepParentName":"b_WingMainR","rotationX":-84.932801272462,"rotationY":-13.606562425781,"rotationZ":58.806432942382,"group":"wings-dragon","faces":{"north":{"texture":"#wings","uv":[41.0,23.0,44.0,28.0],"autoUv":false,"rotation":270},"east":{"texture":"#wings","uv":[44.0,21.0,46.0,23.0],"autoUv":false,"rotation":180},"south":{"texture":"#wings","uv":[46.0,23.0,49.0,28.0],"autoUv":false,"rotation":270},"west":{"texture":"#wings","uv":[44.0,28.0,46.0,30.0],"autoUv":false,"rotation":180},"up":{"texture":"#wings","uv":[44.0,23.0,46.0,28.0],"autoUv":false,"rotation":270},"down":{"texture":"#wings","uv":[51.0,28.0,49.0,23.0],"autoUv":false,"rotation":270}},"children":[]}],"groups":[]}