{"textureWidth":64,"textureHeight":64,"textures":{},"textureSizes":{"head":[64,64]},"elements":[{"name":"MeshHead.123","from":[1.351695615097,0.73250197609,1.006927668592],"to":[1.485938539673,3.15889539801,1.22901088045],"rotationOrigin":[1.418817520142,1.945699572563,1.117969274521],"stepParentName":"b_WingMainL","rotationX":94.389457725533,"rotationY":34.250540253446,"rotationZ":-70.987453779885,"group":"wings-insect2","faces":{"north":{"texture":"#wings","uv":[3.0,2.0,5.0,7.0],"autoUv":false},"east":{"texture":"#wings","uv":[-0.0,2.0,3.0,7.0],"autoUv":false,"rotation":180},"south":{"texture":"#wings","uv":[8.0,2.0,10.0,7.0],"autoUv":false},"west":{"texture":"#wings","uv":[5.0,2.0,8.0,7.0],"autoUv":false},"up":{"texture":"#wings","uv":[3.0,0.0,5.0,2.0],"autoUv":false},"down":{"texture":"#wings","uv":[5.0,9.0,3.0,7.0],"autoUv":false,"rotation":180}},"children":[]},{"name":"MeshHead.124","from":[3.095019843567,2.107822369329,1.885412633548],"to":[3.229262802612,4.534215635493,2.117413580289],"rotationOrigin":[3.16214132309,3.321019887924,2.001413106918],"stepParentName":"b_WingMainL","rotationX":89.907002648739,"rotationY":43.627672814011,"rotationZ":-68.159816935202,"group":"wings-insect2","faces":{"north":{"texture":"#wings","uv":[3.0,2.0,5.0,7.0],"autoUv":false},"east":{"texture":"#wings","uv":[-0.0,2.0,3.0,7.0],"autoUv":false,"rotation":180},"south":{"texture":"#wings","uv":[8.0,2.0,10.0,7.0],"autoUv":false},"west":{"texture":"#wings","uv":[5.0,2.0,8.0,7.0],"autoUv":false},"up":{"texture":"#wings","uv":[3.0,0.0,5.0,2.0],"autoUv":false},"down":{"texture":"#wings","uv":[5.0,9.0,3.0,7.0],"autoUv":false,"rotation":180}},"children":[]},{"name":"MeshHead.125","from":[4.141327394812,3.685170759204,2.372004242435],"to":[4.275569868013,4.336077104565,2.616552959958],"rotationOrigin":[4.208448410034,4.010623931885,2.494277715683],"stepParentName":"b_WingMainL","rotationX":107.872790732082,"rotationY":-8.895328455191,"rotationZ":-74.183674952938,"group":"wings-insect2","faces":{"north":{"texture":"#wings","uv":[3.0,2.0,5.0,7.0],"autoUv":false},"east":{"texture":"#wings","uv":[-0.0,2.0,3.0,7.0],"autoUv":false,"rotation":180},"south":{"texture":"#wings","uv":[8.0,2.0,10.0,7.0],"autoUv":false},"west":{"texture":"#wings","uv":[5.0,2.0,8.0,7.0],"autoUv":false},"up":{"texture":"#wings","uv":[3.0,0.0,5.0,2.0],"autoUv":false},"down":{"texture":"#wings","uv":[5.0,9.0,3.0,7.0],"autoUv":false,"rotation":180}},"children":[]},{"name":"MeshHead.126","from":[4.919128976645,2.652595279218,2.428791506648],"to":[5.05337233536,4.175484353091,2.683033005834],"rotationOrigin":[4.98625087738,3.414039373398,2.555912256241],"stepParentName":"b_WingMainL","rotationX":120.058237532168,"rotationY":-42.212932316132,"rotationZ":-68.680195387687,"group":"wings-insect2","faces":{"north":{"texture":"#wings","uv":[3.0,2.0,5.0,7.0],"autoUv":false},"east":{"texture":"#wings","uv":[-0.0,2.0,3.0,7.0],"autoUv":false,"rotation":180},"south":{"texture":"#wings","uv":[8.0,2.0,10.0,7.0],"autoUv":false},"west":{"texture":"#wings","uv":[5.0,2.0,8.0,7.0],"autoUv":false},"up":{"texture":"#wings","uv":[3.0,0.0,5.0,2.0],"autoUv":false},"down":{"texture":"#wings","uv":[5.0,9.0,3.0,7.0],"autoUv":false,"rotation":180}},"children":[]},{"name":"MeshHead.127","from":[5.49622538327,2.397380567488,2.386789560774],"to":[5.630468342316,2.915019773546,2.64320765169],"rotationOrigin":[5.563346862793,2.656200170517,2.514997720718],"stepParentName":"b_WingMainL","rotationX":142.444619668991,"rotationY":-65.120478377195,"rotationZ":-50.203720890291,"group":"wings-insect2","faces":{"north":{"texture":"#wings","uv":[3.0,2.0,5.0,7.0],"autoUv":false},"east":{"texture":"#wings","uv":[-0.0,2.0,3.0,7.0],"autoUv":false,"rotation":180},"south":{"texture":"#wings","uv":[8.0,2.0,10.0,7.0],"autoUv":false},"west":{"texture":"#wings","uv":[5.0,2.0,8.0,7.0],"autoUv":false},"up":{"texture":"#wings","uv":[3.0,0.0,5.0,2.0],"autoUv":false},"down":{"texture":"#wings","uv":[5.0,9.0,3.0,7.0],"autoUv":false,"rotation":180}},"children":[]},{"name":"MeshHead.128","from":[4.668701567981,0.082877168397,1.837417245546],"to":[4.796534721242,3.019167277648,2.103312134107],"rotationOrigin":[4.732618808746,1.551021337509,1.970364689827],"stepParentName":"b_WingMainL","rotationX":-91.351430563846,"rotationY":-45.809829461371,"rotationZ":67.274480984796,"group":"wings-insect2","faces":{"north":{"texture":"#wings","uv":[3.0,2.0,5.0,7.0],"autoUv":false},"east":{"texture":"#wings","uv":[-0.0,2.0,3.0,7.0],"autoUv":false,"rotation":180},"south":{"texture":"#wings","uv":[8.0,2.0,10.0,7.0],"autoUv":false},"west":{"texture":"#wings","uv":[5.0,2.0,8.0,7.0],"autoUv":false},"up":{"texture":"#wings","uv":[3.0,0.0,5.0,2.0],"autoUv":false},"down":{"texture":"#wings","uv":[5.0,9.0,3.0,7.0],"autoUv":false,"rotation":180}},"children":[]},{"name":"MeshHead.129","from":[2.677267068224,-1.321094977469,0.844642540803],"to":[2.792936774191,1.352383954773,1.093900387046],"rotationOrigin":[2.735101699829,0.015645816922,0.969269692898],"stepParentName":"b_WingMainL","rotationX":-83.732935110776,"rotationY":-29.487197062131,"rotationZ":71.979784643639,"group":"wings-insect2","faces":{"north":{"texture":"#wings","uv":[3.0,2.0,5.0,7.0],"autoUv":false},"east":{"texture":"#wings","uv":[-0.0,2.0,3.0,7.0],"autoUv":false,"rotation":180},"south":{"texture":"#wings","uv":[8.0,2.0,10.0,7.0],"autoUv":false},"west":{"texture":"#wings","uv":[5.0,2.0,8.0,7.0],"autoUv":false},"up":{"texture":"#wings","uv":[3.0,0.0,5.0,2.0],"autoUv":false},"down":{"texture":"#wings","uv":[5.0,9.0,3.0,7.0],"autoUv":false,"rotation":180}},"children":[]},{"name":"MeshHead.130","from":[0.346483904468,-2.395415179229,-0.109973797107],"to":[0.424260300054,0.443231285522,0.140801867351],"rotationOrigin":[0.385372102261,-0.976091504097,0.015414920636],"stepParentName":"b_WingMainL","rotationX":-80.858436338198,"rotationY":-21.18992082444,"rotationZ":73.213446581338,"group":"wings-insect2","faces":{"north":{"texture":"#wings","uv":[3.0,2.0,5.0,7.0],"autoUv":false},"east":{"texture":"#wings","uv":[-0.0,2.0,3.0,7.0],"autoUv":false,"rotation":180},"south":{"texture":"#wings","uv":[8.0,2.0,10.0,7.0],"autoUv":false},"west":{"texture":"#wings","uv":[5.0,2.0,8.0,7.0],"autoUv":false},"up":{"texture":"#wings","uv":[3.0,0.0,5.0,2.0],"autoUv":false},"down":{"texture":"#wings","uv":[5.0,9.0,3.0,7.0],"autoUv":false,"rotation":180}},"children":[]},{"name":"MeshHead.131","from":[3.994390454689,1.164073586963,0.934527865352],"to":[4.063189096756,3.831516146161,3.118154534397],"rotationOrigin":[4.028789997101,2.497794866562,2.026341199875],"stepParentName":"b_WingMainL","rotationX":89.405960461795,"rotationY":44.516212123138,"rotationZ":-67.81140898564,"group":"wings-insect2","faces":{"north":{"texture":"#wings","uv":[1.0,48.0,29.0,58.0],"autoUv":false,"rotation":180},"east":{"texture":"#wings","uv":[51.0,53.0,59.0,64.0],"autoUv":false},"south":{"texture":"#wings","uv":[1.0,48.0,29.0,58.0],"autoUv":false,"rotation":180},"west":{"texture":"#wings","uv":[51.0,53.0,59.0,64.0],"autoUv":false,"rotation":180},"up":{"texture":"#wings","uv":[1.0,48.0,29.0,58.0],"autoUv":false,"rotation":270},"down":{"texture":"#wings","uv":[29.0,58.0,1.0,48.0],"autoUv":false,"rotation":90}},"children":[]},{"name":"MeshHead.132","from":[1.954060547357,-0.826856533597,-0.108758549582],"to":[2.022859137755,2.704437074201,2.121328590231],"rotationOrigin":[1.988460063934,0.938791155815,1.006285905838],"stepParentName":"b_WingMainL","rotationX":95.64847332543,"rotationY":31.111815612826,"rotationZ":-71.667303489111,"group":"wings-insect2","faces":{"north":{"texture":"#wings","uv":[1.0,48.0,29.0,58.0],"autoUv":false,"rotation":180},"east":{"texture":"#wings","uv":[39.0,53.0,51.0,64.0],"autoUv":false},"south":{"texture":"#wings","uv":[1.0,48.0,29.0,58.0],"autoUv":false,"rotation":180},"west":{"texture":"#wings","uv":[39.0,53.0,51.0,64.0],"autoUv":false,"rotation":180},"up":{"texture":"#wings","uv":[1.0,48.0,29.0,58.0],"autoUv":false,"rotation":270},"down":{"texture":"#wings","uv":[29.0,58.0,1.0,48.0],"autoUv":false,"rotation":90}},"children":[]},{"name":"MeshHead.133","from":[-0.261243163302,-1.264871983802,-0.882806856725],"to":[-0.192444530069,0.784811257397,0.960321929846],"rotationOrigin":[-0.226843625307,-0.240030363202,0.03875753656],"stepParentName":"b_WingMainL","rotationX":98.242251323121,"rotationY":23.913486076739,"rotationZ":-72.868228330118,"group":"wings-insect2","faces":{"north":{"texture":"#wings","uv":[1.0,48.0,29.0,58.0],"autoUv":false,"rotation":180},"east":{"texture":"#wings","uv":[31.0,53.0,39.0,64.0],"autoUv":false},"south":{"texture":"#wings","uv":[1.0,48.0,29.0,58.0],"autoUv":false,"rotation":180},"west":{"texture":"#wings","uv":[31.0,53.0,39.0,64.0],"autoUv":false,"rotation":180},"up":{"texture":"#wings","uv":[1.0,48.0,29.0,58.0],"autoUv":false,"rotation":270},"down":{"texture":"#wings","uv":[29.0,58.0,1.0,48.0],"autoUv":false,"rotation":90}},"children":[]},{"name":"MeshHead.134","from":[-0.272207235862,-0.186544089815,0.228149494457],"to":[-0.137964754043,1.837394130305,0.450231820801],"rotationOrigin":[-0.205086216331,0.825424134731,0.339190214872],"stepParentName":"b_WingMainL","rotationX":103.535046873234,"rotationY":40.910534769721,"rotationZ":-81.084413146888,"group":"wings-insect2","faces":{"north":{"texture":"#wings","uv":[3.0,2.0,5.0,7.0],"autoUv":false},"east":{"texture":"#wings","uv":[-0.0,2.0,3.0,7.0],"autoUv":false,"rotation":180},"south":{"texture":"#wings","uv":[8.0,2.0,10.0,7.0],"autoUv":false},"west":{"texture":"#wings","uv":[5.0,2.0,8.0,7.0],"autoUv":false},"up":{"texture":"#wings","uv":[3.0,0.0,5.0,2.0],"autoUv":false},"down":{"texture":"#wings","uv":[5.0,9.0,3.0,7.0],"autoUv":false,"rotation":180}},"children":[]},{"name":"MeshHead.135","from":[-1.217057200827,0.714381142331,-0.406307011091],"to":[0.806881741127,0.936463495508,-0.272064512037],"rotationOrigin":[-0.205087453127,0.825422346592,-0.339185982943],"stepParentName":"b_WingMainR","rotationX":-19.400674224179,"rotationY":6.725972862996,"rotationZ":-138.74441932765,"group":"wings-insect2","faces":{"north":{"texture":"#wings","uv":[8.0,2.0,5.0,7.0],"autoUv":false,"rotation":90},"east":{"texture":"#wings","uv":[5.0,7.0,3.0,9.0],"autoUv":false,"rotation":180},"south":{"texture":"#wings","uv":[3.0,2.0,-0.0,7.0],"autoUv":false,"rotation":90},"west":{"texture":"#wings","uv":[5.0,0.0,3.0,2.0],"autoUv":false,"rotation":180},"up":{"texture":"#wings","uv":[10.0,2.0,8.0,7.0],"autoUv":false,"rotation":270},"down":{"texture":"#wings","uv":[3.0,7.0,5.0,2.0],"autoUv":false,"rotation":270}},"children":[]},{"name":"MeshHead.136","from":[0.205619634129,1.834665786231,-1.185093593523],"to":[2.632013277427,2.056749039177,-1.050850677565],"rotationOrigin":[1.418816566467,1.945707440376,-1.117972135544],"stepParentName":"b_WingMainR","rotationX":-15.36460103795,"rotationY":15.621522018675,"rotationZ":-144.239415797952,"group":"wings-insect2","faces":{"north":{"texture":"#wings","uv":[8.0,2.0,5.0,7.0],"autoUv":false,"rotation":90},"east":{"texture":"#wings","uv":[5.0,7.0,3.0,9.0],"autoUv":false,"rotation":180},"south":{"texture":"#wings","uv":[3.0,2.0,-0.0,7.0],"autoUv":false,"rotation":90},"west":{"texture":"#wings","uv":[5.0,0.0,3.0,2.0],"autoUv":false,"rotation":180},"up":{"texture":"#wings","uv":[10.0,2.0,8.0,7.0],"autoUv":false,"rotation":270},"down":{"texture":"#wings","uv":[3.0,7.0,5.0,2.0],"autoUv":false,"rotation":270}},"children":[]},{"name":"MeshHead.137","from":[1.948935929358,3.205031217876,-2.068538320051],"to":[4.375328707698,3.437032171534,-1.934294944101],"rotationOrigin":[3.162132263184,3.321031808853,-2.001415967941],"stepParentName":"b_WingMainR","rotationX":-15.364797405889,"rotationY":15.621576660188,"rotationZ":-134.239185569975,"group":"wings-insect2","faces":{"north":{"texture":"#wings","uv":[8.0,2.0,5.0,7.0],"autoUv":false,"rotation":90},"east":{"texture":"#wings","uv":[5.0,7.0,3.0,9.0],"autoUv":false,"rotation":180},"south":{"texture":"#wings","uv":[3.0,2.0,-0.0,7.0],"autoUv":false,"rotation":90},"west":{"texture":"#wings","uv":[5.0,0.0,3.0,2.0],"autoUv":false,"rotation":180},"up":{"texture":"#wings","uv":[10.0,2.0,8.0,7.0],"autoUv":false,"rotation":270},"down":{"texture":"#wings","uv":[3.0,7.0,5.0,2.0],"autoUv":false,"rotation":270}},"children":[]},{"name":"MeshHead.138","from":[3.882999072943,3.888351519717,-2.561398701134],"to":[4.533905487209,4.132900380128,-2.427156219314],"rotationOrigin":[4.208452224731,4.010625839233,-2.494277238846],"stepParentName":"b_WingMainR","rotationX":-15.364659094558,"rotationY":15.621247103561,"rotationZ":170.76056223187,"group":"wings-insect2","faces":{"north":{"texture":"#wings","uv":[8.0,2.0,5.0,7.0],"autoUv":false,"rotation":90},"east":{"texture":"#wings","uv":[5.0,7.0,3.0,9.0],"autoUv":false,"rotation":180},"south":{"texture":"#wings","uv":[3.0,2.0,-0.0,7.0],"autoUv":false,"rotation":90},"west":{"texture":"#wings","uv":[5.0,0.0,3.0,2.0],"autoUv":false,"rotation":180},"up":{"texture":"#wings","uv":[10.0,2.0,8.0,7.0],"autoUv":false,"rotation":270},"down":{"texture":"#wings","uv":[3.0,7.0,5.0,2.0],"autoUv":false,"rotation":270}},"children":[]},{"name":"MeshHead.139","from":[4.224812905475,3.286922472583,-2.62303791213],"to":[5.747702090037,3.541164635903,-2.488794978937],"rotationOrigin":[4.986257553101,3.414043664932,-2.555915117264],"stepParentName":"b_WingMainR","rotationX":-15.364662509653,"rotationY":15.621516896033,"rotationZ":135.760582886839,"group":"wings-insect2","faces":{"north":{"texture":"#wings","uv":[8.0,2.0,5.0,7.0],"autoUv":false,"rotation":90},"east":{"texture":"#wings","uv":[5.0,7.0,3.0,9.0],"autoUv":false,"rotation":180},"south":{"texture":"#wings","uv":[3.0,2.0,-0.0,7.0],"autoUv":false,"rotation":90},"west":{"texture":"#wings","uv":[5.0,0.0,3.0,2.0],"autoUv":false,"rotation":180},"up":{"texture":"#wings","uv":[10.0,2.0,8.0,7.0],"autoUv":false,"rotation":270},"down":{"texture":"#wings","uv":[3.0,7.0,5.0,2.0],"autoUv":false,"rotation":270}},"children":[]},{"name":"MeshHead.140","from":[5.304537528803,2.527994768919,-2.582125824646],"to":[5.82217695624,2.784413048293,-2.447882457313],"rotationOrigin":[5.56335735321,2.656204462051,-2.515003919601],"stepParentName":"b_WingMainR","rotationX":-15.364691537957,"rotationY":15.62146225452,"rotationZ":109.611565649471,"group":"wings-insect2","faces":{"north":{"texture":"#wings","uv":[8.0,2.0,5.0,7.0],"autoUv":false,"rotation":90},"east":{"texture":"#wings","uv":[5.0,7.0,3.0,9.0],"autoUv":false,"rotation":180},"south":{"texture":"#wings","uv":[3.0,2.0,-0.0,7.0],"autoUv":false,"rotation":90},"west":{"texture":"#wings","uv":[5.0,0.0,3.0,2.0],"autoUv":false,"rotation":180},"up":{"texture":"#wings","uv":[10.0,2.0,8.0,7.0],"autoUv":false,"rotation":270},"down":{"texture":"#wings","uv":[3.0,7.0,5.0,2.0],"autoUv":false,"rotation":270}},"children":[]},{"name":"MeshHead.141","from":[3.264486911456,1.418068319185,-2.034282211298],"to":[6.200776455243,1.683963644038,-1.906448598868],"rotationOrigin":[4.73263168335,1.5510160923,-1.970365405083],"stepParentName":"b_WingMainR","rotationX":-15.364293679438,"rotationY":15.621424688479,"rotationZ":48.118853457469,"group":"wings-insect2","faces":{"north":{"texture":"#wings","uv":[8.0,2.0,5.0,7.0],"autoUv":false,"rotation":90},"east":{"texture":"#wings","uv":[5.0,7.0,3.0,9.0],"autoUv":false,"rotation":180},"south":{"texture":"#wings","uv":[3.0,2.0,-0.0,7.0],"autoUv":false,"rotation":90},"west":{"texture":"#wings","uv":[5.0,0.0,3.0,2.0],"autoUv":false,"rotation":180},"up":{"texture":"#wings","uv":[10.0,2.0,8.0,7.0],"autoUv":false,"rotation":270},"down":{"texture":"#wings","uv":[3.0,7.0,5.0,2.0],"autoUv":false,"rotation":270}},"children":[]},{"name":"MeshHead.142","from":[1.398372925888,-0.108967290206,-1.027117317555],"to":[4.071853872871,0.140290540037,-0.911447613109],"rotationOrigin":[2.735113620758,0.015661403537,-0.96928268671],"stepParentName":"b_WingMainR","rotationX":-15.364471264356,"rotationY":15.621711556424,"rotationZ":30.737606623674,"group":"wings-insect2","faces":{"north":{"texture":"#wings","uv":[8.0,2.0,5.0,7.0],"autoUv":false,"rotation":90},"east":{"texture":"#wings","uv":[5.0,7.0,3.0,9.0],"autoUv":false,"rotation":180},"south":{"texture":"#wings","uv":[3.0,2.0,-0.0,7.0],"autoUv":false,"rotation":90},"west":{"texture":"#wings","uv":[5.0,0.0,3.0,2.0],"autoUv":false,"rotation":180},"up":{"texture":"#wings","uv":[10.0,2.0,8.0,7.0],"autoUv":false,"rotation":270},"down":{"texture":"#wings","uv":[3.0,7.0,5.0,2.0],"autoUv":false,"rotation":270}},"children":[]},{"name":"MeshHead.143","from":[-1.033949363257,-1.101477443135,-0.054304149777],"to":[1.804697212182,-0.850701854643,0.023472492151],"rotationOrigin":[0.385373979807,-0.97608935833,-0.015415939502],"stepParentName":"b_WingMainR","rotationX":-15.364445651147,"rotationY":15.621465669614,"rotationZ":22.044362121683,"group":"wings-insect2","faces":{"north":{"texture":"#wings","uv":[8.0,2.0,5.0,7.0],"autoUv":false,"rotation":90},"east":{"texture":"#wings","uv":[5.0,7.0,3.0,9.0],"autoUv":false,"rotation":180},"south":{"texture":"#wings","uv":[3.0,2.0,-0.0,7.0],"autoUv":false,"rotation":90},"west":{"texture":"#wings","uv":[5.0,0.0,3.0,2.0],"autoUv":false,"rotation":180},"up":{"texture":"#wings","uv":[10.0,2.0,8.0,7.0],"autoUv":false,"rotation":270},"down":{"texture":"#wings","uv":[3.0,7.0,5.0,2.0],"autoUv":false,"rotation":270}},"children":[]},{"name":"MeshHead.144","from":[2.695045949014,1.405991184069,-2.060741472374],"to":[5.362488669049,3.589618244148,-1.991942834724],"rotationOrigin":[4.028767585754,2.497804880142,-2.026342153549],"stepParentName":"b_WingMainR","rotationX":-15.364322707742,"rotationY":15.62187206587,"rotationZ":-133.28059584072,"group":"wings-insect2","faces":{"north":{"texture":"#wings","uv":[59.0,53.0,51.0,64.0],"autoUv":false,"rotation":270},"east":{"texture":"#wings","uv":[29.0,48.0,1.0,58.0],"autoUv":false,"rotation":270},"south":{"texture":"#wings","uv":[59.0,53.0,51.0,64.0],"autoUv":false,"rotation":270},"west":{"texture":"#wings","uv":[29.0,48.0,1.0,58.0],"autoUv":false,"rotation":270},"up":{"texture":"#wings","uv":[29.0,48.0,1.0,58.0],"autoUv":false,"rotation":90},"down":{"texture":"#wings","uv":[1.0,58.0,29.0,48.0],"autoUv":false,"rotation":90}},"children":[]},{"name":"MeshHead.145","from":[0.22282248553,-0.176241395716,-1.040696640674],"to":[3.75411755881,2.053845744097,-0.971898025105],"rotationOrigin":[1.988470077515,0.938802838326,-1.006297111511],"stepParentName":"b_WingMainR","rotationX":-15.364076820931,"rotationY":15.622343348922,"rotationZ":-147.552248790705,"group":"wings-insect2","faces":{"north":{"texture":"#wings","uv":[51.0,53.0,39.0,64.0],"autoUv":false,"rotation":270},"east":{"texture":"#wings","uv":[29.0,48.0,1.0,58.0],"autoUv":false,"rotation":270},"south":{"texture":"#wings","uv":[51.0,53.0,39.0,64.0],"autoUv":false,"rotation":270},"west":{"texture":"#wings","uv":[29.0,48.0,1.0,58.0],"autoUv":false,"rotation":270},"up":{"texture":"#wings","uv":[29.0,48.0,1.0,58.0],"autoUv":false,"rotation":90},"down":{"texture":"#wings","uv":[1.0,58.0,29.0,48.0],"autoUv":false,"rotation":90}},"children":[]},{"name":"MeshHead.146","from":[-1.251686890387,-1.161591014157,-0.073156418078],"to":[0.797997340752,0.681538104482,-0.004357550217],"rotationOrigin":[-0.226844608784,-0.240026399493,-0.038756873459],"stepParentName":"b_WingMainR","rotationX":-15.364445651147,"rotationY":15.621627886607,"rotationZ":-155.108282163815,"group":"wings-insect2","faces":{"north":{"texture":"#wings","uv":[39.0,53.0,31.0,64.0],"autoUv":false,"rotation":270},"east":{"texture":"#wings","uv":[29.0,48.0,1.0,58.0],"autoUv":false,"rotation":270},"south":{"texture":"#wings","uv":[39.0,53.0,31.0,64.0],"autoUv":false,"rotation":270},"west":{"texture":"#wings","uv":[29.0,48.0,1.0,58.0],"autoUv":false,"rotation":270},"up":{"texture":"#wings","uv":[29.0,48.0,1.0,58.0],"autoUv":false,"rotation":90},"down":{"texture":"#wings","uv":[1.0,58.0,29.0,48.0],"autoUv":false,"rotation":90}},"children":[]},{"name":"MeshHead.147","from":[2.310585486426,-2.374619826331,0.621076245136],"to":[2.433338798455,0.020774150547,0.843075018101],"rotationOrigin":[2.371962547302,-1.176921963692,0.732075631618],"stepParentName":"b_WingMainL","rotationX":93.631675557876,"rotationY":2.872060821931,"rotationZ":-68.695918483156,"group":"wings-insect2","faces":{"north":{"texture":"#wings","uv":[3.0,2.0,5.0,7.0],"autoUv":false},"east":{"texture":"#wings","uv":[-0.0,2.0,3.0,7.0],"autoUv":false,"rotation":180},"south":{"texture":"#wings","uv":[8.0,2.0,10.0,7.0],"autoUv":false},"west":{"texture":"#wings","uv":[5.0,2.0,8.0,7.0],"autoUv":false},"up":{"texture":"#wings","uv":[3.0,0.0,5.0,2.0],"autoUv":false},"down":{"texture":"#wings","uv":[5.0,9.0,3.0,7.0],"autoUv":false,"rotation":180}},"children":[]},{"name":"MeshHead.148","from":[4.515392201873,-2.110501547784,1.411174617824],"to":[4.638145548372,0.283957422595,1.643175519886],"rotationOrigin":[4.576768875122,-0.913271188736,1.527175068855],"stepParentName":"b_WingMainL","rotationX":89.931099556131,"rotationY":12.176654639076,"rotationZ":-68.209431429333,"group":"wings-insect2","faces":{"north":{"texture":"#wings","uv":[3.0,2.0,5.0,7.0],"autoUv":false},"east":{"texture":"#wings","uv":[-0.0,2.0,3.0,7.0],"autoUv":false,"rotation":180},"south":{"texture":"#wings","uv":[8.0,2.0,10.0,7.0],"autoUv":false},"west":{"texture":"#wings","uv":[5.0,2.0,8.0,7.0],"autoUv":false},"up":{"texture":"#wings","uv":[3.0,0.0,5.0,2.0],"autoUv":false},"down":{"texture":"#wings","uv":[5.0,9.0,3.0,7.0],"autoUv":false,"rotation":180}},"children":[]},{"name":"MeshHead.149","from":[5.767795896173,-1.19494849738,1.849552975127],"to":[5.890548777488,-0.546873268519,2.091956358259],"rotationOrigin":[5.829172134399,-0.87091088295,1.970753788948],"stepParentName":"b_WingMainL","rotationX":112.795656406558,"rotationY":-38.501083087161,"rotationZ":-62.376531840412,"group":"wings-insect2","faces":{"north":{"texture":"#wings","uv":[3.0,2.0,5.0,7.0],"autoUv":false},"east":{"texture":"#wings","uv":[-0.0,2.0,3.0,7.0],"autoUv":false,"rotation":180},"south":{"texture":"#wings","uv":[8.0,2.0,10.0,7.0],"autoUv":false},"west":{"texture":"#wings","uv":[5.0,2.0,8.0,7.0],"autoUv":false},"up":{"texture":"#wings","uv":[3.0,0.0,5.0,2.0],"autoUv":false},"down":{"texture":"#wings","uv":[5.0,9.0,3.0,7.0],"autoUv":false,"rotation":180}},"children":[]},{"name":"MeshHead.150","from":[6.120048983094,-2.547125005715,1.900777618535],"to":[6.242802708602,-1.024236127357,2.151673038356],"rotationOrigin":[6.181426048279,-1.785681009293,2.026225328445],"stepParentName":"b_WingMainL","rotationX":152.115088363841,"rotationY":-65.183643966639,"rotationZ":-30.168409394096,"group":"wings-insect2","faces":{"north":{"texture":"#wings","uv":[3.0,2.0,5.0,7.0],"autoUv":false},"east":{"texture":"#wings","uv":[-0.0,2.0,3.0,7.0],"autoUv":false,"rotation":180},"south":{"texture":"#wings","uv":[8.0,2.0,10.0,7.0],"autoUv":false},"west":{"texture":"#wings","uv":[5.0,2.0,8.0,7.0],"autoUv":false},"up":{"texture":"#wings","uv":[3.0,0.0,5.0,2.0],"autoUv":false},"down":{"texture":"#wings","uv":[5.0,9.0,3.0,7.0],"autoUv":false,"rotation":180}},"children":[]},{"name":"MeshHead.151","from":[6.216943643559,-2.991465712516,1.862555877412],"to":[6.339696981441,-2.475125645669,2.116249747861],"rotationOrigin":[6.2783203125,-2.733295679092,1.989401936531],"stepParentName":"b_WingMainL","rotationX":-142.644839834321,"rotationY":-65.191498684185,"rotationZ":30.139391335408,"group":"wings-insect2","faces":{"north":{"texture":"#wings","uv":[3.0,2.0,5.0,7.0],"autoUv":false},"east":{"texture":"#wings","uv":[-0.0,2.0,3.0,7.0],"autoUv":false,"rotation":180},"south":{"texture":"#wings","uv":[8.0,2.0,10.0,7.0],"autoUv":false},"west":{"texture":"#wings","uv":[5.0,2.0,8.0,7.0],"autoUv":false},"up":{"texture":"#wings","uv":[3.0,0.0,5.0,2.0],"autoUv":false},"down":{"texture":"#wings","uv":[5.0,9.0,3.0,7.0],"autoUv":false,"rotation":180}},"children":[]},{"name":"MeshHead.152","from":[4.934542885917,-4.691519097881,1.36628789543],"to":[5.051434979698,-1.793796861416,1.632175973665],"rotationOrigin":[4.9929895401,-3.242658853531,1.499231934547],"stepParentName":"b_WingMainL","rotationX":-90.972375555478,"rotationY":-14.364762088751,"rotationZ":68.002292282374,"group":"wings-insect2","faces":{"north":{"texture":"#wings","uv":[3.0,2.0,5.0,7.0],"autoUv":false},"east":{"texture":"#wings","uv":[-0.0,2.0,3.0,7.0],"autoUv":false,"rotation":180},"south":{"texture":"#wings","uv":[8.0,2.0,10.0,7.0],"autoUv":false},"west":{"texture":"#wings","uv":[5.0,2.0,8.0,7.0],"autoUv":false},"up":{"texture":"#wings","uv":[3.0,0.0,5.0,2.0],"autoUv":false},"down":{"texture":"#wings","uv":[5.0,9.0,3.0,7.0],"autoUv":false,"rotation":180}},"children":[]},{"name":"MeshHead.153","from":[2.434938846868,-4.830528952643,0.473726086193],"to":[2.54070853065,-2.189913296028,0.722770005578],"rotationOrigin":[2.487823486328,-3.510219812393,0.598246276379],"stepParentName":"b_WingMainL","rotationX":-84.544675772876,"rotationY":1.808270384646,"rotationZ":68.712959805136,"group":"wings-insect2","faces":{"north":{"texture":"#wings","uv":[3.0,2.0,5.0,7.0],"autoUv":false},"east":{"texture":"#wings","uv":[-0.0,2.0,3.0,7.0],"autoUv":false,"rotation":180},"south":{"texture":"#wings","uv":[8.0,2.0,10.0,7.0],"autoUv":false},"west":{"texture":"#wings","uv":[5.0,2.0,8.0,7.0],"autoUv":false},"up":{"texture":"#wings","uv":[3.0,0.0,5.0,2.0],"autoUv":false},"down":{"texture":"#wings","uv":[5.0,9.0,3.0,7.0],"autoUv":false,"rotation":180}},"children":[]},{"name":"MeshHead.154","from":[-0.069718406077,-4.533878829775,-0.385350462313],"to":[0.001401246067,-1.726601019341,-0.135098141967],"rotationOrigin":[-0.034158580005,-3.130239486694,-0.260223418474],"stepParentName":"b_WingMainL","rotationX":-81.351507694381,"rotationY":9.901534848244,"rotationZ":68.386340159026,"group":"wings-insect2","faces":{"north":{"texture":"#wings","uv":[3.0,2.0,5.0,7.0],"autoUv":false},"east":{"texture":"#wings","uv":[-0.0,2.0,3.0,7.0],"autoUv":false,"rotation":180},"south":{"texture":"#wings","uv":[8.0,2.0,10.0,7.0],"autoUv":false},"west":{"texture":"#wings","uv":[5.0,2.0,8.0,7.0],"autoUv":false},"up":{"texture":"#wings","uv":[3.0,0.0,5.0,2.0],"autoUv":false},"down":{"texture":"#wings","uv":[5.0,9.0,3.0,7.0],"autoUv":false,"rotation":180}},"children":[]},{"name":"MeshHead.155","from":[4.855105575855,-3.383916962406,0.457802739793],"to":[4.918015853084,-0.751566302517,2.641417774505],"rotationOrigin":[4.886560916901,-2.067741632462,1.549610257149],"stepParentName":"b_WingMainL","rotationX":89.565179001537,"rotationY":13.066330320926,"rotationZ":-68.129593348125,"group":"wings-insect2","faces":{"north":{"texture":"#wings","uv":[1.0,48.0,29.0,58.0],"autoUv":false,"rotation":180},"east":{"texture":"#wings","uv":[51.0,53.0,59.0,64.0],"autoUv":false},"south":{"texture":"#wings","uv":[1.0,48.0,29.0,58.0],"autoUv":false,"rotation":180},"west":{"texture":"#wings","uv":[51.0,53.0,59.0,64.0],"autoUv":false,"rotation":180},"up":{"texture":"#wings","uv":[1.0,48.0,29.0,58.0],"autoUv":false,"rotation":270},"down":{"texture":"#wings","uv":[29.0,58.0,1.0,48.0],"autoUv":false,"rotation":90}},"children":[]},{"name":"MeshHead.156","from":[2.301087087877,-4.076740194154,-0.482730963236],"to":[2.363997346128,-0.589510353144,1.745850679115],"rotationOrigin":[2.332542419434,-2.333124399185,0.631560742855],"stepParentName":"b_WingMainL","rotationX":94.833932285771,"rotationY":-0.214963462159,"rotationZ":-68.723594409673,"group":"wings-insect2","faces":{"north":{"texture":"#wings","uv":[1.0,48.0,29.0,58.0],"autoUv":false,"rotation":180},"east":{"texture":"#wings","uv":[39.0,53.0,51.0,64.0],"autoUv":false},"south":{"texture":"#wings","uv":[1.0,48.0,29.0,58.0],"autoUv":false,"rotation":180},"west":{"texture":"#wings","uv":[39.0,53.0,51.0,64.0],"autoUv":false,"rotation":180},"up":{"texture":"#wings","uv":[1.0,48.0,29.0,58.0],"autoUv":false,"rotation":270},"down":{"texture":"#wings","uv":[29.0,58.0,1.0,48.0],"autoUv":false,"rotation":90}},"children":[]},{"name":"MeshHead.157","from":[-0.20383159293,-3.195927218846,-1.159274350184],"to":[-0.140921302452,-1.169833584377,0.680844496268],"rotationOrigin":[-0.17237624526,-2.182880401611,-0.239214926958],"stepParentName":"b_WingMainL","rotationX":97.591532370705,"rotationY":-7.252907870198,"rotationZ":-68.543748698638,"group":"wings-insect2","faces":{"north":{"texture":"#wings","uv":[1.0,48.0,29.0,58.0],"autoUv":false,"rotation":180},"east":{"texture":"#wings","uv":[31.0,53.0,39.0,64.0],"autoUv":false},"south":{"texture":"#wings","uv":[1.0,48.0,29.0,58.0],"autoUv":false,"rotation":180},"west":{"texture":"#wings","uv":[31.0,53.0,39.0,64.0],"autoUv":false,"rotation":180},"up":{"texture":"#wings","uv":[1.0,48.0,29.0,58.0],"autoUv":false,"rotation":270},"down":{"texture":"#wings","uv":[29.0,58.0,1.0,48.0],"autoUv":false,"rotation":90}},"children":[]},{"name":"MeshHead.158","from":[0.340835729323,-2.288465692126,-0.079535843182],"to":[0.4633780795,-0.282150466468,0.141885501625],"rotationOrigin":[0.402106702328,-1.2853089571,0.031174387783],"stepParentName":"b_WingMainL","rotationX":100.349590078313,"rotationY":10.096197800911,"rotationZ":-73.959378370784,"group":"wings-insect2","faces":{"north":{"texture":"#wings","uv":[3.0,2.0,5.0,7.0],"autoUv":false},"east":{"texture":"#wings","uv":[-0.0,2.0,3.0,7.0],"autoUv":false,"rotation":180},"south":{"texture":"#wings","uv":[8.0,2.0,10.0,7.0],"autoUv":false},"west":{"texture":"#wings","uv":[5.0,2.0,8.0,7.0],"autoUv":false},"up":{"texture":"#wings","uv":[3.0,0.0,5.0,2.0],"autoUv":false},"down":{"texture":"#wings","uv":[5.0,9.0,3.0,7.0],"autoUv":false,"rotation":180}},"children":[]},{"name":"MeshHead.159","from":[-0.601053828352,-1.396021339357,-0.0924420986],"to":[1.405261856404,-1.174599967883,0.030100268812],"rotationOrigin":[0.40210428834,-1.28531062603,-0.031171116978],"stepParentName":"b_WingMainR","rotationX":-13.234997573612,"rotationY":15.785637804052,"rotationZ":-169.503643500048,"group":"wings-insect2","faces":{"north":{"texture":"#wings","uv":[8.0,2.0,5.0,7.0],"autoUv":false,"rotation":90},"east":{"texture":"#wings","uv":[5.0,7.0,3.0,9.0],"autoUv":false,"rotation":180},"south":{"texture":"#wings","uv":[3.0,2.0,-0.0,7.0],"autoUv":false,"rotation":90},"west":{"texture":"#wings","uv":[5.0,0.0,3.0,2.0],"autoUv":false,"rotation":180},"up":{"texture":"#wings","uv":[10.0,2.0,8.0,7.0],"autoUv":false,"rotation":270},"down":{"texture":"#wings","uv":[3.0,7.0,5.0,2.0],"autoUv":false,"rotation":270}},"children":[]},{"name":"MeshHead.160","from":[1.174268756051,-1.287915423649,-0.793455267865],"to":[3.569662795723,-1.065916638129,-0.670701955836],"rotationOrigin":[2.371965885162,-1.176916003227,-0.732078611851],"stepParentName":"b_WingMainR","rotationX":-4.751073610245,"rotationY":21.276068292894,"rotationZ":-176.917718221448,"group":"wings-insect2","faces":{"north":{"texture":"#wings","uv":[8.0,2.0,5.0,7.0],"autoUv":false,"rotation":90},"east":{"texture":"#wings","uv":[5.0,7.0,3.0,9.0],"autoUv":false,"rotation":180},"south":{"texture":"#wings","uv":[3.0,2.0,-0.0,7.0],"autoUv":false,"rotation":90},"west":{"texture":"#wings","uv":[5.0,0.0,3.0,2.0],"autoUv":false,"rotation":180},"up":{"texture":"#wings","uv":[10.0,2.0,8.0,7.0],"autoUv":false,"rotation":270},"down":{"texture":"#wings","uv":[3.0,7.0,5.0,2.0],"autoUv":false,"rotation":270}},"children":[]},{"name":"MeshHead.161","from":[3.379537778927,-1.029254129292,-1.58855565127],"to":[5.773996265852,-0.797253190526,-1.465801899909],"rotationOrigin":[4.576766967773,-0.913253545761,-1.527178168297],"stepParentName":"b_WingMainR","rotationX":-4.751213202237,"rotationY":21.276216849508,"rotationZ":-166.917447012336,"group":"wings-insect2","faces":{"north":{"texture":"#wings","uv":[8.0,2.0,5.0,7.0],"autoUv":false,"rotation":90},"east":{"texture":"#wings","uv":[5.0,7.0,3.0,9.0],"autoUv":false,"rotation":180},"south":{"texture":"#wings","uv":[3.0,2.0,-0.0,7.0],"autoUv":false,"rotation":90},"west":{"texture":"#wings","uv":[5.0,0.0,3.0,2.0],"autoUv":false,"rotation":180},"up":{"texture":"#wings","uv":[10.0,2.0,8.0,7.0],"autoUv":false,"rotation":270},"down":{"texture":"#wings","uv":[3.0,7.0,5.0,2.0],"autoUv":false,"rotation":270}},"children":[]},{"name":"MeshHead.162","from":[5.505139371907,-0.992110166783,-2.032129716781],"to":[6.153214543842,-0.749706611309,-1.909376835466],"rotationOrigin":[5.829176902771,-0.870908498764,-1.970753073692],"stepParentName":"b_WingMainR","rotationX":-4.751284065449,"rotationY":21.27586850986,"rotationZ":138.082341770644,"group":"wings-insect2","faces":{"north":{"texture":"#wings","uv":[8.0,2.0,5.0,7.0],"autoUv":false,"rotation":90},"east":{"texture":"#wings","uv":[5.0,7.0,3.0,9.0],"autoUv":false,"rotation":180},"south":{"texture":"#wings","uv":[3.0,2.0,-0.0,7.0],"autoUv":false,"rotation":90},"west":{"texture":"#wings","uv":[5.0,0.0,3.0,2.0],"autoUv":false,"rotation":180},"up":{"texture":"#wings","uv":[10.0,2.0,8.0,7.0],"autoUv":false,"rotation":270},"down":{"texture":"#wings","uv":[3.0,7.0,5.0,2.0],"autoUv":false,"rotation":270}},"children":[]},{"name":"MeshHead.163","from":[5.419989078926,-1.911130586644,-2.087605110703],"to":[6.942878165731,-1.660234511429,-1.964851790056],"rotationOrigin":[6.181433677673,-1.785682439804,-2.026227235794],"stepParentName":"b_WingMainR","rotationX":-4.751132947514,"rotationY":21.276093906103,"rotationZ":103.082335104856,"group":"wings-insect2","faces":{"north":{"texture":"#wings","uv":[8.0,2.0,5.0,7.0],"autoUv":false,"rotation":90},"east":{"texture":"#wings","uv":[5.0,7.0,3.0,9.0],"autoUv":false,"rotation":180},"south":{"texture":"#wings","uv":[3.0,2.0,-0.0,7.0],"autoUv":false,"rotation":90},"west":{"texture":"#wings","uv":[5.0,0.0,3.0,2.0],"autoUv":false,"rotation":180},"up":{"texture":"#wings","uv":[10.0,2.0,8.0,7.0],"autoUv":false,"rotation":270},"down":{"texture":"#wings","uv":[3.0,7.0,5.0,2.0],"autoUv":false,"rotation":270}},"children":[]},{"name":"MeshHead.164","from":[6.020160598514,-2.860144693677,-2.050783999889],"to":[6.536500786498,-2.606450620662,-1.928030291615],"rotationOrigin":[6.278330802917,-2.733297109604,-1.989406943321],"stepParentName":"b_WingMainR","rotationX":-4.751190150348,"rotationY":21.276073415536,"rotationZ":76.933345188245,"group":"wings-insect2","faces":{"north":{"texture":"#wings","uv":[8.0,2.0,5.0,7.0],"autoUv":false,"rotation":90},"east":{"texture":"#wings","uv":[5.0,7.0,3.0,9.0],"autoUv":false,"rotation":180},"south":{"texture":"#wings","uv":[3.0,2.0,-0.0,7.0],"autoUv":false,"rotation":90},"west":{"texture":"#wings","uv":[5.0,0.0,3.0,2.0],"autoUv":false,"rotation":180},"up":{"texture":"#wings","uv":[10.0,2.0,8.0,7.0],"autoUv":false,"rotation":270},"down":{"texture":"#wings","uv":[3.0,7.0,5.0,2.0],"autoUv":false,"rotation":270}},"children":[]},{"name":"MeshHead.165","from":[3.544136051263,-3.375612272846,-1.557678899125],"to":[6.441858287727,-3.1097237754,-1.440786400482],"rotationOrigin":[4.992997169495,-3.242667913437,-1.499232649803],"stepParentName":"b_WingMainR","rotationX":-4.750864435702,"rotationY":21.275829236273,"rotationZ":15.440593722656,"group":"wings-insect2","faces":{"north":{"texture":"#wings","uv":[8.0,2.0,5.0,7.0],"autoUv":false,"rotation":90},"east":{"texture":"#wings","uv":[5.0,7.0,3.0,9.0],"autoUv":false,"rotation":180},"south":{"texture":"#wings","uv":[3.0,2.0,-0.0,7.0],"autoUv":false,"rotation":90},"west":{"texture":"#wings","uv":[5.0,0.0,3.0,2.0],"autoUv":false,"rotation":180},"up":{"texture":"#wings","uv":[10.0,2.0,8.0,7.0],"autoUv":false,"rotation":270},"down":{"texture":"#wings","uv":[3.0,7.0,5.0,2.0],"autoUv":false,"rotation":270}},"children":[]},{"name":"MeshHead.166","from":[1.167531601783,-3.634735368015,-0.651142759911],"to":[3.808148788997,-3.385691416628,-0.545372991424],"rotationOrigin":[2.487840414047,-3.51021361351,-0.598258078098],"stepParentName":"b_WingMainR","rotationX":-4.750854190418,"rotationY":21.276162207995,"rotationZ":-1.940711594634,"group":"wings-insect2","faces":{"north":{"texture":"#wings","uv":[8.0,2.0,5.0,7.0],"autoUv":false,"rotation":90},"east":{"texture":"#wings","uv":[5.0,7.0,3.0,9.0],"autoUv":false,"rotation":180},"south":{"texture":"#wings","uv":[3.0,2.0,-0.0,7.0],"autoUv":false,"rotation":90},"west":{"texture":"#wings","uv":[5.0,0.0,3.0,2.0],"autoUv":false,"rotation":180},"up":{"texture":"#wings","uv":[10.0,2.0,8.0,7.0],"autoUv":false,"rotation":270},"down":{"texture":"#wings","uv":[3.0,7.0,5.0,2.0],"autoUv":false,"rotation":270}},"children":[]},{"name":"MeshHead.167","from":[-1.4377940133,-3.255367822313,0.224662092301],"to":[1.369483359939,-3.005115545679,0.295781966846],"rotationOrigin":[-0.034155271947,-3.130241394043,0.260221928358],"stepParentName":"b_WingMainR","rotationX":-4.750973291842,"rotationY":21.275938519299,"rotationZ":-10.633907858415,"group":"wings-insect2","faces":{"north":{"texture":"#wings","uv":[8.0,2.0,5.0,7.0],"autoUv":false,"rotation":90},"east":{"texture":"#wings","uv":[5.0,7.0,3.0,9.0],"autoUv":false,"rotation":180},"south":{"texture":"#wings","uv":[3.0,2.0,-0.0,7.0],"autoUv":false,"rotation":90},"west":{"texture":"#wings","uv":[5.0,0.0,3.0,2.0],"autoUv":false,"rotation":180},"up":{"texture":"#wings","uv":[10.0,2.0,8.0,7.0],"autoUv":false,"rotation":270},"down":{"texture":"#wings","uv":[3.0,7.0,5.0,2.0],"autoUv":false,"rotation":270}},"children":[]},{"name":"MeshHead.168","from":[3.570372226659,-3.159528193868,-1.581067071318],"to":[6.202722358097,-0.975912487777,-1.51815678084],"rotationOrigin":[4.88654756546,-2.067720174789,-1.549611926079],"stepParentName":"b_WingMainR","rotationX":-4.750655261159,"rotationY":21.276216849508,"rotationZ":-165.958966566108,"group":"wings-insect2","faces":{"north":{"texture":"#wings","uv":[59.0,53.0,51.0,64.0],"autoUv":false,"rotation":270},"east":{"texture":"#wings","uv":[29.0,48.0,1.0,58.0],"autoUv":false,"rotation":270},"south":{"texture":"#wings","uv":[59.0,53.0,51.0,64.0],"autoUv":false,"rotation":270},"west":{"texture":"#wings","uv":[29.0,48.0,1.0,58.0],"autoUv":false,"rotation":270},"up":{"texture":"#wings","uv":[29.0,48.0,1.0,58.0],"autoUv":false,"rotation":90},"down":{"texture":"#wings","uv":[1.0,58.0,29.0,48.0],"autoUv":false,"rotation":90}},"children":[]},{"name":"MeshHead.169","from":[0.588941034488,-3.44741191786,-0.663026457317],"to":[4.076172782137,-1.218829624815,-0.600116175671],"rotationOrigin":[2.332556962967,-2.333120107651,-0.631571114063],"stepParentName":"b_WingMainR","rotationX":-4.750138301216,"rotationY":21.276488349528,"rotationZ":179.769253898037,"group":"wings-insect2","faces":{"north":{"texture":"#wings","uv":[51.0,53.0,39.0,64.0],"autoUv":false,"rotation":270},"east":{"texture":"#wings","uv":[29.0,48.0,1.0,58.0],"autoUv":false,"rotation":270},"south":{"texture":"#wings","uv":[51.0,53.0,39.0,64.0],"autoUv":false,"rotation":270},"west":{"texture":"#wings","uv":[29.0,48.0,1.0,58.0],"autoUv":false,"rotation":270},"up":{"texture":"#wings","uv":[29.0,48.0,1.0,58.0],"autoUv":false,"rotation":90},"down":{"texture":"#wings","uv":[1.0,58.0,29.0,48.0],"autoUv":false,"rotation":90}},"children":[]},{"name":"MeshHead.170","from":[-1.185423617905,-3.102938256821,0.207759526308],"to":[0.840670739534,-1.262818842213,0.270670005968],"rotationOrigin":[-0.172376275063,-2.182878494263,0.239214867353],"stepParentName":"b_WingMainR","rotationX":-4.750876388533,"rotationY":21.276083660819,"rotationZ":172.213384449467,"group":"wings-insect2","faces":{"north":{"texture":"#wings","uv":[39.0,53.0,31.0,64.0],"autoUv":false,"rotation":270},"east":{"texture":"#wings","uv":[29.0,48.0,1.0,58.0],"autoUv":false,"rotation":270},"south":{"texture":"#wings","uv":[39.0,53.0,31.0,64.0],"autoUv":false,"rotation":270},"west":{"texture":"#wings","uv":[29.0,48.0,1.0,58.0],"autoUv":false,"rotation":270},"up":{"texture":"#wings","uv":[29.0,48.0,1.0,58.0],"autoUv":false,"rotation":90},"down":{"texture":"#wings","uv":[1.0,58.0,29.0,48.0],"autoUv":false,"rotation":90}},"children":[]}],"groups":[]}